#"Step","Potential Energy (kJ/mole)","Temperature (K)","Speed (ns/day)"
5000,205.1776878320204,337.08880573215697,0
10000,172.81998656168608,325.0682709645903,600
15000,224.83539816643963,352.5988256399749,590
20000,182.7854886764126,277.5625915195077,609
25000,192.4634147347679,290.3960965594574,623
30000,180.1476589776006,326.0613646169891,626
35000,176.63944502236794,355.54714021017855,631
40000,124.39274332627787,334.288682922208,636
45000,158.93189685256814,287.77097749931715,641
50000,173.42770158547071,331.7530890567364,642
55000,157.913685252078,248.8704138825676,644
60000,184.11553027602307,381.21680562211736,644
65000,182.51319098815898,275.65564635982014,644
70000,179.74526401938365,232.12451065458527,644
75000,162.31778713851355,314.360426973563,644
80000,153.8000031928648,274.5705732833949,645
85000,164.7925701025905,320.6632781185287,645
90000,160.41508943096935,287.11019302322075,645
95000,186.23610277580727,242.80198232636664,645
100000,186.13067999583942,276.4538616097514,646
105000,145.37261065407998,282.0285947697735,646
110000,232.33739865057916,342.7727073702854,645
115000,235.32384699096377,307.910987542525,645
120000,164.88334719904174,311.2367098951883,646
125000,171.63047854512362,266.9198921734062,646
130000,190.48248228163328,309.1816564800133,646
135000,155.56437061528248,281.844171009023,647
140000,164.0272960762318,240.11760232800665,647
145000,214.32144922932613,298.48386706748147,646
150000,182.76679826620787,306.7785435702791,646
155000,191.0425548720939,332.2193579629641,646
160000,214.62263961640355,360.79441429311424,646
165000,176.5978557598241,308.3397266253978,645
170000,169.52439534689972,296.0557022477704,646
175000,145.81348707328172,298.41905814703347,646
180000,156.4012924989405,352.131352020365,646
185000,190.89324268523592,254.9900560128715,646
190000,212.2267176394994,308.8918943621147,646
195000,165.31590793838305,270.53073144177097,645
200000,204.45598865462887,316.06225998879626,644
205000,163.75555811387687,261.9790655567749,644
210000,165.6492116600089,321.21354955494525,644
215000,160.26931546982,258.18019659841804,644
220000,157.33963461227998,333.40183122136875,643
225000,220.84140692341813,310.0839690037438,643
230000,165.47391418167481,297.8553975026329,642
235000,170.0576530684806,325.25521331022924,642
240000,156.45212891258254,245.06458169384206,642
245000,193.86424487429224,244.63995539908677,641
250000,197.37050311059716,316.4864558552625,641
255000,158.78834080124633,296.59827249755284,641
260000,185.02667889888838,321.26725150513636,641
265000,202.59536002983614,256.8998658952657,641
270000,179.6945000442324,217.8678049939946,641
275000,211.6698525013402,295.4825785431248,641
280000,154.94786176387606,293.2335260352456,641
285000,148.90014320734812,285.18979759410126,642
290000,180.142747772321,325.6990528999375,642
295000,175.69124968170442,328.8114232523099,642
300000,178.2973058887455,273.8352527440324,642
305000,188.35864470003781,286.9966477864196,642
310000,154.54019438827743,288.26614395170196,642
315000,224.84038772379324,294.34902945474386,642
320000,180.46608724991356,251.70837392306532,642
325000,171.29438271291227,274.62488562444565,642
330000,190.68700390063668,310.2162214458966,642
335000,214.37057483786927,338.2193193526023,642
340000,197.4734982379149,284.9941772038247,642
345000,186.97217599489204,305.1541041700128,642
350000,147.3812020788565,285.26640028845475,643
355000,173.94638295562015,227.39499188394882,644
360000,197.07875401040755,224.43199298132288,645
365000,170.75966403816173,275.1614607760875,646
370000,167.8536762197076,268.5762084600862,646
375000,172.11175399489565,305.89608809037213,647
380000,186.58851501469474,278.7469452187234,647
385000,153.45687437811154,327.9281394149763,647
390000,220.38323306665146,273.8881031260258,646
395000,204.42297772158184,310.05341547946705,646
400000,161.59195957311135,237.35836641754074,646
405000,171.36869699394182,279.2458095392273,645
410000,223.49020923752855,338.97986158854053,645
415000,169.21894905775002,285.1993736980461,645
420000,145.00407350225515,255.3308789997724,644
425000,183.83890778990164,349.2412066292825,644
430000,188.1541695852748,279.45047464785745,644
435000,188.65956498054013,245.02716350619286,644
440000,139.75349410943136,291.72973377795336,644
445000,168.68677609053805,312.8338177568216,644
450000,188.35338499282796,256.1471318130459,643
455000,149.871291964047,334.55450173519563,643
460000,185.52622546877396,256.4411727918731,643
465000,153.1574507179513,273.92313087466425,643
470000,179.96245155781463,315.1209836072456,643
475000,194.08150654386807,335.5084267421688,643
480000,197.54617425332717,365.8904442957031,643
485000,175.5591378193321,301.63782685554713,643
490000,184.71819958448978,358.7184389061359,644
495000,169.98593062438007,323.1216836638432,644
500000,175.54726599937703,312.6529223947077,644
505000,210.05165613219492,268.442751802421,644
510000,185.7908970964769,262.6838695534828,644
515000,173.7079659561636,318.6873905753089,644
520000,163.91932208657803,272.46778501768216,644
525000,177.42485915225393,397.9337761167893,643
530000,162.3295036088941,384.79228093308365,643
535000,185.81297415155836,332.57393679447654,643
540000,218.77047474002615,250.07224540479783,643
545000,186.36492961151114,253.44524488011822,643
550000,173.72261003325852,258.22218348370427,643
555000,183.0278572456645,330.0681249866943,643
560000,160.14217604101782,338.6335713774494,643
565000,190.77207127845813,343.158054804483,643
570000,181.71471409318673,269.47733118195066,643
575000,145.23502420869397,260.9246610002967,643
580000,167.99929851518226,279.0386239680732,643
585000,215.91558940333624,371.24027341551306,643
590000,183.92492398758097,279.5820222422175,643
595000,159.2789283889464,297.2303667525599,643
600000,142.68866732143894,289.8217279105078,643
605000,185.91628644887203,283.98339768148753,643
610000,193.6781852150932,374.6286130009435,643
615000,180.88679046587703,248.27579250117554,643
620000,179.55228491506261,314.48465917758466,643
625000,199.67071259389115,316.6014517250589,643
630000,157.63614734841664,299.81425112876883,643
635000,161.3556837219606,287.0994351402916,643
640000,179.83687461262122,243.21076507013544,643
645000,172.33350997042834,272.45322444330014,643
650000,182.93850341280395,315.1708144426715,643
655000,168.59362603804368,288.0408189462873,643
660000,199.77428619153676,329.06540064067656,643
665000,175.41152401727624,288.8152305526133,643
670000,155.1412719875882,265.36889632017255,643
675000,179.26052616094105,332.19740750374,642
680000,200.57661986291174,287.42760465669784,643
685000,203.53603358912972,282.89381575266464,643
690000,165.65684791031677,300.5930698100396,643
695000,171.62705779104712,275.6733111449531,642
700000,150.76613285707944,265.3836770834321,643
705000,182.57868726358822,288.2963937050297,643
710000,183.2727919446409,363.03573469565873,643
715000,190.4300895024985,281.1240687544584,642
720000,207.89453549386542,338.7826944822646,643
725000,156.5592203404619,287.44933900707485,643
730000,225.37687832399237,237.70103339764597,643
735000,186.67322225208807,340.88818475774644,643
740000,171.63609806488327,246.09264136225826,643
745000,157.26278605023967,249.17016229415697,642
750000,201.197827009111,338.0890484972107,643
755000,148.37288501685404,289.46092854796285,643
760000,182.51828248830978,263.13769992502955,643
765000,166.98337434038064,287.2225578316254,643
770000,161.4146423541124,320.60012345400816,644
775000,160.73422049559315,310.0445141824938,644
780000,189.8903298972113,329.202033963012,644
785000,172.92547656001807,229.7281923465814,644
790000,185.45231042384782,324.8307789905244,643
795000,156.9158289346627,282.0527458832459,644
800000,180.40201814425407,344.42454960558894,644
805000,173.4158803770609,350.5335932269144,644
810000,172.56537569083815,268.6802099379528,643
815000,216.42517829285032,334.99828359407775,643
820000,180.98481911663384,339.1459761668823,644
825000,198.61448324511426,269.4739113752483,644
830000,193.1542771522863,319.4241091817718,644
835000,175.59703202863312,291.36163177173864,643
840000,187.85438765706851,310.67657459222045,644
845000,195.51591232595035,287.67806724824726,643
850000,159.70001039645047,313.517943330271,643
855000,132.10908255066394,283.4256679773509,643
860000,147.88834285242612,314.1995499400424,644
865000,213.21316829434392,320.7421716210406,643
870000,179.2271399747054,329.6113020719313,643
875000,192.29989447796908,296.2830901619398,643
880000,210.9287083132812,317.9665209999359,643
885000,174.3712375437256,297.59118166750415,643
890000,169.65030989112608,302.68542099627103,643
895000,139.151595073955,266.90550027003354,643
900000,139.47560589178568,320.2456566665145,643
905000,194.14775899236108,349.3247064436626,643
910000,159.01016143216413,237.25971468121233,643
915000,192.8599691797987,317.0909748740868,643
920000,157.17799818514354,285.0144447580079,643
925000,144.26775124556008,317.32359672458335,643
930000,222.13796262094328,250.98783571653505,643
935000,169.7081047782766,318.6754234337427,643
940000,182.18219676132938,276.34972949630213,643
945000,186.4276745541254,257.78222499978403,643
950000,183.92592874251778,387.6775730319881,643
955000,171.686680262684,306.624174021326,643
960000,191.32087688887552,268.21936372265367,643
965000,222.5474844111747,298.0867660681816,643
970000,153.39726831362086,275.68626937447567,643
975000,146.89550208275102,278.6999479200339,643
980000,194.88146610609544,322.1892315776444,643
985000,202.4868475288095,260.5493058968869,643
990000,158.00746873975902,298.26423743004204,643
995000,158.3942293615593,266.3745849990794,643
1000000,204.30847243862905,359.03780861863885,643
1005000,194.90289635168978,306.36568234134216,643
1010000,168.8232035620515,290.6803658233219,643
1015000,150.90718164947194,292.66886615100776,643
1020000,144.26615697348547,278.1319120761832,643
1025000,206.33951874047696,298.58749338289954,643
1030000,154.82725148774057,289.0660869414239,643
1035000,157.23362175316683,343.0195335270728,643
1040000,136.75227044743005,252.4747239091791,643
1045000,151.32474209392925,313.68740056669617,643
1050000,175.47458729932686,270.2672695042148,643
1055000,155.0974091926006,315.73901018151565,643
1060000,172.75020748541246,300.6109092544326,643
1065000,153.043841895032,293.87930050803936,643
1070000,194.9413727004479,315.61336318457217,643
1075000,161.99118806977,283.30890814840404,643
1080000,146.64454969443364,301.36805902679146,643
1085000,163.48139257721138,296.30003477699057,643
1090000,137.18688740935275,359.53998033376814,643
1095000,202.53905897405525,302.06934722112845,643
1100000,203.2093565909662,301.897005369192,643
1105000,189.66157456785277,292.11075379355805,643
1110000,173.15066320927414,340.927759831873,643
1115000,201.1853850202159,319.8170923160912,643
1120000,197.88111660075694,295.54503039862067,643
1125000,167.40876353336319,257.477238609633,643
1130000,218.44905885892405,303.97000258902614,643
1135000,190.98881404018584,276.497465124478,642
1140000,190.37726332783114,321.43050545586703,642
1145000,175.71684752295477,314.6855334026296,642
1150000,184.97982393817836,272.4071619080331,642
1155000,187.67557492762694,268.3382156549194,643
1160000,171.7706902605672,322.44515564255136,643
1165000,175.22495396017712,351.0186935160231,643
1170000,196.22238033798723,223.1679646334322,643
1175000,157.46343878823689,312.68578832587804,644
1180000,136.6079499790094,308.7104771399249,644
1185000,158.33212562695408,272.826175852302,644
1190000,161.3943730205289,280.9916367033506,644
1195000,196.26802646646877,317.5298728648885,645
1200000,196.03490802474482,299.89165646890945,645
1205000,234.8326829047607,360.0789385749801,645
1210000,187.2649814609308,299.9953479161799,645
1215000,176.4301011408995,306.76112945351673,645
1220000,184.25603765438493,317.8521392845997,646
1225000,153.5976604229139,321.01203313682083,646
1230000,205.06737205745253,363.3520539426715,646
1235000,151.20936875464403,292.02506108057037,646
1240000,133.03091876974733,313.03895491778013,646
1245000,201.33103471644583,273.43699224584856,646
1250000,232.811585949548,308.9432320889145,646
1255000,170.20499211883185,255.99326176710295,647
1260000,160.93889551230347,274.42722672588434,647
1265000,209.52027639433413,305.23993101336356,647
1270000,172.13090829421532,274.140801766655,647
1275000,198.17567186174028,308.33037402116844,647
1280000,183.03132979723512,300.0491159150211,648
1285000,210.75888788818284,254.22457802044357,648
1290000,168.65768107533484,339.0311378172288,648
1295000,160.89390012059494,270.1985546456965,648
1300000,207.66406721370566,356.00431582406475,648
1305000,196.75691730646474,248.7620034128997,648
1310000,166.30644823890017,324.9230513846148,649
1315000,189.11399371366258,308.9713050495275,649
1320000,212.39726466812604,302.3992484393372,649
1325000,164.73760198353406,324.2539187401503,649
1330000,149.0307699483192,331.0581659034495,649
1335000,145.32394802033275,257.54287709978456,650
1340000,160.63779872869088,327.47795192507255,650
1345000,151.0955626593537,267.13307703521923,650
1350000,196.23429820166027,273.7004694631202,650
1355000,144.15263611788487,310.75642598159317,650
1360000,182.8185764066364,351.192051607385,650
1365000,196.56322780335987,271.1029147707676,651
1370000,211.88583812659758,388.285563545877,651
1375000,150.1472571748028,382.201743652548,651
1380000,189.74365322815433,339.3533220790768,651
1385000,154.64951067349512,289.2146302261933,651
1390000,165.45600959808667,322.562691993209,652
1395000,166.9877213199458,289.3186532924801,652
1400000,161.92292300545787,265.2039764794048,652
1405000,185.3822310311181,299.4681909101037,652
1410000,166.69550950263766,256.0110501760834,652
1415000,192.0993751939208,221.28558682702072,652
1420000,204.292106770398,277.93640236779214,652
1425000,191.3785452461416,271.84417679238675,652
1430000,161.78314725997157,287.8558745849798,653
1435000,196.9162823767389,320.66002684394294,653
1440000,178.4617129208334,246.73294297653624,653
1445000,159.75672388515596,275.781408483357,653
1450000,177.76223907870255,258.27424047994003,653
1455000,186.77199387276596,281.822831852119,653
1460000,212.0408172314308,328.13556562863255,653
1465000,165.1219652616505,290.1459585349756,653
1470000,193.7236982374712,341.7616066835434,653
1475000,153.68173768631664,236.0243414007077,654
1480000,158.43821277320913,321.5180187185054,654
1485000,168.3237167924535,318.27490339416823,654
1490000,166.1720638922748,264.4618227831892,654
1495000,211.51812087664894,286.2762356879195,654
1500000,195.86677385663452,339.9369146628565,654
1505000,189.3064827391598,282.48101103261615,654
1510000,207.03825727519956,294.31393859445274,654
1515000,199.0531471262172,342.1919592466605,654
1520000,138.05276488301948,289.14692809477634,655
1525000,151.51543198470907,271.91173093629703,655
1530000,171.6107243125348,335.36670309950716,655
1535000,174.57970382179053,266.8621573026605,655
1540000,162.19590243347324,267.7599946207019,655
1545000,185.93572834891336,349.2786923251972,655
1550000,179.8855641290299,248.16686999561495,655
1555000,201.7025714400374,272.63732456317166,655
1560000,181.64212986222725,288.3682541672636,655
1565000,194.4499967330932,287.33027456150944,655
1570000,174.57563347898324,359.18617428454826,655
1575000,171.3256977285512,287.4415952718237,655
1580000,182.6966041517975,264.0343023418606,655
1585000,205.51912934837262,352.77718639792306,655
1590000,163.18460889174276,231.70134565936675,656
1595000,135.19679646299136,270.90573806320225,656
1600000,171.99823038988706,310.05972970723684,656
1605000,159.19153550603895,313.25860349313683,656
1610000,182.30696149832946,278.867465560634,656
1615000,160.9344294659874,320.6875434366349,656
1620000,178.10778508671243,309.3436427490354,656
1625000,209.27651498994283,301.73781028195856,657
1630000,168.71443105957468,292.56749712507747,657
1635000,164.67441024545874,304.3946869124163,657
1640000,178.29576122598138,337.80205586120593,657
1645000,189.2435369438316,353.04511588061825,657
1650000,169.40070533800989,293.4091593282139,657
1655000,183.20254528881304,296.0046185833608,657
1660000,187.0557302246035,301.1741569058207,657
1665000,171.39965952712123,331.2658506443223,657
1670000,161.40480724125888,308.04590052936,657
1675000,183.3757189039351,331.52207921678934,657
1680000,172.3301527902605,285.72688642187853,658
1685000,147.90788609020578,285.09138810050945,658
1690000,144.89342132775323,272.90846880514584,658
1695000,174.3501064250926,281.42235122500074,658
1700000,182.1843558170801,339.92304497497963,658
1705000,154.58180025272802,287.6632016316189,658
1710000,174.88685338619663,362.0027744717567,658
1715000,171.55564926488785,336.0265965774439,658
1720000,219.2482471965013,286.070664491238,658
1725000,171.66373155049536,279.0847173900869,658
1730000,206.94065945011292,285.14243936076275,658
1735000,150.86011097767314,327.69635017052735,659
1740000,177.60514597268224,270.0507822084029,659
1745000,191.8775110276378,350.31726227667804,659
1750000,165.15671149468866,319.7760902528372,659
1755000,189.5806416707233,251.43867920845415,659
1760000,186.17375999565033,227.3358533648512,659
1765000,154.48267581974795,259.7934262823032,659
1770000,166.20558904190258,319.25966317890277,659
1775000,188.3964417567614,292.26530632180953,659
1780000,152.76123671916477,299.7578086051687,659
1785000,147.66580912979617,306.7312166884766,659
1790000,163.4478382565036,354.0515809044294,659
1795000,180.90263208378016,290.0467463309465,659
1800000,226.87446262959813,303.28093451162516,660
1805000,193.45465605591863,281.1062518601819,659
1810000,178.05656915773685,282.2416381394805,659
1815000,183.1745511175224,281.3184643591016,660
1820000,146.87570941239835,310.660619296362,660
1825000,144.49494341030066,293.2470993582979,660
1830000,153.0050050263597,311.82080904880974,660
1835000,191.25303156097044,342.44935204745866,660
1840000,171.05785343746513,249.19939493560878,660
1845000,158.49205488369617,238.4690770306017,660
1850000,195.208274522299,290.70116771929077,660
1855000,223.29134476574686,281.6991382994756,660
1860000,189.91841791743164,243.25496176362637,660
1865000,185.94932140241355,298.591413050383,661
1870000,185.10257154612842,272.35280229121037,661
1875000,168.5776221229436,244.2451425799608,661
1880000,149.11653555657287,297.10709209489,661
1885000,200.69538020302326,342.3379812416726,661
1890000,203.40170334367744,277.9263224116538,661
1895000,155.68027033514605,300.8844441722153,661
1900000,148.88298172385188,322.1334911852131,661
1905000,200.26237647810774,286.3034150530445,661
1910000,137.14703422896847,291.6555099641832,661
1915000,179.5988545021493,266.73157515810595,661
1920000,179.98216070458335,351.10542260401064,661
1925000,197.44836288821057,291.7642640649841,661
1930000,227.01421280483012,364.00553529259446,662
1935000,178.95017158428507,281.001362544993,662
1940000,201.46353621391833,317.2945259966909,662
1945000,128.18415850927408,276.1319490239492,662
1950000,172.88094749860764,287.13120278173426,662
1955000,178.1804186437861,327.0599735717538,662
1960000,175.07362265954038,317.57805692805005,662
1965000,171.36689538644828,349.63206275263724,662
1970000,140.97990968509993,274.1297816281509,662
1975000,172.53844986747885,365.18452473152024,662
1980000,211.09478780279912,328.8774924535826,662
1985000,142.60747928603067,312.57819352720367,662
1990000,193.45605326737794,259.09588718148785,662
1995000,170.2516580997053,235.79279411717766,662
2000000,185.75493131361677,301.8257533690208,662
2005000,184.58540952726048,336.1866965393539,662
2010000,170.85716828555513,290.0067964297167,662
2015000,167.20470059226736,295.1471387603996,662
2020000,167.98685015104726,265.61312088191755,663
2025000,208.28908407901966,278.78870654823004,663
2030000,164.85678235196886,352.4294883840854,663
2035000,155.07035085936852,303.9118143618057,663
2040000,203.32374688582513,261.6073486317372,663
2045000,193.72350884788528,342.8017133115285,663
2050000,210.56219060272772,275.537054286064,663
2055000,178.22297713559908,280.7853953370506,663
2060000,164.6177924742338,267.8292216859932,663
2065000,176.41751532229497,327.0073522831078,663
2070000,183.68157551030308,275.18627611775156,663
2075000,198.17677944966687,273.92468781098853,663
2080000,193.70405916191106,290.8479952281495,663
2085000,152.07074173701358,281.357913348501,663
2090000,151.21364357094745,263.6087899565782,663
2095000,168.51651072784168,270.6772477362058,663
2100000,230.82780459907508,248.40360723868255,664
2105000,200.16287389029102,295.1784969883761,664
2110000,196.12639203273602,374.1995368666507,664
2115000,217.33374349877334,308.35080217106696,664
2120000,189.6480037909564,311.3250109971492,664
2125000,177.86849823245328,240.18202381304542,664
2130000,180.06882657316913,332.8157574441888,664
2135000,168.8896484972111,348.1462174102545,664
2140000,182.7314833009181,330.74593610517815,664
2145000,184.8684826499735,321.5427969858033,664
2150000,166.16616327968015,324.9060383248683,664
2155000,180.35371926759657,306.01001919970565,664
2160000,182.9677653873093,296.51359557127887,664
2165000,160.30704198821974,311.3837995318311,664
2170000,187.8616168904222,287.86395631198053,664
2175000,172.15894899478008,333.44668624677183,664
2180000,191.879167991983,328.0353722479423,664
2185000,171.50087202328487,339.2938941116317,664
2190000,216.414340304072,288.8135086966672,664
2195000,159.94964387246415,279.3227733989036,664
2200000,196.70603488400053,295.65581054416504,664
2205000,186.22653157066594,322.3432881788482,664
2210000,232.28466727659278,346.2366804409258,665
2215000,190.06542669556978,335.6926913857898,665
2220000,175.528861163883,279.56010217857187,665
2225000,189.66180098337213,301.6570463158132,665
2230000,167.6499472692388,323.36924228084433,665
2235000,165.85386965751354,228.16945581927686,665
2240000,164.41111507265518,319.51490543646554,665
2245000,194.59906051900793,316.2376176464203,665
2250000,172.600714912135,308.26251048441526,665
2255000,183.6858722549924,307.6342221312097,665
2260000,187.58192164829026,306.1301986143833,665
2265000,187.62338264895757,320.80647691952123,665
2270000,135.25592579964385,290.9538606897889,665
2275000,201.66121890308165,298.94731020474387,665
2280000,188.51853994657884,304.36259317106686,665
2285000,177.93642962461624,292.20890759034097,665
2290000,197.0919298657572,294.2545300535751,665
2295000,147.70314254107134,292.00039439011425,665
2300000,138.40044459994985,262.5098459923518,666
2305000,158.74746110984145,301.6894237545524,666
2310000,163.868887752469,348.9841099411625,666
2315000,214.2921407100268,318.16552497827814,666
2320000,200.3744917181677,296.6015750027084,666
2325000,215.6427221170881,316.14955516016784,666
2330000,171.0990007739773,282.0966820208222,666
2335000,179.93784410141873,358.63065287507084,666
2340000,175.41036280854493,295.5384479889924,666
2345000,172.10036313742174,297.407179185304,666
2350000,170.4803236873878,275.425744819164,666
2355000,205.34891982179136,324.1148262913609,666
2360000,172.38453081490854,318.6887111974556,666
2365000,196.4527373186564,326.0069918021153,666
2370000,160.29603343498653,326.3144842847177,666
2375000,167.45123686367077,303.38551189699405,666
2380000,194.13008351149358,299.88262191303875,667
2385000,173.8017260936526,263.24536538211225,667
2390000,200.41485625949844,314.73133921201503,667
2395000,166.13934347483288,267.6529092422408,667
2400000,179.22537602002774,251.63466632556103,667
2405000,184.88000637734044,305.9522355930081,667
2410000,175.18084754732195,272.19424550620573,667
2415000,195.76014962977737,253.67998618657418,667
2420000,133.8152968221954,263.68946005641277,667
2425000,166.6640822753045,267.43054343840384,667
2430000,176.32723627757358,279.9074465780341,667
2435000,195.62360602337884,322.7382169408892,667
2440000,160.74802871555508,387.304187561349,667
2445000,160.62032671454688,279.2688642742197,667
2450000,136.63454688076374,275.27806182508556,667
2455000,144.9326865944083,325.66728062409436,667
2460000,182.58590856985245,291.02391289753604,667
2465000,148.87349729636517,279.1653285152347,667
2470000,161.81554072033327,278.77970190533637,667
2475000,157.42046747416822,278.041685833218,667
2480000,175.42225956408043,262.23788305626806,667
2485000,203.7344396968636,276.6883561680093,667
2490000,133.70241385463913,298.0682223235838,667
2495000,186.1150240694708,310.6094560929641,667
2500000,181.74203322181498,262.373588018906,667
2505000,160.89313202705847,326.9020663571829,667
2510000,145.8175082595624,327.4441181144694,667
2515000,121.76869241220345,321.16687617472485,667
2520000,176.5499660869036,286.14289493865186,667
2525000,213.10428962143988,273.86884735339845,668
2530000,190.41704793012133,304.11395726570134,668
2535000,161.44789010683502,305.70821756981405,668
2540000,199.22476122868005,273.6634942912788,668
2545000,191.94428011049544,338.90639881974175,668
2550000,170.32114922309745,319.645243941706,668
2555000,174.26081583876515,347.6517780413817,668
2560000,191.2329994596848,327.49090305614976,668
2565000,208.9758061417721,340.63096374503397,668
2570000,174.8804262398475,326.9458172966525,668
2575000,194.67489248640908,333.1351601032484,668
2580000,183.65651820126413,316.76767331330115,668
2585000,172.50259401784666,267.83153767048003,668
2590000,187.97153901132054,334.5547242532856,668
2595000,166.75571296974357,316.3974716663415,668
2600000,171.67687111437706,283.4966349725507,668
2605000,178.21579208179944,351.49192980880616,668
2610000,158.36250729784808,333.85512394939104,668
2615000,207.0330940174527,310.23170901305764,668
2620000,188.95612150850747,269.5188184199387,668
2625000,193.3586858073465,274.8354665011621,668
2630000,165.07847878799708,298.6347533644159,668
2635000,160.24980495054913,290.3251415408123,668
2640000,207.2248647938166,272.84877766987057,668
2645000,225.96236646479338,321.0981605256979,668
2650000,170.78662782470042,275.9163520841525,668
2655000,195.21618255899276,317.78780282479977,668
2660000,146.9462092446584,255.76192722391932,668
2665000,208.32300013720936,345.3637479120716,668
2670000,173.57968629414694,317.94673878440653,668
2675000,149.9176545446331,235.82732690918505,668
2680000,190.5923164574965,289.4965232336796,668
2685000,209.05728367788345,318.17466755635513,668
2690000,170.25386581364424,376.9494983466265,669
2695000,169.59288822375453,286.8794614680916,669
2700000,167.61925937525842,323.1079687791826,669
2705000,192.15841909372156,298.9595980093307,669
2710000,170.7283378321534,275.4774116495613,669
2715000,162.12182088106397,315.45120213963594,669
2720000,168.83365894568982,305.3401676387487,669
2725000,177.36308549783365,282.99653425987736,669
2730000,177.08465630384347,316.4416736754459,669
2735000,149.5971197352063,313.3766187538174,669
2740000,213.48833806839627,316.84253660196987,669
2745000,170.2167229297065,230.47765752738374,669
2750000,216.9795120212531,328.65819722822886,669
2755000,198.56422393500392,315.28055414039,669
2760000,150.93777083359578,244.05008706312316,669
2765000,146.30578502981734,290.1193383934633,669
2770000,190.55673885857684,262.203380224753,670
2775000,143.09120942768962,209.61727847248258,670
2780000,178.1327418345881,279.24929851378414,670
2785000,143.28056557941645,308.88560610094294,670
2790000,212.40714692509752,326.4896724179352,670
2795000,164.00193056926219,279.48494978540936,670
2800000,192.77581751839992,331.1916499345007,670
2805000,150.83306938633808,257.1162632334851,670
2810000,226.3621752868844,328.8041964786607,670
2815000,200.24291069297755,274.9342888438917,670
2820000,189.36119430015566,264.08393005797984,670
2825000,182.82723691874423,372.7505307169894,670
2830000,171.41023815657041,230.8696647287287,670
2835000,164.63663106422092,326.371155868984,670
2840000,181.2260468667408,346.0758539599868,670
2845000,197.26136995300863,300.54860678063227,670
2850000,213.85609697464812,228.23188598179084,670
2855000,201.20987281109214,354.35627574351633,670
2860000,181.82239286500487,400.569692758223,670
2865000,197.93975962359966,253.67305091305,670
2870000,163.50718012824797,243.74509699974098,670
2875000,200.41968108538524,269.51101809691164,670
2880000,173.52761250449385,297.8790878099796,670
2885000,151.67498791452894,283.80247791830027,670
2890000,196.38696671627224,273.9821282298127,670
2895000,198.87430575408155,314.8417279817777,670
2900000,185.51928406293783,319.45329986631816,670
2905000,196.2120092567208,264.42182864671867,670
2910000,178.1795979307007,275.5146986309721,670
2915000,184.2766782840861,322.7745263992656,670
2920000,209.30650765469264,310.3141057312177,670
2925000,185.8410616710934,265.7053219996366,670
2930000,174.4597007807826,303.5025778545195,670
2935000,181.46538771983828,273.3365585096795,670
2940000,193.50798182355118,233.41530560413966,670
2945000,177.79171165936054,299.65172252125745,670
2950000,150.07716093907243,263.06116022917,670
2955000,198.0069612126838,381.2731756042237,670
2960000,176.3482941027986,381.3570942986001,670
2965000,188.59581440104913,305.69908313206963,670
2970000,143.1175942330844,298.82210443568744,670
2975000,160.07256567190765,268.2384344828411,670
2980000,179.08998010402092,287.274530067614,670
2985000,183.3022312548491,240.15205680672838,670
2990000,188.6951299177338,312.5775235468955,670
2995000,205.5057700990628,293.7166363221206,670
3000000,167.90514152255554,345.0571552858832,670
3005000,148.02934346133554,291.1690074308699,670
3010000,165.49872095865152,297.97069877414765,670
3015000,189.95604308355536,285.95959893180776,670
3020000,196.4886001952062,261.33586276518724,670
3025000,184.3738772689169,294.0915212091591,670
3030000,198.51861248913377,275.2641063559173,670
3035000,150.7204606854887,273.1672132215247,670
3040000,189.94172890290517,285.23110646684705,671
3045000,208.73877822399785,361.4691723872582,671
3050000,155.26131451452048,240.37988053836187,671
3055000,160.63522441752716,280.3234358918886,671
3060000,205.01663737953737,305.9834716050355,671
3065000,140.3418530923656,289.5789123243807,670
3070000,160.06129450889844,294.03096398774625,670
3075000,164.68136806349108,238.85974026115971,671
3080000,172.56611545332433,296.8204127577546,671
3085000,190.81063525627587,297.82179984485515,671
3090000,169.57546226488665,299.10219054836284,671
3095000,183.07125658759105,270.4784335059333,671
3100000,162.08900527507927,352.81983567024827,671
3105000,149.9389390735131,316.46061246941406,671
3110000,191.4240549819886,343.16666333159696,671
3115000,185.336046042061,320.4996759168969,671
3120000,167.8320963961943,331.3278871324412,671
3125000,156.13571079952143,293.05636159164857,671
3130000,118.97761541909242,288.71960679712447,671
3135000,158.83914391893245,323.1965542605339,671
3140000,165.46325342942646,294.0202442968525,671
3145000,198.31688675031467,337.03997545599117,671
3150000,191.94417348879216,324.81334272095586,671
3155000,172.9357557444898,403.52302074003893,671
3160000,177.48243602294315,375.88503307411526,671
3165000,176.67294709382804,299.9907161515004,671
3170000,189.50485734466275,350.84447934308696,671
3175000,226.59412289549934,291.3721886552615,671
3180000,173.17955686446544,290.73730808050306,671
3185000,177.65239501230946,248.6944097530304,671
3190000,178.5040399040937,314.9211392774472,671
3195000,163.86345436001554,327.2279595533574,671
3200000,178.1015347781094,305.79008429673746,671
3205000,171.85107927757568,289.23522071287897,671
3210000,154.33701630022972,363.1804213417007,671
3215000,175.81410367298554,286.10288258478954,671
3220000,179.39682264129243,305.1840786979133,671
3225000,192.83854154172494,308.56371928667625,671
3230000,168.40615352214988,317.841608771822,671
3235000,143.30411409392113,333.2004693111912,671
3240000,197.795931342351,361.84957925927887,671
3245000,196.19373875495256,222.8049853516902,671
3250000,156.90584845123948,361.32610891852386,671
3255000,176.03148393728415,359.2560784425535,671
3260000,160.5455867326181,315.89141372030883,671
3265000,149.7085997508452,320.4566937013078,671
3270000,173.12043472026704,275.80939937098077,671
3275000,189.86962891569286,243.38594256350598,671
3280000,169.24176168991298,293.6097087705711,672
3285000,210.84118145940943,326.13275378224836,672
3290000,187.81976046789612,279.61291268451765,672
3295000,166.61749172104592,313.11294508515283,672
3300000,181.3484546599022,235.3173746967242,672
3305000,190.95948017382022,352.78314549884874,672
3310000,170.72505408822752,338.64498622259583,672
3315000,150.2080567503883,293.30305752312694,672
3320000,178.1937023645713,279.88372667967263,672
3325000,169.55923898325366,258.7517825307766,672
3330000,198.00005704003763,311.6357833771661,672
3335000,150.69639070611785,254.65344796753797,672
3340000,211.20593108527004,275.09806452727935,672
3345000,193.3682165596399,310.4661425184631,672
3350000,177.90381493131656,277.4345204967646,672
3355000,153.3943938438745,300.856667563655,672
3360000,183.43428129980572,297.24283161858824,672
3365000,180.91422686938475,270.4456253287842,672
3370000,193.69095015514208,216.9158155765842,672
3375000,154.96951502691235,252.756608192849,672
3380000,194.27990138253833,340.278174458383,672
3385000,149.58910317406156,273.7955453821219,672
3390000,156.12429092690155,342.0997526006809,672
3395000,177.2169274882773,279.1770865859791,672
3400000,198.71528317849365,391.9896911113964,672
3405000,210.34804832196454,305.921689904754,672
3410000,153.98826241447748,329.3425529635956,672
3415000,190.74005909361017,312.82987226547806,672
3420000,145.45906587991766,229.34712236948806,672
3425000,187.98298399036472,284.20820966628116,672
3430000,177.1444443717075,245.64135960194022,672
3435000,138.9711794811931,266.7851214398694,672
3440000,180.41563419258404,361.7248888725471,672
3445000,166.66533346293855,269.2938815044955,672
3450000,200.35899230182082,315.7491520782996,672
3455000,135.83440860644734,253.78551774982117,672
3460000,198.60413907489755,298.6404732805743,672
3465000,151.55690074878333,335.40424428511966,672
3470000,151.54741216331138,275.492456614899,672
3475000,183.35922211111156,249.9347134006344,672
3480000,210.54246271435352,268.48838765210394,672
3485000,142.47663825192473,280.6878026858804,672
3490000,146.85137417616914,259.14539412122576,672
3495000,182.11726857029615,297.66082868036193,672
3500000,200.95098427281326,277.82302168827437,672
3505000,188.76669916995803,295.54341655646533,672
3510000,167.64942872975206,363.8275799092045,672
3515000,214.3169863927032,349.54588788122027,672
3520000,166.83010517339565,323.1245291703713,672
3525000,171.56265762808374,328.52486942996376,672
3530000,154.49010540604263,281.86061251829904,672
3535000,197.97033335656656,330.8936213129307,672
3540000,228.1660276678793,304.9381736760691,672
3545000,196.10982504421273,297.30567566119805,672
3550000,185.85822586078118,254.68881807802086,672
3555000,178.56249692035104,302.95251496483536,673
3560000,164.41732476096533,291.4869275802421,673
3565000,170.3056816363273,382.76504668367556,673
3570000,118.59669684590865,336.51687730732533,673
3575000,210.51443848823098,274.0440093509357,672
3580000,204.45441969036133,333.381986990241,673
3585000,189.54802654106638,321.34209976322165,673
3590000,169.66162117772595,293.0749609668487,673
3595000,152.75325817955598,264.59574350447963,673
3600000,206.2934257816577,318.9507925061629,673
3605000,222.49075798538703,296.4851306579681,673
3610000,175.40419914817141,314.604445268537,673
3615000,172.1045004437307,279.8897822252642,673
3620000,177.35390841253604,334.88328523222305,673
3625000,196.46022358066858,303.2009672391954,673
3630000,167.66709607013527,308.94172732906554,673
3635000,192.5389590095445,268.2954981992023,673
3640000,163.54982467783492,354.6819498090478,673
3645000,184.7500202496778,278.82483612434737,673
3650000,198.4357294423091,270.1424574235892,673
3655000,141.65285822102828,251.17500522390446,673
3660000,185.16141675194302,294.1333402127199,673
3665000,155.14581569092445,268.31285643794246,673
3670000,177.06539791058844,287.0847650905421,673
3675000,168.5091698086916,296.52950522620864,674
3680000,159.84678448509928,308.434165906479,674
3685000,175.0406596610106,281.2873142222833,674
3690000,213.8520895700608,255.98489322313156,674
3695000,186.7698566296065,295.25127838086667,674
3700000,139.28784926686558,275.69779582537456,674
3705000,194.83804814275933,326.605194508855,674
3710000,193.0612903369504,219.81871595289732,674
3715000,203.82509310612855,350.17907032869937,674
3720000,161.9744130329557,325.1961414312424,674
3725000,158.62230886174896,290.1398188920957,674
3730000,159.416248992528,312.5840736400551,674
3735000,161.66750850419035,293.72816445941766,675
3740000,161.72735092910716,305.78193670805643,675
3745000,198.09418477387666,296.58461154178565,675
3750000,166.4150990282418,272.5272698474344,675
3755000,172.0024954178038,341.3617876850482,675
3760000,164.93450450749114,250.4646985465175,675
3765000,171.4096250433178,261.5937178755843,675
3770000,163.53290508887358,293.76891593301684,675
3775000,170.98480627243157,282.6249059728542,675
3780000,154.33409491499182,261.0129864651944,675
3785000,200.46970323256764,325.5862261672999,675
3790000,193.77152648517753,315.4762042546237,676
3795000,134.05416300945717,315.2120372141943,676
3800000,135.95251343809196,277.7686672410983,676
3805000,163.7072413081641,345.54641017187953,676
3810000,153.4138191381741,251.1978589144148,676
3815000,183.5638127553796,259.5392472180414,676
3820000,138.27731837840133,263.3240599208663,676
3825000,171.56979848710245,349.46783786446395,676
3830000,176.45936336321753,295.2232843829408,676
3835000,168.06456338194943,280.1089801972727,676
3840000,212.93920478323338,260.7283324567198,677
3845000,152.0554605338881,278.42615879155835,677
3850000,189.74089534605838,246.29699607532137,677
3855000,184.1146339778042,224.33925982644197,677
3860000,161.55736073128014,297.29551949482004,677
3865000,221.56479248846108,331.5347330619112,677
3870000,176.67240196014993,289.44237620425616,677
3875000,184.77873627700276,332.55241816310433,677
3880000,200.31026734711097,292.26559844001,677
3885000,201.0695128925652,348.1603917805688,677
3890000,190.32515338044425,340.6317108025854,677
3895000,130.33440660807702,316.7138565714438,678
3900000,141.03334774566628,261.55778189988746,678
3905000,176.91969430218737,262.88259763863635,678
3910000,165.89702582747483,317.481953255138,678
3915000,148.6163491984209,258.0577542673469,678
3920000,215.1716239996142,293.9428635585687,678
3925000,179.14103564968343,302.0103785874775,678
3930000,145.46337884775804,265.8104841081836,678
3935000,174.71335068284515,278.5622024011979,678
3940000,155.4742279719088,296.78678151431876,678
3945000,171.86556169424153,260.59446507787015,678
3950000,153.50945389201084,234.60290645796354,678
3955000,168.6410817139133,289.7877896949279,678
3960000,141.72420513414798,294.72278645430447,678
3965000,198.77634959364042,257.9470802849948,678
3970000,208.43905085838165,318.4274483013348,679
3975000,185.25556001706153,305.5351322348291,679
3980000,183.87259836715685,270.32098978762747,679
3985000,190.29374005207598,313.66231280971704,679
3990000,182.3200007047562,319.803019568723,679
3995000,175.90920442869134,292.2676969651354,679
4000000,166.0417275615859,292.07375095025037,679
4005000,170.33794537133107,342.0523785135637,679
4010000,182.04013572411677,374.3992090382878,679
4015000,168.6750083369277,290.5325090818283,679
4020000,189.70445471042385,298.58976683920497,679
4025000,150.95257436392245,327.5377974712806,679
4030000,195.30304123573399,323.09563178736533,679
4035000,177.92660183714653,286.5500446112247,680
4040000,185.7080801434917,294.5361102999192,680
4045000,168.22303433587072,327.28557384269675,680
4050000,141.574113616239,307.35276608001976,680
4055000,170.63944782316221,265.22404983732196,680
4060000,173.84406682414408,261.69471587850455,680
4065000,177.21938841526165,237.1987787685575,680
4070000,196.4087213682314,329.29822815198065,680
4075000,184.11933317734233,310.58166155607074,680
4080000,227.50095126016797,299.8516780477704,680
4085000,190.96616630301276,366.9420621102137,680
4090000,188.0149434335302,264.5528302404147,680
4095000,210.3502870067754,334.7540397847285,680
4100000,142.50690987501198,325.7588638156913,680
4105000,169.8143298351874,297.07803034298576,681
4110000,183.9883255351632,348.53686451840656,681
4115000,161.84485130370183,296.515673446918,681
4120000,172.27566273203507,285.88779580004547,681
4125000,173.45724992960163,245.3337766053768,681
4130000,201.66226227956986,267.46115193483666,681
4135000,194.81284120780154,363.36183691108636,681
4140000,210.8930453622718,351.12319955567887,681
4145000,211.8976917488731,282.7178379633354,681
4150000,173.1512283841451,240.65604969436103,681
4155000,153.8450860295543,238.93345779599014,681
4160000,161.8729495096171,299.65126556185635,681
4165000,189.71761241820076,312.3357455245583,681
4170000,175.11807210253275,395.1494927377668,682
4175000,195.56422007236088,278.17482781535676,682
4180000,119.19301648817778,305.03071441828797,682
4185000,153.90674065949614,268.43684050898406,682
4190000,179.4846983856553,309.31071818494644,682
4195000,169.66514254632733,292.6403266084794,682
4200000,168.5937930611646,301.6677302251574,682
4205000,190.46894498516664,321.6931699586348,682
4210000,184.7595221577616,367.2925277427139,682
4215000,218.61948052200023,324.89798859212624,682
4220000,228.49693636526135,364.1212055209355,682
4225000,176.03885962715404,302.13903516495463,682
4230000,177.51107202951755,311.0622017145318,682
4235000,175.98842917475977,294.6096049676529,682
4240000,177.556972899723,259.6410069688856,683
4245000,161.7041408349308,308.5340958130839,683
4250000,150.61607547782316,217.6780611212051,683
4255000,141.13241197797703,244.07988410032624,683
4260000,147.2837558763183,319.0780370629831,683
4265000,183.66050902270112,357.7289546977887,683
4270000,175.25760435135402,348.65883370075437,683
4275000,213.1723884822197,276.19339592280687,683
4280000,217.94554744315963,334.0655177198807,683
4285000,198.70989295549316,311.72921731794867,683
4290000,169.73502971871574,297.5705853000395,683
4295000,156.73028652447482,284.85175466422646,683
4300000,164.8897512648274,258.0691326927014,683
4305000,187.6801013062702,318.67787326234554,683
4310000,157.4103211274437,271.7884664285484,683
4315000,188.88033718515996,323.23699674345016,684
4320000,180.77493724272549,346.9785506495904,684
4325000,190.56652037668,336.3134837423897,684
4330000,178.07530873103155,266.4298455745226,684
4335000,174.94045576165513,276.622600397219,684
4340000,175.37812945773265,270.98168418834615,684
4345000,226.6409583920776,381.73990809791013,684
4350000,177.79559426955706,355.8473415680477,684
4355000,214.90246861405956,309.19950234440427,684
4360000,168.36456334460001,278.3012267693394,684
4365000,168.36551063370734,319.08117671301153,684
4370000,172.59664879204234,302.8053388950703,684
4375000,170.5355401057039,285.9106489631668,684
4380000,151.2464109878933,351.6160721032754,684
4385000,178.47322244115043,328.80202235476764,685
4390000,157.84273958017718,238.38891971811216,685
4395000,176.4398171303282,329.5842160956301,685
4400000,141.07546395426021,274.9943794255755,685
4405000,206.96336200225636,302.25236430821,685
4410000,162.3907408056819,334.449887090788,685
4415000,186.90148663144566,325.8994898901577,685
4420000,185.95526634936007,259.1619871248775,685
4425000,172.85875695313456,267.02439138097435,685
4430000,151.87474740910096,290.80861968264,685
4435000,153.7463540999131,289.7210836164822,685
4440000,179.74670805766675,236.08079441399744,685
4445000,148.7866772488513,291.9342928006689,685
4450000,169.7788238148812,368.8370026256139,685
4455000,170.52908107890528,286.3873042627024,685
4460000,187.01499145484297,265.13440964530895,686
4465000,160.24298218025865,310.67530376189023,686
4470000,200.7466760866208,284.5262261530898,686
4475000,141.3604385294652,239.16883370021063,686
4480000,123.519437696521,343.9363224063787,686
4485000,176.90665100976483,229.242374006175,686
4490000,188.89200999215495,280.18974561403553,686
4495000,173.8215370386652,314.44897007711535,686
4500000,165.78901444124335,279.3955999591963,686
4505000,156.93327115778214,359.6718619693781,686
4510000,221.01511905625216,263.3457461525916,686
4515000,176.55443615828463,253.61894574319183,686
4520000,120.81202092456894,311.79133938904664,686
4525000,151.11276446453184,282.7241558115137,686
4530000,199.4506323427472,291.10048009426094,686
4535000,151.06283678575303,251.6745137274098,686
4540000,179.93659658320973,242.02259385456,687
4545000,203.447127867811,287.2628400545381,687
4550000,176.12304430270353,282.4868309729295,687
4555000,171.13423706052302,312.8340787778966,687
4560000,173.58642746337057,280.93451754322433,687
4565000,163.07631872907717,268.43459575367467,687
4570000,181.43756819220863,258.65729740752045,687
4575000,216.13038223414685,268.85137617307606,687
4580000,145.48643224634498,290.4854099046843,687
4585000,195.96840287088392,258.1045942546769,687
4590000,166.24566142997114,288.0162118622165,687
4595000,182.68704873087998,319.9705984833006,687
4600000,151.88897504994708,322.1337999499785,687
4605000,188.56958258269017,322.89494544689893,687
4610000,155.07269926634643,294.81927748170125,687
4615000,190.6960698259948,316.83920525566117,687
4620000,193.79255534949502,308.22765576053183,687
4625000,168.26451696195542,253.02649642297987,688
4630000,158.58782861311863,290.30302929213155,688
4635000,150.37326936399478,341.34356535205404,688
4640000,157.59735256935863,321.5188255463169,688
4645000,166.52131314209026,280.47932034938674,688
4650000,177.65518352797454,265.8083383183884,688
4655000,210.35509336141254,292.5518002868914,688
4660000,186.962525474034,271.2997310376674,688
4665000,169.63768720837433,307.39396556832236,688
4670000,204.63985972473083,324.9376002915006,688
4675000,185.788589523714,315.1119126137572,688
4680000,166.6983307397855,251.1007220701108,688
4685000,195.182815800235,336.68027751207177,688
4690000,182.43669150378247,341.1040148218566,688
4695000,169.76758172442644,388.85218469771473,688
4700000,173.77408492083316,334.98386406746,688
4705000,184.73973046479122,263.69125515437804,689
4710000,228.98839892420764,238.0330896808416,689
4715000,140.58161936602826,281.54276930068534,689
4720000,159.224183391114,292.6382408367772,689
4725000,154.63045132211548,296.5840204426785,689
4730000,173.97414885277033,304.2286887220921,689
4735000,159.55644202673773,296.38180488943414,689
4740000,197.07421764623044,268.61943603051486,689
4745000,136.11782085899839,239.92226583303005,689
4750000,198.99340593113183,347.9470586491009,689
4755000,188.98516739065826,268.12560425011276,689
4760000,166.77341500507617,316.3057168190059,689
4765000,162.55945569005394,361.1578570962615,689
4770000,160.00892480810055,267.69014841030446,689
4775000,153.6797124692416,332.72009289446754,689
4780000,168.02126633954146,262.05448774376435,689
4785000,193.4369907302887,348.25724896817314,690
4790000,172.19560106766068,255.74386472009624,690
4795000,163.0352531014203,345.3002054179499,690
4800000,181.69464307617415,296.7177478121981,690
4805000,208.9806362191848,283.876396751393,690
4810000,150.80701000398238,351.76124806688387,690
4815000,169.22637287098064,327.7698044144999,690
4820000,155.62403367742832,306.27178977513734,690
4825000,146.29204682316842,265.9591150793962,690
4830000,206.78927995063114,348.4779479354214,690
4835000,196.738663438468,251.3711514917764,690
4840000,161.81384394584725,289.31031501700335,690
4845000,200.0855644245579,289.0324809631379,690
4850000,211.39543693969594,274.88712221744464,690
4855000,138.40899754256202,283.88275325309417,690
4860000,171.8656884141087,315.1967543196951,690
4865000,160.35203460254576,378.7978047985479,690
4870000,149.37588700634763,302.4824842284381,690
4875000,170.61883815491433,347.2251897520613,691
4880000,162.58147803466807,360.57123699792146,691
4885000,154.34204932972042,290.3033667344301,691
4890000,172.81883911724324,315.2085101912437,691
4895000,177.5124336986736,357.56047043005793,691
4900000,157.40249084263507,280.17453155227514,691
4905000,149.02067462643268,288.2016404865529,691
4910000,154.22734970176768,390.8834864432124,691
4915000,176.32470823086908,236.19785129784518,691
4920000,208.92664906232224,309.7525406883988,691
4925000,168.14741835158554,294.37846732277944,691
4930000,152.98720736293683,310.19276552965084,691
4935000,165.00028554755082,320.39288148228763,691
4940000,161.51976030382852,271.00189049606274,691
4945000,176.41731290676344,288.83848280904607,691
4950000,169.3718927049629,322.1782440242088,691
4955000,149.3796619188747,337.6499300881815,691
4960000,163.33235715545914,378.012319088941,691
4965000,188.4576935950192,290.3908442416253,692
4970000,161.17412366640326,322.469487386077,692
4975000,149.4133676137954,319.73228509130183,692
4980000,178.79753274409626,245.61528911336117,692
4985000,181.28590351521174,256.1021825852965,692
4990000,160.40518622744605,308.79583693843324,692
4995000,199.71258158774558,275.8252372725519,692
5000000,180.00392146117508,272.77418854958637,692
5005000,229.70606051431497,288.4892845166098,692
5010000,175.1857802889688,247.50725879477352,692
5015000,152.43802065985224,279.7968095732981,692
5020000,182.32882046015715,342.20947233424926,692
5025000,217.96009511917796,367.10417624131196,692
5030000,218.14064996362194,401.3960687053355,692
5035000,170.75994208949297,320.7165307758441,692
5040000,164.72229690871637,343.17139073247284,692
5045000,227.79314725650107,296.22186389691694,692
5050000,150.67747541850048,281.8429400138307,692
5055000,181.72543842957433,287.53496226104755,692
5060000,194.59636408780355,216.0915007926836,693
5065000,181.03870610590653,310.96695447956387,693
5070000,190.25158101801884,257.79751473622264,693
5075000,178.34642676007869,337.4943400447516,693
5080000,181.579940244325,336.0464300155335,693
5085000,173.08483035641748,350.2232961530999,693
5090000,179.366644956588,246.84173079383234,693
5095000,166.19267222059372,342.1211323833744,693
5100000,168.92437097137497,275.13615845901626,693
5105000,167.15080014415338,299.21503724967056,693
5110000,171.21004022871335,266.78263934346194,693
5115000,160.3213972569582,302.1815359679473,693
5120000,154.21406829840458,316.66853299155633,693
5125000,151.00394483233285,351.58942218034065,693
5130000,166.23253038310608,246.52315770805703,693
5135000,156.05948187547088,299.94266712782223,693
5140000,161.62107418387328,264.4182952210242,693
5145000,177.1866919753769,295.0123317331743,693
5150000,188.38568454178022,264.3341323327052,693
5155000,166.21871313089696,285.9769283824616,693
5160000,167.394990089425,328.2961621366227,693
5165000,173.09460691402919,351.2059313446599,694
5170000,193.0302784653072,255.43125163021307,694
5175000,138.4252061408533,292.1372152663187,694
5180000,181.12214582270911,261.4990181019566,694
5185000,155.63711277071053,285.90895774964685,694
5190000,170.68853322168218,290.9752603281944,694
5195000,146.42766009364377,248.3609706476542,694
5200000,186.8583585614816,269.83704205121114,694
5205000,172.02883290891333,254.1372256196291,694
5210000,143.254968487997,289.41803704919363,694
5215000,205.545524673627,334.35531338379843,694
5220000,186.46416585928432,337.0380600341867,694
5225000,166.3785393228516,368.6761228660917,694
5230000,170.32979613702133,321.51843005212174,694
5235000,169.4962154937758,244.267692643142,694
5240000,127.10800879606299,297.0860453657942,694
5245000,164.76560291183952,314.4243175509046,694
5250000,150.98611017251696,315.84653301486225,694
5255000,216.35174209331416,350.3036337738966,694
5260000,176.4943994756554,284.8027474041145,694
5265000,171.13172688224975,335.86720887647124,695
5270000,188.11243860221094,337.51714699838345,695
5275000,173.01900201739733,271.9935717702593,695
5280000,212.9138005853835,403.41376141378714,695
5285000,169.74221387569997,310.5432688879716,695
5290000,203.3157080381016,348.3484097163204,695
5295000,178.7639139153941,315.41393777943654,695
5300000,174.48132487097968,300.65586995069634,695
5305000,210.25347923671694,298.13093433333654,695
5310000,183.59952441966774,243.55494978915058,695
5315000,177.61685727266908,256.8903632956838,695
5320000,164.8789188532805,309.54787671539526,695
5325000,162.52361944071762,366.71992221251315,695
5330000,182.6321014549769,284.92731873217633,695
5335000,165.05465726063457,304.64580868356995,695
5340000,213.65860910588822,282.52985921434185,695
5345000,158.25897566223188,293.43727212122064,695
5350000,195.55918874019292,263.0626252727044,695
5355000,167.66175210264214,286.7799516021865,695
5360000,168.9228345979774,288.52731096067896,695
5365000,134.87201262391605,311.04048147871134,696
5370000,210.0739710674445,336.03879944401683,696
5375000,199.45454367154565,327.53998435251253,696
5380000,166.39569271061282,315.54536242521607,696
5385000,194.1006102637066,304.1271798811245,696
5390000,138.11033844630563,373.2686863493265,696
5395000,208.026831838126,333.64998862104056,696
5400000,183.46655557373376,270.5512633711486,696
5405000,160.08507981545463,336.07108803895,696
5410000,174.89262611384413,289.7992507607337,696
5415000,211.06214579132757,283.8421309484998,696
5420000,140.32374666097485,333.66541561097176,696
5425000,182.69265661010883,280.29498567488383,696
5430000,181.7234649179033,284.40922102203416,696
5435000,148.4794227774212,273.518505440812,696
5440000,174.08858321658875,285.47118988543207,696
5445000,182.4977882897867,280.70403154719435,696
5450000,157.35748355732642,284.59351445565346,696
5455000,172.06374304669885,250.01221711738992,696
5460000,154.19487264006165,263.27465610787993,696
5465000,203.55316929247888,335.5489827457482,696
5470000,184.78047201175912,301.30853627518803,697
5475000,182.68998855592596,295.06188037274137,697
5480000,187.51169860561419,286.880952523681,697
5485000,183.74507338175005,271.4458483557888,697
5490000,159.16747812569702,281.22470551175996,697
5495000,173.16870897510375,281.77135831871783,697
5500000,179.6716430586745,302.89412097829677,697
5505000,156.71052544638064,269.83959585445837,697
5510000,192.44223155112837,347.11821655645224,697
5515000,184.71751855099907,293.3753892140593,697
5520000,148.87553667835533,260.9103256246643,697
5525000,200.89646913592892,253.22039364713072,697
5530000,183.60352023257275,284.2957693947009,697
5535000,177.37326855585715,309.54444213676226,697
5540000,192.176511381796,289.3106501210293,697
5545000,164.02754182129496,311.3904840204916,697
5550000,169.4239088802199,298.8747976419226,697
5555000,176.42118053889544,252.72469647579015,697
5560000,166.41898946609479,309.17395224323707,697
5565000,155.7978603936701,301.230056880813,697
5570000,183.683527601454,268.8265360081209,697
5575000,177.07631911578525,269.6554739813506,697
5580000,186.70849412327541,357.141313618181,697
5585000,176.99435026086752,253.17742847667435,698
5590000,172.14045719988192,294.90410193997326,698
5595000,193.31315033143719,277.921123330982,698
5600000,203.68685613668933,275.9406155022072,698
5605000,142.37577725545572,271.6188257873228,698
5610000,181.52612322331595,276.2803279682661,698
5615000,184.81541454674698,306.6444251928318,698
5620000,135.60905738354606,322.10817811193846,698
5625000,211.92137217537962,313.0523770258929,698
5630000,136.684652846566,258.02682207043705,698
5635000,139.6709828903547,339.89046213988917,698
5640000,164.68764553827785,304.3311408039128,698
5645000,191.52157309004528,360.55742953823597,698
5650000,174.46388423401325,343.9570658818823,698
5655000,150.50438089229357,264.79410415675324,698
5660000,215.48916284555665,340.74632899588977,698
5665000,198.56040819745473,251.41414151021502,698
5670000,209.57226678273608,363.7854779431459,698
5675000,155.20874674832282,297.1165535031489,698
5680000,197.0730967323109,328.8274042913709,698
5685000,212.41777668317093,237.08723581855102,698
5690000,189.66229871358897,336.9287564019425,698
5695000,127.5139631097805,264.8031315451166,699
5700000,175.4291902222388,244.28534735822635,699
5705000,170.5954101903232,347.33622363117166,699
5710000,165.50420712819934,306.29226294586255,699
5715000,201.21855673789509,292.0054947026675,699
5720000,190.832684912983,270.50332001609206,699
5725000,160.4432121608329,350.06730788315446,699
5730000,177.2041653447112,354.9972911294416,699
5735000,226.7991451863946,319.3361570948078,699
5740000,178.78263285428312,323.36995519350637,699
5745000,136.77895063626846,320.1422060390579,699
5750000,163.57214545607587,277.5586309354054,699
5755000,166.98452024846722,342.9227720168786,699
5760000,183.14251922959974,368.1412884731094,699
5765000,176.41074587034763,277.6686311685403,699
5770000,147.33005899956265,308.9591658863184,699
5775000,170.80519166933388,298.7763948835342,699
5780000,159.49064494462417,260.5727982248586,699
5785000,176.50493924417884,274.3051088781681,699
5790000,182.01129001130792,312.65250061202164,699
5795000,167.509942406304,355.3558265721238,699
5800000,155.23316132704088,233.82356684555415,699
5805000,165.58327558558523,289.6351914430261,699
5810000,181.22284874345502,320.91294707538515,700
5815000,165.5406195025122,313.3221026024248,700
5820000,229.8840587407704,301.1011009271653,700
5825000,157.69081524664398,271.6060168760531,700
5830000,182.93690371740877,330.71597527243875,700
5835000,209.4229220649592,353.8020240815847,700
5840000,192.58476442936703,328.45379577478934,700
5845000,183.9630474733192,335.0831547119943,700
5850000,168.46958204189892,316.26135330982083,700
5855000,152.73874548005227,281.7235570617917,700
5860000,187.6423795591616,302.62236495866216,700
5865000,177.06418051477976,290.79175922975725,700
5870000,156.22442936553216,315.99056518480756,700
5875000,143.37107353447803,317.9206747354583,700
5880000,241.10958555242908,288.1372962139465,700
5885000,162.00708727008325,289.79903920179015,700
5890000,202.63428780716518,304.55316106972015,700
5895000,161.11163272394288,279.6268654339514,700
5900000,180.59341234730783,290.64471221672574,700
5905000,181.9902122257392,262.43516993770413,700
5910000,161.48545783435281,264.8355846170435,700
5915000,175.7299079038903,369.7841066914311,700
5920000,154.71443372406515,297.2027573222963,700
5925000,178.87640192391333,282.4433657464404,700
5930000,177.28479911730653,285.83552423067476,701
5935000,147.70602189735172,311.9828633709631,701
5940000,216.32496901062083,290.585665235529,701
5945000,237.79892850168144,364.546474832444,701
5950000,189.2365766824,269.4296967883037,701
5955000,167.29042346037306,289.4021905992478,701
5960000,161.54230095527677,294.9207230885934,701
5965000,170.759704501293,293.7457153905313,701
5970000,165.87106062510733,363.4560187306297,701
5975000,164.10575832460717,293.3483588015687,701
5980000,145.12889146079388,291.4423027966923,701
5985000,175.67392680059857,286.735447240177,701
5990000,141.10129560735075,318.819085651354,701
5995000,201.54948494911946,310.6682404391509,701
6000000,157.1004785508998,344.92959627120683,701
6005000,168.7682835179389,270.68789273881634,701
6010000,171.83372465759285,324.010536620474,701
6015000,166.60035495784723,313.5002762539993,701
6020000,135.4361681067909,318.2831865816913,701
6025000,201.21146143231795,364.90139272543655,701
6030000,197.62969463324276,347.1756419859277,701
6035000,197.08329833608087,329.55693548153147,701
6040000,181.21435484465474,311.5932878078279,701
6045000,139.07912028317193,312.71549679215184,701
6050000,133.6442373226091,338.5715654133051,701
6055000,193.14542714468942,259.52702286705187,702
6060000,184.3412000783875,310.1202142629501,702
6065000,185.33593830619336,329.2062204677998,702
6070000,207.9883060844336,322.1343100534635,702
6075000,159.87789866321575,295.5680175450277,702
6080000,152.81806831949066,227.8062319170255,702
6085000,161.86234762020587,297.2760783373866,702
6090000,190.54063720224138,340.1014246314219,702
6095000,175.86876615697054,384.5458374928491,702
6100000,145.97756027428827,332.59703920385266,702
6105000,149.625473650563,366.4471771474683,702
6110000,173.43219586315823,371.4608940815546,702
6115000,191.6856385245525,248.01081330480613,702
6120000,199.0833769282773,313.1869651430596,702
6125000,129.45735280834953,263.9578220638934,702
6130000,203.31797683984917,299.14717998599923,702
6135000,144.90832633389277,331.36791836374556,702
6140000,178.57148972098514,327.4275611779208,702
6145000,172.99064795879931,305.6884737145473,702
6150000,203.55245577225867,301.50106468696555,702
6155000,155.12069810037414,330.5493555915664,702
6160000,186.55001810194116,269.2362319996533,702
6165000,178.02122178282028,274.9488602451985,702
6170000,175.1785360625159,244.7475105014316,702
6175000,183.09152835245453,320.84699939777937,702
6180000,126.29827654234276,274.00398195802904,702
6185000,179.90213026309718,277.99300962934274,702
6190000,193.84556689894742,291.27869605144025,702
6195000,155.0914058254939,294.73467554699414,703
6200000,158.43055159636089,258.0432772417498,703
6205000,144.2298988872503,279.9933398831388,703
6210000,148.78174916896597,265.2262473100239,703
6215000,180.3305691520212,288.48627375584744,703
6220000,156.46854890983366,325.5730055961318,703
6225000,226.55785214713433,251.44235248375313,703
6230000,192.89120220913298,293.2118591889036,703
6235000,169.74332159852284,318.1854299594688,703
6240000,177.50551448310674,247.7782380147482,703
6245000,156.4548294918376,305.0950477115721,703
6250000,190.92789202047365,337.84116113034815,703
6255000,187.90946652716895,341.873701035744,703
6260000,174.29529642886982,323.13798604750286,703
6265000,219.5671519715185,323.31975039667554,703
6270000,201.59722138754714,316.22268166337574,703
6275000,177.14737680526704,330.9509375015437,703
6280000,193.05077620127784,313.18100407622285,703
6285000,170.02342678699083,268.25056382560194,703
6290000,181.30480352426883,341.44421690652075,703
6295000,180.90861771077465,309.9689367264397,703
6300000,194.9330086502005,381.5716920218817,703
6305000,169.53525312800005,297.10183250076534,703
6310000,191.58013597158558,247.15776228374622,703
6315000,168.75430514013223,266.9104218383371,703
6320000,192.41750795888618,295.61464108649926,703
6325000,219.59233180491594,452.5717771596867,703
6330000,178.49457794326605,316.4534360940315,703
6335000,201.8071058460405,304.29485167116974,703
6340000,213.37335270341134,251.18872983898206,704
6345000,201.2226365474696,324.29544767442496,704
6350000,177.245230491562,296.90150382332604,704
6355000,116.27096386752213,250.11405115513418,704
6360000,166.38715729360968,294.25096090221365,704
6365000,157.9712768909105,257.8241832583473,704
6370000,186.99294913983846,256.80889403617584,704
6375000,177.27029999389984,252.29131317522868,704
6380000,177.02287669832066,275.61917063407014,704
6385000,155.45564933750333,311.4393135399461,704
6390000,210.36749285207685,311.5337756790146,704
6395000,201.40669152395762,330.24016765732347,704
6400000,157.25812303013694,284.69576982408137,704
6405000,163.01605879677044,365.26511462390323,704
6410000,155.59846553544736,341.7727228633687,704
6415000,189.02360088240377,370.50094239670295,704
6420000,157.68163853046633,314.5056209435921,704
6425000,199.54165821147825,253.05790589937698,704
6430000,167.58472261135287,272.98497730650575,704
6435000,160.70821243556563,315.9028156695008,704
6440000,208.9580425265053,356.48180152412647,704
6445000,175.95295590790275,359.8239147677312,704
6450000,173.33023151652938,294.06639400071936,704
6455000,175.09847867668995,382.38507463882985,704
6460000,174.96905233042682,294.6756631068714,704
6465000,145.1121051853478,289.0632995222395,704
6470000,163.53044595791246,257.5732859929046,704
6475000,202.58366067924737,260.4993052788685,704
6480000,186.19733781631498,240.67263688634608,704
6485000,153.38495772395817,274.7517143866037,705
6490000,187.07199975474805,340.56205810336746,705
6495000,204.45775035024477,325.2797240208169,705
6500000,189.67158624456562,338.0269803051887,705
6505000,179.37101093018944,303.591071690397,705
6510000,172.93623571297263,256.4642771146408,705
6515000,173.23698678201555,300.65540355085477,705
6520000,185.26542700362572,275.9745533769744,705
6525000,193.75025983511915,333.45711437534976,705
6530000,153.9643945419852,278.51902796768246,705
6535000,178.92591951487842,332.37871075386994,705
6540000,176.96489835941412,283.9059789330077,705
6545000,177.60374190439887,295.39869412867495,705
6550000,216.28991203154732,337.441167330076,705
6555000,163.5921080947102,251.00237284830146,705
6560000,165.15200257219084,310.11937591904723,705
6565000,151.59540236283652,286.5279536929306,705
6570000,153.99154367613664,330.7912090330058,705
6575000,169.31857191432582,318.430226042981,705
6580000,157.90334332210224,234.43993749635356,705
6585000,186.41924322510656,236.66951604013775,705
6590000,134.03623977262848,292.73023838641916,705
6595000,199.4605977331551,261.5521140389241,705
6600000,187.87134144554807,318.219656338799,705
6605000,150.40455366231777,274.6026037018668,705
6610000,195.30311207075982,272.9092761197566,705
6615000,161.32065917945584,295.2182250383407,705
6620000,140.49732522887908,286.86278122972465,705
6625000,167.41610678156036,268.6075668906312,705
6630000,170.10367530178394,302.816737359702,705
6635000,190.3897690125906,342.0171112915882,705
6640000,180.17041535709203,322.38915716569096,705
6645000,232.12510179963425,345.09827600224105,705
6650000,164.71340504062766,268.18605209039123,706
6655000,182.3408107852289,256.14928477534204,706
6660000,186.53750988752773,337.72567875546224,706
6665000,209.8863672284675,341.7756733777363,706
6670000,206.9317278241058,323.5586927293222,706
6675000,184.54477237899502,268.5533638815418,706
6680000,180.48162808215366,308.2686215891955,706
6685000,158.62896529259692,296.5157754523667,706
6690000,213.46191955269734,299.3681586690122,706
6695000,154.43890252794657,331.6303237957267,706
6700000,218.17878657644482,304.3854498627042,706
6705000,148.34512643316907,312.97323855744463,706
6710000,180.94115650334342,265.3304328273399,706
6715000,160.766858858341,271.725755163813,706
6720000,176.68325280984135,251.7459505964576,706
6725000,187.30207742843675,256.1336287514917,706
6730000,179.2923160069431,290.72199363149787,706
6735000,179.24624917045853,247.3497536768307,706
6740000,186.6557896616566,269.6456488489885,706
6745000,199.3333311786906,356.6253850889905,706
6750000,187.67786167975294,242.03021290173407,706
6755000,168.74588906921053,271.64267865117597,706
6760000,185.51878806840807,236.52021465297506,706
6765000,160.91000071592183,379.74914496579777,706
6770000,186.61909171860427,300.18319682452,706
6775000,185.97980252863147,307.97941327009124,706
6780000,167.20634706432,327.76776480568293,706
6785000,160.46790025108956,295.24252119726896,706
6790000,158.3659536917742,336.02392089234,706
6795000,177.63495245450386,351.43904560813525,706
6800000,187.04042644047652,337.0766155444436,706
6805000,160.9142563410632,266.67420304271633,706
6810000,156.40878442745168,362.0510340511798,706
6815000,156.89002140076997,261.8222674293555,707
6820000,148.1039854253519,219.93171943269732,707
6825000,216.42966734498265,257.4001135096829,707
6830000,186.901901162533,319.8176389902625,707
6835000,135.16690435666547,318.5825512272628,707
6840000,185.7709555012523,337.7560857279702,707
6845000,199.29551915765794,305.1503609490542,707
6850000,196.87207248444685,319.2628947717702,707
6855000,167.69876178008155,342.1451345047379,707
6860000,155.72146855717546,237.53024456927284,707
6865000,186.10779926142297,338.17080830885436,707
6870000,233.99843521464504,298.02802130609,707
6875000,182.42791613687248,282.83218311246,707
6880000,205.2575508650405,260.774806424957,707
6885000,169.569587025327,319.20518292023684,707
6890000,152.0396251909994,365.98602633404033,707
6895000,184.89031544098737,314.1482289156361,707
6900000,147.0229836615328,246.73595334392357,707
6905000,206.64863081758284,280.1593438532646,707
6910000,219.15210220126235,355.81615049017785,707
6915000,198.24332557777805,292.7713541136867,707
6920000,173.4350874725917,278.72544859361415,707
6925000,162.71724558482236,283.7991258414276,707
6930000,177.40363446992745,310.38227484129015,707
6935000,151.52346499948075,293.77722315234786,707
6940000,182.87363788298003,215.15804340402389,707
6945000,134.5211643268156,288.5341652584173,707
6950000,137.41000489219905,277.9275394177175,707
6955000,171.34606496248367,298.06575245286535,707
6960000,156.55641510140887,264.63767301877033,707
6965000,135.97570922383738,303.63924781300847,707
6970000,158.51651363141897,285.65473968066317,707
6975000,134.70115239275398,273.3256624684244,707
6980000,166.17906306644645,345.7111221072165,707
6985000,196.38911835844178,320.39502688384164,707
6990000,185.78499309323138,304.6022732696693,707
6995000,161.05710091005284,307.84397907104267,708
7000000,167.39678109567342,236.8069156289802,708
7005000,162.38272708599897,349.14823140372664,708
7010000,149.24051886855312,246.69625234233004,708
7015000,159.03157282550416,330.14794219017966,708
7020000,169.1388910230177,294.344908125489,708
7025000,169.6773277674559,335.44179558239983,708
7030000,185.87385765341423,287.3047267890357,708
7035000,177.70984558838163,328.330267683604,708
7040000,240.31394731693226,318.33351050633377,708
7045000,185.13486026397933,265.64062255351666,708
7050000,174.77516853820072,307.94755927594986,708
7055000,212.37207295737812,303.68415655632225,708
7060000,140.51982635726262,237.67394424372534,708
7065000,167.53427088575597,409.69564851714296,708
7070000,148.92874077693918,313.99762343440995,708
7075000,182.2504108475209,300.4877788263107,708
7080000,148.17933717740257,290.0424251625099,708
7085000,188.73222425255327,304.97110526275196,708
7090000,181.28568783500572,328.1522719252004,708
7095000,148.91401845736078,310.2057113776896,708
7100000,193.97996158755439,248.5355760690827,708
7105000,181.0809146485052,301.3320773321959,708
7110000,199.02957574808542,244.07768137464805,708
7115000,143.49285147309848,286.3179842286894,708
7120000,175.3143866076592,327.3546708742439,708
7125000,149.7224925369892,315.9263394030986,708
7130000,174.71227924499203,276.3582262981172,708
7135000,213.16519024959385,303.2351404351331,708
7140000,187.76581500931877,320.13267971965996,708
7145000,175.82036366922094,264.4400527907752,708
7150000,185.0574403635049,282.8506977183314,708
7155000,165.34832430480103,292.51472191446743,708
7160000,195.7439831941987,332.79937392077943,708
7165000,150.68238015694016,266.53631137975157,708
7170000,210.94798753114173,320.6169993510596,708
7175000,194.59100373833607,285.30578792413735,708
7180000,242.96736874867142,390.65270777775896,709
7185000,183.51271779937218,379.7220562569208,709
7190000,182.17571470048895,329.0684763026597,709
7195000,182.3784363233304,346.18134775983015,709
7200000,192.20861499784212,296.31913104853896,709
7205000,190.7788864436233,315.0682878817243,709
7210000,162.46228432143528,320.2631502510821,709
7215000,172.2489801378237,369.9323092842612,709
7220000,162.32170043579657,301.4979712939726,709
7225000,146.4230032860183,265.25501385585056,709
7230000,175.75916129878564,340.0988378374631,709
7235000,196.77164687164066,317.5194487631877,709
7240000,164.07613959486446,279.3428340997148,709
7245000,171.1511668616917,312.77824364406933,709
7250000,171.70557860208459,301.3323852657206,709
7255000,177.9081128332297,242.35229632880177,709
7260000,172.29908327548168,343.81023570594726,709
7265000,135.75327009720266,299.45012579159544,709
7270000,170.48469430616015,286.55024020154303,709
7275000,161.1109273907541,372.44686656758495,709
7280000,198.44746337448322,350.7975511784248,709
7285000,139.99527742473236,267.85927213522604,709
7290000,163.51050382680435,276.49691483162644,709
7295000,199.56944894518287,342.29597791006915,709
7300000,168.7750208300169,257.40896545812006,709
7305000,177.87930714257007,256.23239460404716,709
7310000,137.33518882024595,306.46775468125696,709
7315000,179.8912687973885,371.0439289365451,709
7320000,189.32611249127137,244.84019324567385,709
7325000,163.98506979032544,302.9473700602386,709
7330000,171.93293770385017,322.0133185993999,709
7335000,163.52367448099557,248.32140486380504,709
7340000,204.36687259891,317.2095011271331,709
7345000,179.4659159505339,366.4017577321745,709
7350000,163.4771324851709,227.856998255845,709
7355000,223.77452457663526,263.5748905902194,709
7360000,152.4925011993083,292.0799683941907,710
7365000,142.63619357196103,291.2763549257614,710
7370000,222.69893990534524,308.47224783906495,710
7375000,193.28326178222338,326.60747754218386,710
7380000,123.33971539440152,325.4233347200193,710
7385000,120.69164263659817,292.6836166382138,710
7390000,198.38295578001512,317.7288166822488,710
7395000,176.9314053583999,326.3309161257636,710
7400000,173.3531821940875,331.6634580975443,710
7405000,201.78302315616543,321.5626465638452,710
7410000,138.9738796021383,282.57829276930664,710
7415000,219.64644374939118,318.86936225941565,710
7420000,192.2644385846646,308.8179782229613,710
7425000,171.90613832057053,256.1987223034863,710
7430000,192.77807409357837,281.56205630460414,710
7435000,168.20386293019436,306.89809384539484,710
7440000,186.12586826444948,316.90619892632213,710
7445000,208.87932808763912,257.141589841169,710
7450000,185.80257714912668,284.26718990657736,710
7455000,121.92211886713311,314.950177226136,710
7460000,183.3121471828245,292.5967820235706,710
7465000,162.05005285687912,284.40282011471925,710
7470000,187.85716820252458,305.59010737587573,710
7475000,204.1681282502439,304.8944382256536,710
7480000,182.08466692837425,293.21111462872193,710
7485000,139.56989733888346,278.64529806759833,710
7490000,155.20889302009172,330.9008235449795,710
7495000,168.66940335214878,232.46347596486137,710
7500000,156.3375572640882,335.8705639879742,710
7505000,184.23273312334263,306.2318115723985,710
7510000,140.3989906577599,274.80935322071565,710
7515000,159.05892501831684,372.92403159811175,710
7520000,163.6912696917402,281.39596308869676,710
7525000,178.2890863798766,279.0730364411735,710
7530000,173.5638703293341,246.92641417313217,710
7535000,164.82872965735064,366.26756462390006,710
7540000,179.51999612264405,317.0883350325583,710
7545000,137.40495558602413,315.0385438020583,710
7550000,179.16747932207576,305.0270600036295,710
7555000,170.98380538572346,243.1181573938838,711
7560000,172.50110900556234,290.6255932730473,711
7565000,161.1145741398785,317.5863368423133,711
7570000,191.4377812190191,332.46228503459645,711
7575000,153.70804660820042,289.72719434449465,711
7580000,205.8699243919755,352.29421275098247,711
7585000,183.27029415311353,308.3409361408115,711
7590000,158.10924074954016,234.1432281025067,711
7595000,183.09789378162273,312.4098741903555,711
7600000,206.75280608796837,290.7004863666347,711
7605000,189.6863353506797,309.11370464804105,711
7610000,177.87060030753287,337.04448108488026,711
7615000,174.66487691824503,279.5735670289155,711
7620000,161.6565160881134,279.5799164476583,711
7625000,172.88503612916816,368.4543440223023,711
7630000,175.36102167439483,270.4460070391748,711
7635000,205.12807966348237,295.8383633252247,711
7640000,168.385021926602,271.90877742051254,711
7645000,190.8808420412176,302.01009153344603,711
7650000,170.9519096607819,309.87218572781643,711
7655000,183.20502875201714,265.8715689493539,711
7660000,177.8776913109228,292.6779588270052,711
7665000,197.38611427450036,323.61117370594116,711
7670000,178.34399497761268,371.14662837504125,711
7675000,174.31433364885626,297.47653172023945,711
7680000,160.00972055329578,243.88227764808354,711
7685000,169.55449579318224,320.4446777502244,711
7690000,200.08814710648198,386.9977949971161,711
7695000,170.8147206213868,287.66910950289264,711
7700000,176.30003321796738,261.7702365742379,711
7705000,195.38903459736704,300.4853695390502,711
7710000,158.02621286909107,304.9884128745697,711
7715000,162.12615788062516,302.95415526201464,711
7720000,190.0311564104901,260.83509330204765,711
7725000,189.87054135588448,318.2493836489806,711
7730000,199.95539791792302,293.95080230007534,711
7735000,170.2089279976769,272.2163583959249,711
7740000,190.78824230894256,261.0624251850556,711
7745000,206.101675316131,272.33804964082606,711
7750000,202.09324846209512,300.5769050179845,711
7755000,171.5532398204449,329.186736464688,711
7760000,168.9497756486653,345.38214291767315,712
7765000,185.36239996551515,363.3707717879825,712
7770000,189.9768335549598,308.8367455236291,712
7775000,150.32162736223694,293.3812970456118,712
7780000,175.29514019356913,308.8820365219855,712
7785000,183.6018641479902,277.2330093183633,712
7790000,152.13123566786052,321.15099834312343,712
7795000,169.93127844232967,283.0750502532487,712
7800000,172.57731747573263,304.31659817072403,712
7805000,181.24916999479797,308.7410371379519,712
7810000,111.64038721571609,312.24954978254027,712
7815000,151.6817925883876,246.24599886435243,712
7820000,169.33349980451277,262.7074223074606,712
7825000,158.92256097449814,278.2895471520645,712
7830000,162.20825304327636,284.81810836314804,712
7835000,190.97952732714634,313.76173646255637,712
7840000,175.67498561813215,340.08517182155464,712
7845000,150.23159827027703,311.1156158094014,712
7850000,166.00908177509237,255.20139098993084,712
7855000,171.88980938621953,306.0019772902803,712
7860000,161.8290169336867,305.4253697504545,712
7865000,164.4137084489327,350.66122904991846,712
7870000,175.96520446643618,261.46160908810185,712
7875000,207.8104899553878,283.2923991896131,712
7880000,161.23081325101688,321.98689183638163,712
7885000,141.68854990086348,291.32225390910247,712
7890000,134.9664401707334,266.5745910193307,712
7895000,198.21829956732944,320.3879556449789,712
7900000,189.5624152092521,313.2211955295618,712
7905000,133.96776757073835,274.8823979265747,712
7910000,183.1039429585427,288.50607130955615,712
7915000,164.66494337676986,279.24723097641464,712
7920000,164.95493823913048,397.96231636774337,712
7925000,200.91617719650895,254.554212984142,712
7930000,222.07367292014064,333.4080638973599,712
7935000,158.71935463606417,247.18915727408978,712
7940000,141.87989066852288,320.7441450556571,712
7945000,168.1667612128011,272.01885939467206,712
7950000,213.4980138967907,283.2087499389396,712
7955000,194.5792628628678,303.0354228038466,712
7960000,157.98282628727847,349.60963413305035,712
7965000,193.78818418579104,304.7957219067325,712
7970000,161.22670680892486,281.03284770376854,713
7975000,190.53461001201288,293.3197689491268,713
7980000,186.69112505144483,308.59861915652414,713
7985000,133.4453684302697,271.2704442014458,713
7990000,164.01449194547607,281.151182760157,713
7995000,155.20280340368345,238.60350587668574,713
8000000,184.54398985546254,275.5468136485355,713
8005000,170.31312856799428,302.71451331097524,713
8010000,159.03291916659262,321.8721044412462,713
8015000,199.28664978498023,283.16373032767314,713
8020000,184.52637846576968,318.6842459833733,713
8025000,177.82956955308595,282.819537206955,713
8030000,152.57889774147475,309.2666619125522,713
8035000,181.10865278507438,302.06208112623693,713
8040000,180.09967099845838,399.39130681581145,713
8045000,163.753264359136,306.34770885501376,713
8050000,149.06453219067444,274.39490858949966,713
8055000,153.4950885790396,308.80930078416594,713
8060000,190.48113168037386,312.18225008931654,713
8065000,167.16993111952837,266.4234514369535,713
8070000,170.3578705447064,289.15468711106166,713
8075000,165.27341887092103,261.37074548204765,713
8080000,184.6847445686073,251.1823432454693,713
8085000,173.44528677735107,264.6264395282614,713
8090000,218.07856297946216,270.6416456839792,713
8095000,155.8079410827434,302.6957739242974,713
8100000,151.86755019893937,255.49658785616936,713
8105000,172.26628157983552,328.57465736159725,713
8110000,165.74409452000242,316.7844919265159,713
8115000,139.15838551512886,290.1984676344647,713
8120000,190.1102967608087,269.5192306821986,713
8125000,165.01557606021245,289.7236387084228,713
8130000,216.17508409861188,331.68891990732897,713
8135000,177.50149099335192,313.9753984025879,713
8140000,182.24503244986266,296.37520972468326,713
8145000,161.92227141535716,305.00224039802777,713
8150000,147.14509360864918,263.68449621667077,713
8155000,199.93033263975678,371.6318338565642,713
8160000,187.14520880941384,326.7893781398525,713
8165000,169.70031452314427,388.0754864125329,713
8170000,202.2943468462282,296.2596843652779,713
8175000,169.05191489786802,283.49668758833263,713
8180000,171.9993287662291,280.05638394803805,713
8185000,148.02569024535603,333.29640373269666,713
8190000,184.10760458009477,252.1823668041478,714
8195000,196.46728236371789,231.86262431481518,714
8200000,163.28816057562443,247.19173875783946,714
8205000,177.13347609357223,333.78146239958005,714
8210000,190.3840089235077,276.37092775717014,714
8215000,152.9033647228359,310.1006948000134,714
8220000,161.26985864595184,285.01055369573925,714
8225000,225.310168497026,317.0711313699099,714
8230000,203.6993262186429,311.6819828517932,714
8235000,183.08533945941286,325.3477993324214,714
8240000,196.53397690036294,238.86243164153558,714
8245000,189.3192572677039,292.6478415743206,714
8250000,177.2328006199034,331.74730210563575,714
8255000,159.74700083793192,352.96091033989364,714
8260000,184.2942576352766,286.1136924104091,714
8265000,183.4975899005831,339.1112517688481,714
8270000,160.25988906959174,302.34627361145357,714
8275000,133.3547174545715,331.2485981357034,714
8280000,197.40347785450365,309.36588477260784,714
8285000,181.85855419683415,427.8372389432202,714
8290000,170.10038421672837,282.2579118265861,714
8295000,156.6315170077183,330.32194471827603,714
8300000,183.88596718734598,307.62179358714747,714
8305000,187.84331061304835,380.6317490842492,714
8310000,142.47247778208703,289.40009113892955,714
8315000,202.17257171543054,314.1306204509491,714
8320000,137.7759718289134,244.9576167008372,714
8325000,155.2913188198798,298.51432955965646,714
8330000,164.52043499842642,293.81992321398167,714
8335000,183.45963416557055,262.54588611363795,714
8340000,203.6347539310428,307.5246442912505,714
8345000,152.1022058117525,353.900445041,714
8350000,212.8548997181251,274.54529172436855,714
8355000,207.79882365050267,333.4699384550608,714
8360000,133.8771323777743,245.49304389385728,714
8365000,198.13106240217925,306.39244270951974,714
8370000,186.15832681163394,335.5802555103983,714
8375000,149.28082842143388,316.77817762794723,714
8380000,157.7468257427532,355.8554481699781,714
8385000,140.4393615128762,272.36672982916116,714
8390000,171.54244144366447,281.8265353658213,714
8395000,179.63605405615354,309.5952405921608,714
8400000,192.94499873275996,254.4958105704603,714
8405000,159.10609663433846,273.90932801182805,714
8410000,189.20887122894618,256.8947974047278,714
8415000,151.50217072013837,313.9528856773201,714
8420000,172.85727906101562,282.935362492533,714
8425000,129.36255749331337,335.03813484342635,714
8430000,165.88991178536082,320.4524245458521,715
8435000,177.10577442392463,298.94053224541636,715
8440000,163.25288369924135,255.5959765575273,715
8445000,216.46075955119738,348.8063815232572,715
8450000,203.14723675530036,315.03795864395,715
8455000,192.78599843489692,298.6831103177066,715
8460000,163.08872604702748,250.89779819436498,715
8465000,205.23913978135928,271.88566239787394,715
8470000,123.14305888015677,270.7353737567852,715
8475000,143.14926593712792,304.407131710087,715
8480000,136.05291187918104,332.36134055251296,715
8485000,187.84409116635916,301.39523055950167,715
8490000,188.15811014883698,321.4007657877279,715
8495000,218.7007284612719,269.86130058902376,715
8500000,210.09490623068885,346.73640878686615,715
8505000,128.34547962843973,294.16467135377655,715
8510000,168.47414369311994,315.6372945929991,715
8515000,170.3975146786994,293.8218651513996,715
8520000,151.06167434414505,294.3266602652524,715
8525000,136.3186023933932,301.0273819418035,715
8530000,166.71607271305194,323.91681821130277,715
8535000,193.1926841042618,283.56052007246245,715
8540000,186.07991192771527,266.7618943691264,715
8545000,171.47724513738564,339.9182268362594,715
8550000,154.62579973095256,322.22261329837755,715
8555000,144.69249301433064,316.01286556724835,715
8560000,159.06709841891384,346.6637875447375,715
8565000,151.04988921801944,312.4877574984466,715
8570000,182.20627576966262,354.4587246418854,715
8575000,222.78426080794932,263.84816664198667,715
8580000,174.6252406356001,310.86056118366434,715
8585000,195.48943058002234,264.3410817625307,715
8590000,175.34458486097205,297.73886653371534,715
8595000,145.64633349429647,298.81231002584025,715
8600000,195.272427730265,346.61802447116895,715
8605000,155.5325699987965,307.2756070120698,715
8610000,164.0032625251456,344.18258930662677,715
8615000,183.44282306540626,306.9425570924618,715
8620000,167.71458782379923,386.52798818864056,715
8625000,176.34551083066995,313.43093832394226,715
8630000,172.78063634328203,275.4696476451742,715
8635000,170.71116533599957,264.3748737712568,715
8640000,162.41283243465293,324.93878241408663,715
8645000,193.62750805801292,293.3432922211843,715
8650000,180.51487841619328,323.44368688583893,715
8655000,178.41203158433805,280.8478475294478,715
8660000,163.29520710900871,247.2722215889493,715
8665000,181.95353283301608,284.4683769834462,715
8670000,184.7956873748366,275.11091297163773,715
8675000,166.29091671820754,286.45091157526537,715
8680000,179.62779971457957,272.3814876254474,715
8685000,167.88181640618757,329.3744281416158,715
8690000,193.80698976743676,281.6107389629453,715
8695000,163.74884042775574,269.122641579648,715
8700000,205.4309460284746,283.6601412219516,716
8705000,186.06723848921845,361.184640139233,716
8710000,152.06241383669473,329.32596158684476,716
8715000,193.39639773716732,311.5709288492403,716
8720000,166.26926116941848,268.1918310899996,716
8725000,159.27591945895412,279.7981786851536,716
8730000,180.37864068718198,291.4572038840554,716
8735000,151.85594962432475,305.5585231157595,716
8740000,178.31711113128807,311.8878801085375,716
8745000,152.80168005082697,285.5871225603496,716
8750000,204.16645298727698,298.1191027704886,716
8755000,149.69743234697984,268.32310767145,716
8760000,214.32922323044525,343.2580089811454,716
8765000,193.15682505802616,259.3553440466506,716
8770000,172.487891185387,280.15778537330124,716
8775000,156.27435453235188,344.4931101182333,716
8780000,173.7250364295869,259.45437381621895,716
8785000,196.05887699658558,334.62382018014614,716
8790000,144.3667975719742,321.0278360823277,716
8795000,178.03499924132086,278.06315175715315,716
8800000,219.59552910052184,354.1370443224073,716
8805000,204.78820073303115,282.75706156763675,716
8810000,177.87487336311108,339.370450789465,716
8815000,166.5230120045848,348.024234400596,716
8820000,201.11193722852533,343.6504738149618,716
8825000,153.1696209186492,294.9778766013797,716
8830000,150.42748551561505,366.36204870876696,716
8835000,180.85003569693507,255.51744280410637,716
8840000,181.0333638833642,256.0944304498318,716
8845000,170.3811363891469,374.51112273145753,716
8850000,175.86104215870606,257.98698870821875,716
8855000,142.12345043522498,303.57872720897024,716
8860000,158.1193065847326,299.63547256888046,716
8865000,152.97501660781248,258.4268135284948,716
8870000,167.7483766940642,272.00028749696224,716
8875000,179.12127670515045,328.7762200691051,716
8880000,158.73919260075107,346.28716695363806,716
8885000,204.23655376134997,306.8172201019016,716
8890000,178.20292983451432,254.42855757876987,716
8895000,192.6252535110721,332.6569077371337,716
8900000,156.75760342087156,293.3289547463599,716
8905000,165.9666495092505,258.2816142496595,716
8910000,183.18611072414828,320.17665989940645,716
8915000,163.60646878224932,345.78436303632435,716
8920000,198.91337946551948,252.24560786822036,716
8925000,160.17443131483165,266.3891567871618,716
8930000,168.3852310514229,345.0553949919739,716
8935000,192.33514489284875,334.8504263922545,716
8940000,151.79462046433974,305.0291360266474,716
8945000,181.05692987846638,277.69033461003426,716
8950000,171.21262339826382,270.69675384513545,716
8955000,183.7121846562872,213.16473856838383,716
8960000,168.92308946409713,306.6780818653707,716
8965000,169.68816917178134,317.3578553282458,716
8970000,209.64614143862457,346.87267458480784,717
8975000,205.0020774861342,256.88888135073347,717
8980000,186.02122199392932,271.8911266836093,717
8985000,166.4342529949879,309.62300761380243,717
8990000,146.9373023482655,301.968736565458,717
8995000,182.70334150820594,358.31244629021023,717
9000000,180.77184971520796,322.55763049614694,717
9005000,138.162845817678,297.00314056517055,717
9010000,170.3699566338399,363.7921304325314,717
9015000,168.44533184456324,313.73906146810714,717
9020000,163.52081941163877,273.4915081155999,717
9025000,182.57805723825274,287.2285447158522,717
9030000,211.83510717313607,328.8502700232045,717
9035000,165.61160195194367,291.30008156031266,717
9040000,160.9217560758952,361.56568989031666,717
9045000,158.83219920197038,267.0120433572742,717
9050000,173.9506922312634,329.68232570909083,717
9055000,196.4835393020599,331.51069854911,717
9060000,197.77145413163615,298.46049459627676,717
9065000,199.33978070825782,315.00170003422414,717
9070000,156.60834763737293,241.3448120347301,717
9075000,166.83424840755396,306.6136004825703,717
9080000,203.40197106937964,279.1017415928585,717
9085000,166.77895130176006,258.443365324459,717
9090000,129.66452910792543,301.39326710823354,717
9095000,184.63669267936672,269.8611418984583,717
9100000,187.8188431149397,286.99075279930685,717
9105000,226.3844640968774,331.49686743092695,717
9110000,163.4334082799026,311.00496768356135,717
9115000,187.74567373030732,310.95068831346214,717
9120000,191.111515534491,324.9565579079506,717
9125000,201.54925986992774,354.9674479335921,717
9130000,220.76273554863982,297.79121406077354,717
9135000,199.44711819300366,320.0483530421742,717
9140000,193.06179085901675,304.1556649927577,717
9145000,143.96911089030732,303.98199422340326,717
9150000,216.46577275530078,352.84614527059983,717
9155000,181.55135074584481,302.98264044602575,717
9160000,168.5737847358945,314.0684436607076,717
9165000,168.16803304600825,251.8444861642196,717
9170000,198.9685734796221,338.9485388950197,717
9175000,132.09066507927793,265.8883197450431,717
9180000,177.37616681945428,326.95918508569594,717
9185000,151.0666904967637,363.8837441376248,717
9190000,191.00927696379645,282.2935871125459,717
9195000,196.25891346519282,251.96996797341674,717
9200000,181.23217572674778,349.64229260286015,717
9205000,228.3707391550097,321.0961619674281,717
9210000,179.11925353312245,283.24330179905996,717
9215000,150.1778210021505,317.09456022227977,717
9220000,134.80673423734632,269.15200961163396,717
9225000,140.93583879932677,269.6357610942406,717
9230000,162.0384284393199,273.17145042572446,717
9235000,164.74575411150735,258.3686699551228,717
9240000,161.91797045117937,355.24302905245577,717
9245000,194.0793477872576,418.0019020213934,717
9250000,208.99702329632336,285.0672310257766,717
9255000,192.29533589020667,300.82783423205177,717
9260000,164.2489160198064,265.91112870620316,717
9265000,173.45325374657537,278.00796773894723,717
9270000,190.37046791262944,294.0337596973243,717
9275000,159.14111717637408,290.2454215188401,718
9280000,169.44323801235873,271.8634598584591,718
9285000,172.5952900602916,263.2653581245969,718
9290000,202.5577615653704,291.1942599213935,718
9295000,191.45707255332212,352.60613771156153,718
9300000,177.41537309003374,265.4341631616948,718
9305000,183.55817356625576,280.2074391843084,718
9310000,155.25741314219573,299.5771255418085,718
9315000,178.62832972264394,251.35850816141092,718
9320000,165.6777614091172,270.1002760716215,718
9325000,208.856774172762,310.94624020317565,718
9330000,186.90986745682451,278.2787924166627,718
9335000,159.6695077168057,363.27442229384104,718
9340000,136.18078521164253,323.92590004870016,718
9345000,163.81028412324792,241.4844793820183,718
9350000,193.96875798193267,307.8204459013272,718
9355000,181.07631778056074,275.1697963778463,718
9360000,194.65926805324005,363.082108172678,718
9365000,209.67119103401362,328.6019343733027,718
9370000,150.34309915637732,345.10377037268483,718
9375000,158.0584517677705,326.3378918001527,718
9380000,175.29681564018244,312.9270345346403,718
9385000,227.11593177071458,385.9074770769946,718
9390000,173.0812459304824,262.82267048712373,718
9395000,204.7661166942882,353.27994610380443,718
9400000,173.3323703379321,235.77131517281407,718
9405000,183.41200455738985,346.654390780892,718
9410000,180.27941722659554,317.95523918054914,718
9415000,201.69965301056203,310.3139249162024,718
9420000,201.49527897831865,287.050235576168,718
9425000,184.056027730889,289.7214667565533,718
9430000,181.87266422200713,277.87481049416624,718
9435000,194.54298226963326,342.4697629674203,718
9440000,171.5031294290426,354.0310335838326,718
9445000,185.54601048821277,323.05876341411863,718
9450000,153.295078830939,304.735093311044,718
9455000,162.4163431858411,268.16866065471834,718
9460000,187.8399853616085,270.96172495747703,718
9465000,184.1021271538038,362.77933478450126,718
9470000,155.10191517247435,301.12227632910816,718
9475000,141.34854435413183,298.2886345478843,718
9480000,160.24820661727406,320.36348291996933,718
9485000,200.16233916457247,366.6150048032856,718
9490000,153.8700268761344,320.79194943821716,718
9495000,151.0214998319786,281.7706068307862,718
9500000,164.75459025180453,308.6394097725614,718
9505000,202.08461892605078,275.7641171020373,718
9510000,147.8151062653348,334.4741665544229,718
9515000,138.44007609587865,321.97962215702046,718
9520000,173.86058379275835,369.00043380524124,718
9525000,207.2565820762116,321.69958845116054,718
9530000,179.18576339930019,329.1871978203593,718
9535000,165.4962728976331,278.6829349640667,718
9540000,190.67492781632873,291.61873154151306,718
9545000,170.26332201123148,328.4474274084383,718
9550000,144.83876715870005,338.28037616695934,718
9555000,161.73305255658718,325.3088073777956,718
9560000,184.6945520686899,362.27431396312085,718
9565000,197.57238401698518,378.71210240371585,718
9570000,167.88735171715183,254.14134756434177,718
9575000,176.5474900798388,260.3582078563419,718
9580000,217.4067049339365,250.23264141823776,718
9585000,166.45640001607075,321.48755300768363,718
9590000,183.1237042929641,309.9662620411271,718
9595000,223.70543164360646,344.03533551057177,718
9600000,131.72115827445455,287.99140475921484,719
9605000,193.7797946813454,250.17350857746473,719
9610000,217.60429653624644,275.46777162128194,719
9615000,172.17150131556303,314.08018235745794,719
9620000,146.54517114899687,313.59224881196457,719
9625000,187.45339211352032,274.84874935951814,719
9630000,144.78208312025518,320.61849848350187,719
9635000,172.43348987411426,317.1834572808797,719
9640000,155.14587473105502,306.7641530643607,719
9645000,182.75829784439756,328.5750251542074,719
9650000,156.62388698140032,260.9144957027911,719
9655000,176.2362601726046,266.68109762474,719
9660000,191.8531892962462,272.6327149281125,719
9665000,189.8830562449514,287.04766611239603,719
9670000,194.5815293077283,290.47555079660384,719
9675000,198.25301540637108,323.7196532954138,719
9680000,171.49387046944847,298.49148470611743,719
9685000,130.2277081831646,291.0903155183184,719
9690000,143.00410646839956,312.9666069967387,719
9695000,166.00375487428002,278.516983525529,719
9700000,202.84649902625137,246.5802189950445,719
9705000,168.4413786175999,277.18854973056904,719
9710000,148.4983614136226,320.1888906695706,719
9715000,188.0241674873641,305.7986744068796,719
9720000,158.01539187064506,263.47911112130157,719
9725000,190.81402568804947,280.73257925487326,719
9730000,220.30792419712276,414.1953101122,719
9735000,173.2681779508718,343.9271593853304,719
9740000,241.67752970023162,355.31998299349846,719
9745000,141.0951177920813,270.2434382407655,719
9750000,144.16848141332466,290.7696451044534,719
9755000,163.87754673427446,305.425373279064,719
9760000,148.21254546838273,333.7981948890217,719
9765000,145.15343277481205,276.6227436603318,719
9770000,182.7631087932993,361.81338810910137,719
9775000,196.02631939736258,249.74396442551551,719
9780000,161.7409122371939,259.97107601462903,719
9785000,120.1198290383454,294.412436946737,719
9790000,158.16956256934375,326.51420637506413,719
9795000,210.70532821060766,306.539240040205,719
9800000,182.7840525982173,242.27193508877886,719
9805000,160.24667373786514,340.5719477000009,719
9810000,181.34013617609978,229.5674360142235,719
9815000,156.86862101328938,317.5754133383144,719
9820000,200.83335478824432,258.96967690330706,719
9825000,159.47701895958053,409.1809767819741,719
9830000,184.2383168241381,271.6597975084769,719
9835000,115.8076612963657,286.0262171477434,719
9840000,171.9797930437037,322.66224820762113,719
9845000,195.92129842471573,329.1455945085319,719
9850000,164.385765357724,305.0817567327336,719
9855000,198.05488712118387,301.5365480346926,719
9860000,188.443490888897,245.42525454776396,719
9865000,194.7577242463983,294.17481138855766,719
9870000,130.82270430797294,293.4327723930295,719
9875000,150.05006305855485,276.02721017214174,719
9880000,197.10305518523379,259.1799775419987,719
9885000,200.8864281010536,364.7128261537471,719
9890000,206.2193949875155,336.73082172299615,719
9895000,181.18488748680429,269.32743198595466,719
9900000,198.5550348619607,328.04224037104524,719
9905000,194.10056266965432,296.6482369093451,719
9910000,149.88041493496246,293.6212281861771,719
9915000,162.4228120655606,283.3012640290808,719
9920000,181.52562282073157,229.12872785895527,719
9925000,192.08304389482768,275.5886727533993,719
9930000,193.7757494433903,304.2230980067432,719
9935000,140.88966404789855,318.71597218792004,719
9940000,174.3491072666168,229.395877525678,719
9945000,156.18228483078056,306.7389770736705,720
9950000,193.41642666009304,338.2966335760507,720
9955000,188.92180413227763,333.0544861236309,720
9960000,185.6646980298891,324.1611199265429,720
9965000,181.80488645381166,325.89635189809786,720
9970000,151.44336005853748,322.81574256051243,720
9975000,160.5221112696697,324.01804148102906,720
9980000,228.15502907403365,302.1732538932827,720
9985000,188.66246012802057,335.7993925206437,720
9990000,168.88761698269687,337.45679651948603,720
9995000,193.4809266691925,385.07224154277696,720
10000000,182.37656184577412,312.60208135662464,720
10005000,192.8828822545236,319.27712655705636,720
10010000,159.4090863226672,306.9371512550766,720
10015000,166.0672264742638,269.69916211724245,720
10020000,174.36619654224617,303.74993018998305,720
10025000,179.44593815423374,238.40803338847883,720
10030000,200.57601660442498,321.7981380536215,720
10035000,162.72404879173823,361.0178481347681,720
10040000,178.09123712285475,269.43795169863614,720
10045000,164.03950431163608,306.4311927448498,720
10050000,181.09314713517998,260.41596125358444,720
10055000,190.40615120078473,307.11695798412353,720
10060000,186.07579055602292,313.3192294367964,720
10065000,186.42523426502677,356.54824494012536,720
10070000,170.07911814977285,226.37118984119306,720
10075000,207.8909166112414,290.9777599732669,720
10080000,184.31024579775635,310.4699598351493,720
10085000,182.90680448597107,362.35975941423123,720
10090000,186.04501985314639,292.73294809862364,720
10095000,126.74048864675595,295.5561911232904,720
10100000,210.67962789435398,283.3588179362287,720
10105000,158.8048745931843,358.782845705484,720
10110000,167.4245192557547,320.369294219407,720
10115000,227.49296244249646,341.21894497857267,720
10120000,161.49201969150417,308.0582330773375,720
10125000,181.7073620437599,339.1281331963103,720
10130000,164.76322398560472,344.4845360865152,720
10135000,219.06738115052923,335.33746208291103,720
10140000,187.16692733458956,277.4415786235041,720
10145000,181.39359035540454,324.46042395881955,720
10150000,147.87843899227602,309.2696191502578,720
10155000,165.6229981493673,323.3952903885962,720
10160000,206.81010342781184,308.2877483185846,720
10165000,179.60403767150498,296.93513215570806,720
10170000,211.83214939241697,303.19625391996135,720
10175000,177.88221046711894,280.44328739475316,720
10180000,156.12599062426358,289.85374803855314,720
10185000,164.52133387869216,309.2641732300846,720
10190000,178.84046681282268,297.0900471960708,720
10195000,194.22417134898828,336.1544466515128,720
10200000,158.93924366452416,301.8671840193725,720
10205000,185.43757162467176,285.7585801056127,720
10210000,205.41427361334408,285.4983448595996,720
10215000,173.86799565052917,282.20290692325153,720
10220000,140.94773037915542,258.8224550337048,720
10225000,162.22842504851573,282.55298722638423,720
10230000,174.31736718577497,300.1776105036813,720
10235000,176.94200052893547,276.2611338299867,720
10240000,166.58616188055478,289.7709069737884,720
10245000,202.28131654818011,352.34702183367835,720
10250000,203.77242211670725,344.28072279944854,720
10255000,154.1151688043624,284.73073873826417,720
10260000,198.8681132105686,366.320537785592,720
10265000,187.0551479888852,307.9908879695393,720
10270000,172.0458831862607,351.9699267808845,720
10275000,160.55671274234226,282.32012819482094,720
10280000,178.85550178308907,349.63418840413965,720
10285000,171.8426951922961,298.4629746730588,720
10290000,174.8264391532713,262.48174136738965,720
10295000,162.87875693984114,322.1518522083309,720
10300000,179.66657414320906,244.47371256735357,720
10305000,186.43576585764123,295.05063512220244,721
10310000,181.0038828034033,332.47294166106275,721
10315000,149.69981652649452,277.48728308986654,721
10320000,140.5931707653287,248.62467858130978,721
10325000,155.29108076323922,313.3585096623903,721
10330000,177.8108722390707,295.57072114419447,721
10335000,151.57685939664506,282.73514179846984,721
10340000,186.62826025019945,294.96384584869986,721
10345000,185.8806560344873,323.85176730422234,721
10350000,159.02092655775516,227.23024887442426,721
10355000,163.2854744431505,339.50526610892985,721
10360000,212.43508861428302,274.8836225402133,721
10365000,195.28860908957452,282.1385381313989,721
10370000,233.74993364576747,296.1486277508756,721
10375000,184.47908479031986,348.4959048399929,721
10380000,162.73703770139522,317.08295062638535,721
10385000,177.4458376316246,285.1159040464213,721
10390000,168.133363126302,260.5542531076525,721
10395000,162.30665566736104,347.98661509662685,721
10400000,192.885305138214,258.6404856625208,721
10405000,151.06077169917137,308.374970568472,721
10410000,150.26130435067577,245.9135161640031,721
10415000,195.03969622983615,347.26883716802337,721
10420000,165.29269543820672,295.9810787106997,721
10425000,177.87271142732058,327.72585565114053,721
10430000,162.12181604659278,288.33787203841325,721
10435000,180.14153966434577,271.4947559553315,721
10440000,181.7843344912211,369.33212389168796,721
10445000,171.99025089845503,269.3399913507685,721
10450000,189.27124078970752,361.28576135051514,721
10455000,207.02845262804308,255.49037162566967,721
10460000,154.19923228078116,254.4448128692827,721
10465000,191.66832667305846,312.3984498449562,721
10470000,215.89032124373702,308.0280437894158,721
10475000,203.06290914882433,353.90827278229244,721
10480000,162.13284472381866,319.1200672564352,721
10485000,201.88209134036128,299.7592272190698,721
10490000,173.22583157020924,265.24058313125926,721
10495000,172.81259831530667,291.69301185431385,721
10500000,172.69969133442459,274.44707392166083,721
10505000,129.32176380204803,257.22128981009126,721
10510000,199.08523076191648,257.0634302852811,721
10515000,162.02926665980672,364.3546128097225,721
10520000,162.29055909556104,352.5952239243714,721
10525000,200.52913928343224,399.04537021602243,721
10530000,175.00809553668702,296.59618126179873,721
10535000,138.5552023743403,301.1263448690211,721
10540000,159.09100143666117,263.5151219440248,721
10545000,194.69755653653635,328.64367244054915,721
10550000,204.56264627132668,260.7861167148792,721
10555000,173.3452023342822,305.7556383737677,721
10560000,179.13382514256074,311.2402973236966,721
10565000,172.83744152405018,284.7303016549565,721
10570000,194.16989908884702,269.12937841173147,721
10575000,171.0828260410249,280.7714602327558,721
10580000,199.54856020155594,281.07361359872397,721
10585000,180.74482471888723,284.85364568170786,721
10590000,193.93505305775403,314.6269029747107,721
10595000,182.88466776485026,284.0114102347336,721
10600000,205.80737142580497,272.82494075086464,721
10605000,198.50680373276947,346.682976323862,721
10610000,174.30861324226692,293.9594515080098,721
10615000,165.902475481672,284.77663643233444,721
10620000,184.90811341069244,341.36962558794824,721
10625000,183.70677439164072,306.738116105715,721
10630000,185.1915131045868,336.39465074800853,721
10635000,180.94425277974375,311.5226034051717,721
10640000,181.14712809068627,326.7578190366147,721
10645000,155.94842334703281,304.7967201081032,721
10650000,159.74354096614047,290.39534085756736,721
10655000,166.78044304752999,337.11526408872885,721
10660000,205.16319750776367,376.6345136723513,721
10665000,177.15414747799787,266.114678132041,721
10670000,170.80252342966006,285.0343647240897,721
10675000,170.94069345878142,320.23654318005487,721
10680000,191.40337794493226,323.6265366244203,721
10685000,210.80918133081724,315.8830196139135,721
10690000,207.53856635935867,247.5159484230302,721
10695000,179.02659950127605,284.9945536994078,722
10700000,178.9845728644576,301.7110322666797,722
10705000,123.8234736210942,338.30487630729243,722
10710000,177.10943292024302,349.91504540083935,722
10715000,158.12252250252166,388.57432541953233,722
10720000,179.0931162476277,270.48514968669167,722
10725000,173.43022777708288,264.09644337704896,722
10730000,195.73959596616703,298.3939323775355,722
10735000,214.13472424936768,328.0852045072866,722
10740000,201.4770320585609,330.26129824922083,722
10745000,193.95136089935866,297.10766264106024,722
10750000,187.24772430161963,325.44587388319985,722
10755000,184.6799921462288,273.6028279353917,722
10760000,183.98969987601703,319.3531940755267,722
10765000,177.64168081584165,352.2009124348717,722
10770000,224.8920521397358,327.5722932058193,722
10775000,168.771694946112,263.63807956906294,722
10780000,177.50207346283156,256.0429870502472,722
10785000,166.5802595528059,297.959583391248,722
10790000,178.51508524125168,278.89933868752456,722
10795000,179.96666962342934,292.5037899161547,722
10800000,169.84483036266593,337.7737141361675,722
10805000,154.92342249148362,337.58795169066195,722
10810000,169.79970780869934,271.1363581950333,722
10815000,183.7118280548272,313.6967079755069,722
10820000,177.89086430177608,265.97109267864954,722
10825000,204.63850981952876,310.8022165778356,722
10830000,184.92057680450543,272.5942372748016,722
10835000,155.6667850490553,289.9362684491622,722
10840000,161.04657557417764,306.1856725187532,722
10845000,213.49028005209095,316.7329577613223,722
10850000,220.64710811029713,288.1205167894363,722
10855000,150.43970564033236,336.94937958569096,722
10860000,165.38911553668137,276.3968678596503,722
10865000,159.51189749286524,311.5944027521403,722
10870000,199.00008230386894,354.291935649185,722
10875000,143.60321695532264,287.98039498209874,722
10880000,218.8884657847061,284.196642182077,722
10885000,200.7000964057412,282.4887678697362,722
10890000,184.89712596989384,354.5160085289235,722
10895000,198.8285351730897,311.6353501768773,722
10900000,168.2908309564252,314.80395722528704,722
10905000,150.200014545801,277.6583477769433,722
10910000,186.37723052436138,275.5528804528508,722
10915000,180.09071862459984,278.7818384396613,722
10920000,178.84869806783806,326.28641282484114,722
10925000,157.2505002199659,235.02395152206495,722
10930000,214.17680218012643,279.5171546742376,722
10935000,178.54509125429934,264.6601203357596,722
10940000,181.9073558019417,320.6096726596213,722
10945000,176.6054407410153,318.0751453974354,722
10950000,222.65601923573752,368.41233018647563,722
10955000,201.9720764687471,317.343030942232,722
10960000,180.36954663676116,287.4127477392782,722
10965000,155.07164984929813,317.1220248015384,722
10970000,181.23547133545176,268.9565819856988,722
10975000,155.32532683576525,322.67573937178577,722
10980000,174.83090243685606,310.31394006562783,722
10985000,189.91028807384353,313.5748915450953,722
10990000,201.74494179651612,309.06126060440147,722
10995000,152.68378014280108,279.91439233623237,722
11000000,203.23971101470568,332.1813967474571,722
11005000,168.97913746991705,332.97359752359176,722
11010000,201.28897448622905,299.83551546662426,722
11015000,238.1181833995387,315.4159177802965,722
11020000,185.03823723979292,315.65565363743787,722
11025000,183.24022346994437,281.8507144511599,722
11030000,212.7952685646451,352.50638807749687,722
11035000,153.65898242659392,296.98850664943626,722
11040000,191.52750227469983,301.40615104115983,722
11045000,188.18043811326558,283.0513865657025,722
11050000,165.80165491426158,299.9851999559494,722
11055000,143.2337293117513,337.3362321038938,722
11060000,169.43682715735673,282.44914733577093,722
11065000,186.4740917265614,290.90007296941553,722
11070000,223.31037292182288,284.58502312050786,722
11075000,207.50528033569523,291.0564089818018,722
11080000,210.46641009053852,264.97205473461094,722
11085000,174.89623369087127,310.3568501281324,722
11090000,192.29993223598697,298.133303875637,722
11095000,169.86587435522165,219.67551269110385,722
11100000,164.5648053194554,290.789323343052,722
11105000,169.19878695865825,348.64684369806673,722
11110000,238.63822940476064,291.5732244345707,722
11115000,179.08900967501063,335.8566402912805,723
11120000,175.97100667498944,291.7835541596366,723
11125000,158.85521113588615,360.208490122255,723
11130000,209.5158606383394,224.8922205540085,723
11135000,219.28142653246067,312.44361480227076,723
11140000,165.3113563068622,353.27282534061817,723
11145000,192.146005207326,301.66216733083826,723
11150000,152.45800958054053,299.1574313756406,723
11155000,148.25343158520027,302.20261000065346,723
11160000,160.07758811046014,277.4541558403054,723
11165000,154.66877745026548,309.3050111170434,723
11170000,150.52639369389885,270.02986774096956,723
11175000,156.18058627131364,318.7837815676069,723
11180000,160.91003894683328,278.02751070181694,723
11185000,198.7790131414266,340.6542865960438,723
11190000,153.15049039342443,307.27731636749724,723
11195000,225.48059524444506,252.6267431503399,723
11200000,182.1912042890678,271.72831203540863,723
11205000,162.64215439689164,203.3724357569727,723
11210000,196.02861020618093,338.54686246171644,723
11215000,179.12611559306964,256.3981625221386,723
11220000,142.78423750804956,304.47850385828445,723
11225000,178.44968120440922,290.72992003465924,723
11230000,226.66992827892997,276.71695697667803,723
11235000,174.57070915886416,381.9413041035899,723
11240000,170.50198699965168,298.0329072780271,723
11245000,215.74752238233654,299.5124018249327,723
11250000,178.4304203908976,287.2700077725772,723
11255000,194.1921400112096,234.6035298268401,723
11260000,178.56666660245418,309.98120194294484,723
11265000,169.62440175503687,332.68532337709814,723
11270000,181.28922985267585,337.19727217113285,723
11275000,177.4753832094627,312.4853679352891,723
11280000,154.8766136553046,366.87123862407066,723
11285000,129.6243027965193,263.65760541168623,723
11290000,189.83860931384243,287.24923314598124,723
11295000,186.79020360793746,303.6605954705778,723
11300000,186.4980726250323,258.9548654671138,723
11305000,183.18552574220823,291.7375528560289,723
11310000,144.6661483407732,308.13964872269963,723
11315000,186.34655758126755,279.33002685579373,723
11320000,226.0908935735585,255.55470879026603,723
11325000,202.18920446201813,310.2976078279664,723
11330000,172.31429197762884,279.06331333995524,723
11335000,202.5806521317496,255.7848375978324,723
11340000,180.90488439468024,297.0611853828391,723
11345000,204.86751514189166,293.8639815732127,723
11350000,182.12910675085462,315.7701426182847,723
11355000,163.95966701421443,273.12138100481474,723
11360000,177.24975301701843,425.78415979351945,723
11365000,153.31224968827033,329.2688277823455,723
11370000,176.7471544660368,306.95682712008636,723
11375000,172.9171828277204,351.56917032511024,723
11380000,192.86413933026694,273.9753671932146,723
11385000,157.5523975660578,258.2858088064411,723
11390000,161.05761938273125,330.67998526093635,723
11395000,159.3675179704421,254.09446090148353,723
11400000,158.69122907741496,290.6599154369187,723
11405000,174.63105382864248,256.9906153664176,723
11410000,186.51446866722412,297.3290992525929,723
11415000,190.90337081272511,333.36910570977903,723
11420000,162.9634484970308,337.13236137603366,723
11425000,189.15912063884764,313.1461453210191,723
11430000,162.01867864623927,274.1239958735544,723
11435000,175.33847520807996,288.1891921661307,723
11440000,190.65182229512533,257.18572998262255,723
11445000,179.97635956553734,309.99326066258584,723
11450000,167.4264009544296,352.19412816353207,723
11455000,166.16855600680194,229.71556943186243,723
11460000,158.9402288097747,295.3992381164842,723
11465000,212.566935204241,249.66557289562869,723
11470000,175.27870377577466,321.7626126083768,723
11475000,179.93528929318114,315.70794748168527,723
11480000,186.52756449369002,344.24866193503505,723
11485000,172.88343787465416,211.33535579723733,723
11490000,159.67916687596536,267.1585147226517,723
11495000,153.72511375082587,323.8191279501757,723
11500000,155.34319510055704,322.3119102622032,723
11505000,168.43449096556867,303.5602037958118,723
11510000,176.48889389578602,283.56969769895767,723
11515000,140.13326094791003,273.56353016560587,723
11520000,185.49059822008329,322.9024248914557,723
11525000,157.7552756571571,378.4676390374216,723
11530000,145.89156295100378,293.5543696669387,723
11535000,156.54427599083706,257.6597363811403,723
11540000,175.24362454702626,268.44840228489574,723
11545000,173.3996411913025,327.37370178129595,723
11550000,205.86585268419796,381.7067139376709,723
11555000,179.53028593730227,305.86846047482476,723
11560000,197.28695266596696,224.42681671513122,723
11565000,155.5216600682185,298.82480166413853,723
11570000,183.12143080617108,337.61648101178736,724
11575000,130.81601979896664,294.3690014838903,723
11580000,238.11383975876757,312.16905265931865,723
11585000,179.6716220715383,282.97243430050906,723
11590000,185.58271581496604,247.14167075477184,724
11595000,202.78922350662694,323.35143201344624,724
11600000,190.31530643651962,302.2927443244967,724
11605000,153.1877442020466,298.5521851690572,724
11610000,130.85395158956325,245.7671187686222,724
11615000,187.7653056732325,250.62699263659692,724
11620000,176.9124256047464,298.6246099343003,724
11625000,179.9442354166941,357.4571929144586,724
11630000,200.6139690721514,291.8907353748551,724
11635000,196.60127835432027,306.58936930622133,724
11640000,187.28555951495298,302.16450984890565,724
11645000,191.65120797128404,304.22735245961417,724
11650000,168.47900319245653,296.8875499516245,724
11655000,178.9458892786699,288.37999710095255,724
11660000,153.45121964567417,311.705845390572,724
11665000,198.58757133110342,331.6708191225792,724
11670000,182.92421017375852,349.5551569428853,724
11675000,156.9891497240288,288.9596377600034,724
11680000,174.84009539277574,325.0886114291741,724
11685000,131.8686845152117,302.2937379865957,724
11690000,159.28322990145287,296.61015027735306,724
11695000,168.02496402302359,308.4415475346487,724
11700000,131.30819209490042,238.22951832948849,724
11705000,157.7795020064245,234.5428597254391,724
11710000,158.48709898972214,323.91107430202277,724
11715000,233.70226614845558,352.13295454245633,724
11720000,182.53429989245947,273.5910061011721,724
11725000,153.66088909259508,259.0288712989584,724
11730000,156.16447305456663,266.18814822030447,724
11735000,158.17210342695975,319.7416990087228,724
11740000,170.56817389696982,340.3041598084364,724
11745000,174.12747119617774,334.2016780419154,724
11750000,176.78034764691768,274.26029790590405,724
11755000,167.2930240163672,331.47991165155474,724
11760000,224.1707302923544,292.32596555266224,724
11765000,216.31790917630985,258.1111483921891,724
11770000,171.64299059432344,310.5750586818073,724
11775000,213.12727941874593,286.3755028588079,724
11780000,175.17311497994274,282.9489398264164,724
11785000,199.7524932652923,293.8532185336697,724
11790000,164.17595886168235,313.7398192952683,724
11795000,179.33248928265087,287.54368594926297,724
11800000,211.94634492593934,323.56949873510456,724
11805000,180.38904146359587,256.61473131604856,724
11810000,217.20224060984174,309.84300219990917,724
11815000,164.51735481272902,298.20036373351485,724
11820000,169.74493731844277,293.42220756218273,724
11825000,130.6261657180704,269.76692111199515,724
11830000,197.04924601560666,326.20856189250856,724
11835000,183.38461586606894,305.4206146645906,724
11840000,178.8462193463531,281.59528679751685,724
11845000,171.2435793048101,299.8995243747571,724
11850000,159.8962812494038,288.6827817146274,724
11855000,203.47684306817345,294.5281150022165,724
11860000,184.19266206940085,261.5549085008069,724
11865000,172.34188552699746,283.85239530722845,724
11870000,161.73648775463357,347.04156739486194,724
11875000,165.7574736063897,304.9556963213107,724
11880000,170.60806412667532,277.37362281299244,724
11885000,172.38903796146835,327.6647764817199,724
11890000,173.06044224379508,304.6941531197679,724
11895000,224.20309500822046,245.6901592449573,724
11900000,207.07350691348833,321.16203272704996,724
11905000,152.84587707121668,251.31788023270985,724
11910000,222.244326003041,332.50899444333913,724
11915000,148.84548045160784,310.9718994463566,724
11920000,165.77057414962408,324.76030901036984,724
11925000,168.91341971654214,309.16249987841167,724
11930000,140.1704272750371,287.7008913782875,724
11935000,197.359226393234,328.5135266925595,724
11940000,165.49779664333394,364.1101143066363,724
11945000,220.0364393751204,283.0334083594716,724
11950000,177.5171596762715,330.1853168404053,724
11955000,158.4353564904898,271.2608777488143,724
11960000,177.84698733098543,285.9033848368576,724
11965000,135.11971444588437,254.85438150301482,724
11970000,200.6523452910269,317.6533583136035,724
11975000,176.7282450098382,289.53460680119093,724
11980000,180.33856302528997,322.4355761855376,724
11985000,173.17648629304716,302.3744711436922,724
11990000,212.37966484060343,278.76592265608207,724
11995000,195.14958887730455,352.53715226343417,724
12000000,171.78501256848773,275.43758378288624,724
12005000,154.67310761043805,302.08886652191865,724
12010000,167.5078635565435,249.0553499427799,724
12015000,142.11301124602625,270.88952613110916,724
12020000,196.27621216239663,251.2645367100976,724
12025000,203.72112844623607,246.6512951498528,724
12030000,185.3029694425087,286.49926712341926,724
12035000,160.36327964519154,320.5104249318024,724
12040000,180.29371360628897,312.05599949637445,724
12045000,147.6639240825018,275.2631439821788,724
12050000,164.92291948259043,220.2777986836507,724
12055000,145.03511632245346,297.6217759133063,724
12060000,166.40154214107724,343.64526560960303,725
12065000,166.3338047336439,246.17631626910224,725
12070000,161.2248231426653,303.083388025454,725
12075000,175.78664232335618,305.4167219042893,725
12080000,208.56573930481485,370.4047919018305,725
12085000,179.70560624831342,322.1989115824615,725
12090000,186.2364992176824,327.3348125878905,725
12095000,154.98526745511975,275.2379120157694,725
12100000,199.2324075802741,389.9486626293489,725
12105000,161.57241058377176,310.392729208034,725
12110000,166.78482600879414,323.26165921254545,725
12115000,170.29027568505177,234.94831786195275,725
12120000,171.73173389417295,390.0235539366869,725
12125000,194.3917223191219,273.860760813841,725
12130000,151.596757889402,351.3144250257065,725
12135000,155.947618525805,321.4188913658242,725
12140000,162.51311321068067,289.34649950989524,725
12145000,205.9872144341578,274.4451318134201,725
12150000,152.02397048971633,258.76553927339603,725
12155000,221.08699809529435,332.2268455837894,725
12160000,186.34166334849613,316.67539703371693,725
12165000,184.2056629280082,318.80147749402516,725
12170000,206.08375760535063,346.00536532023403,725
12175000,162.62490344739925,331.2366942224666,725
12180000,174.83048781204496,224.5171984058866,725
12185000,161.77527560373665,321.41712531119754,725
12190000,193.35983352548806,315.1165904182413,725
12195000,180.2285050743915,256.31007556851455,725
12200000,156.97521792330392,300.8584905676629,725
12205000,187.37329099277522,364.3158802373354,725
12210000,186.4558880488817,343.65583284655975,725
12215000,187.4795203462715,346.8159229629773,725
12220000,158.23396526555058,287.64050821712476,725
12225000,168.26421134458755,283.6101131845667,725
12230000,176.7335963292001,309.0631787000157,725
12235000,203.30676276957402,264.60280587021447,725
12240000,161.93195274303216,309.38642004178695,725
12245000,136.01337040512584,274.4451007509813,725
12250000,170.0381186847012,321.9781440487519,725
12255000,158.03113816510844,315.34248887300595,725
12260000,147.23228571739398,291.3702972942589,725
12265000,164.5666305044246,335.43967204155706,725
12270000,194.7425795040527,305.8705102975233,725
12275000,179.70958931552596,315.1364201861394,725
12280000,131.04629809242573,275.65995322623365,725
12285000,159.34774834238968,296.5822048073744,725
12290000,158.87284348818227,280.8729753771239,725
12295000,177.30363739756314,329.31222553220096,725
12300000,162.6282031120588,342.62409005787345,725
12305000,169.30918191916365,300.19158277613576,725
12310000,191.52468995174232,293.6399515776715,725
12315000,143.96320730001963,289.19894308709803,725
12320000,206.1869060026784,308.0927471029477,725
12325000,126.70435053972419,336.7686299683816,725
12330000,203.60547051892354,307.9820885630292,725
12335000,188.91786205082875,279.0202176316779,725
12340000,130.11739978435943,292.6446521517062,725
12345000,223.0691623319521,413.3606963389407,725
12350000,155.44880614605694,320.35667512901676,725
12355000,143.21561910548658,348.5142455453695,725
12360000,162.19933254028754,322.26163708206104,725
12365000,169.9625479171805,265.8202267498234,725
12370000,156.4650121394677,311.60646061808586,725
12375000,154.32433942586437,257.4713550442665,725
12380000,153.8672959682765,268.1729760634239,725
12385000,162.71470719779308,263.70705732286393,725
12390000,188.70793003201084,343.51600394535546,725
12395000,195.44731319225824,328.99735352795574,725
12400000,128.40214022756686,321.8348465964734,725
12405000,157.13152781897784,312.8462662688731,725
12410000,188.05714731705783,366.4945072894308,725
12415000,162.23456154769562,286.0024581568694,725
12420000,187.33771957926444,348.65312682499945,725
12425000,182.21066865457314,351.47435419976875,725
12430000,199.45302120781088,318.67366316145797,725
12435000,167.34763069770167,279.0810731285444,725
12440000,204.62767135426782,319.56536646148027,725
12445000,165.67391938240434,316.8964045800322,725
12450000,193.86342923557237,319.41425060644843,725
12455000,162.90371632498483,325.9805874668428,725
12460000,200.35153555356052,320.5610577220177,725
12465000,201.52693994244368,343.27270447356585,725
12470000,169.71529599223308,321.6130157052554,725
12475000,174.32881587069753,350.0477240574219,725
12480000,159.8319098252852,324.2584006201816,725
12485000,171.9836835915689,346.196226127495,725
12490000,194.7594750297792,310.9482184552505,725
12495000,191.99063558688778,330.8071561281258,725
12500000,163.46906574880938,313.6617565632264,725
12505000,183.68796538808687,329.569939293993,725
12510000,199.70456448244772,290.44938997134193,725
12515000,175.50293202182314,255.5895435619237,725
12520000,205.33801535635564,325.90094938380685,725
12525000,190.1188490458413,247.45889968585138,725
12530000,202.39592130049164,281.184821605445,725
12535000,184.2439084616626,354.50907437108265,725
12540000,122.87508776127044,253.57953866890142,725
12545000,161.15277193106775,261.46851001794266,725
12550000,234.26179957129574,285.8472067552641,725
12555000,169.4948127950916,306.59931626572643,725
12560000,205.90395077534856,341.91539539213215,725
12565000,175.72427984982704,278.57113841594776,725
12570000,193.3428869520377,354.68679264598336,725
12575000,168.321958065633,308.81325389076505,725
12580000,160.34096789392134,314.92700012725976,725
12585000,206.50939155323513,252.92021783633518,725
12590000,236.10565900055113,302.80465640437876,725
12595000,187.73702814185071,256.85508447865976,725
12600000,194.42954987380162,298.99794213849253,725
12605000,170.98882113860293,281.9799001215797,725
12610000,210.1476230125439,313.96977062762886,725
12615000,158.56324745059217,305.9085816019011,725
12620000,167.2017096787594,277.6654492105092,725
12625000,200.31407576049776,350.5172382898481,725
12630000,197.8253535815633,365.6048843960516,726
12635000,231.50539168537713,263.3474359285221,726
12640000,148.75441508288992,254.98719672482824,726
12645000,184.62593084629506,280.268401694574,726
12650000,170.43727720061486,289.4361554330665,726
12655000,198.96119556244886,274.42942354303193,726
12660000,180.88139098168972,288.23069903359556,726
12665000,165.31362355800255,326.5809977116574,726
12670000,169.2100580591346,321.0169246799668,726
12675000,159.65960900885875,333.0108349831408,726
12680000,157.0756746177134,237.00686620096025,726
12685000,196.95166333764658,360.6288842712591,726
12690000,188.23268076923205,285.8363645876974,726
12695000,167.14952129364372,246.91138787736898,726
12700000,197.86241726848752,351.66720702312654,726
12705000,185.6755129943639,353.0117216939841,726
12710000,167.6654446910635,284.5774347574365,726
12715000,172.38719025875167,310.5327571589654,726
12720000,144.5525498833033,308.98877464895276,726
12725000,151.70774190758013,245.52716684036946,726
12730000,144.5087496908548,296.28527400716774,726
12735000,199.77206749015937,316.68614735057025,726
12740000,180.48011889231955,291.33069033431633,726
12745000,200.8061830981856,296.64850037155105,726
12750000,169.71300707548266,298.14571285050704,726
12755000,169.5506370963567,313.5520386524348,726
12760000,184.05153708142782,303.34886329069843,726
12765000,190.8276199650983,285.19871343512085,726
12770000,163.46786997024822,285.79069809778196,726
12775000,155.09810333653223,355.3646846223408,726
12780000,189.67586815845638,276.13680110885616,726
12785000,166.5064312934319,272.8102325826599,726
12790000,184.04510936017348,313.2210462560756,726
12795000,154.5593959274046,291.64592979089815,726
12800000,163.9777963939845,265.5418481192261,726
12805000,192.1986682416773,323.1424326844732,726
12810000,195.60251279369464,297.9844419601392,726
12815000,188.12820151536886,299.7627616026466,726
12820000,195.25828721372767,315.08029481543673,726
12825000,170.25122779899144,318.1692387472657,726
12830000,204.03380125402688,337.65551596077864,726
12835000,198.15352033247805,359.2705623514464,726
12840000,150.84128436743256,286.28240865319043,726
12845000,206.247234466735,294.21982895252137,726
12850000,149.08369079804436,265.39817834339476,726
12855000,175.12381187141307,274.20017948649394,726
12860000,182.57051022512755,265.6967534281011,726
12865000,199.0774634545918,271.04843460087545,726
12870000,176.58985344220224,285.43247799723906,726
12875000,160.76345387421784,279.34236637023184,726
12880000,172.91582984797606,282.378025652218,726
12885000,149.1468893433352,341.5914901104046,726
12890000,181.15656533282984,300.33582562433213,726
12895000,156.99992981039142,262.96812779876507,726
12900000,171.04416297885953,332.09197953585357,726
12905000,197.75397129637298,260.3507475835139,726
12910000,171.01161460886328,328.10283407811653,726
12915000,157.63643322479163,286.99055285924226,726
12920000,188.38975278436095,287.18709348824115,726
12925000,176.17209912039695,270.5976661894315,726
12930000,157.0039318423548,324.6465145641141,726
12935000,173.91984262821944,334.12350078137706,726
12940000,155.79781569194157,324.1643750338149,726
12945000,174.75984160825115,291.9349996201783,726
12950000,162.82671440373878,319.6764553149856,726
12955000,187.17353982369505,335.2333798110503,726
12960000,160.23115298284284,270.4987067390907,726
12965000,182.72601852122793,296.4793469214611,726
12970000,156.15874672059692,329.34884251503394,726
12975000,167.68399244749358,328.1532803014959,726
12980000,184.66310172503037,294.0555523490828,726
12985000,157.4927922574631,296.50784243507803,726
12990000,161.73755422152212,274.46400174355324,726
12995000,180.28800126075657,299.5644880486058,726
13000000,163.40580410992948,316.9739223427556,726
13005000,166.77988096994704,285.0540143077299,726
13010000,149.49406083255445,302.87457079144656,726
13015000,179.16506088362405,328.94678386086275,726
13020000,177.0973587400652,341.37557449109056,726
13025000,167.9976775784365,288.7493430307432,726
13030000,160.95996245298954,322.1577981551495,726
13035000,163.25394076174916,314.77989874606766,726
13040000,180.46021381269816,317.12612599646104,726
13045000,172.24793798957595,269.56494105255814,726
13050000,182.37852885984756,289.3505248955741,726
13055000,178.6969764960766,268.93533239318623,726
13060000,180.37521759494268,350.1519092968063,726
13065000,156.8751942396563,322.35131671609565,726
13070000,170.19830929003896,340.7445922129003,726
13075000,150.70438419501352,271.631297091908,726
13080000,185.51263961192643,261.6093578093662,726
13085000,154.8546304417665,289.67560975810795,726
13090000,178.92208031399355,260.3741978889099,726
13095000,159.26281125169692,314.18068840972137,726
13100000,195.4572564524917,361.28877752238026,726
13105000,224.89816494021045,354.44458536585955,726
13110000,180.04313819996295,288.46914608830275,726
13115000,179.68676224111246,300.30690222192885,726
13120000,170.58525753485125,290.8475958086251,726
13125000,182.01442722145154,312.27757956751907,726
13130000,197.2918581349629,279.75582393199113,726
13135000,163.03645698793437,282.2497440234879,726
13140000,149.7263504749444,271.2555625905017,726
13145000,135.65432827349127,367.21310672344157,726
13150000,144.9894528657624,292.3241737627891,726
13155000,160.13839409669993,296.0789814407394,726
13160000,182.4226621763736,324.5908416079432,726
13165000,214.13426440530804,356.03090857423155,726
13170000,173.7558897906616,323.21667674627497,726
13175000,197.80095432356197,307.0363817811381,726
13180000,193.27838622199988,317.8521175872148,726
13185000,213.94139503871983,303.3223586988962,726
13190000,173.91192678423283,302.7035723513432,727
13195000,182.96423146016716,291.7953391233323,727
13200000,137.81567037007295,303.7062285348152,727
13205000,169.961956950102,261.0340648024507,727
13210000,168.62318384512628,235.56292654704788,727
13215000,154.16191900097294,303.85263131549164,727
13220000,187.0880311200427,275.56288328319386,727
13225000,192.71242631573136,298.84935243619617,727
13230000,162.84957095615238,287.23892878430087,727
13235000,173.8802288772091,289.11881668286566,727
13240000,173.65813700761873,378.5235432859594,727
13245000,187.51249849435902,277.74546390879124,727
13250000,180.23665034297915,282.829720443724,727
13255000,159.37007537321506,333.88643032067796,727
13260000,154.59625018746567,347.55112345848585,727
13265000,173.30827445549727,302.1593775958039,727
13270000,141.21517873973028,283.6719725559322,727
13275000,196.51047531220374,331.96660760855355,727
13280000,173.12118954974292,252.9709133458481,727
13285000,171.07852894174283,346.40282286215455,727
13290000,159.05827475104164,312.51188079907354,727
13295000,191.0674312925041,344.99287642741217,727
13300000,140.83185075657946,280.52932899381017,727
13305000,204.4665924589359,310.2664833362183,727
13310000,133.94119694229693,269.34676080725137,727
13315000,151.21151785686052,277.9478869922604,727
13320000,168.82551946747824,355.0641625078829,727
13325000,155.7392667377542,328.28439673530977,727
13330000,183.89792042226517,338.7720111953906,727
13335000,175.345893817694,298.33559132667006,727
13340000,161.7972312223368,287.32468008691814,727
13345000,165.12344831161025,290.1474459626533,727
13350000,208.80169730006702,269.67257178084844,727
13355000,209.23949922157257,281.8695012506324,727
13360000,186.0606290692248,262.8498749490754,727
13365000,82.8232418041254,289.7419517389251,727
13370000,180.06541345454283,295.3497227113052,727
13375000,177.2254131913807,370.77574712470147,727
13380000,167.62135623803155,352.86449100324836,727
13385000,217.00753116150887,296.7148329540717,727
13390000,183.5340743284793,276.4304816476105,727
13395000,172.45138240291973,302.54861133923,727
13400000,144.7503709117076,253.7192441310992,727
13405000,142.90054820824025,316.46727919758007,727
13410000,207.35589132848293,249.41006881391166,727
13415000,212.88255055622525,332.36545247525936,727
13420000,178.90519774780643,334.04688430983754,727
13425000,192.515448399378,372.8488529451476,727
13430000,185.44184929418603,377.615232896497,727
13435000,129.47903907178932,288.14495927931375,727
13440000,150.43167094588108,257.94738827054596,727
13445000,160.181187329168,319.6214391719398,727
13450000,143.63735210533707,287.90556253043525,727
13455000,178.94501666606274,300.8034236187171,727
13460000,183.0433891108675,327.4230166001069,727
13465000,193.93916807265077,299.9994120390827,727
13470000,175.70813103082435,290.38441547731844,727
13475000,163.90422209081643,310.9593498176956,727
13480000,141.035934378853,268.8952442867604,727
13485000,146.8541285535908,346.19721479823676,727
13490000,161.63074274815526,308.77570375691175,727
13495000,189.46482716898134,302.7464177101912,727
13500000,173.50997650545236,292.1137540623963,727
13505000,147.1766223058329,308.07203157600446,727
13510000,154.6955022094713,292.44520817668166,727
13515000,190.86028389053513,278.9447574608597,727
13520000,148.96521639860967,310.38249848370094,727
13525000,162.45841900729835,284.60718891335586,727
13530000,184.85213936920007,322.04580903103425,727
13535000,163.62736742964046,282.9507499836601,727
13540000,136.08879717184166,254.1521284263676,727
13545000,178.99958125978048,333.9916373268557,727
13550000,189.07169280142762,334.9934347565595,727
13555000,214.38520711306515,358.03432191652314,727
13560000,162.986971392001,279.8640397953617,727
13565000,141.40058049300765,342.8638838298148,727
13570000,188.20282234619376,277.83293447423733,727
13575000,166.0893947719286,358.0205591685681,727
13580000,173.86782285628442,279.8192581858732,727
13585000,195.14036271974032,347.3897187213757,727
13590000,172.49154481685596,311.8012629469689,727
13595000,185.00425161622158,285.66198881710744,727
13600000,170.41267312460627,312.2520790836475,727
13605000,179.43606547158,334.9813744447706,727
13610000,199.0325058344106,268.5696757169471,727
13615000,187.14707479884927,299.91841887481985,727
13620000,175.68628856319242,288.2164346488326,727
13625000,187.2155314050158,292.59884801912784,727
13630000,175.19373649650845,266.9550376247322,727
13635000,152.60577629808668,329.0884405532884,727
13640000,172.6804248156851,269.33154548840724,727
13645000,135.89224416272907,283.54743936689,727
13650000,177.3495763937167,320.0014141286089,727
13655000,198.39170343912463,319.1977690565024,727
13660000,170.93478048428864,321.444723864389,727
13665000,184.5295985349089,324.85290121308225,727
13670000,186.03488261773705,294.07552847629586,727
13675000,176.12728717045817,250.4714958526516,727
13680000,193.62964762769516,263.3170703943119,727
13685000,169.9049978604457,341.570557787177,727
13690000,205.97313761851277,338.22484587605857,727
13695000,162.76619910407234,248.01635955307307,727
13700000,207.04322651206147,292.99324196964693,727
13705000,166.81067072061992,260.89123223781314,727
13710000,194.70048271618302,291.78537276859856,727
13715000,186.32689774061052,318.90361949947646,727
13720000,159.89232969688,296.4894004129536,727
13725000,193.60357023860325,275.85237176960015,727
13730000,178.04187525002618,328.45172675551436,727
13735000,158.7505323706221,330.6914941639843,727
13740000,183.51559484612127,294.4295524537679,727
13745000,210.13776853100302,265.31493089151894,727
13750000,153.4347151886931,283.6905203403106,727
13755000,169.40730911683556,277.3210994195373,727
13760000,129.10128726601326,305.9860505937374,727
13765000,157.55905363618047,277.76331760092467,727
13770000,166.25966900218174,393.9797505268243,727
13775000,157.74411635237297,281.5943599842364,727
13780000,172.058906692028,258.06850743035307,727
13785000,182.6150126210926,350.02372656823684,727
13790000,184.7481309321966,309.02838680727416,727
13795000,158.21596173871853,293.7900899587171,727
13800000,178.28144732224618,246.747239540057,727
13805000,203.75838739079094,304.2720918118592,727
13810000,166.53250299025825,287.1925282311729,727
13815000,200.34704549711748,321.6617193016246,727
13820000,208.68538495191223,308.33070319036904,727
13825000,185.37517418229712,279.72456677336334,727
13830000,177.8388657598812,265.757956513116,727
13835000,147.68194964931027,234.00373124887503,727
13840000,178.16838596934574,263.6688945827128,727
13845000,197.1680539774646,295.88616100126353,727
13850000,149.8447443221954,323.9981224355956,727
13855000,155.2133568997982,335.06240162101113,727
13860000,169.5333400706118,365.82813994254604,728
13865000,187.36630237385657,268.03623719603746,728
13870000,154.28267679343708,316.7039801973753,728
13875000,215.68474808619737,321.4736377722764,728
13880000,184.42031257037215,267.1558664299718,728
13885000,168.02071076252747,301.42097244216933,728
13890000,194.68648676887733,317.3246501606319,728
13895000,167.3963576666401,266.09538374871926,728
13900000,192.52491314302574,322.49721294330357,728
13905000,173.1963791133635,395.2039249079015,728
13910000,185.2365124005002,247.37358499413108,728
13915000,128.40697155584877,314.8863699219402,728
13920000,144.1965654728772,237.31542286336202,728
13925000,191.11168316932515,324.9238468095675,728
13930000,172.18070516009777,268.2217087571417,728
13935000,192.2954016668933,291.77203938345684,728
13940000,217.08077960270063,391.89385846549,728
13945000,168.172589164589,320.7022933747605,728
13950000,190.37443426393872,299.2132832199647,728
13955000,186.89877610123858,293.9433111851061,728
13960000,177.84877692147415,277.2994062451994,728
13965000,177.0321686353232,304.49295683021387,728
13970000,177.10757956254776,302.56285985949813,728
13975000,176.70943891945552,307.40854034521874,728
13980000,211.80395575583614,336.7909447355092,728
13985000,197.13892859624357,284.4870382616668,728
13990000,147.48726403648794,348.9876702592192,728
13995000,175.82721168283481,365.89539346962135,728
14000000,189.09373076604987,257.4847722602405,728
14005000,192.64901187624162,307.57941703297183,728
14010000,174.4890126570513,330.2466369132233,728
14015000,204.54374850291288,349.11353463478713,728
14020000,172.76753855231635,315.78270884735093,728
14025000,172.4087553692989,298.55188340853806,728
14030000,182.23145993847172,346.04704177484575,728
14035000,185.37984773831857,307.20902581093696,728
14040000,189.55643236696082,290.33656605737497,728
14045000,165.062470906544,300.0892116310857,728
14050000,194.52166485452116,357.23038908551854,728
14055000,164.52831226999535,250.50634935596068,728
14060000,148.00136498700095,261.1834642328965,728
14065000,177.27346344015143,307.6639496041426,728
14070000,187.5237010354223,268.22011926244113,728
14075000,175.15425266132698,296.86089967637974,728
14080000,151.99940269670037,245.3982590574922,728
14085000,198.98478714482783,343.63053112928174,728
14090000,219.74601433739434,294.81177832694743,728
14095000,173.0523120057132,244.64454689704374,728
14100000,176.165699522345,292.03899335679756,728
14105000,195.19395033685097,305.4161862361287,728
14110000,171.78399399076318,285.99394761634494,728
14115000,179.21221786521033,305.07259382075216,728
14120000,204.20364443399728,291.8389403151865,728
14125000,180.06987477128024,302.9519713758307,728
14130000,145.42413919135146,310.58231897351214,728
14135000,204.79800446939905,258.56836871731093,728
14140000,185.15013851270578,282.0910061994658,728
14145000,177.83022203287362,283.18512983189294,728
14150000,191.07937776690576,372.8183130712222,728
14155000,204.39135596698168,279.8553177898155,728
14160000,212.12869673851705,308.16404896827237,728
14165000,169.90479921660727,267.9165283621032,728
14170000,188.8913715524546,300.30136073345454,728
14175000,154.83957791334439,297.28787545024284,728
14180000,143.7607548976213,256.73413664792645,728
14185000,229.8475076146254,386.82624366162224,728
14190000,148.82643242260332,285.36667381873093,728
14195000,167.74872231920082,235.867439565597,728
14200000,216.10483301699338,285.6195501885217,728
14205000,219.00179714088182,271.88546302486685,728
14210000,181.40056893284347,295.62587088922544,728
14215000,203.99469614187166,261.67845607116294,728
14220000,156.99506769005106,243.99833875407145,728
14225000,180.43106821450738,324.81466171654756,728
14230000,207.46248653708318,313.05519056632414,728
14235000,182.12978830610047,348.2527817620142,728
14240000,180.38739367577003,284.8250738477152,728
14245000,154.28617422396368,270.85984418922214,728
14250000,199.6042831190795,317.80519571667816,728
14255000,151.07686497774876,281.6034339538729,728
14260000,192.65320346006663,264.5415344691372,728
14265000,143.3420998767184,327.96302456463025,728
14270000,197.58123035529377,289.0380878354502,728
14275000,214.7547828388386,231.5467605875273,728
14280000,150.8756264493565,297.9312535961935,728
14285000,224.3962750093495,315.8754631130594,728
14290000,177.5212667050458,301.24567222977055,728
14295000,122.00697757414409,283.6048346894341,728
14300000,203.32069973936842,331.14145564532123,728
14305000,165.49831598961043,312.9633312947849,728
14310000,148.65990084856122,317.9918535135649,728
14315000,146.38728861948957,342.1559615724707,728
14320000,203.42308378312495,254.77695313163883,728
14325000,175.50428171877775,317.44046938489345,728
14330000,187.5161916647999,343.23633215507897,728
14335000,144.62485589471024,289.258950229541,728
14340000,181.24883391360333,251.98040323880028,728
14345000,184.00790401743828,293.7038213545215,728
14350000,182.39846107421474,279.6465598905859,728
14355000,177.9468364372059,258.2713140334086,728
14360000,215.51705086277872,303.65865775583336,728
14365000,152.59817928652953,287.2044087592852,728
14370000,173.1900735055841,257.1488176341756,728
14375000,192.6385892711522,296.06905391341917,728
14380000,169.12642014860543,305.3199155181272,728
14385000,126.76244267340441,290.52212846219356,728
14390000,192.83192206686385,280.1038468369192,728
14395000,179.2756649364076,281.5976997141559,728
14400000,217.67534976564377,271.38032592751193,728
14405000,234.2405760299906,324.2143049018321,728
14410000,188.9048037368726,339.2053712352419,728
14415000,154.6155990759805,326.1266410526125,728
14420000,200.96778426991585,310.54714393905493,728
14425000,173.12422572276483,249.67804918775641,728
14430000,196.59594217462205,360.66325207855255,728
14435000,156.05455981200518,274.8875483770372,728
14440000,208.4082453563832,263.6879689927369,728
14445000,176.73875169873344,311.9113476896632,728
14450000,160.65108869015802,318.9401335092076,728
14455000,236.36135972226992,358.1496514161929,728
14460000,156.93561376829348,309.92155834161014,728
14465000,173.28630299636177,268.6363200792124,728
14470000,177.4203023018361,279.752708490497,728
14475000,172.10108512347043,299.1135957407473,728
14480000,192.0696622364247,305.2807466789036,728
14485000,166.22594185438425,274.20012211411705,728
14490000,180.81719171611323,265.01051440747995,728
14495000,151.44723566208552,270.9612875833517,728
14500000,159.36523580041137,298.71784238864353,728
14505000,198.03131747350116,266.37376605876557,728
14510000,184.0834201480956,377.60793446308446,728
14515000,189.70052949561028,348.8420642700218,728
14520000,192.4314153078217,284.11500126445856,728
14525000,189.23875739940775,328.985869452716,729
14530000,207.23108302446585,303.40665961406125,729
14535000,205.7320114154466,363.4817230507249,729
14540000,203.40431683147432,324.805866737716,729
14545000,158.953469494374,274.10635086916045,729
14550000,225.74474634529156,261.588337122949,729
14555000,160.99693572563734,257.21578559587414,729
14560000,189.27229779903274,281.43433628989084,729
14565000,212.1608676996412,389.41146668252003,729
14570000,168.79544642832522,276.3023402607091,729
14575000,204.81763131963748,283.3817529907522,729
14580000,197.6176682584581,305.2588022611218,729
14585000,176.06373728136072,348.5345162518727,729
14590000,202.23325599266727,328.276120251713,729
14595000,172.93601121735006,357.82777230277014,729
14600000,135.81673469003636,320.4299475579982,729
14605000,178.81810499263443,322.63968782622976,729
14610000,202.87578300568222,337.8113807555516,729
14615000,189.23173706168348,338.0982807561899,729
14620000,190.32485726364573,344.56611516468473,729
14625000,155.13587842350302,283.4356757675696,729
14630000,143.35335185234686,350.84112901964266,729
14635000,240.97723702197518,269.4218591076861,729
14640000,163.1596974099549,296.37279566810076,729
14645000,184.90253646256457,331.5187357078889,729
14650000,132.77665105706637,290.0796866763996,729
14655000,179.27249829638708,334.6453420064766,729
14660000,153.33358872345508,278.8727354225989,729
14665000,170.22023411115268,314.85072900417975,729
14670000,153.00244651252888,267.78052486552417,729
14675000,178.00888496284492,329.2931680607938,729
14680000,173.5298153289971,349.56421626756105,729
14685000,149.83052180194258,345.3232892637988,729
14690000,173.74312154023167,355.2884974473246,729
14695000,163.58818610998492,331.1750420720601,729
14700000,140.46438762143165,281.4134360759273,729
14705000,160.45990204873712,328.82246785757104,729
14710000,164.21583416890718,291.1818907479175,729
14715000,147.3689293119687,292.2822722421829,729
14720000,186.62939787539034,329.1618658475852,729
14725000,179.95955375751888,277.9092709909035,729
14730000,177.94980535947485,326.6737982775797,729
14735000,156.29687751450697,287.6972325296774,729
14740000,185.98202230943218,326.56466570719977,729
14745000,173.4096203572816,331.7711463489836,729
14750000,206.57320209416068,280.8847850510099,729
14755000,148.21977273982364,326.23921576422174,729
14760000,209.088379063638,338.64412753802293,729
14765000,196.03604579255466,253.81761923056789,729
14770000,175.16156198412364,289.52748778796916,729
14775000,182.75951326768012,254.5100299551431,729
14780000,158.246368271305,313.77576327454324,729
14785000,216.77627378678903,355.847575389047,729
14790000,213.24168511159732,315.3094551721465,729
14795000,199.97199709197756,333.1642493543497,729
14800000,214.9809461540111,283.78726915791094,729
14805000,165.91919620162682,259.0805894726417,729
14810000,164.06273988248796,324.12812826096103,729
14815000,183.13492580475395,318.275080252803,729
14820000,169.23842852898656,309.8690666959804,729
14825000,169.50949578697745,330.1936830089826,729
14830000,210.8833422414495,277.3759133497626,729
14835000,138.3369898764196,313.2611949588424,729
14840000,155.03325518868633,305.1982577550363,729
14845000,161.0861303603269,316.5979999737768,729
14850000,152.0201470169443,281.95784662918476,729
14855000,177.81914708560046,275.47490736169516,729
14860000,168.66819316495116,357.02341558792824,729
14865000,175.9208136252565,260.09632854554394,729
14870000,194.40918770773897,334.09639181522147,729
14875000,143.1909518171791,337.31553406024625,729
14880000,167.2385182420362,298.30360868402545,729
14885000,179.35464245308017,310.5716102395513,729
14890000,157.75811168719193,267.09921433191124,729
14895000,147.00958071245955,268.8978055741385,729
14900000,175.346550488598,337.3654829785791,729
14905000,198.16321526786666,343.78111075555535,729
14910000,163.83012214663148,328.63863923054475,729
14915000,184.1082251927811,325.2631636542946,729
14920000,177.183201169112,376.9994456720004,729
14925000,204.14893404017053,305.27304065657654,729
14930000,177.81293550673814,332.9084314812439,729
14935000,156.21375921968453,273.9773150080759,729
14940000,173.85330786901392,261.62980425037046,729
14945000,148.3727604413483,329.34632205819184,729
14950000,167.09807132088042,249.74373026986422,729
14955000,200.14534336876164,273.77005709829234,729
14960000,170.59900368960774,272.75642763691513,729
14965000,150.20683576879594,319.50999129748345,729
14970000,188.24197637424072,334.4634879573298,729
14975000,150.46562164407652,385.73432222364534,729
14980000,165.37889303582006,318.3034982717274,729
14985000,157.7445198658286,261.0401539503622,729
14990000,175.7922317566101,328.91457014602656,729
14995000,188.11895591601902,270.18212649929586,729
15000000,143.0600708468732,273.25075872205457,729
15005000,193.43874930993928,370.6108892207286,729
15010000,145.0670301756909,328.2904655739037,729
15015000,168.14852088048335,289.282036438005,729
15020000,173.72620221405796,296.2896728285757,729
15025000,170.60877846785056,342.11865158739084,729
15030000,178.3019913301123,334.6539966592322,729
15035000,169.53864238797422,312.89903140460177,729
15040000,179.43090725688344,270.5956471330306,729
15045000,168.32420293079312,286.4131890689106,729
15050000,194.12327520990505,284.2750828813959,729
15055000,223.0839261611813,290.6140272259663,729
15060000,183.27635122040945,403.22204234094073,729
15065000,161.76498927936535,363.5974739563746,729
15070000,153.37702074305633,289.393144638177,729
15075000,224.6395226441102,304.32195960369137,729
15080000,178.78404327133734,266.75497574326346,729
15085000,181.63892825091048,282.4379263830395,729
15090000,182.9393378511788,307.60344727604485,729
15095000,163.96598011837474,313.9084570773262,729
15100000,184.46620765738783,305.7860185855751,729
15105000,193.68103038213323,271.8231282773282,729
15110000,172.64056435842613,298.2193816342447,729
15115000,195.98006272201854,338.07522927453056,729
15120000,227.50681537206125,303.89555023236426,729
15125000,187.39310747768093,198.88835724127503,729
15130000,162.91517715770323,253.7994680840494,729
15135000,149.09062252952248,298.02917407825095,729
15140000,156.05524379788085,271.75008660121955,729
15145000,178.66305613440082,289.4195404725445,729
15150000,179.2887183341168,344.8729231273795,729
15155000,177.67643710919018,293.6078261395487,729
15160000,161.965482200202,458.8790959039566,729
15165000,199.16044258560171,293.6331493976842,729
15170000,168.59731104761238,316.2364259837045,729
15175000,138.49801402220584,296.26805324480733,729
15180000,172.68552558721788,253.16109474603326,729
15185000,193.0531848624146,237.69446913235416,729
15190000,165.31179548075033,268.0121537229941,729
15195000,135.55543711194048,379.8200380708286,729
15200000,173.8886715015981,300.655607891343,729
15205000,111.1374695221859,340.8758005557905,729
15210000,152.38075807750207,240.7876827091258,729
15215000,195.52694070494283,246.24708595541094,729
15220000,231.78954131912195,333.89681336101455,729
15225000,161.23879356333583,311.69392138414395,729
15230000,161.2342494293663,310.5691674696915,729
15235000,191.90055670400972,347.6179547786169,729
15240000,210.7713625621994,375.7448278264952,729
15245000,168.19495632930438,292.5522575784292,729
15250000,205.50229372057478,323.47922250810143,729
15255000,203.2957153927976,280.75241459293386,729
15260000,192.9638493459881,272.95399972691035,729
15265000,202.5774358717132,314.85537107998204,729
15270000,172.45639514529967,306.4810879839824,729
15275000,223.94404236823814,303.19818555424763,729
15280000,181.81439875200724,324.027470331594,730
15285000,199.18619964541776,257.5359355164151,730
15290000,168.28962782298387,312.3584878495737,730
15295000,168.71531845874048,288.85679931319856,730
15300000,163.1238819049962,245.66618824497377,730
15305000,167.28812525301328,266.6383277097701,730
15310000,178.70544324416636,278.6428920602589,730
15315000,175.42295182843205,219.01618760342268,730
15320000,160.80844675408085,272.36102236689084,730
15325000,141.80208866856566,348.4117666669109,730
15330000,173.38582156093,360.6275208247364,730
15335000,157.59307096329297,302.374100822903,730
15340000,178.815590244916,331.1529931986945,730
15345000,187.97706517323155,286.78724218495904,730
15350000,195.94795632719263,300.03891907978357,730
15355000,162.80059336315588,245.09034019471903,730
15360000,252.46864466956538,349.3487935205832,730
15365000,153.4207761751255,337.77685806169563,730
15370000,169.05194885940492,217.85605032407733,730
15375000,190.9144618705002,268.7580702271799,730
15380000,149.48921780145955,331.2346056594801,730
15385000,170.21555784130337,227.8686824782079,730
15390000,162.0270453926913,297.9635600491996,730
15395000,188.11285693998894,291.58984054962474,730
15400000,167.71547991572822,353.9680143731385,730
15405000,154.35277394027392,302.77936280912974,730
15410000,164.16204807551915,306.4458391674629,730
15415000,198.93622343708012,242.65362404816744,730
15420000,159.8101727109994,361.2059648336298,730
15425000,170.700491638593,295.2470612895895,730
15430000,198.4201826967806,273.8659065917639,730
15435000,194.93471917228044,327.9261615026727,730
15440000,161.83706090453083,279.36525557295175,730
15445000,173.4150975975419,262.33434687212684,730
15450000,174.95047360479066,345.21137535888107,730
15455000,169.84386471962466,283.27561480311823,730
15460000,193.3571020728705,366.8088168566761,730
15465000,134.94156659559766,237.0971386906539,730
15470000,189.33138590135792,308.88369006158047,730
15475000,168.63207052643514,334.3243681535198,730
15480000,141.9138782969395,269.7470950314814,730
15485000,188.64013350981025,290.83869338862326,730
15490000,178.60361833709024,387.44451056726194,730
15495000,204.91313661722285,335.0364404053389,730
15500000,174.8568836639308,306.272115647818,730
15505000,190.10671851502178,374.6852402047213,730
15510000,179.6003152436832,446.20906840920026,730
15515000,179.80343636285795,300.71385486689456,730
15520000,150.90768492515474,322.2318743884046,730
15525000,192.95028273463097,287.1753990312883,730
15530000,166.5620054788981,297.55047945947257,730
15535000,162.45559824244637,292.89554074481015,730
15540000,194.13676264587582,315.82965797813335,730
15545000,186.20133690653626,300.5180736464871,730
15550000,202.19516269823094,327.5004769644163,730
15555000,206.88911003468522,286.55721046841404,730
15560000,163.65109456880876,336.9888021701207,730
15565000,134.2221451076412,278.4411632524547,730
15570000,169.51078079725156,338.12385349825445,730
15575000,165.0888591859007,272.83042171756796,730
15580000,194.0237685667797,319.48817985712503,730
15585000,163.84576535676254,304.0108925498362,730
15590000,205.0501112426857,310.9988874939804,730
15595000,225.5216855730482,293.30700012469765,730
15600000,142.00579657460287,291.7853009786904,730
15605000,189.65036271479477,278.7784672361376,730
15610000,140.80449485671704,257.3793863043449,730
15615000,182.79124776851606,306.32653128863024,730
15620000,236.72934789334448,365.26497091015966,730
15625000,175.215356261863,282.2144238284666,730
15630000,171.69968913252922,247.61170737438687,730
15635000,182.1901852214375,367.02540778282855,730
15640000,177.4323506243754,262.90171636393563,730
15645000,199.82446026773516,234.43940901028952,730
15650000,174.27088419075466,233.64253514956485,730
15655000,194.17762819367277,318.6790539642694,730
15660000,180.00614938222904,258.9053970230951,730
15665000,178.49047920786353,288.6162766810925,730
15670000,180.62836533938352,275.1585300070018,730
15675000,174.28284137207035,282.8936884296364,730
15680000,169.03383536003676,349.6771526764516,730
15685000,145.95783643395052,285.1623848605818,730
15690000,171.31109278526552,286.1680142410395,730
15695000,155.24035673776203,346.91830031231666,730
15700000,189.9283526511988,300.43528561549795,730
15705000,194.53877502768114,291.67420858430273,730
15710000,168.03556346100322,311.0392786574829,730
15715000,202.97261127525883,351.0607783956225,730
15720000,191.45017105547308,296.83067331985615,730
15725000,162.2036720230523,308.1136183469178,730
15730000,160.7028007643403,380.9382537667673,730
15735000,188.16902447305173,296.79825540261675,730
15740000,205.65424295757313,319.4696109431011,730
15745000,207.1760731428776,327.47539686493224,730
15750000,188.1760740224775,380.8938898976705,730
15755000,161.75642282713912,297.25144678959134,730
15760000,192.81706564900986,322.7580345117012,730
15765000,194.6241314551831,254.67400948448577,730
15770000,181.807980367608,308.7859739097891,730
15775000,158.1251807582769,363.5930698633944,730
15780000,189.07221661531685,249.66422512528408,730
15785000,174.604133251671,401.683311116615,730
15790000,189.2339152469403,358.80934009100463,730
15795000,165.77167720080675,308.9312153416402,730
15800000,183.37241954342653,333.20699950606024,730
15805000,180.93988817957938,305.2332496281668,730
15810000,164.37921308722514,264.95595498102625,730
15815000,158.81436197365846,349.9435475286077,730
15820000,180.91303798865732,239.19009159590937,730
15825000,196.60547292710413,233.32276954669865,730
15830000,208.0867097269752,274.8450570446691,730
15835000,162.22228737339856,259.771563490637,730
15840000,174.97716107493903,299.38479398439665,730
15845000,192.08876346953468,320.87398290352274,730
15850000,153.62812684817067,330.9479405982889,730
15855000,162.80375586181128,284.43069175824184,730
15860000,156.94652238378293,322.60731690117603,730
15865000,179.74726145269221,270.42114406082777,730
15870000,165.18336014823527,312.9372035721027,730
15875000,201.66476439206127,338.60633580869114,730
15880000,154.7735910544072,348.5939615544833,730
15885000,177.93276472069547,244.03313885431925,730
15890000,168.72814596277007,297.984871310799,730
15895000,170.3357393821015,285.70068151913415,730
15900000,210.86191910013954,375.246551166573,730
15905000,190.78355554153893,312.7805726514248,730
15910000,220.36748252543956,249.77516394247257,730
15915000,217.97430831207402,285.56129577461553,730
15920000,145.7575676799294,280.5626759958246,730
15925000,208.1630479869474,293.8387047148936,730
15930000,185.6791780329391,315.5406413058557,730
15935000,183.3234515195866,347.8408913701168,730
15940000,175.19340010248598,320.0245640544227,730
15945000,183.29239230412767,306.83204286969607,730
15950000,137.77005060900655,291.1251046959246,730
15955000,159.38562518280386,330.2348721105731,730
15960000,166.87175561168445,266.3071558466517,730
15965000,144.77145826262162,272.4985380483408,730
15970000,163.19910327620732,296.91690283982194,730
15975000,141.515118913024,311.73388326702405,730
15980000,151.0912110085117,327.41348011423327,730
15985000,200.59518680721095,320.8570913474843,730
15990000,181.96270849674443,283.38774106340577,730
15995000,190.76700037760983,341.7327965841275,730
16000000,137.95456671042695,272.3392872814223,730
16005000,192.27749752332545,306.9656896032898,730
16010000,186.85335071059959,343.40171758042834,730
16015000,185.05899517851137,330.245838272265,730
16020000,187.93228436828167,277.8987177207879,730
16025000,178.7064461632572,261.31494907457125,730
16030000,190.14082079616003,255.77180944595284,730
16035000,173.01396503818648,286.11717961421056,730
16040000,147.50936891345813,276.47892490759216,730
16045000,161.70383792408327,289.1445146229668,730
16050000,212.42399704972507,237.18995477811092,730
16055000,189.9641635416184,295.29782265657684,730
16060000,176.91902504967277,276.85861933420415,730
16065000,182.210588860896,269.4900889697026,730
16070000,179.1283175532512,401.6772774559416,730
16075000,182.27791610584183,296.5410480422088,730
16080000,210.9855271210378,326.0303385313282,730
16085000,137.1304237019323,373.09984822665876,730
16090000,165.6133523946236,312.3519293480772,730
16095000,152.5721304578033,258.4394277313258,730
16100000,197.20280218405895,246.7724171281338,730
16105000,171.4143877692883,300.9352417431879,730
16110000,164.74791682805576,248.37744408223514,730
16115000,204.21151747426424,346.35304400178575,730
16120000,185.58489036206268,330.7721489398565,730
16125000,183.42688952138678,272.53305214695047,730
16130000,117.55977038590281,236.26521364931378,730
16135000,140.10049182849966,273.95762824083556,730
16140000,170.6220721834165,348.88143938087626,730
16145000,168.1591168467254,294.6567042793704,730
16150000,169.42912063174543,230.75675845175581,731
16155000,164.75487954887336,272.54164773289045,731
16160000,168.6962920751791,337.22573556459895,731
16165000,220.2602109297772,341.5703316699121,731
16170000,209.8416208006424,346.4886699858771,731
16175000,177.58390542020217,333.69721626102324,731
16180000,192.37340814662122,268.0860202893675,731
16185000,191.9219683904577,301.2890766559681,731
16190000,171.6410883025727,264.12530739041773,731
16195000,192.6906598688739,367.8759253106665,731
16200000,174.57191438551496,271.94329053973206,731
16205000,160.13566866994873,249.0241228649066,731
16210000,144.818257923703,316.82402496103504,731
16215000,146.77496331846476,374.7619565199398,731
16220000,164.0977622217736,251.15242749101236,731
16225000,193.9075980502709,311.8147391931133,731
16230000,148.82476814989144,291.98763746584655,731
16235000,203.72226581185922,313.780589133374,731
16240000,181.34230335687874,306.3884074765952,731
16245000,191.24453474123482,268.7787306548682,731
16250000,219.59739995833013,268.9089187917965,731
16255000,173.77254174847997,363.68764958936475,731
16260000,149.20625456600916,246.04325818733233,731
16265000,175.89507145481227,298.70482250368894,731
16270000,220.073191496491,281.0465286057554,731
16275000,206.8619430293777,316.91773090401534,731
16280000,186.93696235775639,336.3975765274874,731
16285000,201.51520573986434,285.20563904077517,731
16290000,163.64979210658527,281.3169438943434,731
16295000,151.53367020621576,365.58803555353626,731
16300000,182.57999002847168,257.23716465095157,731
16305000,174.33266892898368,276.60377847611807,731
16310000,178.08934368410434,289.3075032122192,731
16315000,184.6769990554843,310.0427065700544,731
16320000,181.48561681865482,313.5246607499944,731
16325000,179.56809697072194,311.53318472452696,731
16330000,172.71171555652558,311.67690628191076,731
16335000,195.5741301835585,284.98480882936644,731
16340000,183.18109055200506,267.9279394778398,731
16345000,167.51668023002193,291.96264624229235,731
16350000,152.20278345710125,348.0314834931618,731
16355000,179.6470126973479,328.25591197441224,731
16360000,151.93833176841815,294.9009002175962,731
16365000,181.84202769603493,313.82333304385696,731
16370000,210.99020758078012,312.89559094581165,731
16375000,199.47339486389515,297.33589212052124,731
16380000,189.63250683573693,209.39055843194598,731
16385000,147.4771368524252,263.353912401729,731
16390000,170.55518125602327,294.75690476581593,731
16395000,165.75096395338923,294.22821091800716,731
16400000,186.2317475351061,306.37318474378816,731
16405000,168.84886681977466,322.393279520715,731
16410000,193.02514233033293,300.5530934205934,731
16415000,163.45585356023628,269.6501435990413,731
16420000,190.66399306429597,319.69730839003904,731
16425000,191.6179174439446,242.4900411562315,731
16430000,138.99724737890475,330.4517154874875,731
16435000,157.54867498721345,301.75268025049985,731
16440000,166.5099214646388,289.34605034187996,731
16445000,166.09658547416794,282.27367601981746,731
16450000,200.09360558108062,330.18995575387686,731
16455000,179.43905432615688,291.2547654760082,731
16460000,194.86496712388544,273.6053568712999,731
16465000,210.98345284126913,356.08245154053867,731
16470000,166.34506251858556,303.2873155911006,731
16475000,177.33038926612946,261.4619107113245,731
16480000,170.89211655454955,337.48142872408084,731
16485000,202.01528101101644,305.64783815711405,731
16490000,150.41683012532437,297.7420303425144,731
16495000,202.1767051523043,288.0523440314242,731
16500000,210.60483332400338,271.6835172705321,731
16505000,187.75078088522753,302.0310702493447,731
16510000,204.86108659508304,308.6282720615341,731
16515000,179.0862839390479,294.59670362296976,731
16520000,196.67280075630325,321.9809457966944,731
16525000,179.84283348133596,303.86279822785804,731
16530000,169.7284188001233,204.43196407412972,731
16535000,161.20625193295126,248.51869684328963,731
16540000,186.089611938208,313.8790377782296,731
16545000,180.0370431018188,301.9598009959559,731
16550000,193.49890063363506,323.0600384160388,731
16555000,142.35794548481311,351.61747145289786,731
16560000,154.86016080066088,278.48207227319034,731
16565000,154.75760368162486,295.9524535330252,731
16570000,169.63367216190545,274.17309183842355,731
16575000,168.3826897787318,254.06668295951596,731
16580000,192.13587003974817,250.25086431777137,731
16585000,196.66372587191103,311.7119470755087,731
16590000,169.5832399209139,366.1999932375775,731
16595000,171.33395635820509,283.1198501837643,731
16600000,194.82157253546615,327.63235239441457,731
16605000,200.35684760229287,300.15815177501247,731
16610000,171.73692135857448,304.88057338009895,731
16615000,155.70491126876846,324.29375575150766,731
16620000,170.37045326200493,219.27754117263314,731
16625000,209.76136648138092,371.82028997397316,731
16630000,176.05282872571482,298.02732072048025,731
16635000,183.72370765678673,258.93832258023696,731
16640000,182.16701813791698,312.63585509492896,731
16645000,192.52888711989726,273.3555886908031,731
16650000,135.39650339027133,269.33048057044647,731
16655000,165.00080983840533,334.6250686879572,731
16660000,167.54526281104765,262.22901560696783,731
16665000,160.615084666648,421.6544403046384,731
16670000,195.96233502927774,307.56017651500025,731
16675000,136.65395430331475,316.39708992573946,731
16680000,183.78724591476103,280.21409446170713,731
16685000,193.7782168860131,362.13064842058145,731
16690000,172.51684720769398,291.7746600702473,731
16695000,189.73490527163884,276.91725097541075,731
16700000,166.94854046136604,380.00499158825824,731
16705000,182.33872631324255,267.7862932821894,731
16710000,169.94285597111642,369.24860680834894,731
16715000,183.8969151029258,266.00741545659525,731
16720000,141.355760545133,290.8469292535959,731
16725000,134.9491088985118,328.4826791793389,731
16730000,144.02697768745966,250.16352777040098,731
16735000,188.29044261305683,275.98140358824827,731
16740000,183.49860396100155,423.7138110147561,731
16745000,174.10999825361532,391.90344024627615,731
16750000,209.28876731778766,313.47099629021056,731
16755000,221.6118406135961,297.7164725725264,731
16760000,169.9720986137337,275.9642422421993,731
16765000,194.56295195250678,287.98151953028895,731
16770000,177.2322529990194,254.815856286967,731
16775000,170.92802705110657,297.51874122636025,731
16780000,205.35150062752007,306.57401884490275,731
16785000,132.61300896161285,269.47729944613724,731
16790000,160.37585397030915,273.15727396361876,731
16795000,168.5501274419629,227.73538002897928,731
16800000,178.18087907501504,305.966517144902,731
16805000,186.87632881947874,326.70091776237956,731
16810000,167.75444782218597,345.19544444598597,731
16815000,191.5914429582535,309.60654449419064,731
16820000,157.70559046545958,299.6903686311198,731
16825000,205.6088608054504,342.2376896488287,731
16830000,204.69285739377045,318.0895381676469,731
16835000,187.65015626189327,262.83246145009065,731
16840000,165.52055202173517,311.2880704432089,731
16845000,166.43534469917202,253.1110792291137,731
16850000,201.97122102449774,270.38548333615853,731
16855000,191.60956488558435,293.65468763712846,731
16860000,198.62509592796698,283.9521689994378,731
16865000,161.1180556147084,255.45725217380232,731
16870000,206.41196370833237,344.08680678116144,731
16875000,204.91724289666323,250.68423671572816,731
16880000,191.62998322335548,296.656379126352,731
16885000,174.55382533639863,226.95060062509214,731
16890000,192.27699056443626,307.9964932751902,731
16895000,151.82824187777038,246.76863845539083,731
16900000,189.15460483892102,289.3579660401377,731
16905000,169.28325508307344,267.01671010922837,731
16910000,172.28639321550625,331.09310101252424,731
16915000,183.82749983314895,282.42261268774126,731
16920000,167.738637648554,386.0296428207848,731
16925000,169.51593608453965,292.0166432399985,731
16930000,166.7891449084337,378.4694548195613,731
16935000,204.79572356022942,321.2317827978633,731
16940000,172.79779343881685,280.55885975571783,731
16945000,165.59562237167137,325.4412653364605,731
16950000,201.13057728264383,285.0085832827383,731
16955000,209.38613548712254,290.5869567428812,731
16960000,198.59556521751747,281.19730816574344,731
16965000,158.38001715334363,285.9042040563852,731
16970000,212.11055538195978,327.17099366455824,731
16975000,153.71207048329325,283.51451801531545,731
16980000,170.8730514949547,302.7173272648193,731
16985000,166.90021114089237,335.44218109560586,731
16990000,216.79750889967644,288.2481063189021,731
16995000,177.80284034419887,304.781723466635,731
17000000,152.21172826248608,321.6214479344357,731
17005000,136.7566763187444,278.3524001822544,731
17010000,183.6072904821062,289.16776633652063,731
17015000,216.33728518277272,337.7993569059648,731
17020000,179.44897802536173,308.4397731672658,731
17025000,203.4737126556738,313.3666377258001,731
17030000,165.50480319993795,251.03470841127685,731
17035000,163.0116863845375,240.60320086606708,731
17040000,159.15012760363362,267.7121119450773,731
17045000,173.02979986535084,313.4070530175698,731
17050000,196.52833927540442,235.0943800630746,731
17055000,178.74420830957334,334.1730950152455,731
17060000,180.82470546345945,354.1079608785195,732
17065000,169.78266608197407,298.0298628316875,732
17070000,166.16900504108656,269.0601886680697,732
17075000,222.83730045563846,294.65836458115325,732
17080000,231.11874743482986,391.0876646001238,732
17085000,201.6096905570505,254.39334819163062,732
17090000,199.4742198270952,327.61126163148623,732
17095000,152.04592771263026,265.61555480630534,732
17100000,135.35377269651977,318.4230462903482,732
17105000,187.6253309036715,293.6340590847537,732
17110000,171.20460610056423,302.745183850318,732
17115000,177.60734018493247,285.50018831796933,732
17120000,154.63749377058363,328.7955725149467,732
17125000,169.93743987129298,299.691867309225,732
17130000,160.32674161233103,316.8400240666869,732
17135000,222.00184154862978,325.90272826487353,732
17140000,191.94135911325847,279.721947597393,732
17145000,153.18208630932034,253.21400058278965,732
17150000,146.26921374865233,277.30749822583243,732
17155000,213.33979522876515,282.2062577593717,732
17160000,169.8608850811561,307.2978289330537,732
17165000,156.36400184243115,376.29756111184133,732
17170000,129.60525808264137,222.8003981203153,732
17175000,176.44503958610815,289.17128690574987,732
17180000,159.223796237726,251.38466710164099,732
17185000,171.86624235498869,293.3449249091694,732
17190000,153.44212853813514,257.1142403356542,732
17195000,200.2848361040751,312.6210063129612,732
17200000,135.4246691796584,257.83681096160996,732
17205000,165.04150346085214,285.5651184403542,732
17210000,196.45556219648938,285.0468869416754,732
17215000,159.29556159177207,258.2610700201571,732
17220000,180.50632510254906,360.47726164567376,732
17225000,148.7437794053755,293.8101895473759,732
17230000,184.2579029898829,268.9209138142492,732
17235000,153.36537432407005,323.4910877153085,732
17240000,178.26315440506897,290.44476998707916,732
17245000,151.30702708362284,278.7238539068257,732
17250000,165.8433653520094,365.9016702804787,732
17255000,166.50377154573997,276.2532749246167,732
17260000,194.8168321497332,360.434915891314,732
17265000,163.7160871440405,296.5053487305761,732
17270000,187.24545669026963,263.04091247587104,732
17275000,217.31207967581022,326.11116306746396,732
17280000,181.46073298168793,284.5487880793701,732
17285000,155.19753519775563,312.44854426531873,732
17290000,192.56147604332313,341.5918540626462,732
17295000,163.82135000146147,235.89141746567523,732
17300000,161.71369052429736,306.10217296897,732
17305000,203.70795205020255,379.6863914740206,732
17310000,182.11462076524842,340.17251737491995,732
17315000,174.44181280690125,270.9982367719425,732
17320000,159.12456589587515,358.23398403641625,732
17325000,193.2595364275274,248.97933336791252,732
17330000,201.5156030157766,275.7818674127033,732
17335000,162.2209575779663,301.0984937561709,732
17340000,192.4593942063485,262.38401216650107,732
17345000,183.43800071076996,301.16466022556136,732
17350000,191.61227896013756,300.0921908577557,732
17355000,165.8974447433018,290.85448078509836,732
17360000,177.85877478564075,315.90362465700764,732
17365000,194.98396652426766,340.9602934322032,732
17370000,136.59781644928606,280.67872988804527,732
17375000,189.79478882033388,301.82666597160824,732
17380000,215.68851069013814,255.1504583624733,732
17385000,180.43265212244359,350.86249558109677,732
17390000,182.36875196584938,356.9638233712153,732
17395000,175.40536389462113,361.1999212049598,732
17400000,174.54320188749602,297.85682283978986,732
17405000,163.9430485312394,300.42983138737844,732
17410000,165.98685522690403,291.10776907081566,732
17415000,198.05682377819556,329.42564386254537,732
17420000,180.75681021980708,312.4158633606383,732
17425000,173.10698021874717,257.6352440230289,732
17430000,175.73996348602535,295.6868702926184,732
17435000,174.53751067901698,234.416855925535,732
17440000,176.7940853450847,322.9679944714788,732
17445000,181.2276254540455,352.21208415526723,732
17450000,233.84015802943208,264.99023990333677,732
17455000,205.45914940020705,304.37344672733644,732
17460000,189.97989744341285,318.4201915166275,732
17465000,213.26626793511716,278.90795400871474,732
17470000,196.96432885671305,393.7798421793926,732
17475000,163.92346179597166,309.17758395085275,732
17480000,132.05039816180388,257.19688705457776,732
17485000,188.68822366480612,296.7981097378376,732
17490000,171.84058566965095,282.9679243455578,732
17495000,179.54311987626167,247.0493433705872,732
17500000,183.04226724902477,266.684144396033,732
17505000,198.36975928268726,252.99571478598583,732
17510000,165.02232338213864,292.084134998885,732
17515000,196.31463533422593,268.1887741515209,732
17520000,148.31802591512613,272.1344673227678,732
17525000,185.69637872258173,295.27182313484496,732
17530000,176.0844714713976,277.27551295042826,732
17535000,183.21210939432248,279.0976443874479,732
17540000,197.16486391565476,341.06341319745206,732
17545000,164.91614883060217,350.1736567947709,732
17550000,195.19256963003394,307.3273176973645,732
17555000,185.47321800130294,309.84342187607837,732
17560000,190.56655240814447,316.11542020927516,732
17565000,166.61936343136077,333.07039800335747,732
17570000,153.360942704021,307.24995415320893,732
17575000,161.00207689416604,318.5070283210126,732
17580000,221.16343742324932,270.503677614676,732
17585000,172.421522630671,302.3000270903415,732
17590000,165.21847443713216,278.52873453438053,732
17595000,205.80894493730227,267.6019465541083,732
17600000,189.29871186787253,276.45345730511514,732
17605000,175.90012285117598,289.33653768836905,732
17610000,149.76578926669205,334.66558707996603,732
17615000,178.21252022296412,325.1692775090588,732
17620000,162.96626591104962,284.6718297909162,732
17625000,194.2826420658523,315.63041012600974,732
17630000,205.23175662741477,247.47242932263066,732
17635000,161.13136832348994,366.8979777326667,732
17640000,200.62404775156452,267.788182889437,732
17645000,200.2285379838964,334.905490625336,732
17650000,164.95533597865983,284.36423261053466,732
17655000,182.27053271827958,320.4951637588256,732
17660000,151.97947628113198,342.2753790733309,732
17665000,189.774867362354,303.239952558588,732
17670000,192.55733719948094,348.5124930614294,732
17675000,224.05953782467245,290.45441682858666,732
17680000,161.7056884571665,274.55531466208794,732
17685000,172.17866612491972,324.96505062359483,732
17690000,149.28985321446024,304.0190370247404,732
17695000,119.31398645985158,244.47068883301114,732
17700000,229.67826426128318,280.0727688587287,732
17705000,166.5406990195934,379.45904336824594,732
17710000,143.13089925443495,272.649978973489,732
17715000,154.7521561547118,260.965796282194,732
17720000,199.9719779299385,305.08593798390905,732
17725000,161.6833754264169,366.78105738253765,732
17730000,154.6420179005774,325.29560228245066,732
17735000,158.39201637467838,256.8100092626784,732
17740000,234.03618176745948,341.78498247366053,732
17745000,178.98894943634383,350.864849057628,732
17750000,210.19110546021216,277.53205632310636,732
17755000,206.11156200406828,292.85474453746696,732
17760000,161.31223891446348,262.007728612755,732
17765000,162.21737268903706,331.66144844107566,732
17770000,195.08891030911337,366.89422418636553,732
17775000,193.64741100668738,346.19149140366864,732
17780000,180.15489748599254,299.0905478165745,732
17785000,168.032050907893,294.8538807168031,732
17790000,203.66119562245345,301.27927708201645,732
17795000,175.43555306575882,346.2147105044004,732
17800000,172.21616556809474,281.7032924378028,732
17805000,151.23123253192492,294.5780744650209,732
17810000,209.63456398366623,352.4307956899549,732
17815000,183.11200355076738,294.28470914122096,732
17820000,200.6852136156447,286.96462005750783,732
17825000,171.96069544545705,325.7929281342107,732
17830000,188.0472115960334,336.23942407856305,732
17835000,199.40547758254843,273.8817159055683,732
17840000,195.85010114657842,315.2760150934383,732
17845000,189.3360315224475,345.42431540270246,732
17850000,211.62291963124676,292.9783156256955,732
17855000,142.9100850250917,350.6249607161225,732
17860000,141.53521371237775,304.3369701717193,732
17865000,178.7328286730933,307.7478993461404,732
17870000,164.0232366443264,291.0466027320251,732
17875000,195.806612982337,306.9059923445259,732
17880000,209.1902912569727,287.2570571405084,732
17885000,185.97285378551325,273.4462669865353,732
17890000,176.79714388291353,313.382797013891,732
17895000,170.47396335027196,281.8233596163042,732
17900000,159.55809604452799,285.9340866238377,732
17905000,164.82660287281067,281.69420584811337,732
17910000,188.01806056171992,294.99356606683625,732
17915000,170.8407003326041,354.0387297699944,732
17920000,156.55350305607817,315.3292402278348,732
17925000,147.43606007679767,298.37888913578195,732
17930000,181.515137048628,297.7534079905991,732
17935000,172.50617426760937,285.6413074861094,732
17940000,196.12914556157546,329.102439836605,732
17945000,196.43184779361428,324.1683685488137,732
17950000,172.35287829751223,290.7379996580596,732
17955000,158.07839130669979,293.27191587270966,732
17960000,186.97308354185589,299.48253087566724,732
17965000,211.73575096005905,291.48755406516534,732
17970000,187.6228355224589,261.0564018291216,732
17975000,180.36951775456436,336.5423767367164,732
17980000,146.32130872983848,301.91441869659985,732
17985000,171.34566923759107,307.8821659335697,732
17990000,168.39791207686733,333.612098083946,732
17995000,160.85312272463065,298.0637507875169,732
18000000,184.9448422266393,350.76331304918085,732
18005000,131.40319055095694,294.44408493571837,732
18010000,171.38764734401244,343.99617469258965,732
18015000,202.71269027497277,325.9161318920125,732
18020000,187.30916509303916,333.9255155274966,732
18025000,153.5038128843968,288.77886274971155,732
18030000,187.82148887346656,373.2125221097145,732
18035000,181.78264407040402,286.5158286428573,732
18040000,173.00361981589475,315.8241564929395,732
18045000,180.73469276116293,343.5742997209867,732
18050000,170.6629325172078,291.31556126991205,732
18055000,191.1066208943176,279.1043698014229,732
18060000,203.29974493629302,326.4427642921223,732
18065000,155.58146996292652,285.61754124667726,732
18070000,141.47178244125868,283.23716957078665,732
18075000,139.7032844116273,281.3844642355717,732
18080000,169.67230478034426,283.86381153841415,732
18085000,164.37593457256048,342.7889068429299,732
18090000,176.95369992529552,373.0379097606543,732
18095000,148.0509170143837,369.6464455975944,732
18100000,140.3444821315876,321.7244041471397,732
18105000,166.70832360167526,356.4587626840166,732
18110000,202.90808297299654,301.9596479926655,732
18115000,198.61136264621888,259.24100704097816,732
18120000,198.09029059657146,297.65775395698864,732
18125000,192.21307729840086,272.26394791960263,732
18130000,143.5247478992709,314.0988153904152,732
18135000,157.40264268454854,294.3347283579973,732
18140000,147.22750391002148,278.33123734234243,732
18145000,158.56045029885476,295.54312762627865,732
18150000,196.00221081365743,279.8031584599554,732
18155000,169.29638974887064,297.83977787286153,732
18160000,157.6688389359722,325.51820104036284,732
18165000,183.18385542294465,275.0714351997095,732
18170000,190.86048800611007,268.16297710833817,732
18175000,192.02687581161345,254.31336633359138,732
18180000,152.2592727114923,267.38757244622155,732
18185000,173.11163758732016,371.91914307360736,732
18190000,194.36182031698962,293.90829676902933,732
18195000,117.51501807775945,294.10973546822356,732
18200000,184.44076393621737,280.98625412806314,732
18205000,155.91088539896853,313.2002104847186,732
18210000,189.23134606112637,295.3702234023597,732
18215000,159.21296673555057,275.3412184493701,732
18220000,175.5845093183946,345.02612041911493,732
18225000,167.80807129278134,354.69214433129304,732
18230000,171.10782448744754,322.3213095444832,732
18235000,221.06780152159146,333.8248241119577,732
18240000,179.10672956886353,317.34602946175903,732
18245000,188.74768720602387,303.85747379514015,732
18250000,213.11016813983971,323.3825757922043,732
18255000,134.88155251453696,264.83064265399446,732
18260000,162.14042415055397,282.4339164391704,732
18265000,183.00902037723523,312.95965973110657,732
18270000,205.96675874663967,329.35078511904794,732
18275000,195.82040771464668,302.81654952490186,732
18280000,172.97450148356168,298.12442320934315,732
18285000,207.8873198499639,454.82626001493014,732
18290000,179.4457000862451,284.1933009865965,732
18295000,177.56569485199068,248.2693153322171,732
18300000,136.00586372138375,264.7922744738271,732
18305000,233.12450632534998,314.0934214990198,732
18310000,170.4741530019307,199.11355997152634,732
18315000,177.80045263790072,344.5919568251493,732
18320000,180.03246230209163,287.23974862832836,732
18325000,194.26288909294502,295.5925894020094,732
18330000,140.08811423769305,272.9193942073706,732
18335000,167.23126169132064,284.00417496244427,732
18340000,179.3588931495795,244.49500297787193,732
18345000,177.93395268852768,261.0218600589285,731
18350000,179.18705934747194,352.09139187567826,731
18355000,205.27439876930418,293.0507580219045,731
18360000,159.95878731115542,269.29186781603005,731
18365000,189.02638728319778,261.06296961500817,731
18370000,156.20090234654174,324.3315218686828,731
18375000,183.84310173418055,264.13293101908414,731
18380000,203.1666637598062,309.1286428076899,731
18385000,178.16311063871035,283.6059300942636,731
18390000,173.8572861474401,280.3996766117647,731
18395000,194.57106940039506,316.2058772407008,731
18400000,167.29008712052823,325.4898999679708,731
18405000,196.07176345295593,278.962315981933,731
18410000,152.95080665193768,264.17499043120006,731
18415000,170.14202264559816,278.45815010144975,731
18420000,170.69504864647223,300.3624972511026,731
18425000,168.46749184342002,244.9849367644972,731
18430000,171.20372149881405,264.7888158026723,731
18435000,177.0193794781474,281.0017293970474,731
18440000,170.14404076128824,283.2987804385703,731
18445000,165.05817097401666,309.8014101157737,731
18450000,185.86332020800083,326.769360907792,731
18455000,164.44381395520998,281.3355699531707,731
18460000,181.91969355478977,249.4781054483089,731
18465000,176.67672960840594,291.34212084352237,731
18470000,189.11980640718625,313.79596861034383,731
18475000,176.65669205096884,326.7160988270535,731
18480000,172.1241834685279,264.14344980227924,731
18485000,183.14471700952322,293.02791849139567,731
18490000,173.78233227912872,252.4625243944722,731
18495000,176.20147465474219,257.35757053449873,731
18500000,202.45979113263917,371.60515669438195,731
18505000,165.56264031658546,345.760846605083,731
18510000,180.96649437574598,369.62832972815494,731
18515000,174.2293447973409,271.2065070982198,731
18520000,150.41165876516274,306.3330799770428,731
18525000,186.1006081703748,354.3342130411802,731
18530000,151.14920536036124,306.4190211876082,731
18535000,186.54160805816684,321.42848640183627,731
18540000,191.77548535886237,336.0087869133662,731
18545000,161.66687693048343,311.3503288721387,731
18550000,168.80310950009925,339.1101588158359,731
18555000,187.17304736889128,341.0466197549272,731
18560000,195.28358941345562,301.12240678636743,731
18565000,150.83869053808002,313.67500188704895,731
18570000,173.52265603090285,301.63699443014343,731
18575000,185.4707914447309,277.6853778040816,731
18580000,126.44229366154588,270.37995194910894,731
18585000,195.67674908610633,267.07618155674237,731
18590000,166.9646574450216,340.8146616967514,731
18595000,182.98168235480853,224.38022881266397,731
18600000,195.91404010763765,279.18901881789316,731
18605000,168.91373876404782,348.86095394000677,731
18610000,210.70739959018954,275.51523281582786,731
18615000,158.94992291515985,344.12473166050387,731
18620000,151.72916409305685,302.8971353206935,731
18625000,185.80084467903066,309.28877965927836,731
18630000,198.28882196310104,336.32858858460907,731
18635000,180.44288648250924,328.88096580466316,731
18640000,160.23098098762347,337.1142914281131,731
18645000,184.00978188007932,295.4406532452379,731
18650000,169.9924099128671,319.3497672826586,731
18655000,186.24341723611005,316.08024041864564,731
18660000,178.24300086808933,228.43163406184024,731
18665000,137.45258872765137,235.6798979299071,731
18670000,188.51333580638854,307.1691375649555,731
18675000,201.37132745549565,311.9559976547012,731
18680000,184.40439644940994,321.85099489260904,731
18685000,189.15126699335767,350.4583489283231,731
18690000,177.9365327272977,304.40438814799086,731
18695000,166.79905284567408,288.4395861931033,731
18700000,186.2435633478201,283.1583341393818,731
18705000,175.42767034041992,398.73936126705706,731
18710000,200.24835397239656,304.93716030273737,731
18715000,170.7707102878991,294.4249763259125,731
18720000,148.3761792422252,322.4000420848068,731
18725000,177.47282081568642,329.9849079189614,731
18730000,150.6304302762205,294.3412223357355,731
18735000,161.03022323411545,297.8018538740202,731
18740000,201.55391958137372,302.2645774824714,731
18745000,171.04692922790184,283.11171381121864,731
18750000,165.94109517430277,283.5665721168261,731
18755000,180.5900535674201,288.6122618804184,731
18760000,206.20618665939034,288.6615811363388,731
18765000,193.231959863962,305.3626635191912,731
18770000,169.83756697320058,291.03656157040655,730
18775000,148.14846834655745,351.4054551256625,730
18780000,191.59539641574312,316.1518081230948,730
18785000,219.9646045713195,270.4262898857925,730
18790000,160.73145073482158,336.8115140049727,730
18795000,177.0712797147462,278.97699090643295,730
18800000,184.09480294407305,285.06449252120024,730
18805000,200.05448560138944,352.7665527036972,730
18810000,159.78700798975729,271.7429909433412,730
18815000,180.58663947675177,342.2099947275225,730
18820000,169.04377448436782,293.6722407239201,730
18825000,186.70967153656838,285.4261595130148,730
18830000,167.5438967363689,269.983806773561,730
18835000,195.7341455568914,262.69440081305135,730
18840000,182.80269370799388,257.9761552701124,730
18845000,149.8416921030587,342.2765098208203,730
18850000,168.79406453133217,315.9816315568137,730
18855000,164.78569931683697,301.49085423898475,730
18860000,185.20186032689531,268.2436886290733,730
18865000,191.25537352634763,244.2081148823237,730
18870000,177.81552004640966,301.13137343365855,730
18875000,200.11197341941715,305.9901107791435,730
18880000,178.97034002973945,293.16556976049645,730
18885000,164.33836897890671,320.35244077768465,730
18890000,163.65444062072723,293.4634068874305,730
18895000,169.40928749633628,306.427998678264,730
18900000,190.03974169582654,300.924695285975,730
18905000,195.51513391386658,265.3350583357988,730
18910000,172.03125121543124,317.8670652935086,730
18915000,156.38020359808434,303.40140106626484,730
18920000,149.0436688862069,255.10600959474073,730
18925000,169.25519150108323,336.89626419086096,730
18930000,206.52569661283172,298.25259992904677,730
18935000,182.1503380238552,276.68013162217045,730
18940000,141.3946973022846,289.6007184756918,730
18945000,220.391148992932,339.69276956362734,730
18950000,176.12617338019427,277.0425376142203,730
18955000,197.69071291537696,304.79219404012326,730
18960000,174.8158028840426,366.85676739482483,730
18965000,161.91810373249422,298.3033792532515,730
18970000,188.84360293354845,280.95773415628844,730
18975000,227.97409519107686,312.4774606530119,730
18980000,169.9424650866433,322.22150923089845,730
18985000,177.4853949788329,291.73212411083756,730
18990000,129.36750612971974,213.86741464200904,730
18995000,166.63831168182517,317.89473032667564,730
19000000,190.52014021925135,289.04440349236864,730
19005000,201.70097530059118,317.3812123049553,730
19010000,194.0121680121834,325.93588919293234,730
19015000,246.55352867646172,257.19611834133923,730
19020000,178.45718811027183,271.62564771439924,730
19025000,149.85353282005684,329.3107500527283,730
19030000,193.06109622799335,322.9243329269997,730
19035000,166.6991338395126,365.9090748667809,730
19040000,174.46976206628486,282.7569542100189,729
19045000,169.45511169983763,358.52677026544046,729
19050000,164.94178513032136,298.5869699235367,729
19055000,187.58401104080383,323.55315704438027,729
19060000,152.36133024671605,352.1059006478907,729
19065000,189.8065584342952,292.496744462502,729
19070000,150.4129383947376,353.44627220399144,729
19075000,183.14422149872104,286.20795340412104,729
19080000,144.14501756189938,344.1830498145287,729
19085000,192.3945552825313,308.51209934085614,729
19090000,193.50464378471239,296.1889026090678,729
19095000,181.9050318114544,310.5588269134652,729
19100000,158.56131563816686,322.9998017882927,729
19105000,160.97224684985125,336.01007154969415,729
19110000,193.78463600209412,321.2006994464422,729
19115000,158.84116012103647,271.25346870524464,729
19120000,185.97794749150103,338.932762261696,729
19125000,192.60882554265982,316.13205235069773,729
19130000,208.05829650932165,336.3444586210504,729
19135000,134.7248770108525,338.55488224719323,729
19140000,186.8837887501079,314.38147016961807,729
19145000,166.91141167717123,279.9833771947604,729
19150000,160.1468110744066,234.84106883855281,729
19155000,197.071672446175,380.1287351336634,729
19160000,183.51704267262082,305.53675171540283,729
19165000,157.68234589725088,323.20996810908844,729
19170000,187.6824704462391,285.80470886483903,729
19175000,187.8864243828593,319.0554297311248,729
19180000,203.25869379116259,254.2978686615956,729
19185000,177.87696102057143,332.26166853327044,729
19190000,193.60611568906995,250.78528900761282,729
19195000,200.90075671921286,326.3415085442641,729
19200000,177.63597921966152,291.1558374315525,729
19205000,197.3114219426632,271.6953796629441,729
19210000,130.09179783632823,325.52809683718067,729
19215000,155.9074067490842,328.3173989391306,729
19220000,147.16752890336198,279.6186239984154,729
19225000,226.32781639057313,291.36636021283897,729
19230000,199.22376261806923,277.564909867607,729
19235000,186.23507268684017,323.6546760569849,729
19240000,211.92292062850828,275.8302205905881,728
19245000,145.63847383089373,275.71421010237384,728
19250000,144.79670388568127,278.9814453411238,728
19255000,146.64671568534018,301.5006561315449,728
19260000,212.19122170734593,260.99015112187095,728
19265000,149.02037704386143,295.90459708248613,728
19270000,192.02929829675378,357.1999716808583,728
19275000,230.9439850786201,312.579884757858,728
19280000,190.78038677381483,398.3908138086604,728
19285000,170.12987581885326,338.85770154308335,728
19290000,178.89230359207144,272.28318566477867,728
19295000,185.712863642925,333.59122828218494,728
19300000,180.84115819782372,317.5730476894712,728
19305000,185.6860271536808,300.9605016041724,728
19310000,174.13034654012088,264.1234418154513,728
19315000,166.51209224431628,288.2386571088435,728
19320000,168.77510200814962,320.83731179267437,728
19325000,169.96723877935844,322.51214928976236,728
19330000,177.3835130409143,348.45372393256974,728
19335000,161.09621246177983,249.44232631742344,728
19340000,142.4334064659669,251.9347121269371,728
19345000,214.4788590266229,395.57588238343385,728
19350000,146.76735333484467,285.8619670843082,728
19355000,200.39623957540203,356.8372979562869,728
19360000,182.054116830268,327.4477980635007,728
19365000,198.66719037892196,306.01703908042845,728
19370000,182.37040571352472,315.2221493934916,728
19375000,175.27525308226575,304.67118288804596,728
19380000,145.9421194793515,259.96291706916946,728
19385000,193.35793234880032,337.5491821938457,728
19390000,203.1296097526075,310.99984385184047,728
19395000,202.09900482136675,283.44707222871205,728
19400000,164.63101365289074,318.6267898968567,728
19405000,186.63780607119048,299.4183953043913,728
19410000,174.1491145285826,298.7184089216066,728
19415000,186.5381096638238,294.0138134498231,728
19420000,162.43265571921768,262.14115650765723,728
19425000,198.09259477513507,268.22560288508043,728
19430000,154.96685276221544,246.65489194302296,728
19435000,180.84638437060408,306.13208053112,728
19440000,168.28051193494156,274.4167680528369,727
19445000,173.38366234564785,305.5198036859154,727
19450000,191.66368898165737,373.1112896517045,727
19455000,192.02847505407712,307.4209648477831,727
19460000,143.70200565773317,255.26100064900896,727
19465000,164.97739378733164,292.52904673659725,727
19470000,185.9989067052198,277.9618566495184,727
19475000,176.36881284153924,269.9635919309142,727
19480000,156.2107465100118,276.1327677912992,727
19485000,208.20551171056053,334.0513567397209,727
19490000,176.45415011907048,305.1728403625795,727
19495000,157.76566708907248,349.2327752946248,727
19500000,144.72008426030624,244.92981456601674,727
19505000,157.17986240305385,282.6220287908368,727
19510000,195.73805948780912,326.33336964043383,727
19515000,198.8005560242906,284.4461780185425,727
19520000,219.5902179657688,294.45511854569315,727
19525000,162.37027049701265,280.3342296371502,727
19530000,197.44831035655895,306.401152847346,727
19535000,165.05363964968802,244.743291191146,727
19540000,202.2512592937598,301.7412703637691,727
19545000,142.93125402368656,400.30954883610394,727
19550000,167.1513767122354,327.8968548419403,727
19555000,160.54309943859798,284.2712418855481,727
19560000,163.82182711419347,314.90712490008355,727
19565000,139.67865758414595,320.7005950320221,727
19570000,179.41369527120594,305.6323039590265,727
19575000,193.11955678565243,328.6722713474563,727
19580000,210.25910192328885,325.32091689776536,727
19585000,140.23200237259826,328.1545038925371,727
19590000,152.69071509806207,259.683862245901,727
19595000,187.43052116645546,273.4106836872972,727
19600000,194.98250996109408,319.815171608058,727
19605000,173.03441510323722,278.9318871965091,727
19610000,149.8021293035342,295.3952855289807,727
19615000,193.3915467857782,322.7848951290428,727
19620000,154.01582813946382,303.7748827901206,727
19625000,165.40187359080576,288.08383874344474,727
19630000,161.78163804884423,328.6611572485549,727
19635000,219.04152107844584,344.70018501597264,726
19640000,122.62178256784708,294.203423932286,726
19645000,174.21416289033448,288.8464057179903,726
19650000,182.42361487608545,351.06124924627034,726
19655000,168.67126759543228,283.61392862365034,726
19660000,181.71324218738252,261.2868264906102,726
19665000,203.6413916465104,313.19834900697055,726
19670000,174.60751329707037,317.38356113505034,726
19675000,182.85513945038693,279.31808620792276,726
19680000,223.96864032247535,348.3669371973672,726
19685000,165.65331316469002,279.79194248164185,726
19690000,154.79224132110963,258.11044080199224,726
19695000,217.7614769521574,347.9889874183431,726
19700000,182.07077176515605,317.3963400138909,726
19705000,174.65833409530404,337.4690581105413,726
19710000,195.22877995155432,287.33964841194046,726
19715000,180.9411992401952,297.9126881063725,726
19720000,190.8774035814888,200.83259696392372,726
19725000,169.0817355746371,324.3301131841952,726
19730000,220.5400735715802,361.5000958208105,726
19735000,192.08321506349458,290.5689236967272,726
19740000,157.49542907422637,333.97984384997767,726
19745000,179.16746141422934,306.6351993608254,726
19750000,151.42519347170787,330.0082009171329,726
19755000,157.61043504167074,263.02263312865955,726
19760000,173.51203213397062,306.6477437694176,726
19765000,178.96810875952352,260.8097950652115,726
19770000,140.98492724905313,277.0779190807636,726
19775000,143.13770750085558,386.3755600318977,726
19780000,157.78837463489293,300.79916773426146,726
19785000,182.7465930250701,350.9152569302431,726
19790000,153.09048966108543,263.3508814261411,726
19795000,138.30674824003924,285.681709503701,726
19800000,127.42813553865247,347.5053454406333,726
19805000,164.3936033101582,275.8214391797036,726
19810000,193.5283449836519,276.1459512465558,726
19815000,212.97499351305225,264.27773381904996,726
19820000,168.67212401795737,344.0476506235674,726
19825000,176.4828313372961,297.81437172090364,726
19830000,181.4133890460687,337.59826609817446,726
19835000,191.179812604109,345.66549291453214,726
19840000,176.04528769557658,277.10207127123243,726
19845000,185.75045364578182,287.43383472668023,726
19850000,182.9380495514796,313.1143521188537,726
19855000,204.67662826780338,326.057047639386,726
19860000,185.4207296703161,282.8000763378519,726
19865000,191.16612239689914,322.96602137360503,726
19870000,179.15487150912512,285.4756849535202,725
19875000,167.77804086102353,319.10657299029856,725
19880000,156.4087287740603,301.4202342855408,725
19885000,175.59650303553846,398.43319485423547,725
19890000,176.0789415020374,381.98179567123395,725
19895000,181.0184846851808,262.4620901294262,725
19900000,180.96100068321363,279.37765008242917,725
19905000,126.2985051088269,238.1371482176318,725
19910000,186.38281745921014,249.72798662774866,725
19915000,194.23137346458148,324.8344191412887,725
19920000,184.1821568258396,303.99720025755676,725
19925000,162.30944671542446,290.19636956078904,725
19930000,181.87420533065526,290.3000074530632,725
19935000,182.99341420665723,289.89652589603327,725
19940000,218.28330350397744,305.558089014845,725
19945000,154.7236713160148,255.77818831443517,725
19950000,180.52517036913378,273.09524606427277,725
19955000,160.81264755486006,249.36738082065958,725
19960000,156.90697469125038,275.0246422214078,725
19965000,186.68587556808356,265.4014027261968,725
19970000,235.36883415132482,266.5074810946296,725
19975000,191.95158169782167,331.01633690656706,725
19980000,189.2376162207895,269.6903004643052,725
19985000,168.59969134932268,266.45316441523016,725
19990000,186.58944362500904,269.38818750943386,725
19995000,163.1712339338419,301.02034699911843,725
20000000,198.3506334857891,309.6360566509704,725
20005000,170.8576218179225,223.48836906094166,725
20010000,195.94174749530444,384.44241297775534,725
20015000,121.69466646883694,276.91004334027156,725
20020000,171.49329210494838,247.20108101833682,725
20025000,177.7649986354442,278.71120240033804,725
20030000,182.8115316916506,294.18320974639204,725
20035000,197.83321196457246,295.57902209576935,725
20040000,207.25169023569106,342.56063729428394,725
20045000,204.41642048310752,275.46070622484694,725
20050000,174.9592481479798,280.58173025877755,725
20055000,151.10587836593032,318.5235038006119,725
20060000,195.3104335556064,301.75134955354844,725
20065000,210.68327845615062,281.70286324786775,725
20070000,167.7776879241117,336.16727881033637,725
20075000,166.90621859596635,308.1442580064337,725
20080000,179.89063656485035,294.79870836909674,725
20085000,187.62987113762543,334.44186941441336,725
20090000,208.0128225033347,295.638372383061,725
20095000,179.38200518278933,307.3427010298542,724
20100000,192.65116074508094,320.4846041596243,724
20105000,176.70681860587746,287.3206685154329,724
20110000,197.14638852873088,281.2153177184733,724
20115000,177.56085977690617,349.489301901746,724
20120000,192.63648865676342,252.20706158769323,724
20125000,162.7743140507443,240.44680119393027,724
20130000,199.02551314818487,297.7852501762654,724
20135000,178.08328358005002,240.70479936521923,724
20140000,169.2743340042162,269.7975666211122,724
20145000,173.4927323336214,324.34737579567735,724
20150000,188.13842103763307,265.7699255132228,724
20155000,161.5841860374513,295.8417646278535,724
20160000,174.8867273869152,286.3499858005887,724
20165000,200.9052155627238,349.31961029935024,724
20170000,193.94994305782987,317.569998920037,724
20175000,187.33214883590514,333.48907374620427,724
20180000,147.87896880833776,273.03480120654655,724
20185000,198.18875711711468,281.2072855264116,724
20190000,153.89881580934147,223.59113176798834,724
20195000,183.8814311471185,287.45222505314797,724
20200000,207.73758849808445,269.0605566410376,724
20205000,166.00303603955047,301.212055109179,724
20210000,258.21066513421476,316.82770456014345,724
20215000,163.54503285063467,344.10973597134034,724
20220000,191.72077864311666,301.7147825421555,724
20225000,200.97779132622802,322.6440562297331,724
20230000,162.2193624634178,276.0806898694494,724
20235000,205.6472467083386,292.7587813987071,724
20240000,163.88704180048438,286.49511280314334,724
20245000,171.91302355076334,353.27912036306185,724
20250000,165.39913176272256,311.56920020844746,724
20255000,190.39518176810145,322.4096280140169,724
20260000,166.58664033763327,339.05371178156383,724
20265000,174.3200333843255,295.69082284306074,724
20270000,196.50409895055347,312.868556245034,724
20275000,178.86745873597422,311.6704084882214,724
20280000,134.8308254011099,226.03350709626937,724
20285000,198.24086993483067,319.319447896185,724
20290000,217.54321595099043,346.3203611959199,724
20295000,207.62724418284506,334.10099360367764,724
20300000,203.96734584846413,270.09038690911797,723
20305000,163.78917788688216,287.3284266357902,723
20310000,164.70706465864777,254.57494258187015,723
20315000,202.83743122901467,286.53667961789324,723
20320000,168.0947867670315,376.95912869851963,723
20325000,161.52337446059164,325.0576484877383,723
20330000,162.95628176143063,281.2175035826137,723
20335000,164.54261220157878,300.34670626608374,723
20340000,184.7816729600104,248.89716123620974,723
20345000,174.33204856104896,383.61786068078845,723
20350000,192.47501891805453,268.71053625000314,723
20355000,161.68801408832968,367.93554364858477,723
20360000,170.84759983237396,276.28997006513083,723
20365000,160.25797483149665,284.0287154321453,723
20370000,181.40397387368216,378.4418865506313,723
20375000,187.42883936623363,343.892672816587,723
20380000,189.50048974996187,273.9282831425556,723
20385000,181.56332874659176,251.20138380350838,723
20390000,182.47237597155947,300.8795158556245,723
20395000,180.09939005704155,317.837802817289,723
20400000,189.9644733354368,281.4331884748323,723
20405000,174.90452842367,249.08605579761547,723
20410000,186.35889335096613,259.5194384424715,723
20415000,174.10535603108855,308.7351420979076,723
20420000,206.83619768715914,304.6883903382817,723
20425000,178.3002857317136,281.7789258571167,723
20430000,159.08930551495405,251.1205517243622,723
20435000,211.15159638179185,327.34254437534497,723
20440000,143.90156321772827,299.90076044914304,723
20445000,165.0570737915761,269.18303425028137,723
20450000,160.8522558100627,243.2106932093708,723
20455000,168.8289442559327,323.9370616568476,723
20460000,182.48011714113323,356.24711919794737,723
20465000,199.7485406350874,371.76619746970476,723
20470000,196.4110892957096,240.40042522059093,723
20475000,150.7484754665085,341.31590126807237,723
20480000,153.62107378158385,328.3376422797236,723
20485000,166.49781671843132,291.3017499070716,723
20490000,146.1903874799232,239.59441731029634,723
20495000,171.83189585004166,314.9293940376998,723
20500000,187.0872589204632,313.6212166987224,723
20505000,178.63222048580883,323.8059051437724,723
20510000,164.16114736007844,279.9940692245156,723
20515000,168.56056182109756,301.4508876890533,723
20520000,165.41989190920387,359.2067087054208,723
20525000,211.7482420134274,289.37796430361084,723
20530000,197.39562440520064,383.40572028777217,722
20535000,181.9160418771796,297.63101382698073,722
20540000,194.50098773582954,340.43709234371187,722
20545000,133.61060344922177,288.80861908632636,722
20550000,168.03622710264662,305.44994441235457,722
20555000,175.58297426429996,392.4355370303955,722
20560000,150.99276286618561,300.7460854131848,722
20565000,195.88623471662345,303.37427986727715,722
20570000,178.18963711685024,263.56857034835883,722
20575000,168.05417059642542,318.96079758194617,722
20580000,166.0032489369218,303.96089784251694,722
20585000,169.5732038329395,318.074287847155,722
20590000,181.61670541018347,267.84942496010393,722
20595000,207.85016939135085,281.53927749758975,722
20600000,199.29854111557643,315.21129828174804,722
20605000,196.26696906531242,302.8788547752296,722
20610000,160.1403716636001,296.921958870705,722
20615000,228.33401087027602,361.4833545728201,722
20620000,209.08931461361112,383.33298198172866,722
20625000,182.4020023600471,358.05345252026467,722
20630000,174.89502129987943,290.4386747826681,722
20635000,179.9908789360867,304.09149873690086,722
20640000,203.62479589452516,353.00692318510954,722
20645000,190.57158131151252,266.853534551302,722
20650000,166.860366044173,229.79237311285578,722
20655000,145.59243846489866,290.18327286424875,722
20660000,192.80368955863042,310.04584323723935,722
20665000,186.2477543085128,277.74282275029736,722
20670000,175.52085421777636,264.11757968730734,722
20675000,156.87690721771435,322.87626872329037,722
20680000,202.3639625821795,340.704937099913,722
20685000,157.1494562315416,301.9547255720109,722
20690000,195.99884329992966,263.63894770646067,722
20695000,164.327370099381,305.1721256058554,722
20700000,156.63643610174927,262.86543970068664,722
20705000,160.8323514042946,244.74166786388795,722
20710000,170.18762782640175,341.7935757290073,722
20715000,180.2972574211503,259.7991792154155,722
20720000,177.27071297688326,308.6445949689659,722
20725000,216.83630862072584,273.7223130308926,722
20730000,162.6596845125699,276.0175971243444,722
20735000,149.2746586243853,288.92025541337193,722
20740000,154.61007110457462,300.9171888149984,722
20745000,152.20380916951467,261.4106294478976,722
20750000,194.664183945239,296.71519319946344,722
20755000,141.53799509578008,261.01594244006714,722
20760000,188.695065270668,305.1041342345907,722
20765000,139.1400738124211,277.1645607916452,722
20770000,189.36161136377626,328.1946374005957,721
20775000,152.72565101835843,279.35766605994115,721
20780000,180.22029678026396,341.7838625751449,721
20785000,165.4726319801188,262.9792192284291,721
20790000,199.78324744504508,292.41140428517,721
20795000,177.92776447967276,293.3037824427097,721
20800000,163.58605033960202,296.3908295496645,721
20805000,141.92244388576134,245.8885433791626,721
20810000,162.41996134518342,289.63373803108533,721
20815000,168.61019835036498,349.13563575352555,721
20820000,165.95079724368918,318.70845321075564,721
20825000,177.75334435154704,286.55416225221666,721
20830000,189.59930082578882,288.2571924831606,721
20835000,162.67417497378727,289.51968086792823,721
20840000,167.8844936564622,287.530873689931,721
20845000,181.72416750457828,301.38538246299896,721
20850000,176.9012029688598,347.9775337937244,721
20855000,168.32477602772863,305.57185171357725,721
20860000,122.4319648373145,252.6694294468109,721
20865000,188.9326398157777,347.4909129962177,721
20870000,213.1738898453495,381.1681173534079,721
20875000,186.7361446924526,319.377423222455,721
20880000,166.95086476510227,258.9933407782464,721
20885000,197.87330197848712,264.4433241716836,721
20890000,178.15409122554817,320.0053405113622,721
20895000,155.66832075555718,310.26577216813746,721
20900000,175.56922363748208,268.5482432255421,721
20905000,180.65577647831137,264.0476563659293,721
20910000,150.0239075780608,314.3243123506887,721
20915000,169.30983276797767,275.78725295970827,721
20920000,195.60905083999248,233.14145368196313,721
20925000,211.0622949822161,289.6362468564513,721
20930000,142.89912351871186,371.4381102235721,721
20935000,182.6208870426511,335.0096723809345,721
20940000,169.7391066903961,338.7423454492442,721
20945000,169.26001828684613,280.29323732643394,721
20950000,193.5039060426256,325.5251090313193,721
20955000,164.51216417049227,262.96303278293703,721
20960000,163.59496697685555,231.50457649906377,721
20965000,189.1117368807791,303.02870840677343,721
20970000,176.625331084546,300.15979207965535,721
20975000,195.25490612315818,293.5392867767093,721
20980000,158.69082239456577,296.44081479974517,721
20985000,188.02295143251825,296.8838595844111,721
20990000,169.8069157784954,386.02469530024445,721
20995000,191.12136081970652,280.6453144123456,721
21000000,172.47544094502078,360.9961055174316,721
21005000,144.4395735885929,296.6686218677333,721
21010000,168.9566705844132,273.13885332462536,721
21015000,187.2723214667978,257.938925208105,721
21020000,177.9901165714179,356.2582129628474,721
21025000,172.83016329865674,323.2167683385309,721
21030000,149.7553756736376,334.50141754552243,721
21035000,181.00017609473568,327.9957830678431,721
21040000,169.7423062781475,340.3940937782269,721
21045000,177.7599562576256,241.116229779879,720
21050000,192.122797731157,306.8946213102934,720
21055000,177.12874960145643,323.8381713063059,720
21060000,156.24449524136503,275.8227449015402,720
21065000,181.12292399609055,259.28278131486655,720
21070000,182.74664793904552,318.70742991699535,720
21075000,159.5921365397893,267.4674634597332,720
21080000,213.0183873511894,340.22041295805224,720
21085000,160.87012702244613,294.9233363305745,720
21090000,135.24914581661642,329.59240998428896,720
21095000,150.85643935259083,280.9764618090105,720
21100000,167.03000052927177,291.6019555193779,720
21105000,174.6002770476869,288.2102309948788,720
21110000,164.85232598793556,256.2703087876415,720
21115000,152.64438299934608,326.8607543207599,720
21120000,175.31060528045325,291.69848299089824,720
21125000,183.05725883365636,310.6080891260634,720
21130000,186.50802696354808,351.9285556995419,720
21135000,170.69312785048055,313.5787920585526,720
21140000,151.13150828946118,305.2654606191434,720
21145000,155.33738851392968,275.5613441916829,720
21150000,211.93162865704784,269.67979718302183,720
21155000,147.52340548122982,327.00313357090374,720
21160000,195.99146959461143,216.83727349522013,720
21165000,183.60205246156568,323.0390561085223,720
21170000,178.62923595845842,288.6581583345274,720
21175000,170.89357329150147,273.00836416415444,720
21180000,165.80859537744286,306.64958321138977,720
21185000,143.30051797291537,285.7755564369797,720
21190000,181.62964474578752,296.4266634133529,720
21195000,187.61547554400806,332.1395993022916,720
21200000,195.26284770441887,290.1614171953979,720
21205000,180.01200014903065,284.1761708234389,720
21210000,212.08337713870839,371.69931471039894,720
21215000,180.91913588789356,291.6710844186814,720
21220000,183.13919572360564,316.75858882272524,720
21225000,231.5075727712879,395.183164148211,720
21230000,192.58021983467,439.4432258921863,720
21235000,209.0023327611967,258.3699372922131,720
21240000,177.1061572975161,305.79031747768244,720
21245000,192.38599806846642,316.9007989732232,720
21250000,166.6311416186341,303.6252438080463,720
21255000,210.5329634296019,318.1048395831599,720
21260000,199.16665878101514,348.2433242239967,720
21265000,220.6925918054336,328.4477679764046,720
21270000,223.87096899520304,319.2786790289754,720
21275000,164.77234545769412,284.5508009879297,720
21280000,154.76893098425396,295.9923719043295,720
21285000,206.89503851280458,321.025420298734,720
21290000,190.55654939995543,339.43787623879564,720
21295000,157.9736926801281,263.5563494428714,720
21300000,147.6754349212954,317.6427973801831,719
21305000,198.3402913559948,308.68470910120936,719
21310000,159.17682505270707,338.7185896865972,719
21315000,176.44895062516895,264.19738049122446,719
21320000,177.2878062102697,254.19611569850193,719
21325000,191.55250488295033,295.3806003915212,719
21330000,181.61154992113237,359.82311891349826,719
21335000,180.4962773684157,270.78877629350666,719
21340000,183.5560483579082,293.1266125132826,719
21345000,166.64164758499834,243.0315726792703,719
21350000,155.1943090664099,325.6339182282433,719
21355000,178.92246023824367,289.1978315176062,719
21360000,167.64258611738407,320.4103956197337,719
21365000,173.2446864667823,255.45165568970435,719
21370000,199.48351452650815,319.01967519457384,719
21375000,189.06308410764584,304.6772054679127,719
21380000,177.75062949751853,245.87880224693106,719
21385000,180.0744389069341,334.52521183840366,719
21390000,157.1727366779284,255.72364767733023,719
21395000,192.07614694475532,246.34572324110337,719
21400000,140.53741145943826,312.04073301651505,719
21405000,231.78925642617713,251.0163702955216,719
21410000,167.71172858524807,278.74848609222175,719
21415000,175.1971084419496,287.57595118024443,719
21420000,204.4578234929109,295.18708288471015,719
21425000,139.76184208859885,295.5990570009122,719
21430000,159.79365383708551,336.18140283806713,719
21435000,174.46501985478164,310.2192412732161,719
21440000,166.61718510873027,303.3458510829862,719
21445000,175.84009681321066,307.9752756009044,719
21450000,181.5326236915748,287.67957132509184,719
21455000,158.52653366405642,300.67883891077247,719
21460000,169.9801518185264,296.17074646201337,719
21465000,174.68867205840945,316.69637007167154,719
21470000,145.55407807428773,257.83625562725183,719
21475000,176.82722647483925,293.59374616842587,719
21480000,181.40793864836218,306.1533909790059,719
21485000,152.14505198357853,271.0992099328037,719
21490000,168.84118703489295,304.11124145689877,719
21495000,160.90713865082597,306.20378296171765,719
21500000,156.13731356820867,336.7638975793908,719
21505000,194.8363144994466,257.8051399200808,719
21510000,179.85903547488806,246.22747541286788,719
21515000,197.62552752763602,325.275332140771,719
21520000,163.99499564061483,306.78283764545074,719
21525000,163.89400731576836,351.53447781974853,719
21530000,184.5440127808542,319.3555997117042,719
21535000,213.37694429652922,288.57234871011445,719
21540000,172.8902729009192,284.15351309737866,719
21545000,167.29583255116654,270.9608288228815,718
21550000,159.53744021550747,267.65879438171686,718
21555000,156.47266067327493,333.7863170877612,718
21560000,174.98992153196957,364.0474129358715,718
21565000,152.14011427101903,301.0397234612517,718
21570000,125.88618557915233,288.7252828477032,718
21575000,203.67091385951554,328.05526257276955,718
21580000,183.66119515389653,297.7705569391667,718
21585000,155.6552401060133,292.09856291166795,718
21590000,148.8474942660528,273.3704579766468,718
21595000,155.97416306037638,338.23533753307885,718
21600000,174.06731590988767,301.9111640852378,718
21605000,163.4061956751774,308.5592221156321,718
21610000,173.44189113065707,272.74058764188226,718
21615000,163.01698236320073,307.829328042379,718
21620000,171.63261962919705,275.11021599800983,718
21625000,207.0495733647901,298.2031982851276,718
21630000,185.40691218995718,334.25859233691705,718
21635000,163.87726810315223,284.41399705805725,718
21640000,180.9240396025098,280.9214905424684,718
21645000,166.50399625371193,265.2102780344406,718
21650000,203.2966039974332,289.98852708250655,718
21655000,204.54181801473106,290.71029816536196,718
21660000,185.87511483107167,291.5205275678767,718
21665000,177.13048218291544,307.46622748888876,718
21670000,178.44996754275962,312.84934001443827,718
21675000,184.18360746461997,334.7809712700639,718
21680000,168.8063122445439,328.7697827493071,718
21685000,193.87478538677928,282.50846812505887,718
21690000,144.08865816342967,306.83378803507725,718
21695000,186.34222137755626,352.0663990797137,718
21700000,164.2292172369691,262.15471475768345,718
21705000,145.12950782252764,311.99364079528544,718
21710000,176.4410214166365,301.11985240150466,718
21715000,160.50196040922123,272.7095035064827,718
21720000,184.56717931842326,264.9926022062992,718
21725000,176.25486602149005,223.85118833222649,718
21730000,151.59410635945412,294.1656929003234,718
21735000,152.8587224542072,272.1033118589948,718
21740000,190.15943581089653,324.65039705971503,718
21745000,240.3677940179404,331.3559007399982,718
21750000,161.87861607191704,382.58627630450724,718
21755000,172.90362228728117,275.3043282117638,718
21760000,214.15526107913112,239.13980847500952,718
21765000,146.8644247720465,288.84606195176144,718
21770000,170.31006286818965,294.8083132697061,718
21775000,153.69480468514053,318.2470661925153,718
21780000,162.32900981739104,259.29726028921465,718
21785000,215.73823977402492,299.1574862325069,718
21790000,195.07964971457395,261.9087179299651,718
21795000,204.30051342177623,286.98729418356737,718
21800000,203.73433627151675,286.40179928630636,718
21805000,169.4442988097505,262.182059995635,718
21810000,154.6257845864983,258.6606109842331,718
21815000,157.21760701919214,266.63062839632187,718
21820000,239.30916580194744,297.3242979349139,717
21825000,185.3703955050362,307.09178527580565,717
21830000,188.75362965265066,322.1523591629021,717
21835000,175.68051572993036,320.99712919251357,717
21840000,181.45481559113514,238.87575974034166,717
21845000,186.2944748200843,315.8465250606111,717
21850000,185.30552102218235,339.99533459655976,717
21855000,172.5064763571928,277.7012240467287,717
21860000,179.94406712428966,269.7214120937683,717
21865000,165.75528018967233,315.6743877274974,717
21870000,179.55845819699167,308.1508727515316,717
21875000,182.62439795526993,341.78256299599684,717
21880000,158.2344862550291,320.01717908710356,717
21885000,172.55092624588443,294.4141777964518,717
21890000,181.62538371377778,264.68604657950567,717
21895000,155.29848380146774,250.2636139970247,717
21900000,226.0457327607635,306.1683556613733,717
21905000,200.06553200791052,358.8437642128652,717
21910000,177.45790547755402,264.0388891172309,717
21915000,195.0060793964028,350.109169138532,717
21920000,208.13524888049184,321.63390877886485,717
21925000,163.9060306890447,302.88216408549584,717
21930000,164.6242578937087,261.11800679409106,717
21935000,148.94276177619702,270.3490209312344,717
21940000,173.64904752832663,270.613277167607,717
21945000,182.49704467949138,243.72468596755195,717
21950000,200.58036584418647,322.28497762545106,717
21955000,165.1297740172967,316.63331433376675,717
21960000,161.28474723621264,328.9484336257949,717
21965000,199.05290583720566,281.9221081729897,717
21970000,209.10857427187227,329.0621506026016,717
21975000,170.36996916734017,305.4212987914643,717
21980000,187.93332090993403,293.12215574978177,717
21985000,149.03111530201448,259.5605386188729,717
21990000,191.1727687827315,293.39790386983395,717
21995000,202.99302372035646,299.28678388582546,717
22000000,166.10864630239814,280.1393523559191,717
22005000,151.73670979708086,249.5077816653797,717
22010000,162.28971210401957,291.87616850506316,717
22015000,219.70589900563607,340.5647021653973,717
22020000,197.50597859674124,371.5979759248388,717
22025000,199.7944458315595,380.0596413729202,717
22030000,144.63247526431672,364.2933970163059,717
22035000,138.28828352551332,344.2752310283275,717
22040000,159.25587927571524,262.8158233049193,717
22045000,198.15652822758926,277.4172994316994,717
22050000,159.5212044635729,283.7988276638651,717
22055000,194.57251479275465,324.97962778368617,717
22060000,211.23342063635843,287.79734763686,717
22065000,181.7269292058261,241.8988282064786,717
22070000,198.2449383641564,303.2525623888775,717
22075000,203.32033189985052,325.8165971647284,717
22080000,193.62830244603322,341.86319735076165,717
22085000,192.26176779231352,371.5975307503658,717
22090000,139.2191069118761,298.05079018733085,716
22095000,167.8695301059979,296.4013185385765,716
22100000,195.19153569172175,268.0415144048893,716
22105000,190.04482686052995,305.25720245628014,716
22110000,165.13946922398603,269.62416842352394,716
22115000,186.03196641785223,239.17451987245943,716
22120000,152.6014501679529,305.6464876448325,716
22125000,175.35513381973274,251.86750891078353,716
22130000,188.04550834172974,345.60044978783196,716
22135000,202.81619645956278,313.3617635898793,716
22140000,131.14819021253422,291.7031457701777,716
22145000,194.0038032209726,295.3107704047489,716
22150000,164.18474346961054,325.1546874149493,716
22155000,172.02246743542398,382.80668018544,716
22160000,217.20002122522672,327.0311194813027,716
22165000,160.9303972381371,337.1836686629418,716
22170000,165.87033225642975,328.59088501526986,716
22175000,169.36612040128088,327.32074538382824,716
22180000,197.5027311162935,365.51167400727496,716
22185000,186.02404438182268,282.15728904707487,716
22190000,173.09620445277642,241.33981021354776,716
22195000,185.74400223780168,291.55035449230803,716
22200000,150.10711807172714,273.34959264545375,716
22205000,177.63382085740463,217.34051383831505,716
22210000,152.59926506259737,331.1162498708617,716
22215000,191.24995347042528,278.71978809272304,716
22220000,228.60201018117505,360.50271401841746,716
22225000,170.3004908148951,328.55430350481834,716
22230000,175.55792639161893,300.4858991306136,716
22235000,203.22174946031186,234.26499127053043,716
22240000,158.77009794883688,275.86125818358255,716
22245000,173.1128049631184,247.43693216234766,716
22250000,238.55597070283386,296.8985592584593,716
22255000,162.78052288318878,266.7382165134355,716
22260000,206.50781476108455,315.8900304275277,716
22265000,128.62742670967796,273.15441544879457,716
22270000,120.63064552027133,224.48961668550908,716
22275000,172.3864315099887,302.9012103476693,716
22280000,139.91789230727193,280.0544399009406,716
22285000,135.66071940055753,277.15872121595953,716
22290000,192.47474785950527,304.5148321452438,716
22295000,178.7090443177785,307.2170500401126,716
22300000,189.56549534738707,270.99451337078284,716
22305000,146.9119368198562,299.08294189091265,716
22310000,179.07327221634742,259.4437955337695,716
22315000,173.77586801581813,279.68085670802566,716
22320000,188.29190474497017,225.31862830340953,716
22325000,169.8704927813806,330.2935255216936,716
22330000,172.72976831986196,341.80494531905526,716
22335000,171.86354159905628,303.9794492056167,715
22340000,175.53631215318168,319.18307011313,715
22345000,220.8569662699987,346.678928986139,715
22350000,203.2273423730571,333.25158422015926,715
22355000,158.40206162651046,268.5932342257669,715
22360000,203.5402630751689,326.477852063535,715
22365000,180.323030043138,251.73048918915435,715
22370000,191.74742072911602,320.53926883722335,715
22375000,200.00107899365165,301.90310701496486,715
22380000,166.10222478522863,326.45664588068377,715
22385000,162.55867494261355,302.8191818704084,715
22390000,185.59990361697086,317.5342327928381,715
22395000,185.8992288964439,307.07654271181013,715
22400000,205.4730841892682,295.3552283677605,715
22405000,148.27849799099428,343.9036324111937,715
22410000,204.7993442260709,306.10052693367885,715
22415000,182.90126431750568,322.6806212985207,715
22420000,221.2532514616305,333.75744269826623,715
22425000,161.6886918985972,336.6491883783445,715
22430000,158.49053379100909,260.3381179616349,715
22435000,165.7350101253734,286.5385520579526,715
22440000,206.3268107993242,301.0849312394819,715
22445000,198.73041247554505,305.8888373141194,715
22450000,172.4941396804943,281.2078265463732,715
22455000,162.76532495287,391.7464954415745,715
22460000,142.2011020097542,273.2446707960005,715
22465000,177.91129953691126,280.2436579595439,715
22470000,199.28205829314797,269.7412153213723,715
22475000,210.6769248100856,321.4729589308096,715
22480000,156.74243176507798,331.6006230413021,715
22485000,172.68723930212764,261.3628991679202,715
22490000,150.36151024220155,264.00151726024535,715
22495000,194.48864500281826,346.60384475624795,715
22500000,218.82570049840666,313.13251815348093,715
22505000,154.11137695275897,325.7811258214554,715
22510000,198.6060662807348,267.0412649318566,715
22515000,185.42023963947432,248.08052128230165,715
22520000,182.1595957814074,248.52371532085434,715
22525000,199.44007031778747,333.1589310401809,715
22530000,151.87762109962205,280.44073841064886,715
22535000,178.46454104009496,296.2545663013796,715
22540000,163.46829101418578,250.7661267571485,715
22545000,171.0205614228281,301.63736149580717,715
22550000,209.451515478544,372.94317733900004,715
22555000,185.10945385025576,330.2396866248281,715
22560000,143.8296270976905,289.0452468087373,715
22565000,159.7049862813523,272.4256223489071,715
22570000,169.90396458074522,242.261248306448,715
22575000,193.47015061752592,358.52436163986334,715
22580000,153.36197153134088,405.4148338540633,715
22585000,170.94006654635197,258.9059920782446,715
22590000,174.23895408862435,283.6135822370798,715
22595000,157.6136122168308,351.3413000865302,715
22600000,185.79328797756074,323.23478388132247,715
22605000,166.84966554265662,334.06742413368426,715
22610000,169.16499683186845,301.83669657334514,715
22615000,192.9002516333777,358.66799879487246,715
22620000,190.76431082434053,362.8914532632579,715
22625000,146.33898513790453,265.21506901167396,715
22630000,165.6047898833881,294.9694986310801,715
22635000,173.36249373369688,249.46247006823052,715
22640000,163.6306741723172,300.8037052264226,715
22645000,154.9394794190194,252.26069451852607,715
22650000,206.9454820056768,248.23398899947944,715
22655000,157.11522664100434,296.7501228042136,714
22660000,162.13873407650937,352.394236492476,714
22665000,160.91886089978053,379.3909256791853,714
22670000,143.5241740848536,319.5331627879845,714
22675000,168.68193009182124,289.641865692257,714
22680000,152.29744598915318,275.5133364831107,714
22685000,242.58627603180568,281.1953500776817,714
22690000,194.24035558469137,321.6166167983585,714
22695000,170.94285237180526,360.7180184322848,714
22700000,164.66138417008253,316.9376304927657,714
22705000,182.79183524889396,299.4127984342234,714
22710000,176.24986505830236,256.726353148097,714
22715000,135.17749733793465,280.4582632192237,714
22720000,211.1829599866287,278.61792362112647,714
22725000,181.223923161719,330.5064529813098,714
22730000,192.47783065915047,267.9374317705907,714
22735000,169.10993153318174,253.95418858530346,714
22740000,187.20891155365197,268.83609292488785,714
22745000,185.5762002886185,312.32293412566344,714
22750000,145.7340298569825,264.97625238865686,714
22755000,148.66533290929382,262.783564267227,714
22760000,178.36669226306057,288.67111538056446,714
22765000,142.18955179445396,307.51654617322276,714
22770000,147.05245820941903,324.34889436068573,714
22775000,185.41932917208194,305.42657541979935,714
22780000,129.94988427909396,378.9515628702665,714
22785000,170.63531755934227,256.75120643457296,714
22790000,168.19725865621646,265.2609514381134,714
22795000,193.951363494043,336.2794558296634,714
22800000,169.11504839208223,299.9800577790156,714
22805000,199.26299325621738,299.03221275952444,714
22810000,148.9901699020866,270.3889635900541,714
22815000,174.96536762161293,339.45036056519257,714
22820000,168.38420844398692,345.97147912793037,714
22825000,154.48552272922652,267.9734677994459,714
22830000,193.45148903441628,323.86469980330764,714
22835000,154.3961788257142,266.58893730636413,714
22840000,179.57742658567713,268.5241300202096,714
22845000,139.18767060977885,245.38876183015668,714
22850000,179.41137711469239,272.80347285753953,714
22855000,182.44104664532978,317.99150260822626,714
22860000,220.4132084608494,279.9698696336564,714
22865000,162.29391389008174,246.7401212106426,714
22870000,208.47110092134187,387.46779089830625,714
22875000,226.39986534657564,307.7976002806542,714
22880000,189.8368405877471,347.80784483917296,714
22885000,189.21351424311783,355.9700123749136,714
22890000,204.0386832524442,314.5434181824062,714
22895000,171.4126999039724,361.5593700363931,714
22900000,170.20872929439832,329.7755896705709,714
22905000,193.53774462390783,349.1967460390648,714
22910000,183.48876560586632,308.61219910680194,714
22915000,184.77688073343813,262.8714831967916,714
22920000,150.94192230944282,321.40895509502155,714
22925000,187.44825842665566,302.44559051574385,714
22930000,172.93911004138494,296.33161578212844,714
22935000,166.7364936170218,270.09774761986205,714
22940000,148.67820268712313,329.8934610465792,714
22945000,153.96638464400277,334.89585144574505,714
22950000,143.71200485765092,301.485554551066,714
22955000,155.19272516265653,327.5202414970854,714
22960000,157.77347957001146,268.288230582341,714
22965000,180.7891721668438,316.30868348725687,714
22970000,167.1555109222238,222.2072817239739,714
22975000,163.61624033926944,280.94482166442396,713
22980000,203.67726159211674,360.7903541117368,713
22985000,199.09228870294544,316.6012795605904,713
22990000,192.8432354561576,300.36649301486995,713
22995000,174.44378009530737,287.6340353491114,713
23000000,168.11850104024526,298.00269992249395,713
23005000,174.89500666380656,313.38089588825596,713
23010000,182.05125482044076,313.8742265680285,713
23015000,185.0195010066658,331.2190004025523,713
23020000,179.03927006076523,286.0673015731051,713
23025000,182.7796109554221,303.49493746027406,713
23030000,198.0158122236771,296.9288912961973,713
23035000,141.87496471249028,261.0002373383922,713
23040000,159.97056265258493,284.84010702630684,713
23045000,201.70797245521834,350.5932185868872,713
23050000,117.72298164440232,278.56326120161987,713
23055000,196.43392857012645,282.3943029771414,713
23060000,194.84324312487243,289.80191477010464,713
23065000,208.50011962687205,296.84767276420416,713
23070000,193.2806225768592,314.2636646734959,713
23075000,158.71392130361005,281.91115855768527,713
23080000,163.83006342454894,379.8932452562798,713
23085000,225.130644618603,313.573336247186,713
23090000,212.66454000148207,298.0553131280768,713
23095000,136.91390994382374,260.678275567064,713
23100000,163.2638644657369,286.36488797667903,713
23105000,181.6612582114162,342.6972899830164,713
23110000,175.29087336941373,274.76519975476657,713
23115000,141.77543637028927,258.9140660425039,713
23120000,194.96101462414842,293.69665689927615,713
23125000,180.8133109356525,275.6004853921364,713
23130000,170.36803166201003,317.5397770150224,713
23135000,173.4845996067105,259.85785007624025,713
23140000,187.52013870858428,261.49176951082467,713
23145000,159.36939813130357,263.46934552202674,713
23150000,206.39264455881062,289.21417995515736,713
23155000,195.02255544715413,307.3227532570794,713
23160000,167.36143199293392,353.0758064100981,713
23165000,167.35630486393882,301.4371248718105,713
23170000,150.3198568968835,318.68733811537317,713
23175000,198.5391122572067,295.6191510803106,713
23180000,197.97283537144082,366.8726799255509,713
23185000,220.64210607448322,292.57135680824945,713
23190000,183.10814524809444,309.57708091067025,713
23195000,196.29603885696417,286.1521104148019,713
23200000,162.59750294808757,245.04952392693085,713
23205000,188.38182164916435,268.7306803334542,713
23210000,157.8763033599796,338.8344289267743,713
23215000,165.25366767468344,309.2904633277162,713
23220000,152.75515073418057,299.5595026575867,713
23225000,170.98285440854693,330.1827499639858,713
23230000,185.11786663891232,286.6098567724662,713
23235000,162.00903481126068,246.70927626674546,713
23240000,180.00850881617333,312.00674652324767,713
23245000,229.58413223531227,365.67134832383186,713
23250000,187.10126981299638,262.1947908332001,713
23255000,168.99046428686802,325.1783680415318,713
23260000,214.5100450649816,344.6298987703912,713
23265000,192.6472580762363,269.87651052535927,713
23270000,208.60567261817732,313.3923671659982,713
23275000,169.12720547364185,335.61747511980775,713
23280000,147.64691081964654,280.35804036717263,713
23285000,202.7335107648577,301.9229606083657,713
23290000,186.99436596597045,302.7065621114517,713
23295000,157.96157150553864,282.77751284457344,713
23300000,158.52295072251,332.2677488753593,713
23305000,160.9789728580791,308.71350978133177,712
23310000,197.8575111139291,286.4620357317623,712
23315000,171.21052374158327,366.99576363571504,712
23320000,159.5652369809128,292.9429004228235,712
23325000,130.3506839582833,316.56433504426235,712
23330000,166.42240550562383,253.68014489759756,712
23335000,162.80422703311103,249.71544089710954,712
23340000,163.51737872621533,292.9224447881697,712
23345000,169.36856203434664,322.2523341624202,712
23350000,149.15303356162673,296.01035466016873,712
23355000,183.8149661260906,254.0194461758779,712
23360000,186.05692775831136,326.72829121457414,712
23365000,182.74462639747225,318.7072619923551,712
23370000,145.0166913083692,307.6234736011223,712
23375000,196.19979963715272,299.521873318053,712
23380000,173.08706821112784,298.9437271906211,712
23385000,182.27010641947436,335.74750614880037,712
23390000,160.25246717353826,304.96028207564837,712
23395000,176.96612509306644,329.6402107418474,712
23400000,182.64486772672518,228.426074025949,712
23405000,156.9844770466067,331.74446151334604,712
23410000,170.6087319637584,261.4972080301207,712
23415000,187.1246767056217,391.9048861643815,712
23420000,152.21984561888442,289.2921579588814,712
23425000,191.47412950176704,294.6685216016164,712
23430000,197.28031371934182,327.7433025591654,712
23435000,164.3528322146873,376.9485528255531,712
23440000,175.36558827752398,318.0434250593012,712
23445000,220.42321850145555,256.9086160079288,712
23450000,190.54589053682477,289.4433731734487,712
23455000,179.29809792090387,252.2117957490692,712
23460000,187.4802562507107,345.58626348540895,712
23465000,158.78985532887225,273.29245065664804,712
23470000,197.57708770916673,342.3936087452232,712
23475000,167.01590219239523,268.41019346979533,712
23480000,193.9096196044788,309.78461010133583,712
23485000,209.29627471604587,342.2499181140775,712
23490000,162.36777563735487,280.9418363470952,712
23495000,149.56986248992573,303.71779769652835,712
23500000,178.17645566130454,395.4101941705616,712
23505000,180.37632048474748,257.9891248466153,712
23510000,159.738235568818,246.09229130279985,712
23515000,160.4062003390677,385.92382686422496,712
23520000,160.1440302620922,244.2103502215197,712
23525000,154.58254674674993,258.11295805432906,712
23530000,149.12182002037596,246.6744693617723,712
23535000,199.68056496901937,312.79159301234415,712
23540000,210.4043807050695,368.6678873024303,712
23545000,195.6059023336458,298.5895408187511,712
23550000,156.5268197306103,311.9308731912045,712
23555000,179.4494353570175,284.34432284102695,712
23560000,178.8470989582252,286.8015878164929,712
23565000,151.10388376264925,370.4903644661971,712
23570000,237.61484453663158,258.8576266244887,712
23575000,170.42471134085883,295.6062340405446,712
23580000,181.01620153638953,342.8792312000071,712
23585000,176.01223923042616,317.4922514258539,711
23590000,182.87446553288044,315.3653767185589,711
23595000,173.10992274321927,319.837181245405,711
23600000,191.4702026630078,238.12066546893558,711
23605000,200.69617722530018,322.9474643612042,711
23610000,154.26724168072133,328.39619806922667,711
23615000,196.30222571588803,309.91743703762916,711
23620000,172.50111494349989,322.7785447681174,711
23625000,165.01705302666574,331.39844766195574,711
23630000,172.97616820452177,266.0002615589142,711
23635000,227.1741424677232,350.66675419721025,711
23640000,175.53749411104553,308.1918582475228,711
23645000,157.58344191981982,328.1059627608007,711
23650000,174.4128315777277,350.1588150783316,711
23655000,201.9104447809731,299.00576314337883,711
23660000,222.65959412406687,260.5184472016812,711
23665000,173.07433202601962,290.9305740877263,711
23670000,171.01722472254124,311.1525347642512,711
23675000,210.80361459035393,287.3902125446983,711
23680000,158.5322301052336,349.08831965684925,711
23685000,197.40566482521572,323.2255403334332,711
23690000,198.77190978279688,320.00884264641525,711
23695000,183.70412562947848,283.36220570894955,711
23700000,184.61485775192563,263.11422491866597,711
23705000,187.21047557805625,300.997047278129,711
23710000,148.7766358201817,310.08906228640626,711
23715000,176.56026372505835,243.87118704904768,711
23720000,155.4216704537028,253.0954924884949,711
23725000,194.09410051823326,291.6177294486925,711
23730000,167.6658449024182,344.3060987005714,711
23735000,186.46852817878877,312.4979605528948,711
23740000,162.33118554451497,265.51822527870326,711
23745000,186.78024994960998,297.1126500076263,711
23750000,175.58943930104266,307.4628350503045,711
23755000,193.6752412337994,327.4943115791343,711
23760000,172.64418397201732,302.4940485563337,711
23765000,142.7637469034318,391.9714093882076,711
23770000,158.4916786173098,298.62134923263585,711
23775000,173.50057974101216,302.33169627970324,711
23780000,181.5409613606589,281.55952459699324,711
23785000,164.31631012886226,271.73479781434884,711
23790000,206.7299721899034,319.2530027737533,711
23795000,153.29286291654614,294.87450396883685,711
23800000,151.61063430271273,288.9887040468236,711
23805000,159.89739659545188,280.94553835339417,711
23810000,172.81682786543226,301.17704640336854,711
23815000,183.09443978249158,326.7552372511165,711
23820000,179.95234006183165,248.69980466004023,711
23825000,184.28383683669108,265.70729492762723,711
23830000,194.33303589807267,339.61433085395385,711
23835000,171.74304769647256,346.1272171899778,711
23840000,164.50461074200723,355.7022955390633,711
23845000,176.18900522446756,288.26998237374903,711
23850000,161.30247770603384,292.3820407156289,711
23855000,199.61929509714497,283.4726378591025,711
23860000,206.19761646993905,288.27589077202316,711
23865000,172.14403274859308,337.0211246639925,711
23870000,184.15628795005807,322.1330062531969,711
23875000,167.91331216116188,307.4887165518488,711
23880000,158.322406954725,255.4049603790808,711
23885000,201.36621094108108,313.4573246530247,711
23890000,192.87181736494125,288.11437889101484,711
23895000,166.6842415045662,312.78703371952884,711
23900000,170.20043511963274,330.07847367881914,711
23905000,165.7506030533203,281.2225359490819,711
23910000,163.0482927130842,272.46146654993174,710
23915000,179.54001807170255,278.7353755615069,710
23920000,224.431310358434,304.4637369965877,710
23925000,188.04438522836148,298.82390580993825,710
23930000,205.41542678860338,327.0674995045427,710
23935000,209.59083350627353,279.45105598055665,710
23940000,154.14121586316128,270.9460855032738,710
23945000,170.88223821275022,252.3972336337721,710
23950000,205.50451024517818,315.31851385184353,710
23955000,166.72605960759728,252.79224479518726,710
23960000,193.67635119067444,300.7700067683453,710
23965000,185.68850723509823,330.34296624558385,710
23970000,141.4469250000082,329.5596494317498,710
23975000,179.28736419850463,330.95934185270625,710
23980000,220.75587283935752,312.8399198997947,710
23985000,149.5949001564942,321.03842218661123,710
23990000,177.67292451073837,251.95302138887948,710
23995000,146.88699657631557,379.5064975423361,710
24000000,154.31495081929418,281.7087199620176,710
24005000,173.14743933009044,311.47992570792576,710
24010000,161.0825403984834,297.66782932334314,710
24015000,164.21631368925136,330.7707752397215,710
24020000,154.7965518162079,289.75407924581947,710
24025000,168.91767601477227,324.7375756933358,710
24030000,180.34861128007714,378.3313738344139,710
24035000,174.25599412026506,327.11818306779105,710
24040000,181.97773341990813,362.6677624536363,710
24045000,141.47424208851882,270.5796403867396,710
24050000,161.32720394482513,268.0074603720701,710
24055000,178.36619861215578,310.33672532029186,710
24060000,171.54616523175218,264.44061144897194,710
24065000,183.85071896677422,320.68943500634236,710
24070000,189.3143859142796,334.4644451718033,710
24075000,143.17468599592752,326.42856189430546,710
24080000,158.78496765830002,400.88628259545663,710
24085000,162.3439415022579,293.3871761568845,710
24090000,178.830277559884,244.24618141962725,710
24095000,182.61036503671593,323.88715356309336,710
24100000,169.26198422937964,303.3648503703233,710
24105000,172.77969558419989,317.1270124945575,710
24110000,193.21162889996765,299.5154077433992,710
24115000,167.46766152946466,344.23458970183725,710
24120000,199.05233793868604,269.5781086865642,710
24125000,144.19336986395376,294.5047177333607,710
24130000,228.52025032680731,299.107803447327,710
24135000,204.34105528814595,298.4753562062341,710
24140000,154.90887376259926,305.0279875591504,710
24145000,170.98524108102595,248.70961358285714,710
24150000,187.3845244231882,309.65886817086533,710
24155000,155.7929796940636,286.852985722378,710
24160000,149.33618402948343,303.8531822007184,710
24165000,138.11826459014935,298.96144945065464,710
24170000,212.33112610350045,272.26154446718107,710
24175000,176.76428725223207,311.68954685004695,710
24180000,189.84958964398808,246.94774452717235,710
24185000,167.7000465141633,379.8446256520158,710
24190000,210.30174744707702,299.10064399357407,710
24195000,209.59576816195772,273.54696366465544,710
24200000,181.47561468766068,277.87590066469346,710
24205000,182.15760711735317,348.2497400646495,710
24210000,149.12071563353558,258.98969857232987,710
24215000,213.9204352340101,279.14406133273263,710
24220000,150.54648493284367,302.14845860661484,710
24225000,170.0703524347776,227.5625169858003,710
24230000,152.4770188876638,258.6242635723804,710
24235000,152.24598286578455,311.13812096677134,710
24240000,179.6899821697483,359.789365334386,710
24245000,196.99482390987436,382.30784125074416,710
24250000,180.32131298633956,302.95221951757344,710
24255000,180.6537350767656,389.32074787175316,710
24260000,159.52295505997168,317.1826946838235,710
24265000,160.94479156550187,284.3854035712765,710
24270000,185.58161694913005,288.04423851050325,710
24275000,131.96285324968525,301.63701559400016,709
24280000,193.07837129118,277.4675225881276,709
24285000,197.81089737172076,328.167081702189,709
24290000,216.19373277625482,353.65972856003424,709
24295000,177.81932984077804,309.72624530239347,709
24300000,156.2074534029616,292.17629095769416,709
24305000,170.536493466444,246.69084175514092,709
24310000,174.07295253165972,253.02103195036258,709
24315000,161.45880152157483,249.10981725878483,709
24320000,163.70506440034768,265.1428134626702,709
24325000,192.26899085069732,334.0633927566493,709
24330000,211.83961653227877,311.6634449521642,709
24335000,172.61134565386425,281.6061573642294,709
24340000,141.29841898128925,238.52736500850108,709
24345000,171.88422987426324,313.3909487570775,709
24350000,192.77085629241304,262.70524558264754,709
24355000,167.1177123487074,251.53597967058167,709
24360000,182.93804611940442,361.56354414122256,709
24365000,132.90331232835769,299.9250505026484,709
24370000,148.3694736270709,267.1942300381751,709
24375000,202.42184067154898,307.5756459404115,709
24380000,154.23467079506366,277.3139477696395,709
24385000,143.5338227233196,359.0075399499655,709
24390000,144.59133065009118,303.80577303821747,709
24395000,177.1454630737896,334.5179982647638,709
24400000,184.11623558176726,289.54837270774885,709
24405000,177.45906683246292,307.4718425516053,709
24410000,185.3961369762648,334.6783767711404,709
24415000,213.4251203342526,337.34396917963437,709
24420000,135.0327336540223,278.72496974236617,709
24425000,156.04614223852246,273.2003530910215,709
24430000,211.64917645595014,298.8257603920315,709
24435000,171.7942259214727,261.0323752292475,709
24440000,136.3917496674987,273.1502759260603,709
24445000,193.25381145821703,217.94494771539462,709
24450000,214.81120863714392,305.23478025773545,709
24455000,189.59844751442478,290.7432056771355,709
24460000,167.10177520117742,310.20778054291435,709
24465000,178.29682955355287,324.9559238031514,709
24470000,186.39810998493772,319.15037083005814,709
24475000,175.90938152471682,294.15647182993297,709
24480000,175.59468482364144,295.94372270723125,709
24485000,161.3106692112503,311.0722331268504,709
24490000,176.59528084007133,283.83633516155555,709
24495000,134.46910067485362,334.8044598453542,709
24500000,186.97233316624278,288.75934960018174,709
24505000,176.39469786240943,243.94442082804534,709
24510000,178.78577033358403,366.51480271104833,709
24515000,139.95512076591461,260.5927753862538,709
24520000,196.88225053484928,273.35054640956406,709
24525000,185.79950980800766,304.4371615102199,709
24530000,170.1606913221376,274.00288016411275,709
24535000,189.93209482298707,327.64707563934724,709
24540000,162.3602275489549,281.9535594208369,709
24545000,186.9383570563354,309.34839809131046,709
24550000,239.65155284627497,315.9211541035346,709
24555000,172.74752035572448,356.34340644198494,709
24560000,187.92794549827408,214.98493477310913,709
24565000,169.88655284147677,306.18540800727163,709
24570000,205.06851323157068,275.55813936373664,709
24575000,146.44835283190173,285.2109672745227,709
24580000,168.40098928661888,330.72879718979516,709
24585000,182.3591260726524,303.04462825105327,709
24590000,191.79318653637785,332.641685714411,709
24595000,169.86006830708408,311.56737378362135,709
24600000,175.13707952690777,265.9497920329689,709
24605000,200.86513600327157,293.5108568138953,709
24610000,191.3936432280832,282.4762076643519,709
24615000,180.3604157385857,291.72603501521843,709
24620000,175.50607360797068,324.6210301615304,709
24625000,185.56541332275447,344.0642463549999,709
24630000,201.06114403731726,301.58200407437494,709
24635000,205.87384215033643,351.0532679070129,709
24640000,132.2320659965422,281.93091031335916,709
24645000,196.99368175333697,293.93357483478053,709
24650000,160.79676394896111,340.1771091306071,709
24655000,159.96339737532583,336.2779130838926,708
24660000,157.17810008709236,313.88803812078856,708
24665000,191.86405656047202,274.61585169259575,708
24670000,155.28405988854843,308.0031211935157,708
24675000,165.59623735360663,309.6580149323347,708
24680000,177.80593671762512,345.98730539537326,708
24685000,156.57827304943547,276.57884030046625,708
24690000,202.63560460928477,253.78202798110993,708
24695000,165.0094309381095,277.81539657026207,708
24700000,161.61356947556604,302.0661630318884,708
24705000,170.10880492789414,306.8969896980156,708
24710000,182.69699150873547,329.4724413336418,708
24715000,181.9514901910651,300.36121575150855,708
24720000,213.5581746254486,344.05073346908955,708
24725000,165.90860912888596,270.1942554204558,708
24730000,146.07171204240822,279.26481251426475,708
24735000,156.29499672322626,336.09348803505077,708
24740000,176.60142613952146,289.8980142984686,708
24745000,188.3859340694733,368.5379183742212,708
24750000,161.91218491886914,344.7048076983111,708
24755000,197.16613578008287,282.2701628391338,708
24760000,145.7443381968323,312.9586753870447,708
24765000,189.11729396547946,327.4248768306228,708
24770000,172.43430485756807,304.4190185270773,708
24775000,156.37777392536134,324.68302432846343,708
24780000,164.54478985491102,297.4571017181128,708
24785000,203.24555695965475,300.19945054424494,708
24790000,186.2267280564472,266.6128033774117,708
24795000,174.40876764885388,295.5161326120133,708
24800000,180.0158264329151,259.4278852473505,708
24805000,204.81456369424046,303.89046480511934,708
24810000,169.50860548858688,271.5330072108444,708
24815000,132.7350923910969,316.9715120329743,708
24820000,181.68658036084884,300.14219793892363,708
24825000,186.73931619383836,355.8591391749709,708
24830000,166.05689602851194,257.5359855141519,708
24835000,155.83919128724736,251.21665649219938,708
24840000,171.520672254609,316.2017404372593,708
24845000,151.89346148834852,358.5123319078122,708
24850000,178.62316317634728,329.5436770412636,708
24855000,187.3865455334577,392.8702338472611,708
24860000,163.79287792179844,294.6333792468079,708
24865000,173.30641934658937,219.14398773518656,708
24870000,168.05612589497179,346.01230834578934,708
24875000,123.44533976173348,279.53172633499156,708
24880000,189.525577365874,277.3776920259007,708
24885000,131.78622368327748,300.0457288553768,708
24890000,161.63570149087175,321.7266658516622,708
24895000,192.21620738359528,272.27872368953865,708
24900000,194.4579627092879,273.89939943301056,708
24905000,163.21518353907612,234.30626578227958,708
24910000,161.30308632712362,291.1239394478104,708
24915000,167.37690128117907,270.8690629593079,708
24920000,216.37718163841566,279.4157980715443,708
24925000,184.1432761430206,238.89729760983482,708
24930000,146.88452905933138,288.85367079775045,708
24935000,222.99452288986495,285.8154668501834,708
24940000,210.29634561207416,298.86368296888077,708
24945000,145.69781990707912,280.87261018195625,708
24950000,200.6387923015893,261.81356103958655,708
24955000,187.6869687883492,302.0589288849828,708
24960000,147.27616329013748,319.61908282296326,708
24965000,226.07845809294656,280.91670111332036,708
24970000,189.43619103187817,349.6877362219771,708
24975000,197.5264638546878,285.93192475888793,708
24980000,165.21222877963834,289.3977867891579,708
24985000,158.67657655228263,297.59713245852004,708
24990000,183.44741094940738,274.8160816362415,708
24995000,191.0596625106885,253.0665933404956,708
25000000,178.42314815126772,329.1043082448281,708
25005000,135.18699548057566,287.8434016741982,708
25010000,189.32711137919426,315.11958857882877,708
25015000,199.04353352408293,317.487973584206,708
25020000,196.3283637274225,266.1440836077341,708
25025000,171.81302535893866,337.7083864480073,708
25030000,165.87445985729246,301.839145016797,708
25035000,174.6037325472046,303.95697788909155,708
25040000,152.2484536133337,349.59497865677486,708
25045000,189.4198575560801,227.59227119950089,707
25050000,179.51921479904584,348.44014900907473,707
25055000,195.43551346874554,297.7710141434776,707
25060000,154.06308638354807,236.2491650474634,707
25065000,163.7042860364695,227.11801185182864,707
25070000,160.99957766045304,312.5426319169235,707
25075000,226.96159877066037,321.77660305066917,707
25080000,202.8296818359733,240.15747360213427,707
25085000,169.69872294139662,300.5901376254008,707
25090000,172.47236685932347,308.90014376388785,707
25095000,143.8054117944377,296.053949644169,707
25100000,170.5684890281235,325.8635755338452,707
25105000,156.11953437842328,325.1692445817468,707
25110000,151.17716995131659,318.23880943327686,707
25115000,201.90208585987918,305.9346494732286,707
25120000,181.27751135795822,307.73604698755594,707
25125000,171.35149406214796,259.0534724575201,707
25130000,171.39649839453872,256.35367651230007,707
25135000,155.0266975161673,295.048439127908,707
25140000,191.3789459547715,265.4848321352471,707
25145000,155.04109014031764,260.92421809807576,707
25150000,203.47289271868735,268.94164051400367,707
25155000,191.33751666731843,302.46857393783836,707
25160000,163.298125796601,341.0475311293234,707
25165000,204.09372791426986,363.68550604783604,707
25170000,164.50200716973328,299.55319511012556,707
25175000,161.10986356101557,286.9567057117775,707
25180000,169.31893172272987,305.09752772215694,707
25185000,189.72496083096803,265.1388808643777,707
25190000,132.88987169564234,299.80801551069976,707
25195000,210.90024386708038,333.68265936927,707
25200000,153.880964402644,285.8844492483994,707
25205000,186.87699075966836,263.0935478098622,707
25210000,192.95887518736697,331.0816673392615,707
25215000,146.66976164908203,274.3817470650635,707
25220000,178.04280918035073,304.39585572900177,707
25225000,177.13735363336528,323.05786566825225,707
25230000,158.19424349743375,259.82367184464385,707
25235000,199.78719692734157,268.551746971139,707
25240000,185.32707790759792,330.4841418983946,707
25245000,184.8970355017796,292.73732138552793,707
25250000,177.07630900472086,262.44697650424285,707
25255000,158.63664350731932,274.4207803672569,707
25260000,176.56761461774647,284.74034143316493,707
25265000,221.12182526051296,368.74037289237594,707
25270000,168.8894956302372,293.1578089818869,707
25275000,178.8025734390129,329.1398165715043,707
25280000,171.58905781892003,330.2431377812576,707
25285000,134.69174774152015,254.62043855947292,707
25290000,220.30221057917717,300.52329786058505,707
25295000,195.60428756421715,273.9851524949067,707
25300000,150.13220976102252,276.15489302631426,707
25305000,180.18831134896726,287.15157371644153,707
25310000,206.62255363168913,303.62744897614704,707
25315000,153.16770026812958,307.58763328031654,707
25320000,189.56547541846928,286.7633586731449,707
25325000,179.09765556537823,287.5843358070032,707
25330000,209.32946306171294,323.98004005060005,707
25335000,128.64058472217502,318.983987180871,707
25340000,167.89981801750739,281.622869122731,707
25345000,138.79792438992948,270.6749193716721,707
25350000,177.3211372223655,255.57454713005507,707
25355000,167.66736584131553,311.1968672088731,707
25360000,171.39048865509963,319.4094427382654,707
25365000,214.48357194334477,298.15257799605916,707
25370000,160.16053479762633,283.9780063115141,707
25375000,153.69276554133216,322.0825234242736,707
25380000,207.13904610153915,371.2422344171163,707
25385000,183.0331384640092,304.975341829879,707
25390000,174.39826310996267,276.0850950030226,707
25395000,167.15815312219883,211.71361737290695,707
25400000,201.37527951826155,282.1986102826143,707
25405000,151.34099955738108,278.58114503051905,707
25410000,190.5103077325382,310.7495239895752,707
25415000,160.15181085982482,305.76467387447576,707
25420000,164.9844541223872,306.244034967452,706
25425000,167.17789098404793,257.91371789958225,706
25430000,209.96341241429172,354.2134463293712,706
25435000,193.984654951208,286.1291673994939,706
25440000,183.07706309962077,262.3945840716846,706
25445000,197.40072514414624,340.3568522255491,706
25450000,191.32057563621225,336.6243523314688,706
25455000,165.51156996141458,296.2462551063745,706
25460000,153.3714944874975,285.5761487658955,706
25465000,181.24341835711877,288.47430083731706,706
25470000,209.71590937674847,349.1539879101191,706
25475000,212.8757629996603,271.00241123292034,706
25480000,200.78194455519613,293.96263888830674,706
25485000,183.92370388863372,275.12559420586126,706
25490000,203.2838308529473,299.5199921096459,706
25495000,181.54207923772995,237.01249023681225,706
25500000,207.15173638786047,311.90057891353905,706
25505000,141.59842124146874,317.83546226083536,706
25510000,168.37879299810854,262.52291576171564,706
25515000,201.09499682938892,330.5148226093118,706
25520000,140.68644962351794,345.461625616008,706
25525000,148.14254165844332,370.41710714910585,706
25530000,179.67699506618328,363.8339256789257,706
25535000,184.21488326884887,320.30001101406043,706
25540000,219.97515076253842,323.505846652438,706
25545000,176.8351003495241,294.4843495912745,706
25550000,178.09547593039179,347.5790270843836,706
25555000,178.81807789576413,261.30573735616235,706
25560000,184.88496597296142,269.05149527583086,706
25565000,235.214635001711,276.99968638067037,706
25570000,162.76716868395263,229.3856860043726,706
25575000,188.8195444382558,269.47623072194824,706
25580000,150.6416167741587,399.97897621591346,706
25585000,162.00589609929517,334.41432635594003,706
25590000,164.82752539212282,278.51091259087315,706
25595000,185.23133735287485,288.65604036835566,706
25600000,188.52738678202837,237.23139646856754,706
25605000,183.6081202627875,284.0569448050864,706
25610000,207.79286863682086,254.78881171661172,706
25615000,194.04573791347977,338.4068231835163,706
25620000,182.27101534673218,297.9095300804342,706
25625000,165.89308975372518,225.0257554087872,706
25630000,191.35740006287025,334.3525624322096,706
25635000,211.68620560487344,293.1480422558842,706
25640000,195.71253237680733,260.2434944787837,706
25645000,189.67475950244088,329.5283787631935,706
25650000,181.62770689951748,356.4097370955687,706
25655000,161.4507982250929,366.06218436068195,706
25660000,162.53651150654295,311.2556761783511,706
25665000,166.02468503202755,298.37381824614425,706
25670000,138.5415740263286,243.23899062728472,706
25675000,206.7487363995881,324.4026618574605,706
25680000,211.7382559801564,360.9484953370425,706
25685000,156.55750778233283,292.8660450229954,706
25690000,184.0717044838619,249.83615625852656,706
25695000,181.73070020456174,300.30765531889296,706
25700000,136.796791319672,259.33919893394324,706
25705000,155.42030559875025,273.7733813581596,706
25710000,144.2087082760812,339.6037894482812,706
25715000,160.9438697568836,308.5408265392935,706
25720000,173.7769174361017,358.48342095202054,706
25725000,154.1790987892211,254.96196139151544,706
25730000,159.0563526844089,330.6903487298251,706
25735000,180.54769168416883,245.20694262956565,706
25740000,151.93081450972136,302.3224708326107,706
25745000,205.94517815917058,273.70816783554056,706
25750000,164.02776513368246,364.5013758330841,706
25755000,215.7409576567327,334.72791356973073,706
25760000,182.68663124670647,332.1774421999841,706
25765000,204.8600455019799,276.73229463134106,706
25770000,162.14835905442484,346.8668036089127,706
25775000,198.4132563028001,330.0777693604776,706
25780000,156.74983262910678,334.2684889699773,706
25785000,183.29166501685336,319.7977702486547,706
25790000,172.26134848215503,363.7705260942989,706
25795000,172.33554228376093,291.8599596399759,706
25800000,153.26902443911783,365.2773424509003,706
25805000,153.10818678132472,267.2549231538744,706
25810000,197.477761642514,297.13744168305266,706
25815000,139.26217636179774,306.54858570260177,706
25820000,169.52304203095053,311.5206748262069,706
25825000,182.7601378088314,306.39052360381265,706
25830000,167.00419699037442,278.5003565559118,706
25835000,188.61237458595562,372.86591968864025,705
25840000,178.07095244347647,331.5431638463803,705
25845000,163.60285082507255,309.85217698477805,705
25850000,180.524561838362,325.33399356405073,705
25855000,193.50473049547554,299.5561637094829,705
25860000,170.09001995144095,327.2901413162399,705
25865000,230.41907529097386,328.2305045337164,705
25870000,152.1256900127004,316.2528884633235,705
25875000,165.13672204579382,271.8797944235387,705
25880000,204.29599805826015,261.9872138557393,705
25885000,171.5728852510369,369.06995149187475,705
25890000,133.3099331961581,254.15378492196555,705
25895000,172.13005881772187,251.80505488910953,705
25900000,142.6469129999625,287.45288152431544,705
25905000,166.72633966165742,314.8405017799591,705
25910000,156.33006235778473,231.7730619265925,705
25915000,154.49328732153165,278.7568858572425,705
25920000,187.0484101809213,252.97251691927224,705
25925000,200.02391394888068,301.32295909664816,705
25930000,193.43702008200407,344.7598861207039,705
25935000,156.08567262016683,315.4495056281129,705
25940000,202.4227969232008,305.55863275156906,705
25945000,175.68490428490625,336.87979117028164,705
25950000,200.2136694079785,275.85333596200616,705
25955000,173.6186397891591,269.5351361554532,705
25960000,148.50466812117494,240.89440130581715,705
25965000,189.61799876042366,374.3299795149556,705
25970000,190.5947925037773,299.21207122667136,705
25975000,146.75837110557708,310.21729320368564,705
25980000,186.04345268507237,288.01130733766763,705
25985000,212.3784400211418,245.6093752664335,705
25990000,178.1081526402833,360.42081240322494,705
25995000,200.9437868055014,330.92095355006705,705
26000000,158.22472048976982,301.22732288555835,705
26005000,168.66296746504517,339.4563781094118,705
26010000,179.38559444245413,333.77354666300414,705
26015000,143.40247678052563,323.1199359873112,705
26020000,150.75905021408758,352.67974926541825,705
26025000,186.7267607979594,245.16115713213668,705
26030000,192.155557018525,263.38159094507506,705
26035000,200.66367959880023,348.2369683984608,705
26040000,187.1514763581264,332.39390033693815,705
26045000,156.40974366412945,387.0891099908416,705
26050000,136.40701880031895,253.16246457324942,705
26055000,191.003970773909,318.55907860143554,705
26060000,198.783949034868,357.48491374705054,705
26065000,164.15184470730702,270.0688770373052,705
26070000,145.86459892708237,265.41046188108504,705
26075000,155.99623051761247,339.1041059054242,705
26080000,169.56379306928065,342.51874804451006,705
26085000,189.1283415437906,284.39710062895495,705
26090000,157.57407908694879,261.536623859394,705
26095000,156.55651656850117,244.91315423612474,705
26100000,199.0011190473177,279.02329388059246,705
26105000,181.13833269629973,369.1288020884289,705
26110000,147.88584141658586,262.92810154400826,705
26115000,228.86378334546723,236.32125463766548,705
26120000,185.85363741906906,278.35058925466814,705
26125000,168.3628860616335,355.2595967477602,705
26130000,182.8884310711348,333.68538634973027,705
26135000,164.59811800092692,267.6645191075467,705
26140000,193.7024115777769,332.0722999813741,705
26145000,149.91366747817534,242.43516982223719,705
26150000,181.84194217557067,311.33258882966834,705
26155000,153.43696546379658,318.46499943843673,705
26160000,154.38231452780622,268.68526954605045,705
26165000,198.1902121787845,259.2321443664305,705
26170000,196.90379416084926,303.8478737417372,705
26175000,202.23626192543838,279.20213178331414,705
26180000,202.83236760746885,366.6642163010418,705
26185000,191.60118511581942,315.33223182571436,705
26190000,164.88546185021445,320.2553092097323,705
26195000,148.05366117907073,296.21993449780643,705
26200000,222.90569901401832,305.6059741462106,705
26205000,159.53342394299352,308.58413321692234,705
26210000,179.00226297720073,284.50116204756455,705
26215000,225.606803786142,365.01962047282257,705
26220000,175.38789589484298,240.0941047280521,705
26225000,174.1936573390723,313.61136866154527,705
26230000,166.91505001530263,295.7936637565178,705
26235000,214.01526767040676,313.3433219410084,705
26240000,191.65976933867637,348.91541619367194,705
26245000,124.5028283052396,298.99673465621765,704
26250000,144.70556243285657,316.642734490508,704
26255000,185.51318874749202,298.2771694686274,704
26260000,190.76339612294294,255.3579696414801,704
26265000,153.03109228394945,287.98440112869764,704
26270000,219.56580134370716,327.7466147098915,704
26275000,159.52478231340535,317.2034727995858,704
26280000,203.785988569471,283.1061859806975,704
26285000,143.06952438017754,289.691211820841,704
26290000,170.30467606165197,292.14165284095714,704
26295000,170.2278086928685,306.18023640131116,704
26300000,194.34880957287794,387.15638954495694,704
26305000,169.76194809982144,316.79915592806987,704
26310000,181.68589310069945,264.39108628195777,704
26315000,143.1080562155053,270.99559887166293,704
26320000,137.45321598809878,255.67125370065125,704
26325000,156.22204350040124,356.59671816807014,704
26330000,170.34060064472519,291.7899384722673,704
26335000,150.0452655036308,260.173427495862,704
26340000,166.53525951356337,394.3185093161651,704
26345000,195.7597059101346,302.1310373735245,704
26350000,146.47754423556117,277.9148015944559,704
26355000,163.65805062150434,304.8310057659051,704
26360000,148.25957425488807,335.5648747739486,704
26365000,180.89657161528515,269.3311522101129,704
26370000,167.15705152554014,323.30553308075287,704
26375000,151.88051759362298,270.2383146676701,704
26380000,158.5930562421198,349.6151876852035,704
26385000,173.16806911642968,324.82632146304246,704
26390000,160.78480169069877,276.9286532620509,704
26395000,127.54555023373265,265.4102368546722,704
26400000,165.6658830243619,330.27226599503547,704
26405000,163.30225671798743,280.8526180340572,704
26410000,179.22336641184597,267.1233832881849,704
26415000,162.52667434086501,341.0198569382907,704
26420000,167.8314218317219,353.68546471408996,704
26425000,132.35125831960764,245.60804254301345,704
26430000,207.06123366661006,329.4136714272347,704
26435000,195.34760140309345,271.5401542693387,704
26440000,195.05491038186193,280.84311736372183,704
26445000,195.32551768933553,290.6915455395968,704
26450000,199.88408070366881,269.120616384234,704
26455000,169.8686845933798,255.25720134606712,704
26460000,174.4471676701786,301.02201144705526,704
26465000,194.67979064824397,325.0815810841845,704
26470000,162.86158307636578,299.99463061761423,704
26475000,148.80972634475174,260.0799049575737,704
26480000,142.67583511898954,290.34670969798725,704
26485000,179.0262522533024,341.0627928527107,704
26490000,175.57402016870677,297.5745573770865,704
26495000,194.78747313873043,323.8188605863151,704
26500000,188.63939164297815,314.4469383181151,704
26505000,162.51947331308565,297.41391904368055,704
26510000,185.13326321580163,326.6272245738769,704
26515000,212.89651673741164,358.3034985712665,704
26520000,175.98449127828502,233.6452823763711,704
26525000,189.94643088043128,265.27692203176485,704
26530000,161.1880815365789,303.20134615087125,704
26535000,171.96029224467114,318.28094739839554,704
26540000,166.98234778123555,355.20138117830584,704
26545000,162.74503425211725,290.16948319578285,704
26550000,157.446221118956,332.7891539727099,704
26555000,151.022241939414,333.4467659216934,704
26560000,131.29152443823185,333.11583801750226,704
26565000,203.6239248626854,284.89850442075556,704
26570000,204.38475713427835,319.5346173131354,704
26575000,140.64646684003833,284.2765036592038,704
26580000,199.58975710652723,310.5386013982515,704
26585000,183.44990955165417,254.76041893684175,704
26590000,154.68347751092404,310.5351737776293,704
26595000,178.25246571327318,292.5848850141683,704
26600000,181.21241857833957,321.329291468427,704
26605000,147.1934016414458,335.7805222953831,704
26610000,143.79958829357383,285.9606205492319,704
26615000,110.08064501267596,238.4111834901797,704
26620000,193.16654492907207,332.7502048828198,704
26625000,172.10891541071578,357.83030381145704,704
26630000,168.30705649228756,294.69695014783645,704
26635000,179.74291747224893,408.4442294166365,704
26640000,175.4239301279705,347.91052893067604,704
26645000,170.79178366733967,271.6453550326333,704
26650000,204.48303173255493,316.77608164651355,704
26655000,178.10452668598373,333.03694780869375,704
26660000,173.6985606005312,289.3111367349864,704
26665000,146.8988695769531,290.20115597573863,704
26670000,173.26675964417728,300.4721522253323,704
26675000,181.41542120018144,271.2946545013811,704
26680000,138.10144619788304,304.2303070027651,703
26685000,171.6548330655412,293.00112753912725,703
26690000,170.84476508876025,291.075682355642,703
26695000,212.21347161180233,353.48931218166507,703
26700000,148.5099782263262,299.1201464997671,703
26705000,148.76233810651195,418.5993792728534,703
26710000,185.32875737984054,271.1447237320976,703
26715000,149.49659623601076,313.0791297502237,703
26720000,175.20133576222946,258.66681352211253,703
26725000,206.90531047218923,329.1459273988788,703
26730000,166.13842325703482,337.4119847977996,703
26735000,190.29780200721336,335.48136491116156,703
26740000,188.45948774079656,318.15978774853284,703
26745000,143.53645104945804,279.5806625882974,703
26750000,170.93544481730206,232.28130541548828,703
26755000,160.40682275517125,322.84029054879494,703
26760000,159.2230830666343,242.24476967171853,703
26765000,154.89773141432093,280.1541184107266,703
26770000,171.83464114034172,319.56113191037196,703
26775000,182.08087004483562,327.2929524340573,703
26780000,159.04170726317952,347.443790914997,703
26785000,157.45055802546412,315.369343869938,703
26790000,193.82853300779982,305.66986477990196,703
26795000,180.01871572568783,269.1961929530424,703
26800000,167.4530329261512,306.3251588203787,703
26805000,183.65333917125548,229.01883408578007,703
26810000,177.49600428546034,272.4605263348769,703
26815000,196.3505227338742,282.73156914227883,703
26820000,134.1261413329736,280.49505632487836,703
26825000,197.73881830893038,274.07879308982723,703
26830000,201.2050290315134,255.61343607091464,703
26835000,179.8988471801126,278.51345540808916,703
26840000,172.9400432236676,313.7981874345076,703
26845000,202.55051465085458,329.9386048472185,703
26850000,161.9237532534897,344.32260261297904,703
26855000,196.15814407810578,258.02541286324646,703
26860000,154.499353190407,296.4572523265207,703
26865000,168.01382716042136,329.42363241409066,703
26870000,185.2934960714119,301.13099097668345,703
26875000,182.4412638020111,272.2847854763765,703
26880000,145.96989383699287,269.64094255514146,703
26885000,156.74034415674345,302.32855945579234,703
26890000,205.06361253440136,370.0302593456312,703
26895000,188.26339653475608,387.5298837292112,703
26900000,152.67237223531794,336.1864579571637,703
26905000,152.33131673760462,255.62562149202628,703
26910000,190.33328983901254,335.51269437351687,703
26915000,149.89103121089758,319.37893558832616,703
26920000,201.6550874746863,322.4098066209209,703
26925000,193.77098100895364,249.50963478480284,703
26930000,183.15986786470526,374.6458071824488,703
26935000,182.11869362448675,297.9511633699575,703
26940000,179.34322083884555,282.26176145434374,703
26945000,180.09333713816807,320.117257472676,703
26950000,182.5306311375221,288.4329430934108,703
26955000,153.10645725431604,254.57321078930156,703
26960000,184.1350732714989,273.5641885941262,703
26965000,179.14334061241644,281.86143977032725,703
26970000,171.6879686192154,294.3851694579343,703
26975000,141.45787422316172,338.1047998333091,703
26980000,152.9973914162173,276.95527945930667,703
26985000,169.4655903384037,285.3232874084799,703
26990000,161.59072142337118,310.3036809145213,703
26995000,161.1640481918045,315.5187640803191,703
27000000,199.34168560941566,381.0453931002276,703
27005000,148.12586567981037,327.4017200094854,703
27010000,160.6777682122001,271.8010727916979,703
27015000,173.2027181318298,263.41894469596895,703
27020000,162.70858526721628,263.38428921561695,703
27025000,170.02797594404487,270.25938083786065,703
27030000,192.04102192591233,266.06926112412367,703
27035000,156.26813082890135,310.29342230684153,703
27040000,145.65576752313396,271.59625019567477,703
27045000,167.43636531638518,271.0628035298422,703
27050000,181.57261728776606,341.487555047923,703
27055000,172.8908563188991,299.3754517223135,703
27060000,190.1002214473451,281.9063711721116,703
27065000,168.55267479516533,334.68419042657126,703
27070000,201.0321069119045,362.5059750318149,703
27075000,126.11154137663512,312.38159922364986,703
27080000,209.96348460162397,261.007076131394,703
27085000,168.5441172262364,273.13693133196375,703
27090000,164.0070516205928,299.67603700608714,703
27095000,157.03791116009336,311.77529451561566,703
27100000,207.74165642928622,358.1620270283502,703
27105000,173.7452589656854,236.55349147856037,703
27110000,179.43311483453093,313.24035576413416,703
27115000,146.94260682998342,253.11221659858336,703
27120000,172.1058720104918,303.7647330504055,703
27125000,170.64263764775166,329.31841507867864,703
27130000,168.8622722981671,313.9470750375204,702
27135000,209.4469551966252,316.6852612937762,702
27140000,152.77904702460526,272.38583085012914,702
27145000,168.4935068983377,307.33806063886914,702
27150000,172.21120198144408,300.1720266940463,702
27155000,151.22607786530884,304.9676889445078,702
27160000,146.14707756712383,293.0528181389187,702
27165000,170.86395630889038,352.4862010403054,702
27170000,159.94686547067857,291.6137092163789,702
27175000,162.1451001955211,315.75804494226327,702
27180000,185.5208807756121,343.9859120287287,702
27185000,151.02535493419916,343.2519706893514,702
27190000,148.3116271398493,306.9452563578959,702
27195000,141.55174569199224,282.7598205331501,702
27200000,193.07692556939335,312.7136378810076,702
27205000,160.46225793185653,263.08605642072564,702
27210000,197.0843756167949,264.62209068957713,702
27215000,212.76934370067212,295.5447679314278,702
27220000,152.41484523816658,320.7990380761695,702
27225000,147.9496892411342,316.3278990203003,702
27230000,177.5540105573905,299.11408438263436,702
27235000,182.5526002386362,355.0019932567472,702
27240000,167.88497513145228,270.18456424503836,702
27245000,179.34031388325863,292.8866685518274,702
27250000,178.44983732535195,274.28853300013395,702
27255000,220.35689163149635,286.9666718269749,702
27260000,221.75325074479846,251.45743517663882,702
27265000,168.85250201152425,333.58579408261596,702
27270000,225.90900664540305,278.39155449479296,702
27275000,143.1712655938905,324.9329163215116,702
27280000,177.57208813574033,325.1151124678917,702
27285000,191.9585029972469,302.372886681221,702
27290000,166.74123380828973,270.75355174661615,702
27295000,201.24034727013054,335.72291639007915,702
27300000,171.14396422349225,290.7724065730583,702
27305000,171.0140482918961,285.2350683045811,702
27310000,167.77932621905313,336.9005900967675,702
27315000,196.32592508367233,300.3504510890459,702
27320000,221.96495137176893,302.87161228699057,702
27325000,219.80140818445287,314.12848814877236,702
27330000,192.99427091579486,267.3280808651127,702
27335000,186.2007366218507,312.8997852310761,702
27340000,165.60662057012374,307.6725141492077,702
27345000,174.12994062899497,275.613173286908,702
27350000,207.69360511358693,352.11464916202914,702
27355000,170.53061997725237,378.4759380126321,702
27360000,179.9413704082663,306.8172396180275,702
27365000,144.30252521485926,304.02853153760543,702
27370000,178.2467491241241,344.3405811953664,702
27375000,168.23026261692917,294.4431656586584,702
27380000,132.9915302493381,247.69812047648213,702
27385000,162.36647619761888,259.6820775297724,702
27390000,212.7236416370593,316.4757070011023,702
27395000,141.31617769223124,278.5093619585768,702
27400000,199.3691412255646,336.9366140155112,702
27405000,151.71611919027393,255.04665808071076,702
27410000,187.84163592855418,348.94245719877523,702
27415000,190.04926939364648,332.2187603320828,702
27420000,136.44442713612878,361.4120199813277,702
27425000,191.05778398300558,248.26441751793203,702
27430000,136.6045099933883,241.5257344186619,702
27435000,171.2944444579981,286.89376538688873,702
27440000,225.86705831033052,244.79095793049154,702
27445000,207.84545414610736,358.75920405732313,702
27450000,165.55504186114558,303.6185705876709,702
27455000,203.51983386726081,338.9157863974385,702
27460000,154.40224249390468,330.43134701504954,702
27465000,187.214841094657,340.88921683073,702
27470000,161.5076253726966,278.7819014734865,702
27475000,142.73652005089554,398.2533798436468,702
27480000,197.3519057316146,222.89303940740345,702
27485000,178.5430272792249,253.09299861502467,702
27490000,174.7245481515497,247.79223750278328,702
27495000,192.99660811671626,271.92138822001164,702
27500000,179.3283727234093,274.8813201222368,702
27505000,144.08993562677315,259.60374716516844,702
27510000,137.62659025442875,292.20230081592484,702
27515000,179.5919958307372,281.168686297864,702
27520000,126.6902819889751,258.1560142856519,702
27525000,183.92657981563667,278.0388750681886,702
27530000,175.3155703213378,317.77404540571985,702
27535000,208.7707967125212,308.44524360044056,702
27540000,157.24294166434433,264.9369045180454,702
27545000,208.06002852106934,276.6644686079448,702
27550000,180.82268521572547,299.4099752264783,702
27555000,174.26490644522093,280.93076451854523,702
27560000,159.48920793551525,246.86749958307988,702
27565000,201.85846935929175,325.8144696079739,702
27570000,183.53322466703793,305.3205123520015,702
27575000,190.63250993511616,346.98000797542574,702
27580000,211.85827590884298,391.07148822476427,702
27585000,161.23194985243728,282.4740446035892,702
27590000,164.2000100899981,365.9855832172233,702
27595000,183.27926799206247,332.6845327290625,702
27600000,162.85501036471697,320.3256334118137,702
27605000,151.31248140461634,316.78834913109375,702
27610000,193.22251075962902,336.7913592257424,702
27615000,170.92051470648056,328.05184642036653,702
27620000,165.02147774376382,259.229592802871,701
27625000,172.92921901836274,287.15547332758484,701
27630000,186.72020505793387,252.36691370364073,701
27635000,190.7160213606475,253.29197526144625,701
27640000,151.168791405108,303.4433402045155,701
27645000,166.5453246588465,307.980494893619,701
27650000,147.67827056527094,312.9701936695359,701
27655000,155.42093285749115,318.87674692376845,701
27660000,177.23633494338915,332.064988130301,701
27665000,145.44997395793496,307.0818040961916,701
27670000,154.10650714206002,307.3683986744137,701
27675000,218.5041932572799,406.1500651557004,701
27680000,234.20836104719558,268.6282860992635,701
27685000,178.12939244150937,315.13120859699853,701
27690000,172.56189335595775,333.8877102491993,701
27695000,156.54568885537745,277.30513490577863,701
27700000,218.92512201859122,345.53292680238144,701
27705000,189.36740321758302,247.60183491941206,701
27710000,182.838849199616,334.74534498816666,701
27715000,202.46574197252008,395.67909652484644,701
27720000,188.94160007287405,356.5333844619782,701
27725000,191.20013354919718,309.52009257272704,701
27730000,210.07861926775354,235.6880270612717,701
27735000,219.84310501231076,324.1436479018257,701
27740000,198.885597321673,310.0320061690661,701
27745000,165.159876146323,343.98036347686957,701
27750000,197.76975172517942,266.12547951875246,701
27755000,153.15224063443034,325.56881554493367,701
27760000,195.9807129388032,290.40558817354906,701
27765000,214.68699100687604,295.17520014798293,701
27770000,193.5860128150226,307.909235219237,701
27775000,187.30135362129818,337.96537878501255,701
27780000,179.84827732730918,336.7351574553997,701
27785000,175.01230166459857,279.35224990207456,701
27790000,189.25188481021263,332.6967460686955,701
27795000,173.24682732332826,257.92075791762363,701
27800000,162.67011611932722,317.12138864915835,701
27805000,175.03284657279914,317.3153396706298,701
27810000,193.33749644168603,278.0239424650422,701
27815000,176.49335247831203,349.4402427523795,701
27820000,196.1933588904831,261.4018107853621,701
27825000,158.32730632246333,300.25106949230616,701
27830000,163.74112757572675,246.0854305265108,701
27835000,184.10445929090343,274.7515026488099,701
27840000,190.27851407548877,298.36433153499814,701
27845000,178.93781641738815,342.2254281341937,701
27850000,209.63752206565087,251.1151179882029,701
27855000,191.24056579706408,274.77050188946504,701
27860000,210.15890176494895,319.6690518162243,701
27865000,208.23997996748056,277.5757466545039,701
27870000,210.50263318506737,278.04426747297407,701
27875000,176.74727753694967,249.2474782857773,701
27880000,245.4944115434478,311.22316302366204,701
27885000,189.07308770080095,329.3004571666203,701
27890000,160.6018183821343,301.4894986684169,701
27895000,191.79086809453284,297.15915582405887,701
27900000,168.349761847666,313.3681489045999,701
27905000,221.96637826569503,249.20238105253574,701
27910000,158.97228967742677,298.4469877194241,701
27915000,154.38076151905778,233.98961012901617,701
27920000,183.0966354565233,362.4306771466002,701
27925000,162.5865641791187,345.7492893105277,701
27930000,195.16265809942243,298.8016772462785,701
27935000,149.0982309133416,229.0739982107437,701
27940000,167.8668699442165,255.35611281254367,701
27945000,185.0194481530429,382.871721968143,701
27950000,165.98257500477044,357.03581174127606,701
27955000,185.7182165651656,310.249401589105,701
27960000,166.02893943117112,283.9736758319692,701
27965000,145.59486615592547,352.99727681927607,701
27970000,205.13003297472937,342.8757383520878,701
27975000,188.7520818920397,315.15813890533786,701
27980000,193.93008988497795,348.4244422418582,701
27985000,196.2110906609256,310.1362488200111,701
27990000,166.4161608532572,279.1992236430469,701
27995000,179.7000768789421,356.60492316861274,701
28000000,162.70468426829487,280.2654472146351,701
28005000,188.25232492959114,293.7994750987901,701
28010000,176.16608812440032,250.23144471382048,701
28015000,180.49207980561854,260.33454375583557,701
28020000,148.96673410794313,308.7072646533817,701
28025000,145.95342036838844,340.68542342337645,701
28030000,159.16096530837896,243.0614886655048,701
28035000,180.89515554328568,355.65981765549316,701
28040000,201.85919872392563,249.6871105913785,701
28045000,174.27044158028272,284.9863341988803,701
28050000,169.25367264312976,333.93282800245413,701
28055000,182.50466134006547,302.0809566050656,701
28060000,220.87454999253916,291.0538587739481,701
28065000,216.8019635196775,303.09226758505827,701
28070000,186.85334173678808,328.9520839753847,701
28075000,180.24078493047,268.03052268945225,701
28080000,183.30406497529674,371.0415353355956,701
28085000,176.4238811050248,278.72246109415653,700
28090000,158.45587413877215,404.70826961661055,700
28095000,172.99867914914168,288.6372670876435,700
28100000,244.07043315837512,336.7304351554583,700
28105000,151.24990930542032,288.43973014029444,700
28110000,190.41378234364598,299.87460901116816,700
28115000,141.4470235110153,356.4096311385294,700
28120000,175.32971674098928,307.00010897044206,700
28125000,163.02648389475706,344.9195610042991,700
28130000,199.1789377686872,287.9462503834824,700
28135000,181.40409726098363,246.58697119041736,700
28140000,167.38009725026,318.38623438465635,700
28145000,167.35826073464668,341.6421596185479,700
28150000,188.39151502582877,314.2252536071707,700
28155000,169.65905680380783,357.12064082306426,700
28160000,193.4179185007795,289.42216997554294,700
28165000,155.89726947801813,261.09573992322595,700
28170000,196.82003583389942,280.3208336288928,700
28175000,177.90082546369817,277.90162571181,700
28180000,188.30765658263445,277.52490975930834,700
28185000,152.7347069793183,355.19302145051296,700
28190000,195.51947526241798,378.5488128778449,700
28195000,164.28429719655057,308.311810252054,700
28200000,181.22462781149468,278.5095926708022,700
28205000,178.32654844587785,273.8699089377546,700
28210000,143.61217058994694,374.02702926064325,700
28215000,209.65783299224506,311.66169072435093,700
28220000,178.57252173746053,300.8853862211483,700
28225000,194.4568676591174,315.5606047692633,700
28230000,162.7426444028878,274.8295209466852,700
28235000,197.26090975955137,347.59478284107996,700
28240000,176.36404934218257,304.11301224541677,700
28245000,168.23052855776902,317.0286722555615,700
28250000,152.1249710483994,283.30126149984267,700
28255000,142.11645975336265,271.5522675034514,700
28260000,162.47949088351587,273.70370999600794,700
28265000,188.38562111953618,279.26664703176175,700
28270000,178.81290591885025,279.6813299348665,700
28275000,180.17309624491253,321.0899335467283,700
28280000,170.42149796220355,281.0302844011793,700
28285000,136.17304609308061,287.1453159167112,700
28290000,146.94124269048368,266.28509935857136,700
28295000,221.53852317825604,318.43239334545586,700
28300000,148.52262393314663,307.0371318709011,700
28305000,170.1725186075544,271.569507842595,700
28310000,197.96481120760066,350.1007550172395,700
28315000,146.79009584889863,277.32659018183364,700
28320000,186.7092442121044,336.49397941750277,700
28325000,168.46801938654923,297.1415666265678,700
28330000,184.86922963914233,234.20917456151096,700
28335000,193.7855410346123,290.37756957361927,700
28340000,175.184018248199,358.8979090726406,700
28345000,200.23801950316064,298.40272498420467,700
28350000,158.669291042654,308.99387856113475,700
28355000,201.26014970121014,282.4165008612529,700
28360000,215.52625691726485,326.99372304996257,700
28365000,167.1326555391021,294.3984043047412,700
28370000,170.67468209249716,302.8747638370367,700
28375000,140.15920688728002,354.0854067852897,700
28380000,161.26020393227805,256.371007158572,700
28385000,165.6324353695429,289.8130205026688,700
28390000,175.48099659045238,363.22954007817543,700
28395000,188.9068492542515,247.5165559717797,700
28400000,180.05384015348872,317.96157534474116,700
28405000,191.3043768977468,255.9758798948286,700
28410000,162.10093032950303,291.21788589410323,700
28415000,158.31429983657372,305.99596691192846,700
28420000,185.08368836264975,241.09592154410996,700
28425000,158.61036456228206,348.85324867884947,700
28430000,181.2787667551244,301.4829034377698,700
28435000,174.0256192183558,259.5310366276093,700
28440000,166.3858589897161,306.0124000742079,700
28445000,197.40282193982284,290.74099679191295,700
28450000,165.28787743113836,306.658257154677,700
28455000,163.67051417690476,253.8993998839132,700
28460000,185.59671818419613,318.5975116640224,700
28465000,204.57820686325027,330.43706064933957,700
28470000,210.7791223461055,340.0371870323262,700
28475000,189.50550761312485,260.17058032950666,700
28480000,139.89879673581595,322.11731464623114,700
28485000,147.80159729370044,320.67776020948156,700
28490000,184.05201939424705,348.3821669828871,700
28495000,151.81938446051487,267.66958559772377,700
28500000,148.84874052704757,308.0451449360325,700
28505000,186.77540618807612,344.42656978708374,700
28510000,173.07823574036593,316.36521869453543,700
28515000,201.26352940758696,290.65221806852037,700
28520000,156.54668543072302,308.5506173401929,700
28525000,191.67098990259373,278.7856154297397,700
28530000,195.81741807025904,309.2287479406428,700
28535000,129.93820342712175,265.1547511861029,700
28540000,160.38097710356755,332.1332724762183,700
28545000,227.11527252043666,258.8818848727288,700
28550000,171.0917003483246,258.45871836325114,700
28555000,178.4491114815375,214.88321936742966,700
28560000,207.62596879598996,309.6712082089456,700
28565000,160.31485601801302,284.2131749759479,700
28570000,208.83420989569902,341.106926198599,700
28575000,156.71702805153075,286.87416241515047,699
28580000,162.08213699386843,245.93955497301872,699
28585000,204.82982861043945,331.0752663066053,699
28590000,185.67359424311385,266.1975949008517,699
28595000,144.66804090832667,270.5527958431104,699
28600000,168.7336748193079,358.1228200592064,699
28605000,142.06824916771157,350.6062370558235,699
28610000,184.58412968548896,342.4397013475451,699
28615000,149.4129161039579,346.17500326487925,699
28620000,173.63480177248562,266.2504903226406,699
28625000,161.12810840481475,290.450630424872,699
28630000,158.0913459763482,300.7242760767816,699
28635000,164.994965127048,298.8442203186278,699
28640000,177.8401331631646,305.36338712762074,699
28645000,190.63710440680458,280.3405966504217,699
28650000,175.71005252260383,247.42401745918315,699
28655000,160.80247974648,306.46803321969554,699
28660000,234.798793392323,331.8680569380566,699
28665000,179.41966204351937,336.945877863093,699
28670000,137.55684914845716,338.2130255580874,699
28675000,205.68592249767468,296.6989487780893,699
28680000,171.87189490746402,255.10036407258642,699
28685000,184.2872963564558,320.10178378530736,699
28690000,212.182141007811,353.60482692892714,699
28695000,185.44032404210088,270.49797791548747,699
28700000,163.95022425524724,271.0978292099796,699
28705000,161.48644133853287,316.01722441727367,699
28710000,164.05223340852808,306.43376525371195,699
28715000,163.16834985155742,268.7349387569164,699
28720000,189.34816176758676,329.60566256034576,699
28725000,179.25630822605504,309.95185257454307,699
28730000,156.46075677097258,292.5568026503407,699
28735000,148.24737810711622,382.67022846379956,699
28740000,206.25076911041145,283.09129225436715,699
28745000,195.5096460150886,330.61289088552286,699
28750000,198.01734441882823,292.50318257982315,699
28755000,216.9329898090428,275.95751745414714,699
28760000,168.28050944944917,273.1056821159953,699
28765000,140.079553354674,321.3266336028677,699
28770000,175.55285445284827,258.1276676588622,699
28775000,173.62345365720833,332.1688011803552,699
28780000,197.56971050356728,316.5488750693713,699
28785000,203.3157529507303,327.4555256892236,699
28790000,169.06184716238843,275.62454439817276,699
28795000,171.70078353306604,281.1812214317363,699
28800000,182.76926907313722,282.41936098987355,699
28805000,189.66861610253937,260.09496827744863,699
28810000,144.57531301085538,366.12214150480463,699
28815000,198.39549708908126,312.5628845802013,699
28820000,172.97658910364277,284.64285309315034,699
28825000,201.99221886438642,295.2878841244943,699
28830000,158.07114204315312,236.376691279493,699
28835000,155.96768451353873,339.04373919361393,699
28840000,170.67115224748053,237.9094988987277,699
28845000,155.46961482943462,313.2254924771784,699
28850000,217.0149857637363,354.51231923877504,699
28855000,145.376658837711,241.84969991268355,699
28860000,180.95546511487896,285.72965528935947,699
28865000,195.4543523010526,385.4167308127016,699
28870000,179.86484018639737,289.70808078212576,699
28875000,177.03107397734584,313.1662651702346,699
28880000,177.61955237158082,319.22604519145585,699
28885000,174.73617608442945,292.0301105590518,699
28890000,178.4446983412084,271.6101984207455,699
28895000,181.50890816647873,298.05547344541026,699
28900000,154.96917067507388,253.87448328892143,699
28905000,132.15921482181847,290.8293375054458,699
28910000,162.86092411075637,283.3635653226879,699
28915000,171.11190703669223,263.44149121166316,699
28920000,155.182271178946,351.8032417091722,699
28925000,173.601398975726,289.6116201347579,699
28930000,228.21008497613926,306.5926148239634,699
28935000,228.96706183207553,315.10584284924016,699
28940000,201.53025293977262,315.6493118048714,699
28945000,178.938539343028,319.2738596031309,699
28950000,161.17570697721897,319.1958315466006,699
28955000,136.44679203589487,361.8782373045164,699
28960000,173.28894009646098,279.24940652613805,699
28965000,208.77020637711558,274.0790107831473,699
28970000,187.29368442429714,248.34452567212614,699
28975000,167.5124265741164,318.89343537292643,699
28980000,112.30134211270149,270.8551222559077,699
28985000,211.02249626876468,327.19595433796866,699
28990000,224.92750843269528,336.7586262704822,699
28995000,172.8235423714546,336.1773345020557,699
29000000,165.4068269264973,318.1985478308013,699
29005000,159.526738926631,311.4894700835074,699
29010000,163.41100382674213,256.5141755091377,699
29015000,168.30595010697888,369.5437858081233,699
29020000,196.56234727527774,344.18181412169275,699
29025000,201.98630695927943,278.18001071840297,699
29030000,187.56495236559587,349.4965162078465,699
29035000,165.98922261400787,284.51536225694497,699
29040000,164.71698716671943,223.52348903539257,699
29045000,201.49895229611803,276.7663010748123,699
29050000,204.08378211924986,343.4816578377857,699
29055000,179.22283935783906,269.3673783819867,699
29060000,164.7940091510481,265.87392316518486,699
29065000,171.37366176174402,232.43046864362617,699
29070000,175.52701210667507,297.4125995845,699
29075000,154.08940029537806,271.3539794446961,699
29080000,167.69325192569238,246.69795216623453,699
29085000,181.35552597705797,364.6125928990235,699
29090000,183.97939043426118,304.78094618422034,699
29095000,193.64559406192393,283.6410633747493,699
29100000,152.22389809631724,302.68447857676813,698
29105000,176.25309739503072,301.45873864708216,698
29110000,180.97457605674424,228.42010779728358,698
29115000,143.81917796750625,318.1040252831678,698
29120000,190.94115148204364,318.8488086341622,698
29125000,174.49753387898525,297.5674440941142,698
29130000,176.57471085349454,322.7689113127239,698
29135000,214.18420839821448,283.0393332952964,698
29140000,179.2663956918571,353.27032897110024,698
29145000,191.98540061300494,311.07731571885876,698
29150000,217.69261956038613,344.5994880623834,698
29155000,183.51761454373747,306.2657691201824,698
29160000,226.26568966625402,309.7015658965802,698
29165000,177.21742518577895,275.48705390285045,698
29170000,206.19729310140278,281.4707134851472,698
29175000,134.03987367781673,311.98443277238795,698
29180000,150.52911952670775,306.8723380401079,698
29185000,184.28783395234544,277.5965842103269,698
29190000,222.90429531254384,280.76407292143534,698
29195000,191.23707237262207,299.94488505599315,698
29200000,162.5821844796082,296.7825966042452,698
29205000,175.39484002630826,330.6907382665065,698
29210000,158.49117220437356,281.77114821843577,698
29215000,163.80777537661936,261.5265459814778,698
29220000,124.93589754387486,344.5164734879492,698
29225000,180.29291703928166,287.00493708194284,698
29230000,198.05324966480904,317.4574165538606,698
29235000,203.49099393104552,351.43703841491424,698
29240000,204.76482963414327,371.054266745622,698
29245000,188.75997262434691,309.0841408451215,698
29250000,226.72879680328566,257.4134296960443,698
29255000,185.634989801898,291.6377047315023,698
29260000,187.08074778713308,305.02989635290135,698
29265000,197.33426926201494,310.4304703312532,698
29270000,176.4356497372815,312.5461460475928,698
29275000,205.83249714413927,340.4190742153454,698
29280000,164.7343093196317,308.4755379729033,698
29285000,173.94626758132367,283.74682006591627,698
29290000,152.20980072732695,338.4906128659447,698
29295000,144.90493232045907,288.8888289331339,698
29300000,158.6486665871214,280.0815859954782,698
29305000,201.2287947395984,319.0438249108478,698
29310000,176.47459723153256,312.5808793555892,698
29315000,163.07079299138618,284.14040173081355,698
29320000,208.6297818243127,315.2027306659167,698
29325000,178.48842423062825,301.35027951983386,698
29330000,182.69516215941124,340.441832635005,698
29335000,170.09772666805415,278.2315245326083,698
29340000,171.80713905926189,272.4275309201154,698
29345000,185.48207778716858,299.374281911478,698
29350000,188.1152232701459,283.27589360522256,698
29355000,147.1009854964094,253.024485675978,698
29360000,185.61476320813642,306.29444255305003,698
29365000,187.03720639533773,313.32464714170766,698
29370000,191.79744481409313,283.55774730661443,698
29375000,156.84667923431707,295.2027081876497,698
29380000,203.2963410464115,288.9556766851977,698
29385000,228.0251694464866,303.00111605978907,698
29390000,173.00041438708206,276.28631784896845,698
29395000,179.10567480360737,307.88366054204823,698
29400000,154.8903049913336,286.27509248457636,698
29405000,187.8822226044646,281.800067899017,698
29410000,182.59085666867284,275.3444112687794,698
29415000,176.96783079780155,261.60192508294034,698
29420000,204.8120656418864,349.83649375938626,698
29425000,156.3790076344772,317.0967449619803,698
29430000,146.6982226238397,254.54665417301513,698
29435000,156.57072864277853,321.07913319368345,698
29440000,142.26298103276744,308.1316828267017,698
29445000,188.87109259956057,358.8930573929508,698
29450000,145.4671672354795,280.50934967339873,698
29455000,165.60493403256996,307.7462131281011,698
29460000,148.09534212672696,297.54295494179905,698
29465000,186.46451485661584,258.42789770722584,698
29470000,179.40002519686018,299.27814740891023,698
29475000,193.25238613382209,323.1156871711952,698
29480000,164.55200150691613,272.5020934897575,698
29485000,158.86082410814117,296.8898029987892,698
29490000,158.77720346124119,353.71486344842856,698
29495000,210.19576698768233,308.4971064721475,698
29500000,175.99640856723386,259.6471681568937,698
29505000,163.78095446748821,308.1138192257222,698
29510000,187.30781703995143,266.73024276955454,698
29515000,168.24885660738371,356.9702999139969,698
29520000,156.88878318984737,249.7696161847503,698
29525000,154.4157029286583,318.738598628154,698
29530000,169.92735290622633,338.5807386946314,698
29535000,203.68715617706107,321.4744323234194,698
29540000,174.07204555314328,351.2387316765195,698
29545000,173.24663512053536,349.1095882756674,698
29550000,211.24139035733813,328.2934778939917,698
29555000,192.6855137818407,285.07726466923566,698
29560000,172.83645826683798,286.1096670902503,698
29565000,156.16131083632777,319.758088902442,698
29570000,195.33264571564283,335.5542632346936,698
29575000,203.23536121536335,283.97705474558893,698
29580000,171.08328620122998,372.21276476238813,698
29585000,153.9780929945316,319.04762123827373,698
29590000,167.8893651218319,345.4378025240683,697
29595000,185.22057036582538,263.59209329802997,697
29600000,125.38654970873432,363.64086551193765,697
29605000,189.5564447196075,347.14406774423173,697
29610000,166.02920958285372,314.21880561351725,697
29615000,165.38134173394423,329.11358508328016,697
29620000,190.62186956705216,314.60554366598416,697
29625000,164.85705258026076,398.23348245140556,697
29630000,192.79454866314447,393.44415377469124,697
29635000,163.95854947348064,310.2125524919841,697
29640000,163.86996784617529,259.6954623809732,697
29645000,163.76715507655467,245.89627470463006,697
29650000,148.99010622092487,333.23195069324737,697
29655000,169.8888474774065,310.56303664315044,697
29660000,161.92111707025305,289.0001720569906,697
29665000,179.4593571093391,289.6037639218555,697
29670000,136.09470297097502,299.2433054569161,697
29675000,170.01661449707282,338.79958412873293,697
29680000,163.56708335095547,244.49644757051388,697
29685000,202.35516484808176,301.30724057141214,697
29690000,204.16065683437697,349.67775994074174,697
29695000,195.868871122586,295.55089432965923,697
29700000,207.6574981289643,328.0551198431834,697
29705000,172.6430839299042,308.8051684004081,697
29710000,207.07210489319252,319.2395676589932,697
29715000,148.24157084788516,312.6067623990402,697
29720000,204.58251823342047,325.116076317643,697
29725000,177.5559935237293,326.8928924004095,697
29730000,156.53219196459634,293.74109609107387,697
29735000,152.9082018294061,291.1675786131865,697
29740000,162.8203592101863,284.3405060380188,697
29745000,167.48881679130633,301.77329817922447,697
29750000,149.94770753585053,324.37049754983354,697
29755000,148.68106202004103,253.716195370147,697
29760000,177.89986720601811,304.966192118284,697
29765000,181.63540979192337,354.3147893032782,697
29770000,185.55026844510562,269.5289567329629,697
29775000,142.3448234901301,279.7605781226791,697
29780000,166.52685043045514,263.2881522414148,697
29785000,156.3526687164397,287.6736919767847,697
29790000,192.0707866128646,335.4736686816349,697
29795000,182.96862828913814,274.40395564226395,697
29800000,177.6472046104929,282.803050673242,697
29805000,168.98516532060185,208.95000264166035,697
29810000,184.42922034273838,338.21033201017474,697
29815000,175.20207977640646,258.6344573973126,697
29820000,142.39619852692624,324.92734531269275,697
29825000,193.89989710169172,271.11739396140075,697
29830000,225.14652385566933,269.6179340439023,697
29835000,173.53672770519333,348.87312122240826,697
29840000,172.80656069895315,258.7909704279632,697
29845000,159.04888058050994,266.4470806191793,697
29850000,219.89741890992516,310.30417112432633,697
29855000,191.3155499351976,287.04887536209026,697
29860000,171.80621064037553,322.86132336105936,697
29865000,190.76902543065322,223.98917330147881,697
29870000,201.90373637718585,304.80811291251314,697
29875000,170.69790209484862,272.7588596393093,697
29880000,189.50313563184295,326.4453926319487,697
29885000,194.21580065212933,326.0090190403687,697
29890000,167.30479535403379,268.0396086889369,697
29895000,188.5591310496675,327.6051320070966,697
29900000,146.258267322431,302.6111282721138,697
29905000,164.64775345548657,303.6200756347319,697
29910000,153.69905163874088,343.252120424425,697
29915000,162.68592514338926,315.75930368397724,697
29920000,227.95709258646784,294.6481896839288,697
29925000,177.25782717902598,305.1016528580034,697
29930000,187.40309159831796,316.59892799681853,697
29935000,208.43981021488833,382.9941472025513,697
29940000,187.7832456441047,296.3903456201119,697
29945000,162.23290025600267,260.0716172533629,697
29950000,178.8295314518165,319.1992682087766,697
29955000,159.50687530788235,314.2855386990715,697
29960000,207.04507059540308,293.4070239557455,697
29965000,193.56701820703873,299.1508131135448,697
29970000,175.9707252985972,267.55513023316274,697
29975000,166.12705836867968,286.21027548716376,697
29980000,145.67639896694808,250.9768849410845,697
29985000,141.8733735230854,274.56049598635985,697
29990000,170.9832455500556,336.58661321287747,697
29995000,177.54978359638685,289.67142659836634,697
30000000,184.3851985834762,281.58370823083015,697
30005000,188.53431836299077,249.69010030053926,697
30010000,177.23994122521125,284.66440922712945,697
30015000,158.55098974052763,277.2413165441509,697
30020000,130.06176708762,302.2168533740848,697
30025000,159.48983775952863,327.3775820024402,697
30030000,141.1872819419739,267.9868515808422,697
30035000,157.50992454288956,296.7552561095837,697
30040000,203.95039237467114,280.94185035951955,697
30045000,144.66051870111787,371.9770797508725,697
30050000,184.95913354080108,331.61134861770375,697
30055000,168.29653052407318,322.80036282485264,697
30060000,179.88112016488574,361.5905251641743,697
30065000,169.35011592107074,311.821559260878,697
30070000,150.187333874508,262.0577782899154,697
30075000,232.74326073903705,267.6773944620593,697
30080000,167.6469663645395,319.1399701830287,697
30085000,203.6567333587609,366.8618066043202,697
30090000,160.02831786204806,221.68023581202658,697
30095000,151.8724382347066,248.71539305316105,697
30100000,177.2977153903532,264.20371232433706,697
30105000,161.20624032593827,273.4193963962766,697
30110000,192.58423988570863,288.6884148550347,697
30115000,170.30000307095568,292.4920166679445,697
30120000,160.1869109157559,275.8865160651194,697
30125000,192.13531301698984,292.3292702766842,697
30130000,173.58201261520256,265.7155812342308,697
30135000,177.61850281476129,316.6654769393769,697
30140000,171.46789228540777,324.89951774015213,697
30145000,158.98186011978353,265.76957697236423,697
30150000,174.47662079500662,330.80844156244245,697
30155000,121.91007213703442,280.87094121846945,697
30160000,142.14129300955526,285.18028809157244,696
30165000,213.14131632346542,294.3250867528096,696
30170000,187.69470071511532,295.3372412822402,696
30175000,197.63883710006056,259.20575645648046,696
30180000,165.12934625867607,281.9308893172342,696
30185000,131.13632308829958,326.2030539079165,696
30190000,179.59961963089717,298.41976746783035,696
30195000,181.98310844909437,263.53528886254514,696
30200000,155.19588146869557,296.04575606678134,696
30205000,174.2346905393095,333.63832784138265,696
30210000,126.9306329750443,330.33855623827446,696
30215000,172.36140377264078,281.683760376431,696
30220000,190.12968978759795,279.01133971910144,696
30225000,168.56209687499992,302.2136483353162,696
30230000,190.98004653362045,244.46787675461388,696
30235000,135.92803540968015,296.98194627243373,696
30240000,135.97612640342285,291.4034541795078,696
30245000,142.86538773839297,338.1718510972642,696
30250000,175.14583896955136,289.7387656886143,696
30255000,160.56100851601752,340.160382106793,696
30260000,164.37220547156713,279.45766248178313,696
30265000,174.79752299142115,366.70464081693916,696
30270000,206.85765383940662,291.08147206015985,696
30275000,187.18160570892184,283.65320224485106,696
30280000,162.0596547433674,307.67606192113453,696
30285000,145.29071212293098,279.1301067923467,696
30290000,182.6380036582019,309.09356154558424,696
30295000,181.74428932896143,345.88661907726555,696
30300000,156.52717065240256,326.4591913132093,696
30305000,130.9402569358029,312.9271619556019,696
30310000,142.5254385656059,259.42187885351234,696
30315000,152.36867643761434,246.52588665150833,696
30320000,209.4214284087343,289.2610450290197,696
30325000,165.5584301893189,326.41181000037466,696
30330000,160.61024663849878,325.77947827337255,696
30335000,212.00564217375677,301.0719290145178,696
30340000,177.40560025377056,291.57692543405153,696
30345000,215.6219554002798,309.04522947962516,696
30350000,195.7392318741437,246.3371214623898,696
30355000,145.25999637079812,260.5921965029018,696
30360000,162.48316724464485,338.2445897790798,696
30365000,165.12165559222663,356.5097175140396,696
30370000,210.84207557804748,281.9267218868832,696
30375000,213.7757395774275,285.6806635050564,696
30380000,188.59175162247996,360.5391779716479,696
30385000,215.76866454600005,276.46516286769923,696
30390000,183.14143027116822,311.84084197759216,696
30395000,217.64847909181816,276.20155640486297,696
30400000,176.0995563786468,307.12745916574966,696
30405000,222.13175641149007,271.4995587056281,696
30410000,227.38662418985416,304.0727197195115,696
30415000,187.3317245999131,306.5216633331748,696
30420000,187.58071575817308,328.53903839556756,696
30425000,206.36040022279326,286.481123491316,696
30430000,195.80672118482437,349.2811960088262,696
30435000,200.2317198345451,337.0208072267489,696
30440000,166.50107546489352,343.6342989896898,696
30445000,208.8105318496833,316.08327116188474,696
30450000,187.7825661060405,320.2896482894279,696
30455000,153.53091050011184,310.04023464863087,696
30460000,166.04755910321552,296.5945560833147,696
30465000,223.42356344319603,240.9212380076434,696
30470000,190.02822477162596,308.99829302844944,696
30475000,212.83393075405925,310.56865431721394,696
30480000,163.72261021674396,309.1149324540434,696
30485000,156.30148576310853,294.7669634555308,696
30490000,196.67892312846217,361.16596381809205,696
30495000,173.64805135213496,339.88823446108114,696
30500000,173.3415787916674,290.2154891494157,696
30505000,187.4721049626704,325.31658117160504,696
30510000,172.39897657876287,285.7790548488186,696
30515000,198.11186296860862,319.63298034980915,696
30520000,172.3339010595858,237.0349140480444,696
30525000,179.51983189248529,303.8230950609382,696
30530000,145.26228046771055,265.688142647198,696
30535000,182.93998478274577,261.8688873269923,696
30540000,193.58183275460274,328.523649910662,696
30545000,192.29242013414884,269.1753572396933,696
30550000,194.98422609823587,343.85385510149433,696
30555000,178.58911991666196,282.78549510502313,696
30560000,183.49262533341988,299.2423811409487,696
30565000,189.26668496379952,291.6914740146517,696
30570000,211.56728383131718,270.7571156729787,696
30575000,133.60088265236016,269.18373903502703,696
30580000,189.56417389472463,329.83858389828816,696
30585000,202.14282937817663,387.30590731061875,696
30590000,136.4100505643497,302.39487306747054,696
30595000,205.85633414008086,329.04161237487534,696
30600000,194.95147627798968,310.9342075056355,696
30605000,177.49215487063765,350.26224700447784,696
30610000,159.37760026222423,301.48837312068076,696
30615000,190.31683544656502,328.92664382171426,696
30620000,206.26886968866506,285.1474418211042,696
30625000,144.57376359980324,274.54162166731356,696
30630000,165.05172666740555,372.46710732600144,696
30635000,175.12326086639538,277.3646896580623,696
30640000,171.73114859027908,336.58705224728016,696
30645000,176.79431597193698,310.49282957754326,696
30650000,155.57399528775113,290.10508259501853,696
30655000,167.21402671616914,260.22375153499445,696
30660000,207.44984596547158,286.8775414031983,696
30665000,156.783946339808,318.28634063097434,696
30670000,179.92331451410232,276.2508710201517,696
30675000,181.74826617177058,267.10149172009136,696
30680000,179.99968060676858,319.42419178878623,696
30685000,180.525718995868,280.53000750786816,696
30690000,197.9638730713352,311.25318634572966,696
30695000,196.0619576781912,299.71846581554826,696
30700000,166.9239834952561,314.11615472414746,696
30705000,221.7058059522162,279.6516125605776,696
30710000,155.2693602788219,315.9866794608054,696
30715000,193.27727022567572,229.47194481396835,696
30720000,197.26510196348158,283.8773498282055,696
30725000,197.8613681501812,252.5697876482516,696
30730000,146.85316149001852,270.46686189546205,696
30735000,192.73100926533633,292.50831974499874,696
30740000,175.37246785886109,298.0400257836459,696
30745000,213.24108473631912,269.3223892404714,696
30750000,167.2667188747732,272.0982407245824,696
30755000,186.85694371455597,291.2401697872605,696
30760000,171.94426766011784,322.7038685059103,696
30765000,161.64330170240794,316.6023190615306,695
30770000,164.25623962893906,309.6896723094177,695
30775000,180.2878009056298,288.3063881839021,695
30780000,207.9245779303169,265.55120687944066,695
30785000,135.22617361002264,292.80643528001076,695
30790000,178.07468348236677,316.86915236210444,695
30795000,175.94894625389796,275.84074902450243,695
30800000,197.34160403920055,324.71751999906775,695
30805000,178.33511073524363,288.60066785117505,695
30810000,188.1900551098254,286.2624134380217,695
30815000,178.61109755064453,281.3137385086622,695
30820000,217.19848936037644,245.1542587459115,695
30825000,188.1114121282307,315.89030858425696,695
30830000,150.99840377203336,275.61134925548066,695
30835000,181.42413535311124,328.33072503123157,695
30840000,199.50877943981402,282.76609017456286,695
30845000,135.867295987214,303.5782199989034,695
30850000,193.53773851808353,353.5300871059342,695
30855000,182.77430733625775,312.33824821903175,695
30860000,184.38842606599786,296.25620561077653,695
30865000,238.0167701764475,304.65058053111665,695
30870000,165.2723603347982,301.7466330672926,695
30875000,206.67611633374725,228.95392546689075,695
30880000,169.0919148543966,282.2148174932908,695
30885000,139.25405898025093,311.36324347909124,695
30890000,183.61117052079652,344.34438891097875,695
30895000,151.35926787669567,345.6473322728362,695
30900000,209.97155450809268,344.1717122733729,695
30905000,161.28959597595386,310.1684862908214,695
30910000,140.1603232066103,309.3064576579578,695
30915000,151.41354532636606,311.3036712505978,695
30920000,152.11370980390132,311.1041601143121,695
30925000,211.85511212734895,264.40275092668344,695
30930000,174.74053038504013,267.8111754928125,695
30935000,165.9260911054178,293.65538370175153,695
30940000,131.3237762585019,305.99965975100724,695
30945000,182.12524424067365,295.4471743099782,695
30950000,126.35047336991485,333.2970822543774,695
30955000,187.7999070048387,294.97325130998985,695
30960000,137.03018657529185,269.1292448152902,695
30965000,176.3068947293936,289.0108883520361,695
30970000,185.00565447664513,342.48550533613366,695
30975000,161.7992500383642,327.92552524148687,695
30980000,182.5453375894634,261.25600821073067,695
30985000,227.62942121858183,322.66359475585136,695
30990000,160.14882700602624,378.9073931957136,695
30995000,181.2128209552773,323.61767889227286,695
31000000,175.76573684601993,274.6424873970257,695
31005000,189.47708125175598,315.5420340945091,695
31010000,199.84147018438924,336.2260355396138,695
31015000,163.29599514322464,351.0859483116733,695
31020000,200.24310967429724,270.7455641066369,695
31025000,144.79104089316328,334.6537257615685,695
31030000,212.51364436698984,292.0014197525016,695
31035000,151.4237246215909,275.14764129239927,695
31040000,161.90575800949654,298.35823438970283,695
31045000,172.9671061513548,289.76441340893996,695
31050000,183.16559594619545,308.8863046490209,695
31055000,170.23151470166033,252.3896081177086,695
31060000,188.83511024340405,250.39050995141855,695
31065000,195.38861713784968,274.76677668947826,695
31070000,138.4295916195431,286.3927876036308,695
31075000,204.0015375690666,321.94880321559475,695
31080000,202.65687140032912,339.19241886384765,695
31085000,165.76802751307494,285.89220161374635,695
31090000,178.61116518936745,297.1252806693876,695
31095000,193.25311616024123,296.4801736910805,695
31100000,199.60250042827332,303.1035332840004,695
31105000,151.1163549335573,319.5713586249288,695
31110000,165.41199712627557,254.19652106885553,695
31115000,176.88934899474333,251.36529463645286,695
31120000,206.97062048182553,328.30470119411183,695
31125000,193.04216088856688,280.8162541878283,695
31130000,150.9771284001288,284.66144657225067,695
31135000,176.95992930965662,280.0829571097734,695
31140000,162.1943962236157,308.15089165866567,695
31145000,195.35834839062704,247.30939499309954,695
31150000,183.02484604229522,319.3973561993966,695
31155000,178.50436410215488,270.4420539371686,695
31160000,174.8565176214217,278.2363186212651,695
31165000,182.43551419587735,314.1492162500874,695
31170000,155.80174985146752,293.3031826646862,695
31175000,157.72061418396657,272.0671059174562,695
31180000,179.1137077735244,260.81350885076534,695
31185000,162.71102668991935,284.28885715428686,695
31190000,162.0897812904245,319.75465159216856,695
31195000,178.8809527149537,337.06993736743186,695
31200000,137.06090362928265,295.6306389713322,695
31205000,254.52854584668466,319.1265652542914,695
31210000,184.49533101593116,303.36298059201175,695
31215000,183.80474585298097,310.1991827581851,695
31220000,162.63400484975102,256.5258684466611,695
31225000,146.77796717461885,282.96823947347383,695
31230000,213.98295307579966,330.90648900399947,695
31235000,167.80548242764374,337.4830881740495,695
31240000,147.8679198359652,241.289994624799,695
31245000,231.2208479878695,279.55155981621306,695
31250000,203.816432813822,278.96314454576896,695
31255000,155.49306529428696,293.385983750146,695
31260000,243.2508744172315,251.4912779853975,695
31265000,188.0188554529628,280.0652674256286,695
31270000,196.87545941787383,270.504542845219,695
31275000,192.8001542098718,271.97624316458524,695
31280000,171.1412358201328,308.47122025061765,695
31285000,156.74945025761005,268.6366463024152,695
31290000,183.58490075085587,326.16019691757646,695
31295000,204.4496866478919,334.18700825487434,695
31300000,146.24422926710955,324.5310662472082,695
31305000,196.0722628072084,331.29391309589386,695
31310000,185.4474162044454,271.0789905024095,695
31315000,143.1923989225161,307.80628318225945,695
31320000,137.6898368673763,283.3227118385954,695
31325000,181.16786325142533,358.21048919501544,695
31330000,168.33836284842795,305.0161353755584,695
31335000,162.89385786692657,274.03774586320264,695
31340000,179.80952025563718,278.11683691274544,695
31345000,179.6033948432537,282.40359029340055,695
31350000,176.8362290928403,334.0135488295975,695
31355000,191.05985910116289,298.0407685475333,695
31360000,145.77817013410112,316.37812404920356,695
31365000,154.40900356511415,254.59768780733782,695
31370000,161.79909464295474,309.783700796708,695
31375000,194.4916017408813,246.18134660729493,695
31380000,171.84864258753097,268.943619288384,695
31385000,170.70222424004476,279.9985316790493,695
31390000,181.2981508652222,300.52653241431585,694
31395000,165.89280033678602,285.1787252030113,694
31400000,181.32651466469935,309.9086797281389,694
31405000,196.36113443290827,328.43928135964853,694
31410000,192.70561901674554,349.81319567773875,694
31415000,181.12741503310284,283.1997566154523,694
31420000,201.34009518859395,299.6132618705999,694
31425000,134.725754160914,339.14565085595075,694
31430000,174.15926050762866,359.74286344785327,694
31435000,150.10689197012437,314.0061269272524,694
31440000,161.71054165989233,337.6308029092767,694
31445000,160.56488317414426,291.9600191184077,694
31450000,164.28708730661228,248.96173601738306,694
31455000,156.35474813774587,347.5875823483702,694
31460000,176.96562938872484,311.36454306146805,694
31465000,148.5035519160562,308.8645720327075,694
31470000,169.13500020254332,322.45622081219057,694
31475000,193.66738194324907,318.76985480395524,694
31480000,170.09392154442176,343.3988926216111,694
31485000,136.99596976955863,314.6004285935142,694
31490000,196.3452485340811,299.9136295791976,694
31495000,136.27361611975462,302.5789977207175,694
31500000,164.25276389313424,351.65379312739987,694
31505000,177.28541413789264,316.31951749991526,694
31510000,166.9880998015859,315.12469532205176,694
31515000,187.85800533524744,304.8505104221687,694
31520000,191.69952827588534,272.46014457739494,694
31525000,161.11345100464678,288.22723977752554,694
31530000,178.03702828728197,232.3074928540887,694
31535000,179.81669377641512,252.03978974222363,694
31540000,161.93011128446096,259.20481149734013,694
31545000,171.07477405866592,291.67081908723185,694
31550000,137.4894283123951,308.52500877218944,694
31555000,158.5527977503427,311.25112943204925,694
31560000,194.18466991216664,315.6132961270673,694
31565000,177.06058083380157,272.6667719648367,694
31570000,189.25895794304677,263.0616112617176,694
31575000,179.8726959407056,239.46228614461532,694
31580000,205.9117136895203,275.13665049080646,694
31585000,210.30292878941717,277.97699184219033,694
31590000,183.40695269063366,236.7391239314132,694
31595000,216.154065456003,299.82707628267696,694
31600000,176.17495843498406,283.7133109866723,694
31605000,189.6740112540067,267.3765965757978,694
31610000,161.38665101444036,312.09875597291716,694
31615000,212.30230183664412,329.8252081048515,694
31620000,176.255404599336,248.90672401290112,694
31625000,195.87193106440964,318.27141941445745,694
31630000,169.42337744861595,298.50197652873595,694
31635000,162.59394289189498,300.77292267060335,694
31640000,189.47206470063534,313.870474681868,694
31645000,171.5539172213953,287.6087254692758,694
31650000,149.17540799037295,321.66991281820043,694
31655000,176.34195700988752,364.4058759508197,694
31660000,185.0199933282941,317.35718650631634,694
31665000,196.66533062442502,335.3630455732121,694
31670000,192.83808886118715,336.6557832209153,694
31675000,211.26658175825378,277.52079408378324,694
31680000,178.38770969193533,316.2412567484253,694
31685000,171.99286335287175,298.4704974475838,694
31690000,156.58392733407595,238.7827349481606,694
31695000,170.4954717657625,333.154588687078,694
31700000,169.98837816633844,254.04147184019905,694
31705000,178.43296201769977,280.4641758368866,694
31710000,148.30582337862634,269.4481888336983,694
31715000,188.92902899681485,269.4803354044548,694
31720000,159.4031489112861,251.97587995635888,694
31725000,167.28897840171518,301.3292089394006,694
31730000,197.42364974507493,366.0041589592717,694
31735000,173.50825052608147,304.7559401785046,694
31740000,210.97483857204955,339.9258342370986,694
31745000,154.1456454742853,318.7419187073169,694
31750000,193.99574211381568,255.33098156293303,694
31755000,204.82298091877786,330.85486429598643,694
31760000,204.02330043282612,317.35857367443214,694
31765000,172.6099624982799,316.15878221674535,694
31770000,159.47843281271815,274.7145234297925,694
31775000,166.40518967827586,288.3498571376084,694
31780000,185.5149167139871,292.1001838981372,694
31785000,156.84658624928036,303.9306996396974,694
31790000,158.9290157773506,265.67240805365304,694
31795000,180.00509394456066,274.11540647384703,694
31800000,173.917874696579,259.0088370066252,694
31805000,202.02034140348843,314.5689545579492,694
31810000,194.497153731836,267.1004166522078,694
31815000,158.79465318917553,328.2414936677908,694
31820000,189.95138398903916,337.4112265980248,694
31825000,150.07302176158362,251.25141302037784,694
31830000,194.46491652432118,315.7187298760033,694
31835000,145.2770872585668,250.91080695224588,694
31840000,177.55130983940725,305.54569728034204,694
31845000,128.64882429511812,251.6153794471827,694
31850000,170.76898217308909,358.1757619834066,694
31855000,180.24344062908122,307.95221015323165,694
31860000,155.36434607494976,346.4765143085285,694
31865000,190.5100887992817,336.2065513370425,694
31870000,183.3051519408711,322.86302896008783,694
31875000,168.20166402492524,286.92783914688226,694
31880000,158.17044889809068,231.1091477458976,694
31885000,147.39806891053783,273.4738308830487,694
31890000,160.93022774339315,247.11238466186757,694
31895000,225.16368737945817,284.96397198289833,694
31900000,155.57194455156608,338.07388785962263,694
31905000,137.05234840402633,323.9335964133792,694
31910000,189.23594546507996,322.140930611888,694
31915000,187.96387446383383,340.88643065797,694
31920000,184.66139628962065,339.5868807472685,694
31925000,197.121372552538,344.62648973562113,694
31930000,153.65681573639725,282.619286791636,694
31935000,160.53785552629316,291.22669925153735,694
31940000,185.435028346995,323.3070276450724,694
31945000,147.61163555891878,291.5172463535039,694
31950000,139.39962990139918,264.7496261013507,694
31955000,173.86465728062223,271.3598091355511,694
31960000,206.99356939147543,274.00061101632764,694
31965000,184.30387548712963,350.4082960454309,694
31970000,174.38308693478137,356.38973660557747,694
31975000,159.6403503099444,332.7794776666614,694
31980000,170.52717878341244,267.0337495877224,694
31985000,160.18974009880648,311.00170055570476,694
31990000,154.43107771815494,311.10307722345783,694
31995000,194.28309547211,320.34420341745937,694
32000000,162.35387906142748,244.3417885522763,693
32005000,186.84706906912143,305.9772192302956,693
32010000,155.33270273381422,305.32713433111275,693
32015000,175.67857103606227,264.0300037749733,693
32020000,177.66533670408697,346.96806889973885,693
32025000,168.9349653649891,299.7594938980645,693
32030000,171.19219352134022,292.57496121017056,693
32035000,140.85649161417626,290.49214207153597,693
32040000,151.04656068365927,347.6270939338794,693
32045000,201.18255298611825,285.5078088662056,693
32050000,192.23689053241105,307.9332446466001,693
32055000,180.0246174856529,299.4202445073709,693
32060000,188.7772749187851,300.67359973098803,693
32065000,218.4698273233966,343.64670543840896,693
32070000,178.49007211631485,319.4532684299912,693
32075000,179.86679279650497,310.98573874163293,693
32080000,177.8851133915626,262.26515680867493,693
32085000,180.93845252099544,289.98703120357015,693
32090000,193.63396050451004,360.28072950289203,693
32095000,200.26105115300848,331.8209940882778,693
32100000,183.18711748588646,306.7943271510685,693
32105000,194.77586604129272,291.2956919014936,693
32110000,193.88417236164298,320.6453907584393,693
32115000,164.68199428120974,253.69477446803845,693
32120000,216.19690461269374,274.2650992386849,693
32125000,144.0470798023098,255.4710926088432,693
32130000,159.26935011597317,273.16871135505596,693
32135000,202.02986283259636,306.4080535590223,693
32140000,162.68839469633676,342.7621181804876,693
32145000,169.96213318332752,349.19157583594136,693
32150000,159.20841818083463,310.8263998991933,693
32155000,160.3911976210208,333.5024257736811,693
32160000,237.238249520097,322.8379588117545,693
32165000,180.12213692254906,304.7847038795404,693
32170000,196.2394771820404,302.7554980903501,693
32175000,184.57698230206205,290.4972843089078,693
32180000,136.55251722292962,241.85298542196188,693
32185000,167.30313516154163,256.2875333915649,693
32190000,210.24556313540594,277.8967588544277,693
32195000,177.69478576726354,324.61362209903086,693
32200000,154.1245107455197,263.00369429917026,693
32205000,195.00665614414982,272.140051496261,693
32210000,145.04718890092863,302.20866273285384,693
32215000,163.1757632032265,307.62640538233364,693
32220000,172.24094106844862,286.60409026361464,693
32225000,190.2127132029318,322.1714360966979,693
32230000,177.38076722076718,359.536695814199,693
32235000,170.08008358146517,281.034273995793,693
32240000,168.30807412463398,273.79686001389905,693
32245000,160.94364578505886,300.8303486536493,693
32250000,201.2506195172565,302.92616135433497,693
32255000,167.51816783792128,285.69256738130224,693
32260000,179.92336852418518,285.87312797950426,693
32265000,173.099448944249,302.7065687796206,693
32270000,151.92254264986568,298.7390931776172,693
32275000,172.14881427485201,276.9553168885745,693
32280000,203.46225622872916,298.50466731333364,693
32285000,181.16432031748772,305.071811184451,693
32290000,186.57459098630588,268.4218123276253,693
32295000,176.5530002712202,237.7597965420658,693
32300000,163.45334642183514,282.8183447235473,693
32305000,192.65916066769483,269.7636512147502,693
32310000,157.8385445654711,341.5047525879856,693
32315000,175.4659466660455,248.63588950244718,693
32320000,190.16652364647882,303.8388438945545,693
32325000,192.935583983899,250.34556330768737,693
32330000,177.03132749199236,316.7156378663159,693
32335000,183.50060185011134,302.7668763259826,693
32340000,158.9330703254372,306.6849713671063,693
32345000,167.7838175789258,287.9611761643342,693
32350000,174.56115044462854,303.4504153502068,693
32355000,198.5506683543576,356.44095850628264,693
32360000,175.82471991805235,294.0148627179349,693
32365000,204.1999984284337,289.6958185871083,693
32370000,153.59050089567896,284.86418751230576,693
32375000,176.84667649117907,312.77211548211295,693
32380000,186.66677094585012,314.5243830001584,693
32385000,183.07510857364102,303.0844484811539,693
32390000,173.40583390033953,312.9629063508237,693
32395000,199.39697003393172,311.1390399715124,693
32400000,172.98106366122298,315.2897493861305,693
32405000,174.74910258165093,248.93158574557427,693
32410000,191.22358995055453,279.47834708446334,693
32415000,178.4316506391792,283.6584581638195,693
32420000,198.6349102360293,347.6998234522914,693
32425000,188.80888870205683,278.43180383838205,693
32430000,188.8814344447765,323.32104035218765,693
32435000,168.12741619389035,308.4275505292126,693
32440000,193.25957107438919,301.81713690418985,693
32445000,170.8250474668223,267.4679430014579,693
32450000,150.76344055693158,279.20994306728,693
32455000,195.59586852313325,247.3986350191152,693
32460000,174.5807578120789,319.74872597777346,693
32465000,160.55090028340817,267.8112644462215,693
32470000,147.86123667954854,321.213135835256,693
32475000,158.21557640277453,266.9635893066482,693
32480000,185.86716675297143,267.0820664106101,693
32485000,181.3691431904854,284.1545194847057,693
32490000,196.72009223045794,281.98502394952766,693
32495000,153.81128204055912,264.1123431327789,693
32500000,150.8450651187602,284.84656044341915,693
32505000,180.73615255724044,346.89110832834643,693
32510000,180.44778772011853,339.6811881550878,693
32515000,185.77064298473786,291.1648636969747,693
32520000,212.75395309432201,289.9822029568654,693
32525000,187.09752894309082,234.98090178002226,693
32530000,171.55499875060673,314.0376971261523,693
32535000,188.5335937539172,287.7401524463206,693
32540000,172.1015922580992,377.69773401434486,693
32545000,162.09412265322064,323.2157284545489,693
32550000,161.84562511248976,380.26360983785423,693
32555000,170.30196034204056,252.58298905306714,693
32560000,167.41095421832816,290.79361056408464,693
32565000,197.7449281868812,257.9750784988555,693
32570000,175.3561003787764,273.5650105175517,693
32575000,162.9085804874808,338.5269009449331,693
32580000,135.816912824788,282.81482625449735,693
32585000,151.63021353195933,321.91080230156615,693
32590000,153.4133911676056,327.0447169485617,693
32595000,185.34459576062287,302.2430618355806,693
32600000,181.4979407469422,253.40811793195084,693
32605000,209.52916285962036,317.39350035753074,693
32610000,166.00852674505356,357.89091852077064,693
32615000,152.41349009073556,304.7220506478412,693
32620000,168.00893310490252,283.19826026840923,693
32625000,222.27291387100203,306.13514237866434,693
32630000,198.77122338739863,286.06667294663214,693
32635000,187.214032522193,309.1663725381081,693
32640000,180.54189691107862,307.4982070735697,693
32645000,169.10540544715028,311.02688612482154,693
32650000,166.34268328162918,330.1539246359236,693
32655000,187.56361484698112,299.119842030026,693
32660000,161.98999116799197,289.2583823462007,692
32665000,146.97715592816297,324.0157045882582,692
32670000,184.33124242856374,330.3035233341962,692
32675000,185.37341333471082,311.81620398686823,692
32680000,178.0023329730545,293.2695286899364,692
32685000,132.8591503699436,243.10224142217248,692
32690000,183.6857612530982,331.4344027349069,692
32695000,181.54901672622088,262.9005396980791,692
32700000,186.37069225569758,291.8202668602239,692
32705000,163.6414990799097,301.1828660217733,692
32710000,143.1702256946062,310.9817908604723,692
32715000,184.05820679639322,295.27818717903466,692
32720000,175.50821043259424,281.76948937587474,692
32725000,149.8726181571491,318.3255036027377,692
32730000,172.49052205503705,298.0790131356242,692
32735000,135.9301863330801,326.38995926553554,692
32740000,175.8529834390851,317.92347219989114,692
32745000,183.35690688946377,318.6378706759915,692
32750000,190.35898668746376,411.4846378294254,692
32755000,177.10032635454763,232.2941018315768,692
32760000,152.73839657522655,295.11117994618144,692
32765000,147.09884273086317,252.74399960672645,692
32770000,140.7164327995007,276.59329008376835,692
32775000,162.8268844909163,373.59435351944813,692
32780000,165.00682468117822,297.6086320492864,692
32785000,179.08581793192297,244.03721455378698,692
32790000,226.87306127374575,350.6632147688057,692
32795000,157.50585487895128,276.0264573553808,692
32800000,189.60326823417222,261.9856141451004,692
32805000,169.33464430400832,302.2908308723828,692
32810000,176.9375381814782,281.2294655708226,692
32815000,178.3418628287952,296.63661994505765,692
32820000,201.76770661729367,280.2875969384412,692
32825000,175.50881595826974,257.67859562539377,692
32830000,182.0261862318676,271.4159481497084,692
32835000,181.94261701506818,319.44716034228287,692
32840000,166.66641480337725,330.3500924626655,692
32845000,181.24850140412397,297.08775739813973,692
32850000,162.98537291807529,266.78217790803956,692
32855000,181.25103685674327,322.10857887944456,692
32860000,213.19335989491466,267.3117053972906,692
32865000,169.85689300626063,301.49125112162017,692
32870000,183.42015468289756,258.86269280062174,692
32875000,186.1093496738957,306.8357780631074,692
32880000,218.51307956343607,262.35344953413727,692
32885000,174.0040685967187,288.95627026975717,692
32890000,177.95897162796226,339.105731227217,692
32895000,173.46950366567233,355.44456789852205,692
32900000,164.0766303929731,257.40165871496555,692
32905000,221.954863483111,309.5164621431165,692
32910000,137.79345160720646,270.2241056468572,692
32915000,160.85164117650544,291.170836300726,692
32920000,177.69789548553646,303.3605893772759,692
32925000,172.08401997220142,251.77672278334046,692
32930000,200.9629904456712,364.0518819368672,692
32935000,198.54952154993813,311.21079322342496,692
32940000,179.44821707431035,338.6413197701958,692
32945000,171.0044664437447,270.6616466347602,692
32950000,159.8304824904934,280.6754457248525,692
32955000,204.14348297141296,272.80189021558203,692
32960000,164.86785134370632,321.6975593671049,692
32965000,167.93109940403025,253.7683186597091,692
32970000,198.98526876674,289.414253823202,692
32975000,165.65967036187638,270.71190549079466,692
32980000,189.64920922093748,301.63074310354887,692
32985000,125.32206166690966,265.0284874811,692
32990000,215.4484122245574,309.7625986760441,692
32995000,174.29353064873945,334.53172768567504,692
33000000,185.72379110235838,325.1121769925525,692
33005000,180.32207746662485,296.4726490687295,692
33010000,195.29388476612488,416.1056074232329,692
33015000,155.50094860163102,272.0010153545176,692
33020000,225.09185840873246,254.43401611104676,692
33025000,145.1849420803491,316.4086903156407,692
33030000,181.97239409611552,294.5841374332829,692
33035000,205.95849143224035,267.17238476693313,692
33040000,165.67850343883435,322.0340324801489,692
33045000,156.24915066029152,324.34209278198193,692
33050000,189.61010209449503,274.4427344637327,692
33055000,171.5942835178977,272.905417446146,692
33060000,172.52028453290777,328.882774751316,692
33065000,167.27039221191234,271.3726432991262,692
33070000,209.45543105350134,234.9512534027092,692
33075000,190.9243179502289,334.05537506732253,692
33080000,186.64507988630018,293.59760717968777,692
33085000,174.94958976093434,304.8751102835137,692
33090000,202.46967515691293,270.88998048307644,692
33095000,153.05365534100437,317.2142578194637,692
33100000,190.49274869238448,305.3929449243029,692
33105000,158.64528347920674,308.4667260926824,692
33110000,137.80969809987812,278.6743318700271,692
33115000,161.2545081225845,336.0486833264288,692
33120000,160.8400279158415,254.29247212165362,692
33125000,159.88610030552366,307.0556875081169,692
33130000,158.96721124494636,300.22021503920064,692
33135000,173.07383303020697,304.9502513792135,692
33140000,178.41513777057102,288.1819185795813,692
33145000,176.1349822966701,226.37300255458348,692
33150000,236.3347580441154,283.4628441726546,692
33155000,169.3927356817375,293.3917275390146,692
33160000,179.65666989834543,363.0130493148853,692
33165000,168.27298861498969,239.95920230790952,692
33170000,174.0580861141246,299.5080290569862,692
33175000,201.94875392632022,293.4891156391751,692
33180000,152.72672058089483,214.8891459808727,692
33185000,168.39493073660552,371.93881578211693,692
33190000,189.2051088318296,293.17530672663236,692
33195000,169.96387329014786,293.52970935737824,692
33200000,164.2079611577766,237.05477891524657,692
33205000,184.7355733915638,305.93769497785087,692
33210000,187.87408494168696,254.4132883630947,692
33215000,149.6081682601954,295.8541130650664,692
33220000,166.47523997594323,367.54859181266175,692
33225000,190.22924022429075,319.6516053660118,692
33230000,170.47638100185836,252.47923410110772,692
33235000,157.51974989651862,318.32758342983266,692
33240000,192.12288967293898,284.00399795958646,692
33245000,174.1507406001495,286.3583231139449,692
33250000,162.03084817330756,283.9383955566094,692
33255000,177.484486938517,299.8848374460058,692
33260000,204.51363936087105,294.6557815030432,692
33265000,141.9859856130131,309.13346816452736,692
33270000,194.89651293051432,258.3376967685273,692
33275000,172.74856225546517,251.8994255036734,692
33280000,207.53301727553642,259.6263747442698,692
33285000,153.33503132850979,371.16127917005895,692
33290000,140.85796334984934,320.8438904028644,692
33295000,180.81076554464335,320.5173302799681,692
33300000,141.78181153915634,278.14107103417774,691
33305000,192.58752431844547,359.51520864620915,691
33310000,168.4573719282611,281.4740632293203,691
33315000,187.0194363003248,379.0408494724841,691
33320000,159.39698543649635,344.10219791287636,691
33325000,185.59318786110413,335.4857778856672,691
33330000,191.33436185777137,324.912382176674,691
33335000,197.00143089805832,355.2775888362671,691
33340000,162.16875142000748,357.74737214476266,691
33345000,161.5492636452759,268.11149126372896,691
33350000,164.54798866396564,282.53479583838447,691
33355000,209.3220152052399,317.7512510091566,691
33360000,224.0637215867605,284.84046349216317,691
33365000,192.2260923494165,290.003911192523,691
33370000,172.98337865467192,301.03403257581454,691
33375000,185.50063355756095,372.3197169211344,691
33380000,210.54522303436315,293.8766001747722,691
33385000,143.7949445713886,316.32746241898866,691
33390000,198.98374277326647,341.6782895761449,691
33395000,154.33688969322324,297.2358054863362,691
33400000,160.49230934187514,264.6607711753578,691
33405000,160.40338492940202,313.05305563427817,691
33410000,171.2648458232794,263.2448494239237,691
33415000,179.2105496847052,313.0637540321689,691
33420000,168.29637688277026,284.20521764245734,691
33425000,128.20860421813785,309.2346561495062,691
33430000,166.7138023738839,369.8323913191339,691
33435000,160.48414546181291,252.06001948382155,691
33440000,170.9514203937299,338.12240931128025,691
33445000,143.1422754455461,306.8835784306359,691
33450000,186.25316250517693,265.09677802069797,691
33455000,202.77442988220636,301.4175396851999,691
33460000,200.43710764606666,294.82983379605474,691
33465000,181.8427432279536,277.9748575504956,691
33470000,168.17509775044948,343.3732825562485,691
33475000,151.86212618656637,311.0967617943453,691
33480000,196.39514664246192,237.4223147613965,691
33485000,173.78792905553865,250.10027476014545,691
33490000,167.52631057862413,301.389265548352,691
33495000,210.76471444390242,342.9492339773277,691
33500000,169.02168640603713,298.84794303542486,691
33505000,205.71713298453653,237.40886851551423,691
33510000,183.0448838085514,310.068390753761,691
33515000,190.34346844543322,309.9473537413501,691
33520000,187.23124489702207,270.2134455560181,691
33525000,181.56718762782668,308.3828891120018,691
33530000,205.4555979222823,347.0833944800775,691
33535000,231.083031637473,297.27407872089043,691
33540000,148.4952074302118,278.04427026626666,691
33545000,166.7955820380743,368.11647554956846,691
33550000,157.2271455872352,247.9019038068221,691
33555000,175.08740771638884,331.26879308770265,691
33560000,201.79187394791347,335.42880290600175,691
33565000,227.1489542497308,265.22392635926394,691
33570000,185.4048934335227,230.0845590736979,691
33575000,176.02975045690823,265.3169781601965,691
33580000,185.0931440944649,241.19641495903724,691
33585000,158.92122444701363,275.86398330740764,691
33590000,186.80771039283294,343.67550184267094,691
33595000,176.34227638273725,337.5900650941385,691
33600000,188.2544379180771,264.82591913914644,691
33605000,171.21920068518756,272.11731319410586,691
33610000,154.81460117244563,356.79079430489816,691
33615000,181.49750204200677,338.4638959393228,691
33620000,170.06359087612122,248.8291262911431,691
33625000,153.30249535059477,259.0341213324125,691
33630000,169.64023921725345,257.64366753892347,691
33635000,168.74320376269043,302.3253916009891,691
33640000,218.91908789848696,263.95796245214063,691
33645000,182.35981281662882,376.27196068911877,691
33650000,165.8762101610379,336.9486342648842,691
33655000,148.84122873364464,304.33832625242934,691
33660000,186.2881685867048,269.22660818807185,691
33665000,167.00370857923699,288.480819815814,691
33670000,149.40235285572865,230.5250539051436,691
33675000,186.45500377709138,337.65985744529365,691
33680000,177.12210436974038,245.19524912338724,691
33685000,193.63297607806183,328.1157041958559,691
33690000,144.87680715288732,198.84907299276267,691
33695000,159.06277938743642,289.7066262438364,691
33700000,178.8127012214371,318.118829933179,691
33705000,159.04054378723842,301.6120254177677,691
33710000,198.32629122686052,346.8836047356155,691
33715000,145.36579184077186,309.2766497329608,691
33720000,167.37839329028301,335.84966967629157,691
33725000,156.04625555946058,282.0143779881648,691
33730000,175.2680848012621,284.382198370449,691
33735000,166.90438557839616,261.9896479802378,691
33740000,181.88334052964865,243.31363931530288,691
33745000,192.06098594958,258.6079652248413,691
33750000,171.44003976460482,248.59782161564416,691
33755000,145.61744685175904,334.46627148797,691
33760000,183.85873566788254,285.8485717698892,691
33765000,169.59832398555278,283.78252808237215,691
33770000,177.74459296950812,248.6863575809883,691
33775000,168.63955884186743,240.9046835379032,691
33780000,196.30186316193482,335.4858896827418,691
33785000,178.71620895694542,261.2431866605919,691
33790000,175.02790055610149,238.8894044613718,691
33795000,196.56143460355008,387.0876212851668,691
33800000,167.22685103766793,329.6950930385433,691
33805000,209.52178811009384,349.9404469539017,691
33810000,187.24154210553172,313.42243442668234,691
33815000,172.75366877488642,219.73722171962794,691
33820000,238.33206034733087,272.7100634401471,691
33825000,133.6494589388919,363.3286111297473,691
33830000,191.98443135250852,291.66457648850326,691
33835000,189.16146479241024,330.6709198662034,691
33840000,196.40750256291463,278.0675233155386,691
33845000,142.99399987250163,237.77097704647326,691
33850000,149.29904390662298,291.3790261780219,691
33855000,172.07384502803652,246.63972516848332,691
33860000,137.13575339004908,295.01605232554317,691
33865000,157.76267710515398,244.89952404754897,691
33870000,174.72903446043858,290.8922172093578,691
33875000,177.01825041586727,279.61121273993933,691
33880000,138.33485415037083,261.07244971402014,691
33885000,135.62721956204123,324.6941403143961,691
33890000,159.32826068150663,331.0236452304794,691
33895000,183.37912991923727,305.2101964533394,691
33900000,183.57772777948531,362.515743453897,691
33905000,166.41924692395978,319.0204769953261,691
33910000,173.3553701984239,329.3865761414402,691
33915000,167.44791289014165,292.4059995578491,691
33920000,166.7692112407558,270.0500978265269,691
33925000,236.18164535307204,311.0810678633722,691
33930000,158.60216835275585,352.0357250575473,691
33935000,175.91751970693542,304.0521276994871,691
33940000,160.33685393659763,328.3833733425321,691
33945000,185.47646064493435,293.14961424027047,691
33950000,168.2390845320323,278.8907645491635,691
33955000,182.98988544792724,267.40049067630196,691
33960000,151.30672316066438,277.44945854057175,691
33965000,216.15147349523676,324.58350642091614,691
33970000,203.88739645350776,286.5058753543968,690
33975000,156.73665120345592,313.02144472341365,690
33980000,146.93288054318123,284.79449378500516,690
33985000,180.16051323056587,267.63187500511486,690
33990000,162.90017273902086,269.71047443033746,690
33995000,212.92693521813365,351.10944097997356,690
34000000,148.46723476017758,256.0281956316588,690
34005000,153.1413360893964,275.6980018466743,690
34010000,193.5278433635395,273.3706661686302,690
34015000,162.09088855695,277.23083365344326,690
34020000,186.1324189474576,333.36159044654676,690
34025000,171.99573774218288,293.32518523871533,690
34030000,198.56738902847485,235.31835745439696,690
34035000,168.78634391036368,311.3417934001162,690
34040000,161.36046224763984,342.5909626081962,690
34045000,190.8361292611894,326.71851917710774,690
34050000,180.2405001533927,367.0525316552381,690
34055000,187.22210231174276,285.68474080291577,690
34060000,207.07458810169865,348.78879016274783,690
34065000,210.56288330715495,329.9475493595593,690
34070000,208.06914075837327,240.06920150478726,690
34075000,239.04041797715507,319.9586656279084,690
34080000,188.3263244600756,307.2084795005425,690
34085000,173.5525042484833,324.6808276071538,690
34090000,170.12833740359605,314.92458331378305,690
34095000,196.00726665571554,229.20980133494504,690
34100000,181.2292791405562,358.1918776917408,690
34105000,166.43712352220996,288.50252353640116,690
34110000,180.12486349423844,242.53323561047574,690
34115000,208.67142679498357,324.39050530908054,690
34120000,157.10121357899465,266.04467582166365,690
34125000,196.95710749042672,348.58882037810105,690
34130000,139.93870329737413,243.4701207274563,690
34135000,190.70521411198274,340.8530415467951,690
34140000,165.82534653748752,298.6823012108674,690
34145000,141.05100327767215,295.82984993940863,690
34150000,153.5721645959593,318.0750732543751,690
34155000,181.1276200092215,384.3920487392922,690
34160000,168.3887551669634,275.9485396248141,690
34165000,178.4726729950084,282.90386320519013,690
34170000,142.49445039269983,240.9634106884001,690
34175000,185.01623583343437,335.90338673395917,690
34180000,179.5371722097732,296.72273366507943,690
34185000,162.82752128866386,318.72518509585694,690
34190000,168.60577249344908,356.32718263796073,690
34195000,180.12040991623115,279.1334699421311,690
34200000,158.97651001587226,269.4433583156204,690
34205000,190.2518934209601,295.59816974158906,690
34210000,145.64389952438268,306.23042777543634,690
34215000,187.4794673169651,234.2167303505998,690
34220000,148.43925115540424,308.0581910780531,690
34225000,184.67595607853337,306.84883472207275,690
34230000,181.91334385523038,259.6815627142936,690
34235000,176.87611734872107,304.61347072251084,690
34240000,181.21158865751676,298.8494267215337,690
34245000,188.98621291233715,259.67297915239277,690
34250000,218.40507016958378,341.5216454304278,690
34255000,160.310209863625,282.7707255819812,690
34260000,190.84375781057588,237.27923340471668,690
34265000,189.00292807717,288.1785790643967,690
34270000,165.2230695437118,342.641701490175,690
34275000,170.07620461683632,308.8674208343772,690
34280000,192.67640283035323,306.7326551202859,690
34285000,171.56540517326056,318.4480543593859,690
34290000,179.70655726093707,384.46129876983565,690
34295000,191.07589844340984,266.8135691373348,690
34300000,175.72505026357564,293.7234761438316,690
34305000,159.37948512542098,307.1455612875752,690
34310000,205.62651487635952,264.6735757423644,690
34315000,205.22710721279878,339.3062347368214,690
34320000,198.15500414648488,285.4390431729346,690
34325000,168.00661764640418,277.61071070003965,690
34330000,166.13635750057756,268.5287071954991,690
34335000,162.54897566372784,321.73853456239726,690
34340000,160.57490956178444,263.3562884140067,690
34345000,190.38720920566576,316.83699127852964,690
34350000,185.7696937193655,366.84861313531354,690
34355000,143.630599938304,281.09114139355665,690
34360000,197.93658669956875,254.13621672045167,690
34365000,230.18039284701592,305.41535937716094,690
34370000,183.56189007518128,273.3696840519409,690
34375000,202.64417705207495,292.4926979115528,690
34380000,186.5867919153763,274.2585962252981,690
34385000,147.44360878379598,339.34962759773657,690
34390000,164.13663312104273,304.06620145141994,690
34395000,155.89794006909793,344.7522604375771,690
34400000,196.54989399102664,276.8812542160429,690
34405000,170.54643893812982,300.2544291945775,690
34410000,148.6396018097583,325.9812066423113,690
34415000,122.88958371901765,318.7772872430621,690
34420000,151.34353186632424,255.77548595142736,690
34425000,187.37974923754606,275.7129410556169,690
34430000,176.42694763096128,308.49736339483565,690
34435000,230.54138641444482,355.80284896152324,690
34440000,189.1056875166944,288.48793620844765,690
34445000,184.9783478203902,290.78995383355164,690
34450000,136.33500324561075,286.92498681137175,690
34455000,159.17049171935884,293.9809964982158,690
34460000,184.76744209727585,325.5327717872585,690
34465000,170.4194514807362,314.86225527404815,690
34470000,171.31632630282078,282.88083605028,690
34475000,195.78043099529572,305.57250232196157,690
34480000,194.22276302519802,373.36118105207186,690
34485000,194.20106013833782,296.8743702274996,690
34490000,208.24822167851121,296.5403656086611,690
34495000,188.67499492860628,322.3154744759449,690
34500000,199.60402574139076,328.9224843405189,690
34505000,146.62850015359993,309.86869689582113,690
34510000,164.79091035885398,242.2209186657297,690
34515000,185.21402909321316,279.7056166414882,690
34520000,176.116297203578,343.763569616719,690
34525000,167.5571844558743,276.1807518521363,690
34530000,164.23421144849158,288.5141192689448,690
34535000,141.88488509279,294.43322458316163,690
34540000,137.01505255800325,357.57493786622763,690
34545000,166.5998887897111,300.84135111992134,690
34550000,169.98131816107053,316.825560775952,690
34555000,127.46298446378583,313.5667258573671,690
34560000,169.3201217038316,274.33554640857375,690
34565000,174.3408117118318,311.1082091510643,690
34570000,156.77084435807865,285.4126863725286,690
34575000,186.0916684723882,232.47006058525517,690
34580000,137.85865810249373,322.512201311004,690
34585000,169.24837631507398,305.82938008659625,690
34590000,187.2900449534318,241.6705564941217,690
34595000,211.76299928062787,328.41846363223425,690
34600000,157.9739374678498,269.7571980283068,690
34605000,184.08399759622506,349.79157014598815,690
34610000,173.9922045101616,312.2132186381944,690
34615000,181.33559194166446,327.8534472882757,690
34620000,201.74259045503953,303.2066991227023,690
34625000,152.9390271998766,307.67215425777124,690
34630000,182.5968055761801,322.15455622416926,690
34635000,158.82662428740852,294.4650074603283,690
34640000,198.66407068441572,307.72743732834283,690
34645000,174.27224960106565,337.75728899189835,690
34650000,201.89738628797238,291.73231764701274,690
34655000,181.32684688088133,266.79528974809074,690
34660000,192.39455085323812,364.02256435258073,690
34665000,182.99958050596283,253.5402717512252,690
34670000,198.02636514590986,317.21781908708135,690
34675000,189.33593638154898,248.5736668074158,690
34680000,135.57916181767877,244.365740938587,690
34685000,228.1060788656624,345.44866306528456,690
34690000,142.5520706328897,299.61014839377486,690
34695000,156.7123916079532,345.1420564595775,690
34700000,170.52659778203824,219.95444964324403,690
34705000,171.943862084954,311.3907637575817,690
34710000,188.40741613411114,308.06228456874345,690
34715000,198.60984957368163,235.88810997397883,690
34720000,210.3007019850923,304.1108262502701,689
34725000,159.15182803073063,266.7912359429002,689
34730000,212.5358990621786,277.0594313361374,689
34735000,168.73975577506693,273.67500760962287,689
34740000,186.72068202175646,297.85272291346774,689
34745000,205.3404475897786,299.18933104708873,689
34750000,168.69074315220575,269.20927672967167,689
34755000,137.56349724795572,348.10821772466085,689
34760000,163.39484499723102,285.1976565557533,689
34765000,191.89569392385272,322.68585247628215,689
34770000,178.0102543510418,297.48565673816137,689
34775000,202.35858726566445,230.32679442918746,689
34780000,140.65109418766806,300.7320409940164,689
34785000,165.34851660076407,368.7919631538115,689
34790000,209.4253146161714,300.13550598712055,689
34795000,173.26357513937313,288.29618511025086,689
34800000,202.88529910815302,324.0394758903583,689
34805000,177.81417365311003,277.36024723304547,689
34810000,166.82431186493724,317.27602060443127,689
34815000,191.1920032195443,227.93976703048506,689
34820000,168.00309748986405,289.56565396176063,689
34825000,188.8038228841734,315.93727972011976,689
34830000,146.58143818658405,313.70193147795777,689
34835000,139.34426420616242,267.8977728602145,689
34840000,132.61080657311956,287.2955276509849,689
34845000,171.9035241360637,265.9205791345183,689
34850000,149.6095930583785,289.57682534338966,689
34855000,207.947136254229,358.89491284949355,689
34860000,199.3451059874706,306.83086670944004,689
34865000,170.949069586976,373.68268225512946,689
34870000,147.9441113632521,293.05715275250066,689
34875000,200.18776959970197,275.6095554196489,689
34880000,162.82541887778828,262.5776599602389,689
34885000,174.39787628143714,302.11646472171066,689
34890000,179.7824066935897,289.1958956691096,689
34895000,196.80536246949038,293.608702156539,689
34900000,161.23779982842967,301.80419629472044,689
34905000,191.8900819386903,265.44152525268925,689
34910000,196.67989451247945,308.83738032215666,689
34915000,135.45580182608498,292.3282500342481,689
34920000,130.03500032116114,296.0631035358784,689
34925000,188.3433535457024,366.509714963537,689
34930000,201.0507399675145,351.1688749544625,689
34935000,146.46041087962817,316.0469364131148,689
34940000,143.57630780604788,238.9940952953809,689
34945000,148.04663464987107,253.3471160088288,689
34950000,171.86464441498129,330.2202996231391,689
34955000,207.25167519049,280.5335450765023,689
34960000,147.69939671740448,228.46005646539516,689
34965000,180.83548343965265,337.0437238560033,689
34970000,161.95266856298173,258.07227266950736,689
34975000,178.5335848177389,321.36307477069164,689
34980000,175.17059668140968,246.615394807123,689
34985000,179.44362561196792,249.98187967459086,689
34990000,179.80932600832907,345.2616705106606,689
34995000,172.11996283067455,249.73157555731882,689
35000000,163.27881452475708,282.48175055584346,689
35005000,170.54902614192457,232.78749246540477,689
35010000,183.64933651023907,359.61222718022265,689
35015000,176.9176669669447,243.9017182964351,689
35020000,227.13097472232346,268.55089830501913,689
35025000,185.1041828491195,293.26614173971143,689
35030000,188.8402336326474,301.171332825856,689
35035000,188.62561230818,305.0056224879164,689
35040000,210.27517315977792,314.6503416399863,689
35045000,163.05934239415123,306.801803688273,689
35050000,169.06104238797846,332.45841804226586,689
35055000,155.27405815572791,325.2941216889449,689
35060000,179.20382452658728,256.91164496561714,689
35065000,155.6032668697038,221.34985553709234,689
35070000,156.8258817292572,323.85536805447146,689
35075000,172.65335725577842,315.3995362996188,689
35080000,184.16335283257828,284.38486082930785,689
35085000,192.18603871940866,314.8483615938514,689
35090000,136.08378185741986,282.7284711931637,689
35095000,168.45106191989063,271.2104176474055,689
35100000,219.83789876138042,307.6397615657884,689
35105000,188.92877866315052,314.3600163954152,689
35110000,187.47030657339363,268.64194515031335,689
35115000,188.7341301395555,282.99672197409825,689
35120000,148.0964855206107,289.01405526911975,689
35125000,185.86213397598695,291.28819667180994,689
35130000,198.28103184663814,341.73595593451813,689
35135000,156.37962707685128,238.3755532305343,689
35140000,179.82857410910253,342.6281039653571,689
35145000,175.47129916930282,311.6843202201686,689
35150000,206.582713271067,319.8717555770615,689
35155000,133.92380235483944,265.89154375719954,689
35160000,171.41540146959375,274.3830079331271,689
35165000,141.19838731339755,351.99504279303807,689
35170000,210.08842281143882,341.5011840362979,689
35175000,207.57547604780314,285.84925574311075,689
35180000,139.98201568307562,261.5998042820472,689
35185000,166.22227141025553,343.6927577009108,689
35190000,168.58442172418498,314.9727971877824,689
35195000,168.4804793114783,278.6957933608125,689
35200000,179.07276370991283,324.39662390254614,689
35205000,185.42951582726766,306.5334793199527,689
35210000,159.78749568680703,282.68618222517813,689
35215000,199.26587146589426,348.77967914301695,689
35220000,202.74280175085403,352.14577763922597,689
35225000,161.05255470398563,322.0338566788077,689
35230000,165.76803883364497,327.3133763780874,689
35235000,186.49466394824282,289.1762629121626,689
35240000,153.44968942644505,278.6295853119962,689
35245000,154.23528571956572,296.9148174149026,689
35250000,177.4084050880554,302.1925136834759,689
35255000,175.29086023011436,287.61778380357833,689
35260000,168.93243430017634,292.6432121800982,689
35265000,191.80062251006967,292.01346707314036,689
35270000,163.95655667848067,300.3618401988714,689
35275000,182.22343381712633,311.1563914071607,689
35280000,169.55768674886036,312.71154062789924,689
35285000,172.95536410889088,248.03636775038365,689
35290000,170.14295112218304,308.61526875410186,689
35295000,170.45531517562463,273.428465097444,689
35300000,153.17859308924432,314.41243928116825,689
35305000,181.42318234223077,309.09546687192875,689
35310000,162.1677073881554,269.50781285462097,689
35315000,167.30180214858626,344.89178313859816,689
35320000,185.25261004312188,335.70012954796,689
35325000,185.29698937069327,272.4390478704068,689
35330000,196.20984686267425,295.2588958725033,689
35335000,165.88226715903102,272.63908545201645,689
35340000,138.61811650590147,268.2989238027588,689
35345000,197.39444682121382,259.6754482815961,689
35350000,163.9318818590427,283.6986530313382,689
35355000,193.2944835449555,307.0959676139099,689
35360000,224.8223568408458,266.886353284176,689
35365000,185.02797752365015,291.6656865346827,689
35370000,169.78840601536956,305.0308811860558,689
35375000,162.71367601226206,284.7749832716197,689
35380000,174.89831315865,271.1356800805595,689
35385000,190.34824074336908,299.38119621276275,689
35390000,167.99880463187534,339.21688346329205,689
35395000,210.27413994140613,289.09618454832804,689
35400000,150.8420161771767,361.85028319223,689
35405000,175.10635962376833,305.63295042822926,689
35410000,133.89806054693412,288.72518711770834,689
35415000,177.87603203446335,281.20751442353304,689
35420000,191.91234380517278,321.65940757860517,689
35425000,205.53942060766485,293.9069279369607,689
35430000,162.6686428138225,334.4715264517161,689
35435000,160.3962688262026,256.9881959891986,689
35440000,125.71776650174561,262.08042235648384,689
35445000,188.2146398006901,302.51194963649874,689
35450000,155.29358619650094,312.5037272253348,689
35455000,180.07682894086696,285.600353817437,689
35460000,175.33680135460332,294.8821906726955,689
35465000,179.60726707469516,282.26132036588604,689
35470000,145.4476586126948,290.24207960630434,689
35475000,161.48025120783862,300.49546247549677,689
35480000,160.3633954975652,233.34921819556126,689
35485000,161.63201931954364,351.75247428382437,689
35490000,180.0326759104144,303.8637555868204,689
35495000,188.78462035068875,333.0808633353391,689
35500000,203.26470492613544,290.7769470196665,689
35505000,162.53326263182836,271.51348616936315,689
35510000,186.94469401626293,291.16560215697143,689
35515000,154.46113006445572,272.70009280234717,689
35520000,156.35767897036047,299.35033163893956,689
35525000,170.7748052362697,281.73330820082685,688
35530000,134.56446404683132,259.61997802545903,688
35535000,139.8397579930819,352.4289622456997,688
35540000,200.77170519736558,283.4024538558334,688
35545000,155.12616195997174,313.093337961873,688
35550000,193.52690635752614,364.4327510350786,688
35555000,192.95630180378268,280.39597460157506,688
35560000,179.3478248696444,310.35484266282606,688
35565000,155.22304156655093,379.4635768682906,688
35570000,143.72690393687964,258.99797197135416,688
35575000,168.12822049869362,241.5584285594355,688
35580000,158.77465569283945,309.2853391374494,688
35585000,151.74031334693532,278.47376720147537,688
35590000,183.4394643647226,288.3615407668857,688
35595000,154.2007641432035,343.9479990325977,688
35600000,169.9921875861254,362.28170120095797,688
35605000,152.5470666566893,327.7079214592727,688
35610000,167.2921439590592,256.18370023425615,688
35615000,198.68518708331246,327.7622170576345,688
35620000,212.8110268867603,257.2212957165714,688
35625000,198.8275699187877,308.38242862747904,688
35630000,149.65113514126958,321.0673420875378,688
35635000,199.9565620030389,331.38309327104724,688
35640000,203.5404845964942,343.19650686518474,688
35645000,171.8565317801561,288.8956582374828,688
35650000,150.47735991129184,275.7523352020866,688
35655000,165.78153400960338,327.28431069878667,688
35660000,157.8710875490683,302.9430509473434,688
35665000,151.31234852212236,293.3662603906258,688
35670000,161.63092998273544,295.86827288355846,688
35675000,180.49439080459044,262.51242462354577,688
35680000,171.5753305895846,283.40314701480526,688
35685000,142.99256624609768,276.8267424986509,688
35690000,173.78247143297136,301.2536306638243,688
35695000,163.10428280136153,333.3752785522765,688
35700000,145.56943464278427,262.3753003376716,688
35705000,207.89482932789647,312.38893680238414,688
35710000,209.23500658502854,300.753824583102,688
35715000,183.8742417995644,329.46001691338836,688
35720000,158.68285717352575,276.16853935483596,688
35725000,189.40104855586299,316.6158299493946,688
35730000,172.58594927528225,312.03171016862984,688
35735000,226.4986167574351,325.1172915482759,688
35740000,183.0807216664705,317.3168218470368,688
35745000,174.12712845510995,333.30323969852384,688
35750000,192.57162295980095,302.8305903298285,688
35755000,202.23948775340563,307.4600816797241,688
35760000,158.66394572017145,303.3299376924226,688
35765000,181.00724216983954,248.36781785541618,688
35770000,194.17760694739067,287.3637653014686,688
35775000,183.41585439607883,305.7639324698171,688
35780000,136.84779177166848,275.7238309429832,688
35785000,178.8454697175454,256.46225032370955,688
35790000,175.95267630588336,246.65260209427427,688
35795000,167.7258864153473,335.6733217045549,688
35800000,135.86662858459707,250.74173978267544,688
35805000,187.5123014526293,305.47326965020926,688
35810000,161.98338862200964,290.54957136507437,688
35815000,193.64201712805234,339.6001266234421,688
35820000,171.85568642709296,295.89743715790286,688
35825000,163.08187536014532,245.25553032164305,688
35830000,175.8888525908204,267.1878433682163,688
35835000,162.46368063235184,284.9905933278253,688
35840000,207.040012004735,316.6776199680746,688
35845000,179.4548922938705,348.4306084682555,688
35850000,157.16705118459103,248.1501781921994,688
35855000,171.60756588529597,272.16339107725827,688
35860000,154.5445344123727,337.92249984566797,688
35865000,171.23922132092932,282.2710217900979,688
35870000,154.21667836929228,355.10398820838776,688
35875000,191.69911722684083,295.9083550181653,688
35880000,166.99816518573073,291.0300298728986,688
35885000,177.93047729397077,267.86207239874176,688
35890000,163.49587811041977,311.05004367902364,688
35895000,167.94390945371455,354.0088007013951,688
35900000,139.43548972178482,331.436907417511,688
35905000,154.68600935598673,322.90905332456856,688
35910000,187.87845801723668,345.48483072055785,688
35915000,147.25364065770168,283.90140897440256,688
35920000,150.77545095392364,275.9324133357387,688
35925000,189.40432623273122,293.2254432259978,688
35930000,148.59686128484054,319.87607608771776,688
35935000,158.73650583685586,272.5663919873835,688
35940000,199.46000263577818,265.2998526323059,688
35945000,161.1460213918613,284.69051418407815,688
35950000,224.4423237606662,337.2666986230757,688
35955000,151.48206597506893,248.68311335195452,688
35960000,185.99664516364652,281.8241514272603,688
35965000,186.11546256142424,224.8335651483586,688
35970000,205.80898107844473,351.94213873311287,688
35975000,180.2102422835221,263.65258201368727,688
35980000,200.46192530221086,307.2997588339486,688
35985000,210.9069916974602,267.91925909783544,688
35990000,146.68642511016463,225.29554434228768,688
35995000,181.5944490631279,338.3648345306568,688
36000000,194.70194519898394,336.74266108211134,688
36005000,187.26482174801043,289.10348193876615,688
36010000,164.6723439997944,293.7928559484748,688
36015000,216.92078984837414,322.9535264860431,688
36020000,193.01956629480637,339.1334667694857,688
36025000,158.91707397658305,313.48375204057356,688
36030000,188.3697987805709,286.74340264318454,688
36035000,179.41638311989018,336.3263867490878,688
36040000,144.50166032381082,299.92302703998183,688
36045000,199.07711809852893,246.54069303724174,688
36050000,188.7731572124554,322.48797624224613,688
36055000,178.27567761306136,286.4971390793136,688
36060000,197.1245884930899,250.37025229372583,688
36065000,188.66190439535322,341.9071456454783,688
36070000,213.67576707305668,347.5309977428551,688
36075000,203.3821208308981,269.2643258927782,688
36080000,169.16068569331966,264.24774537563525,688
36085000,147.56627379067078,294.1800430156949,688
36090000,193.2719069044311,261.46747197409735,688
36095000,180.2716054588257,278.50251341927657,688
36100000,161.15596305348305,290.1991705154029,688
36105000,196.758298278227,306.9649338791835,688
36110000,158.09360151100447,356.9081223964741,688
36115000,197.38149982616812,318.0390977088298,688
36120000,209.82854259104033,248.63981741680578,688
36125000,205.25961550710926,360.13647194016625,688
36130000,177.09316464149043,318.9193223316924,688
36135000,141.3805083739445,282.8479223065144,688
36140000,185.8417234004515,225.95420365271625,688
36145000,171.12099269875318,304.71733682395563,688
36150000,158.93963405951098,314.64268916617107,688
36155000,190.50122062838707,334.3612204054518,688
36160000,227.22957881849112,313.8283017844612,688
36165000,183.88448575100483,280.9080262820604,688
36170000,190.49270336511964,323.15875970568635,688
36175000,134.07466876112065,271.8501725667807,688
36180000,165.40096582304434,289.66386137226726,688
36185000,188.98759852587924,310.0122072973728,688
36190000,166.48354938685145,274.5474302054875,688
36195000,165.79968510126156,279.88400057986337,688
36200000,212.87862807763997,297.18506918827427,688
36205000,179.31062191202255,372.66076151666226,688
36210000,150.14259415275015,311.97146327124193,688
36215000,182.10114942508042,422.99580396735917,688
36220000,187.5330452235602,306.54606137016214,688
36225000,198.5260810720132,324.8107908386815,688
36230000,169.96923335664673,323.6866769648302,688
36235000,161.38284920412224,262.18441558373127,688
36240000,202.0206238547018,266.3059810452557,688
36245000,158.28641318530495,281.2733072089175,688
36250000,156.4953938415814,270.6264991361387,688
36255000,177.02125938106715,246.0751898739486,688
36260000,150.1028129821534,251.21109501478202,688
36265000,183.99624257086086,281.5420060050323,688
36270000,186.44893286902808,286.36937933229433,688
36275000,156.32945319297428,291.0922852695613,688
36280000,198.98932331058168,335.2224391579356,688
36285000,200.05840467547412,345.4824240893202,688
36290000,192.5405651920025,372.2914795809183,688
36295000,190.60568032261847,299.11217137744904,688
36300000,201.33245250840628,245.75886793284613,688
36305000,223.2993654812521,308.5389347404555,688
36310000,176.75796957383577,359.13342608690516,688
36315000,175.97180916508552,309.5307578230552,688
36320000,186.08833553126422,328.8833403117775,688
36325000,173.58057961739894,223.37382976817014,688
36330000,162.67101403771176,257.8339972347885,688
36335000,229.62297988107596,326.2393247511595,688
36340000,166.57967102979663,296.167748486353,688
36345000,162.77159161149214,286.5655293186459,688
36350000,181.5456519390216,331.736580637816,688
36355000,189.1410932490718,348.9939168655068,688
36360000,133.22147185040203,227.63164457075405,687
36365000,177.19050561798272,304.8160753429687,687
36370000,156.39206675495396,336.4675048231292,687
36375000,173.116693052894,277.8522261454988,687
36380000,184.02008570859883,362.1518625984793,687
36385000,143.12703608278656,289.48609984408887,687
36390000,184.3590820404675,224.46496269384005,687
36395000,192.7401962993113,310.0926199420571,687
36400000,193.55474960246505,345.47093652628644,687
36405000,190.1087460164791,266.53216402321914,687
36410000,207.40432775095186,313.5006281439672,687
36415000,213.84943323361617,325.2948726788565,687
36420000,193.73328173670882,270.53947964861925,687
36425000,174.701526737012,267.69979065497455,687
36430000,154.32303805491446,278.0144281402834,687
36435000,188.22120564266592,351.0571717460226,687
36440000,168.7080356001765,348.59783129380037,687
36445000,202.24048541026733,303.01889173726687,687
36450000,146.5139581515301,287.3795190783882,687
36455000,178.0023573148183,232.8805109558849,687
36460000,148.40508964815595,322.06678692624,687
36465000,214.0069671590434,379.6131877839244,687
36470000,194.92322203719175,287.6753212503639,687
36475000,194.71101735212508,298.0698616332758,687
36480000,211.2547537086783,262.9656331321197,687
36485000,249.2025352422761,320.8395932306754,687
36490000,144.85948161333394,315.3762128357848,687
36495000,174.66786109488268,313.1607255995345,687
36500000,158.2052026151203,286.44598290584327,687
36505000,201.8822627609237,347.51050936153956,687
36510000,145.89655200658035,290.9337930141867,687
36515000,162.29177238373407,289.93972379685084,687
36520000,157.84018366259568,239.4916973867712,687
36525000,165.76529420992472,272.6649831979603,687
36530000,158.19904952661508,246.44239237353165,687
36535000,174.10610676060767,266.85277884213576,687
36540000,174.8671320127504,308.7433307600821,687
36545000,159.3894994598302,294.67948365913566,687
36550000,187.0710569511312,304.6163842381695,687
36555000,188.8030215126901,324.0048642039342,687
36560000,191.25771334332103,280.3812909883987,687
36565000,188.0986309594358,268.0171525396799,687
36570000,172.95108762012674,319.89610271487766,687
36575000,168.09009904989352,299.01660317380754,687
36580000,161.3964084775174,231.4676233131664,687
36585000,188.59185558761664,370.0475418201427,687
36590000,159.50833146573973,314.20121437337514,687
36595000,194.89317304275437,339.9847832971969,687
36600000,148.85864519274978,318.5612532415503,687
36605000,189.05220868298755,300.2856866900751,687
36610000,177.86287861236383,387.40304305669076,687
36615000,179.81639729514083,278.8559775191447,687
36620000,180.36014781156828,301.78131432473754,687
36625000,174.1894069971013,279.2052862993499,687
36630000,203.67326761785293,297.7125936095981,687
36635000,169.1824802454188,359.0272840438531,687
36640000,196.42084863630518,321.0910782885806,687
36645000,173.86955522163186,274.14478964885643,687
36650000,150.88133489293685,297.9954112604473,687
36655000,144.42958602254635,290.5855617323691,687
36660000,168.20008970571234,319.73293250253295,687
36665000,150.54481863370418,330.5873867624158,687
36670000,154.33890958172057,270.59858632511714,687
36675000,218.88690052599472,278.0053653045617,687
36680000,171.10542170470342,302.40606229566424,687
36685000,154.36290491125757,333.98419483136223,687
36690000,150.49743629252364,238.37996094767144,687
36695000,209.58607815840952,261.23007400395335,687
36700000,186.05893168264757,313.21170603063183,687
36705000,140.97465629354767,330.45969537598825,687
36710000,191.51394425394142,370.6826530877941,687
36715000,156.97883277030758,332.1594758102469,687
36720000,173.86634395225485,277.2599796895449,687
36725000,188.76385543197608,303.51047990918534,687
36730000,170.76600821394786,266.5623720114664,687
36735000,163.12665565499034,314.59177624596333,687
36740000,175.12139962881344,281.90345064230155,687
36745000,176.21522733838214,300.0653842781691,687
36750000,154.8420135096968,280.8237329312666,687
36755000,186.57135441777075,342.77147256118934,687
36760000,145.59987085768336,301.11270900179926,687
36765000,207.62269926278393,344.12902227407733,687
36770000,156.57378914806557,218.6375023878665,687
36775000,170.1846975586954,289.866653962308,687
36780000,141.5259249385318,309.3322168304954,687
36785000,168.690366021192,335.45760072830336,687
36790000,172.92994650707726,355.8988143344583,687
36795000,126.23087946180769,260.93181689199207,687
36800000,157.84312984576894,298.6830788271566,687
36805000,169.9129941028084,255.11928152308633,687
36810000,160.6755765748796,358.45209572843777,687
36815000,166.9959202625109,337.84854401277613,687
36820000,144.48034901161827,287.70465443031395,687
36825000,183.79529333220512,283.88769575517495,687
36830000,175.38786243998896,316.6017829796506,687
36835000,204.73716375086536,250.70340311378385,687
36840000,213.92313774540415,310.9977117556433,687
36845000,166.36167706514078,247.4760670981521,687
36850000,157.00287394243236,257.94897075830846,687
36855000,167.95483433723882,300.5058760820961,687
36860000,161.93385675662384,295.8850773251176,687
36865000,177.21886397729747,237.07040238524542,687
36870000,206.21298613172394,289.6002906563119,687
36875000,187.9529249083511,319.3293257559458,687
36880000,192.48004966436218,271.9264257040196,687
36885000,184.6656080841788,263.4765424018315,687
36890000,172.67102922299622,317.2453392362886,687
36895000,157.81285574389094,271.04025445928846,687
36900000,155.74873761680976,363.90943164161536,687
36905000,166.7965430271536,288.18462433729906,687
36910000,155.92030042625484,329.7622662739469,687
36915000,188.6176931235033,294.4568233864334,687
36920000,188.10797353291326,283.0863335636664,687
36925000,141.59933245166008,296.72804881523126,687
36930000,148.00585318297846,298.49546056697073,687
36935000,160.43614975118658,305.4061528179221,687
36940000,144.63429895623224,290.3963827681016,687
36945000,178.095998814294,341.4288228741328,687
36950000,216.42880730951953,330.5714306234481,687
36955000,144.7689142157098,293.16973706104363,687
36960000,183.07937468395536,273.21592948102005,687
36965000,160.49984192352747,363.2072208796599,687
36970000,194.23409763993766,370.97926902483164,687
36975000,187.1003243629938,324.75095993380086,687
36980000,167.25011094651796,284.4213373749849,687
36985000,197.54556306234446,310.61521192728844,687
36990000,183.24526369658327,330.72020386034825,687
36995000,209.04095514352582,325.8558919768618,687
37000000,196.89162767372903,271.87265670621866,687
37005000,156.6240209099766,313.1020948793691,687
37010000,159.33249756807797,309.2141196891956,687
37015000,152.61214076635724,272.575095891024,687
37020000,164.45871183070315,271.80027645391226,687
37025000,158.30598562532035,310.06925739831587,687
37030000,157.72346115138805,312.3700443480268,687
37035000,206.52639523800067,281.9835825606925,687
37040000,177.31291888404766,328.7156658110184,687
37045000,143.4933155038848,290.88292368632216,687
37050000,152.0701055716616,327.6728868105642,687
37055000,156.07083288104013,339.8812473006759,687
37060000,175.73703593023515,335.7113404918325,687
37065000,185.49237403999572,278.2404721161502,687
37070000,194.9297320495005,345.6188138365167,687
37075000,192.56018486548896,331.40981941690484,687
37080000,218.20676543707307,324.2071978308753,687
37085000,178.41992339398965,246.87352204191293,687
37090000,166.83677694332397,360.37671633309924,687
37095000,163.01237705322825,317.3226915024277,687
37100000,178.6459217718848,271.482853625926,687
37105000,159.6137675044424,284.7385274377622,687
37110000,154.11628456790095,288.6763040707521,687
37115000,163.93478819045336,267.9991064629408,687
37120000,191.89306494647556,238.34530555728887,687
37125000,199.92635048019986,378.2919837368872,687
37130000,180.11561659017949,329.70141151317597,687
37135000,181.01275296400416,259.1273255375105,687
37140000,162.975954847671,306.50950318882843,687
37145000,182.45166120746867,307.05168667062463,687
37150000,149.3317847964128,297.99677536223584,687
37155000,179.24070398645023,307.18481210694824,687
37160000,177.63707365339346,301.7678667837555,687
37165000,166.99786668161155,318.9317389109655,687
37170000,179.81611326990833,303.89690751291164,687
37175000,171.5017442073271,235.3211124150123,687
37180000,145.91069172123017,344.8015672846501,687
37185000,182.25423704822498,281.6079509791028,687
37190000,213.94915786582257,242.63674826178115,687
37195000,170.10300161664057,261.9641806654549,687
37200000,167.53442485979355,310.10685052193946,687
37205000,171.1656268596269,287.6748417939191,687
37210000,154.67321269856657,292.9417047841473,687
37215000,207.2916541569313,288.5417691340437,687
37220000,189.06120630805256,285.6773462523143,687
37225000,227.92942384936822,279.12883232242996,687
37230000,177.93626637168896,364.952008174847,687
37235000,200.39890470389022,336.8571267200302,687
37240000,210.73412801331014,364.13265386251106,687
37245000,145.66893744817207,267.36213491310485,687
37250000,191.90220593264667,307.85872939065473,687
37255000,168.70894331633036,268.714001718853,687
37260000,178.5478975117231,258.20000029899364,687
37265000,190.62556207602222,226.95778927930115,687
37270000,170.82824807444132,332.70225455605856,687
37275000,148.25260773474488,275.1698534186176,687
37280000,149.61096288255445,280.2205533844628,686
37285000,171.26797415003574,312.1296135304441,686
37290000,175.50603173650347,314.09031790399234,686
37295000,223.58387838619845,369.9805445448605,686
37300000,194.85599027034596,315.341246658223,686
37305000,180.45644875952271,257.8802824456632,686
37310000,181.4104387711422,306.9874584861144,686
37315000,174.6242086503996,289.08890318265975,686
37320000,186.57004700325012,328.8085934553919,686
37325000,140.61125371349823,295.1431296989187,686
37330000,145.72148907419657,337.8061238789667,686
37335000,191.40802533890687,325.97075550547925,686
37340000,190.308701210184,279.3077236545703,686
37345000,145.18638171868542,328.5968695104001,686
37350000,188.06082616338662,360.01439202500546,686
37355000,162.65737761460397,338.3273427475755,686
37360000,164.44847273861433,225.12766730525476,686
37365000,148.74139008823602,275.6206772061305,686
37370000,152.4975050088732,342.99072162316696,686
37375000,154.7281028580809,301.0417729313853,686
37380000,201.39101278341096,281.7844650849929,686
37385000,148.88694015357558,309.3275161071853,686
37390000,177.54074197107047,336.4520035791559,686
37395000,199.02805135061018,217.99472321849603,686
37400000,180.9560200640731,338.0700537309671,686
37405000,172.72017257681944,309.50072593205414,686
37410000,217.1410620643525,357.1337356682097,686
37415000,210.8957885331727,289.5024012424499,686
37420000,229.5739032856516,344.79802202892273,686
37425000,160.28417327951848,289.22863632517107,686
37430000,173.20225847140742,267.84760958341434,686
37435000,193.17755767430933,249.01133887019748,686
37440000,196.72237222079394,274.1482655413911,686
37445000,215.23667941512406,342.7270840207619,686
37450000,168.69746585562493,273.31708395182903,686
37455000,177.43213575450395,287.2503964672775,686
37460000,166.0424978084575,240.24149066913063,686
37465000,159.11079871200408,254.35107134071683,686
37470000,192.6999464553667,308.98825049329963,686
37475000,189.42201281250388,283.05577473497135,686
37480000,178.96921269328755,376.7486196845072,686
37485000,165.54537897371816,240.76690404930952,686
37490000,198.18564422604967,307.61221289109756,686
37495000,169.89048720823402,289.1037537834071,686
37500000,177.3364334987644,311.05683182133725,686
37505000,192.23023784862883,264.49743545730473,686
37510000,137.86226637315627,290.22010540737443,686
37515000,217.3835816643017,280.5863283649948,686
37520000,164.83180144166613,277.41821548286947,686
37525000,173.25291612897507,342.496597489948,686
37530000,153.4888777547556,292.4262214711805,686
37535000,168.55437693190498,307.7081226507581,686
37540000,206.4594807355189,310.8791837371325,686
37545000,222.17464762303123,249.60040470190978,686
37550000,189.93081305251638,234.60802937628486,686
37555000,156.20816081160655,359.25810285054473,686
37560000,175.45301612717054,316.6219259054865,686
37565000,157.6470213610538,225.5067185208626,686
37570000,149.72699718320163,320.76391178061806,686
37575000,165.64600483968056,321.8556901507489,686
37580000,192.55843885232093,299.9529387602797,686
37585000,156.12897982995526,369.42248115820985,686
37590000,181.08931765565603,332.93069843833166,686
37595000,241.6546955554284,291.8410393467736,686
37600000,167.51654460516102,298.58151319962474,686
37605000,211.0004423024178,319.1390589957361,686
37610000,170.92282051068455,280.9496877447446,686
37615000,175.0736856561838,312.0418187357058,686
37620000,176.6639050059638,284.80733850938884,686
37625000,186.62296357860174,335.2935813881467,686
37630000,195.22659896416016,321.0146730929285,686
37635000,155.55550217112298,320.91706411670566,686
37640000,198.5101492236883,360.2022664474876,686
37645000,195.20414576819405,320.3206741342715,686
37650000,185.19063114024166,245.97093283204651,686
37655000,151.24833727284846,298.8219001139949,686
37660000,156.16004914941996,300.16875389350434,686
37665000,169.26478712889474,338.2133084874538,686
37670000,164.31634371050404,253.4824408907957,686
37675000,146.42552430190813,266.18828477734763,686
37680000,171.0941924655514,314.35997357572614,686
37685000,156.49781048162777,265.74824801140795,686
37690000,185.50934076266614,251.4675316366227,686
37695000,203.04366346188704,330.85973930897813,686
37700000,159.94436281663545,288.05118733999706,686
37705000,188.5631737571272,303.02816441497885,686
37710000,151.0593379574966,238.21266092859307,686
37715000,217.87602191196595,318.34158576610946,686
37720000,174.44496350820356,332.1734961660098,686
37725000,167.80205843690283,333.7110624195842,686
37730000,131.92810755828287,319.99052486500193,686
37735000,166.44255065286694,356.80084992604816,686
37740000,176.14773602123233,297.0379875233273,686
37745000,160.18306336816204,288.0721557023345,686
37750000,173.77899292341505,341.5372884796373,686
37755000,187.19666635239042,306.4563886356346,686
37760000,141.62687205724322,327.4318158629292,686
37765000,196.68521922613837,270.48536322629695,686
37770000,187.1909891132259,300.38286066877396,686
37775000,179.2660779369866,322.0348104136568,686
37780000,202.216102743279,321.41529188923874,686
37785000,162.75132660767127,261.0779006925577,686
37790000,157.20601957124057,267.21020993579793,686
37795000,213.27305713653075,374.54906470188405,686
37800000,153.26690633444645,274.25693308258894,686
37805000,173.95474324283055,329.6786727724559,686
37810000,174.29348356059657,312.8274381820397,686
37815000,184.18322889046215,377.96855396312765,686
37820000,156.5631485540579,320.24078360875575,686
37825000,137.52605454392838,295.2000905637889,686
37830000,150.3066356301162,249.23305733894404,686
37835000,158.56784571292357,331.17260149817315,686
37840000,155.75136656528508,301.17282226337267,686
37845000,190.63680772315257,308.2855297470992,686
37850000,190.01479328794542,260.8972916188011,686
37855000,221.78762935334785,306.45728484703614,686
37860000,169.05992875477708,280.6562405399112,686
37865000,170.82456610710008,309.4493667057834,686
37870000,174.3667187123944,328.3461433593151,686
37875000,166.6600565198877,253.66772889512313,686
37880000,179.63871268737893,253.62166514519308,686
37885000,163.22136450757756,303.93293855950174,686
37890000,176.22237682459675,277.5716925179552,686
37895000,214.84762254005946,327.59401831094283,686
37900000,199.6903903404183,288.32358211643015,686
37905000,148.95001729432866,238.0906738697581,686
37910000,191.57813362558002,277.7094247229203,686
37915000,177.57346929540452,297.2976254377193,686
37920000,162.7746740778788,312.2156606198673,686
37925000,228.50034133111185,307.3786185231068,686
37930000,186.17675785659173,320.85885896131884,686
37935000,162.72035055721253,273.3776568074855,686
37940000,172.59144341400358,282.7297819916084,686
37945000,177.79889416957576,273.47212177028973,686
37950000,162.34373029709323,312.87826394656594,686
37955000,178.36445163805638,288.1543305852748,686
37960000,174.4280864463863,332.9149195487716,686
37965000,192.01143392522965,306.49864418633774,686
37970000,182.80457263270017,285.3064054426861,686
37975000,163.05504076011346,344.39538321225524,686
37980000,150.85562566266495,255.74822287953918,686
37985000,164.2276560898287,225.25202648405096,686
37990000,187.4112474687507,308.5412950234633,686
37995000,200.62339314412097,336.45796699293066,686
38000000,145.6607902983656,278.3143269527034,686
38005000,205.223496214443,331.78023160087344,686
38010000,205.49632456511554,314.12763233180857,686
38015000,150.58485048487188,258.79300195373236,686
38020000,184.80682936802583,342.7082352739424,686
38025000,190.57954489865696,302.03582701816595,686
38030000,154.96338276737123,312.2522206526433,686
38035000,181.7309170832094,308.36004426378474,686
38040000,159.22322877276332,241.38365919860794,686
38045000,175.21914334367258,302.5373344918948,686
38050000,172.95541226235807,308.91061230797084,686
38055000,175.4386827348174,292.41282729248195,686
38060000,163.55244640770673,298.4485346940687,686
38065000,154.51012604900654,310.97018357868814,686
38070000,179.613589571312,361.64000962212543,686
38075000,182.39950788333326,334.1615954016511,686
38080000,173.31522520920697,292.83697026475215,686
38085000,177.98862928335555,259.29589045178614,686
38090000,204.2756799546815,333.23986463348257,686
38095000,191.44197015175465,308.61315219909,686
38100000,187.17049565935605,318.41370369456723,686
38105000,165.99669300129742,346.7294872841914,686
38110000,175.28185516515902,307.43942893916187,686
38115000,238.19234441438655,274.4561684771435,686
38120000,155.99511221980424,319.3943237908838,686
38125000,190.60931854778306,317.4921219193781,686
38130000,218.1165832238053,325.70865052095377,686
38135000,132.71927728439164,248.52483838151545,686
38140000,154.78014726593938,300.41476068110774,686
38145000,157.71075551359746,251.80305015262377,685
38150000,165.7295923267665,324.32277854156774,685
38155000,157.80228442046624,380.5682917746568,685
38160000,211.89264179259163,286.7805722781516,685
38165000,157.0929765470329,286.3015053309612,685
38170000,212.22736868117676,229.72637805497587,685
38175000,193.40678364982762,338.8408694410823,685
38180000,206.34138091064958,249.27396948261614,685
38185000,184.17108608304306,348.7390031373109,685
38190000,155.11938893352445,322.85587435283463,685
38195000,180.88424099929037,376.0491036088765,685
38200000,193.54561833555806,228.28662253837953,685
38205000,133.95267465958204,365.09023769637,685
38210000,171.5618709699001,301.38469842620333,685
38215000,178.02105302160732,266.03981056087565,685
38220000,225.07648305478784,258.1072287216991,685
38225000,188.7365792874899,312.01557723403477,685
38230000,166.58545575855186,321.8486974157895,685
38235000,149.35391641156772,328.7610078594859,685
38240000,171.94918810777912,359.15698901835935,685
38245000,155.75532408765045,343.08757197359705,685
38250000,169.1817618849516,341.78526771056335,685
38255000,170.57510441700995,310.96536761189293,685
38260000,169.03790912189382,223.05766738492625,685
38265000,143.90907356244003,244.4893928134719,685
38270000,182.50198849762575,265.5155001195792,685
38275000,227.91193434161377,297.84095679599403,685
38280000,163.7921753624867,299.99000136219576,685
38285000,195.7956187689586,423.9791575414856,685
38290000,144.2073397309708,324.19492483713657,685
38295000,190.32735068034847,269.20082658924116,685
38300000,165.2750480441473,257.4160022599003,685
38305000,156.0022472990763,374.42147305669016,685
38310000,165.21115230715142,284.0021572098394,685
38315000,163.89836220318801,264.68037661389053,685
38320000,183.47495812044633,290.53326996348017,685
38325000,124.18104638774093,257.69093816841496,685
38330000,192.36141562176374,270.40644111424285,685
38335000,166.9912792919018,319.4602495629795,685
38340000,176.47154956176288,301.74974866064366,685
38345000,164.23698009054561,286.4699831758282,685
38350000,177.04540238172575,315.2623538373669,685
38355000,156.32840766508718,273.2379522999195,685
38360000,210.86031465602662,281.0911437973335,685
38365000,176.05943850254,277.08689186524555,685
38370000,176.37130736418578,337.25478800820287,685
38375000,155.90193114589286,318.66992863430585,685
38380000,162.1237279200133,255.9589622316429,685
38385000,148.21772924157466,264.4231141683334,685
38390000,163.6936296155431,287.21240368784436,685
38395000,139.86458082358075,342.23805464625525,685
38400000,174.5816507147424,320.1658955102591,685
38405000,154.51191593331993,283.2406252334911,685
38410000,182.15385480404632,251.7821306443368,685
38415000,194.64079092821117,262.5332682607144,685
38420000,143.39920878221156,261.8970995100793,685
38425000,211.6725029334917,308.7594576117471,685
38430000,138.42030641335586,297.9250060023,685
38435000,213.41526054226267,287.21156993621753,685
38440000,153.6088903677462,300.1936106961763,685
38445000,196.38111877272556,331.4419658326249,685
38450000,170.2138692233685,264.2756026868217,685
38455000,183.24949179144318,297.95605609811645,685
38460000,197.76690464706863,339.58365738408213,685
38465000,194.03341420844734,356.62355109816997,685
38470000,167.26593402903472,333.3123723385555,685
38475000,201.31204189446572,308.7614201625172,685
38480000,203.56840761712797,259.6780779803924,685
38485000,152.23756772394253,292.79476501818186,685
38490000,207.5861415847035,333.53847165534916,685
38495000,173.9903312593674,271.82126202066524,685
38500000,184.81865504193763,318.9163781952179,685
38505000,193.51678778191007,308.5934274319882,685
38510000,180.400243713733,293.3239147099436,685
38515000,150.17539561964077,245.63297995242235,685
38520000,164.69839276700847,257.46532874948207,685
38525000,147.30231368377895,344.6209839235279,685
38530000,178.21193270516628,332.9552681214356,685
38535000,209.90709771411645,267.2322557662172,685
38540000,220.497076699129,348.7102861222398,685
38545000,227.27031278461956,296.1063653419442,685
38550000,178.48165790787272,330.19787827784717,685
38555000,161.84075873215835,314.45586122657426,685
38560000,174.93752322382198,306.7940248381996,685
38565000,187.74209919232226,270.7853778526132,685
38570000,228.59014988435135,279.85981887989556,685
38575000,167.48562852963843,316.8344501955159,685
38580000,193.15325685835415,259.39049887001033,685
38585000,148.46166519118438,253.39158313946226,685
38590000,193.31189520329787,288.6989994470366,685
38595000,183.73701516340782,328.2454112804738,685
38600000,178.82355855393595,295.78110351907424,685
38605000,139.96329011591263,247.33506139313187,685
38610000,178.11603825468217,273.8293689514922,685
38615000,178.37633314214418,284.1935721967702,685
38620000,172.56731741269058,334.9237343584462,685
38625000,181.07646677512943,240.7596429734622,685
38630000,202.36912506649873,323.8257325855712,685
38635000,192.98186623366502,333.78040112060967,685
38640000,176.3809321968567,348.39743597289134,685
38645000,186.96664434324902,344.8508717928307,685
38650000,170.8628953060754,256.5812297752341,685
38655000,185.73923873930826,278.6755068364759,685
38660000,201.98261390194813,311.607330350997,685
38665000,193.5489244087267,333.5906821408354,685
38670000,168.06809213854328,245.84013733112462,685
38675000,226.1902527807957,352.5313389758257,685
38680000,190.6872461750785,327.52832798261807,685
38685000,165.4351542901631,320.3392067913799,685
38690000,189.79652458150008,308.1156857592756,685
38695000,177.4511164550593,274.98386160524285,685
38700000,180.40331432903884,348.41654086093865,685
38705000,189.9388199076336,277.4230294621217,685
38710000,174.47740569965623,274.59198970046475,685
38715000,144.55162286635027,239.44917182253036,685
38720000,161.5677128164741,254.55525108063804,685
38725000,164.52845809966766,316.9217409731238,685
38730000,188.03735273966728,340.6488255704125,685
38735000,174.72845659908663,370.0563362065937,685
38740000,151.7335198732024,327.94891344897167,685
38745000,185.44605179104593,250.55683110787496,685
38750000,169.1454660114946,295.97514242805806,685
38755000,180.5587078604074,277.5955647414934,685
38760000,158.81226959179565,286.2640986050527,685
38765000,169.95113960588424,251.97616364834903,685
38770000,140.4776368537442,283.61008466724905,685
38775000,191.94414180211373,289.7888527923443,685
38780000,159.94857244701433,261.11061082248233,685
38785000,165.98254812713083,258.8268685347686,685
38790000,138.5109777501369,307.79255899581676,685
38795000,182.56066377204976,310.035141521349,685
38800000,153.82400063393789,306.61913526730217,685
38805000,178.20131674429868,267.96721445538964,685
38810000,158.1838105668885,331.2595852717677,685
38815000,199.21729733714713,268.40310245131195,685
38820000,202.87829867162046,356.26710357701717,685
38825000,169.78939137139687,252.74128361869626,685
38830000,206.08802456962678,333.9173124268064,685
38835000,133.89869796745447,266.8464123241208,685
38840000,146.10138443965303,322.5391825594705,685
38845000,170.7554796737966,262.57011835705146,685
38850000,184.0727348870208,315.6654863216106,685
38855000,183.46480909437545,278.8963044119401,685
38860000,201.05850713396154,276.03171366902615,685
38865000,184.1283900940082,319.1392786369371,685
38870000,134.71081661336333,235.05129649192443,685
38875000,196.46871489553155,294.31743132944706,685
38880000,161.22323207765098,270.3651190959692,685
38885000,185.04136997947307,347.57631208979313,685
38890000,198.14361245806734,306.91870389339897,685
38895000,205.46729326510825,340.49390096413947,685
38900000,161.7912452237781,352.3235200846819,685
38905000,164.11480085878068,273.7691840259345,685
38910000,167.2540843330137,346.89137239473575,685
38915000,179.45812105577713,299.605497654699,685
38920000,182.25521345743843,365.5139215896111,685
38925000,186.74417553500226,267.45494882697164,685
38930000,194.89374427078232,299.88337279137517,685
38935000,171.91080788643131,284.62719934416634,685
38940000,175.88949125135568,269.77549144234143,685
38945000,150.63646146897565,305.70567666996266,685
38950000,170.30866514263192,343.63101807962653,685
38955000,181.65506589607136,307.70136631399464,685
38960000,218.03373387091946,297.69938494645095,685
38965000,163.68198121995678,346.98030764814797,685
38970000,182.2098142197227,242.32026399908318,685
38975000,152.44750169859134,328.49634221120357,685
38980000,166.48793344321265,270.598449185796,685
38985000,174.58783555608815,273.2595021648481,685
38990000,133.33022984042057,285.39960794290755,685
38995000,153.79985510591015,407.5529044048287,685
39000000,169.40987239154066,388.25487493257685,685
39005000,195.73304993657794,283.66812703430514,685
39010000,145.850951412985,242.26237183788794,685
39015000,170.27719968092836,283.4979301285151,685
39020000,199.29252547716013,290.2754570265892,685
39025000,163.5731483832903,343.4298754134073,685
39030000,197.4161822225836,256.09906861344433,685
39035000,208.8767262566658,294.1822283840664,685
39040000,177.99975472426453,276.2568757415493,685
39045000,142.0962268779018,280.04116551218283,685
39050000,209.23968454640064,386.4346020702331,685
39055000,169.68501837631032,311.2136652854871,685
39060000,180.63488365862716,316.42065001673154,685
39065000,184.82242627990186,253.5453898304439,685
39070000,185.10009139801798,298.19737688991387,685
39075000,191.81152754127942,284.85780661030367,685
39080000,150.87299587621743,260.49949168199606,685
39085000,173.84269899654865,274.9919893145509,685
39090000,169.54895115377988,345.25012509237916,685
39095000,167.17481070453226,239.9728576043875,685
39100000,167.91619357960496,268.5690959531327,685
39105000,187.68549466481122,257.970841535943,685
39110000,198.77140206434348,315.33357908516285,685
39115000,206.10996122191992,341.17379195837907,685
39120000,196.46161491587006,272.2778836354868,685
39125000,175.30093925594463,295.4025058018651,685
39130000,202.89635040464577,270.96767879595075,685
39135000,150.27924562650725,315.1508542918405,685
39140000,170.42772998047252,303.02025134045635,685
39145000,182.32619159490113,314.8873587001757,685
39150000,138.9579409294342,342.40861545333803,685
39155000,169.47115059098672,258.5222684882062,685
39160000,146.35495037948007,399.2357099995283,685
39165000,164.4953506819212,299.56317510146243,685
39170000,172.97570985690112,306.2620788206386,685
39175000,189.24275448582094,326.8728747812295,685
39180000,143.1682629215686,311.83828971268184,685
39185000,161.61201223239846,305.7618545802833,685
39190000,183.80026241323068,288.0528763403521,685
39195000,157.1670793042854,318.15283357061224,685
39200000,151.5823617785643,300.8145054160607,685
39205000,193.6090133151454,205.13064519850843,685
39210000,175.22500035268428,254.36648942461986,685
39215000,215.86156156302513,332.1380209099419,685
39220000,163.18744157260718,315.05018064001894,685
39225000,162.26322707207754,289.8876678227094,685
39230000,168.36009537826072,230.9616524708806,685
39235000,162.17362566999682,307.70403043209467,685
39240000,160.4939250106154,284.78729458327285,685
39245000,229.3671889280899,322.05539654340953,685
39250000,130.27526250692665,256.12844505221653,685
39255000,170.59185975630984,311.31779577801655,685
39260000,146.05895819822211,255.2404718225905,685
39265000,181.90918779018295,266.6919432362158,685
39270000,189.34060673012377,296.85492016107366,685
39275000,144.63849202850727,296.0473868669994,685
39280000,184.61795758305485,298.26200259045896,685
39285000,209.07184582414465,290.5199018801205,685
39290000,191.99990082541365,258.9523409319809,685
39295000,191.81192917988164,279.42446768494204,685
39300000,172.43748511857666,288.7500608469502,685
39305000,192.52972418732338,279.9825969776568,685
39310000,194.85022619260943,312.8808734875658,685
39315000,157.47738152965263,277.0695852939274,685
39320000,174.7926414981306,319.0127121059121,685
39325000,184.43076103851845,281.63828089299085,685
39330000,168.4632907026814,271.9567487608363,685
39335000,195.40765036075678,302.50881901731543,685
39340000,183.55796023773036,305.5140099390009,685
39345000,182.3972916006059,280.2593595993273,685
39350000,150.49594618237512,316.75273196774265,685
39355000,177.51374873105473,328.3242288176026,685
39360000,174.3267432915969,285.22617993178454,685
39365000,170.83420080450637,278.8266193071474,685
39370000,201.43118114131204,376.9888345979975,685
39375000,203.00200564396485,329.48182588419274,685
39380000,178.3411415511838,312.5283282666405,685
39385000,168.800156980867,338.0870427263634,685
39390000,158.0305848707735,310.8859959315342,685
39395000,183.97528727603896,329.39553110687507,685
39400000,157.78546334274407,227.46846713733805,685
39405000,160.88748102891594,305.6497374789664,685
39410000,182.15884750151622,297.36699597069907,685
39415000,144.87371255563215,224.7682323644667,685
39420000,189.67910179856779,290.4351886999495,685
39425000,159.71891763255985,283.89951337274806,685
39430000,145.93141780951996,248.418994880788,685
39435000,135.91020408916543,324.3804087277356,685
39440000,217.5574056765171,303.76860757907843,685
39445000,152.60592978349183,319.3304015604665,685
39450000,167.7423980917528,381.8519690591567,685
39455000,177.68588918166162,253.2355045446318,685
39460000,196.27783442787157,259.1841582610534,685
39465000,164.91371400857054,313.8022803170004,685
39470000,171.47015533898602,275.0308310064787,685
39475000,166.0681039474009,323.8674152348455,685
39480000,159.29924581063835,286.5396191194629,685
39485000,201.38413788790558,273.38745708844584,685
39490000,119.38621501174491,262.4375812027949,685
39495000,132.84060882614747,348.023198044457,685
39500000,176.88844035962924,281.41431074210124,685
39505000,195.3957240530744,323.4208454193037,685
39510000,177.3577978046828,279.41085620721617,685
39515000,181.76091588401965,275.66767416119353,685
39520000,198.74207024677094,297.1689169454219,685
39525000,185.22355777513852,300.2623445915182,685
39530000,134.81004645763062,281.25063107138544,685
39535000,160.29224198767142,247.3333719862494,685
39540000,190.22933568657047,317.97631195165553,685
39545000,185.34943647796086,254.23393685924833,685
39550000,218.81077875746283,311.00459564922386,685
39555000,168.90933907649296,288.9563207048149,685
39560000,185.32709038483895,323.24172777216387,685
39565000,175.04500190076928,301.36085239743625,685
39570000,175.10577777634396,309.95062065383956,685
39575000,169.8941495428465,326.4795613580927,685
39580000,169.66838149635288,210.91878385310878,685
39585000,143.20759118766318,271.09364589366953,685
39590000,195.84837384753718,256.3086229996735,685
39595000,195.7487338152549,318.3367831866934,685
39600000,176.08552838290214,296.76159835877075,685
39605000,204.58406623383678,256.54100101025944,685
39610000,209.7124716050755,258.8140615218964,685
39615000,168.0705419711636,253.39727774832733,685
39620000,142.64771358690652,237.10354644113463,685
39625000,164.17005628269996,315.5193986212995,685
39630000,171.95783497830485,277.52575385382266,685
39635000,185.71784779135143,322.9141176968815,685
39640000,158.53012449150987,292.5438301997117,685
39645000,182.5555738386033,293.4063601826399,685
39650000,222.13661486020982,311.2656357039852,685
39655000,149.47193927777894,257.08533815204646,685
39660000,143.3224387278391,268.927765255386,685
39665000,184.23455496322214,369.11190493115276,685
39670000,187.31655067251427,321.2391107443062,685
39675000,185.20789082168056,288.6486161014221,685
39680000,152.947402872512,295.1204370208746,685
39685000,223.28709163821324,328.82518472476534,685
39690000,205.98183593924645,286.3898305666487,685
39695000,175.05913140689353,313.4258405915351,685
39700000,162.71396567158462,239.76542455909828,685
39705000,178.8930357498066,333.2809633935018,685
39710000,192.58651671978674,323.66678005267494,685
39715000,135.7860025064954,279.1293946000706,685
39720000,185.7849067936212,300.55606021540825,685
39725000,202.1745375519349,341.790095632477,685
39730000,161.22760122386194,346.7112599203762,685
39735000,197.79479866859322,286.2171800798172,685
39740000,153.67555866387073,275.2274168416137,685
39745000,225.97893071921652,326.218963729945,685
39750000,190.45694901458134,261.58835343171137,685
39755000,186.56205717574016,313.26269379424673,685
39760000,162.3829353315471,296.8042609401795,685
39765000,173.18862044065153,315.0615653039811,685
39770000,159.6989172593736,321.5709656951673,685
39775000,154.7784193760287,275.9281921617098,685
39780000,140.99354036835803,277.77550699144575,685
39785000,168.91253855871292,247.86826872250003,685
39790000,171.33591248750633,258.56141869670876,685
39795000,149.3665250479121,341.7813124897747,685
39800000,197.95420518700934,276.8288967876916,685
39805000,198.18685553788347,338.3466050549551,685
39810000,168.19244300687416,292.75862035073254,685
39815000,177.90643196405745,246.91005674127055,685
39820000,212.4196686632815,302.85356936979684,685
39825000,158.98219295442544,316.452787066645,685
39830000,186.31752987432083,270.0600045322261,685
39835000,170.10480090671382,295.52004053077525,685
39840000,167.60911915218,331.52131963624413,685
39845000,151.86379668221784,243.58441132685195,685
39850000,152.43436546959538,320.5299059640881,685
39855000,186.4839421180188,331.2625367310062,685
39860000,161.12533592916066,301.66618522726435,685
39865000,184.73073029134525,331.7889658212983,685
39870000,123.00447620769556,371.8807634999894,685
39875000,188.2749496414536,291.68449817987863,685
39880000,157.66526793952497,281.8140593076957,685
39885000,179.16654763967867,281.83023972911184,685
39890000,173.06099544102872,300.1426247513107,685
39895000,189.86070358377142,311.7504238750481,685
39900000,188.55348460220256,360.78126277632384,685
39905000,144.90306213165545,289.79000094373,685
39910000,163.64700829031563,261.0454591909099,685
39915000,214.34418325569325,310.9691228643454,685
39920000,178.14926892553555,324.9060776825486,685
39925000,138.96901776352715,294.8174293465956,685
39930000,203.29658907938472,281.4749952398424,685
39935000,171.37385404499716,346.9466895209854,685
39940000,159.62565408631048,317.88649475358,685
39945000,144.26504708543385,349.2370839844464,685
39950000,214.20315181099457,319.55084526012587,685
39955000,173.89138472512184,311.1967763074241,685
39960000,176.2311971816495,254.61128821613033,685
39965000,213.37162924837037,318.86459140372426,685
39970000,134.58195913020168,282.8432808111402,685
39975000,136.2570107166316,315.29080296373746,685
39980000,210.2695949960148,352.4052372704268,685
39985000,122.90606160688272,276.39447046809215,685
39990000,229.93264829153267,251.78590892329134,685
39995000,150.26623698046964,303.027144411993,685
40000000,197.5585681516521,331.7981918703129,685
40005000,204.08510126023435,273.76184300986813,685
40010000,195.49301740418662,271.5408277152437,685
40015000,191.649964189312,305.3254898698112,685
40020000,206.75826961643023,318.391230419494,685
40025000,156.1534760053498,290.61700983389517,685
40030000,195.93850140028823,316.3362252318844,685
40035000,195.7478601026527,303.3001754838843,685
40040000,215.94303023648712,314.77817408878684,685
40045000,258.37814517371373,360.5344170027504,685
40050000,220.7711139530824,336.1149302641934,685
40055000,171.7298532349009,210.26676255075503,685
40060000,152.02909444985596,281.4516434597442,685
40065000,189.18986638149534,322.9161685134891,685
40070000,163.63328216123142,374.81954857329276,685
40075000,191.75617194149243,317.58638243416203,685
40080000,162.41762637196248,283.0634717996348,685
40085000,236.55644563935329,373.4011243242708,685
40090000,174.0101629946936,299.73207309455853,685
40095000,192.11646922901866,288.19082967243577,685
40100000,201.53593539965857,363.3830809256101,685
40105000,182.27103541574195,277.23029856240026,685
40110000,157.64676865663748,308.78565237134984,685
40115000,170.57963545719525,245.98906022061092,685
40120000,214.0788324547297,275.7724027376441,685
40125000,151.99537003361746,261.21336191440645,685
40130000,227.10092912704025,295.53616568115973,685
40135000,200.02521656992826,299.64585619555874,685
40140000,128.34116637878844,286.2368730842894,685
40145000,159.70096832765032,272.54033160043963,685
40150000,137.18787461413774,307.60653023317155,685
40155000,206.8535130696278,289.87134948685997,685
40160000,185.32403780921948,259.8237440997487,685
40165000,160.43762968675145,356.4017649910966,685
40170000,145.50184289521982,279.0903740116564,685
40175000,182.60080244835635,254.93599281104684,685
40180000,197.8195428519188,257.3353065468207,685
40185000,190.9525833239252,284.6802615746912,685
40190000,174.14754112249986,281.4423237205247,685
40195000,170.7425471158466,258.88215969577556,685
40200000,149.98605061876052,293.3123658499995,685
40205000,153.991415711235,296.1350282649221,685
40210000,182.44846342787972,283.4878346499369,685
40215000,195.66986542625787,303.10244392850836,685
40220000,207.14155166644585,307.85875815474003,685
40225000,179.30610285540538,326.0377863237432,685
40230000,151.56053115186089,301.1652038119572,685
40235000,190.15790688502926,276.63911002606227,685
40240000,187.26495911339856,311.6280101421438,685
40245000,197.2465997643597,369.7355510682397,685
40250000,153.4754687372192,310.2329824618217,685
40255000,166.29025197094708,313.05059642776814,685
40260000,198.76410797540973,363.70172492867005,685
40265000,177.92934629603803,347.63209181900646,685
40270000,185.36639467739488,308.5167808232384,685
40275000,152.26654647009877,317.2028766025946,685
40280000,183.2119343007435,324.41017040670454,685
40285000,128.80437531925332,238.03245196894616,685
40290000,193.65785323805298,332.81434965667495,685
40295000,210.15704180672637,246.74595457375895,685
40300000,157.19864462192444,331.6392860289077,685
40305000,218.34622011347224,305.3365735281192,685
40310000,181.7043343398613,353.0244927302286,685
40315000,168.07873868327806,306.1649451075596,685
40320000,164.92094565844212,332.2258005164375,685
40325000,207.32649226323764,313.4523434887111,685
40330000,185.09951797837334,256.41897472158126,685
40335000,187.39127582059484,312.5193392058456,685
40340000,143.7004781504809,326.8409143780119,685
40345000,199.57279897202926,295.8676861086647,685
40350000,145.9826377644718,322.3180376548984,685
40355000,178.97078694264232,274.2787005950136,685
40360000,161.35864609608169,335.2885620926587,685
40365000,164.21215049255358,282.68873016069966,685
40370000,183.4106144618023,306.77358481488636,685
40375000,201.1647478831109,323.88937625165306,685
40380000,160.9405795811747,279.7342941059129,685
40385000,156.32841080033722,285.9995943165783,685
40390000,197.47031296469547,387.3590962622076,685
40395000,155.41112809106974,309.8650513271861,685
40400000,169.01711809169342,339.0975638850802,685
40405000,153.09293840328698,278.7380956523282,685
40410000,163.5273993644834,350.1199001365854,685
40415000,138.0435153614074,248.69891949920898,685
40420000,161.64910379960182,312.43142815365013,685
40425000,173.99353024299722,271.80904527716575,685
40430000,192.12525603956087,393.6402613242178,685
40435000,192.27223170175756,299.1352373723232,685
40440000,181.6119001425825,340.0148515169012,685
40445000,185.32308048133163,238.64543193889412,685
40450000,187.20868365529313,284.1409209074072,685
40455000,190.4835453962713,340.2320993212988,685
40460000,184.16222233191635,253.4446686937216,685
40465000,200.1627640157381,287.1299549022931,685
40470000,208.41498639966704,323.2680946662603,685
40475000,171.6742157086733,308.8977285966669,685
40480000,176.21771231705668,354.97264990587723,685
40485000,169.60405423190417,252.6795427601406,685
40490000,156.271373700928,308.61919222141023,685
40495000,169.33323235521758,250.79296180600747,685
40500000,225.87304675181034,385.8135710707839,685
40505000,177.73201824703534,283.1849490561786,685
40510000,196.01599603913905,319.17449314704385,685
40515000,163.7960268277123,329.0833023136565,685
40520000,158.96215449235086,259.43577978181753,685
40525000,157.19539904309528,289.7053282719445,685
40530000,185.663529216864,279.3098773003029,685
40535000,177.49142600436022,273.53928661863415,685
40540000,188.2451814192895,234.28214204892726,685
40545000,164.56086222607414,309.3759953927617,685
40550000,173.04175745390535,280.06561199519683,685
40555000,178.0110371890135,294.50828307970176,685
40560000,164.2538069551899,305.8271899120755,685
40565000,201.41346585408868,319.5566423347098,685
40570000,138.72365490031675,312.9704230897539,685
40575000,194.18613408643697,345.77806182332176,685
40580000,179.71918405689075,311.42258491854676,685
40585000,182.751424939866,283.82142149187797,685
40590000,176.06145855919047,352.765154332168,685
40595000,202.7153742427389,258.9985527980029,685
40600000,181.6415017387146,250.4200367338118,685
40605000,181.04854830929608,293.03708235945805,685
40610000,179.79210860962107,332.02331737845407,685
40615000,188.02563202449332,281.86179288628034,685
40620000,191.86068027760044,344.1330210535835,685
40625000,212.03871481128522,284.06354973345316,685
40630000,208.7771991539186,358.26316401569073,685
40635000,148.60870150257813,333.51979846773213,685
40640000,189.08078014989184,323.9299903817585,685
40645000,229.02487453632023,305.3412724642654,685
40650000,174.6103158141021,355.4801275047503,685
40655000,148.95891395032965,263.78955172035654,685
40660000,160.33605065120898,241.51745410565618,685
40665000,190.2322410025301,249.18376589429937,685
40670000,179.59417499668527,282.23461582049583,685
40675000,197.43549576549833,341.92772393555526,685
40680000,176.74383456566025,386.2119174624568,685
40685000,188.3892885367881,368.00703243373044,685
40690000,204.83532445049556,287.41944051631543,685
40695000,178.68923173405108,266.96859055246256,685
40700000,183.819816956862,314.69960145972914,685
40705000,209.7899387143908,269.52812739915123,685
40710000,162.0241023698584,266.0064819150682,685
40715000,189.9340408841992,356.3057184751314,685
40720000,198.79993037857787,311.09398964211,685
40725000,222.28358897457238,336.1901296673844,685
40730000,166.7384796722512,311.0465027655632,685
40735000,211.70764173781703,354.29890935670596,685
40740000,138.4726091668124,286.68185875997045,685
40745000,157.14391440929697,274.93916167349005,685
40750000,174.06855247836526,258.3305844622339,685
40755000,155.81490955906298,315.7622225528875,685
40760000,170.44038330330523,310.25964711099084,685
40765000,164.35210236904305,277.5096581656762,685
40770000,188.602713933554,278.5400822660108,685
40775000,175.07284471344946,358.10896184175664,685
40780000,171.94150441771376,343.0024803623341,685
40785000,160.0430889886238,284.6350573495399,685
40790000,173.92181161915522,324.93271256579357,685
40795000,205.68168965897098,307.1838073241407,685
40800000,175.0497026241652,309.61034748848897,685
40805000,186.13391732359386,348.72822457024864,685
40810000,154.64716120352148,300.4582572622887,685
40815000,154.49784603808553,303.2658367932477,685
40820000,190.69042301040403,351.9129644573579,685
40825000,172.59739272498155,310.2935753393122,685
40830000,154.46651079192216,345.86357020826205,685
40835000,141.8441325889902,272.3066918581507,685
40840000,149.62393303354477,313.3433625229571,685
40845000,170.43903404767946,294.8400467581836,685
40850000,162.83906611045157,372.85804979924416,685
40855000,164.8229260115241,293.94537819965194,685
40860000,159.12507509471322,264.3143120858667,685
40865000,158.25198512703537,283.8072630648912,685
40870000,145.145403478016,301.411910847312,685
40875000,199.1279565419216,293.80776003229795,685
40880000,199.31393023627683,281.05832228804604,685
40885000,184.47454240169557,363.4068026441459,685
40890000,167.68679009822043,296.13051065266575,685
40895000,166.99198558318247,322.56314122627384,685
40900000,183.54220457497237,289.5944819285348,685
40905000,184.20304444453308,342.8178805369319,685
40910000,172.25542245196831,315.9465337210438,685
40915000,232.0873961714948,266.8908421360657,685
40920000,172.2897052895899,334.2087973499654,685
40925000,187.61948070966278,361.4337668514258,685
40930000,195.92912532573692,310.3630086680194,685
40935000,199.96235984966165,314.32653248692793,685
40940000,165.32774611572188,258.29503527600144,685
40945000,185.21306392834376,325.9516671502162,685
40950000,160.39242127908776,292.0154582289551,685
40955000,158.00852684811292,346.19994867696,685
40960000,143.23400210427755,283.16689481849534,685
40965000,167.1211467728287,307.73625995364205,685
40970000,176.4102888056945,321.9134139588579,685
40975000,166.22235440215434,297.1112504059668,685
40980000,161.13007007763895,301.0759565165385,685
40985000,171.56951206979014,292.8027129672436,685
40990000,202.61713558244068,294.83231645127364,685
40995000,177.7735157039855,390.1564017282799,685
41000000,170.25313067231858,286.6107870651048,685
41005000,185.09982464050094,306.85457421998734,685
41010000,199.01421778555945,291.498003302525,685
41015000,150.98517312935846,362.43677018872603,685
41020000,174.71026887515453,274.09040542251074,685
41025000,140.6714177621503,284.82930544250496,685
41030000,166.41296202545234,240.02654024833174,685
41035000,212.99072801237878,389.8620355918574,685
41040000,209.15920068864082,304.4518732069161,685
41045000,206.69091352857765,293.2249928617875,685
41050000,172.59238205425964,348.66162911360345,685
41055000,185.1871549311337,288.6743492759298,685
41060000,180.69473562588485,286.47506042773176,685
41065000,185.64349089480297,260.69171520733966,685
41070000,179.11891209674127,285.71739572998376,685
41075000,181.35919855228101,271.20054789834955,685
41080000,170.61916555290188,322.845933119191,685
41085000,178.67039533018644,255.26617163257387,685
41090000,192.99623241914983,326.72739997337584,685
41095000,181.3437516479577,260.2644395795561,685
41100000,170.49694717527964,303.79790614657077,685
41105000,179.0928713583486,313.84760739186436,685
41110000,149.62376603384894,334.9982115150873,685
41115000,161.8266629341498,306.58326142681926,685
41120000,177.64810164583696,321.79369847237217,685
41125000,174.29739099169973,226.31010357627005,685
41130000,159.03695020370262,292.45196698708844,685
41135000,177.00570284811715,317.4458975238692,685
41140000,189.4304579908208,317.550107119832,685
41145000,164.65331154394232,299.4549885144828,685
41150000,153.69460885052632,246.33469893322723,685
41155000,165.7342681032292,288.43087525367116,685
41160000,200.0883383774611,301.6813480693309,685
41165000,146.49745343058046,324.14396305992085,685
41170000,160.6362161728003,333.0240919428703,685
41175000,208.46743358782584,343.9395683697932,685
41180000,145.4048909882575,375.76506393554905,685
41185000,197.7563035045147,281.81935922431677,685
41190000,194.79178711566658,327.89598659265454,685
41195000,168.2302375567186,294.8204083894652,685
41200000,159.02880901609987,307.76478533592274,685
41205000,200.19018229762628,323.1449890367349,685
41210000,169.7269465439124,349.19732568106537,685
41215000,163.15983291918653,285.0079814780018,685
41220000,167.3182234981656,286.3757666203114,685
41225000,183.3574126355988,323.78055746249834,685
41230000,160.42017445087012,335.18277455589356,685
41235000,198.6516778447281,324.45212958176825,685
41240000,167.72356548196137,284.5087370698753,685
41245000,204.6296654181113,320.9845168079074,685
41250000,149.5327169990908,330.86626456323694,685
41255000,146.09786260715347,297.3262082817734,685
41260000,213.27180700666986,312.56177290941946,685
41265000,176.12750817474938,292.8268005504911,685
41270000,195.48346734099846,314.5084718198652,685
41275000,198.19030673813907,309.89882963262323,685
41280000,175.31452308424986,231.5535701317875,685
41285000,207.78898930396105,292.1817533908288,685
41290000,204.75894348708118,300.8936112986855,685
41295000,230.4779945028172,292.1963100930805,685
41300000,151.19076422126687,288.03013345710025,685
41305000,175.38694211917544,307.2742766747338,685
41310000,180.13879625527272,255.42692134138994,685
41315000,217.98617439863253,278.26308061470286,685
41320000,157.64394094263727,270.65000233106605,685
41325000,184.50873319434933,315.4361291238945,685
41330000,191.85676997474488,323.02885821636556,685
41335000,164.79667457214393,250.57035492606929,685
41340000,205.87554164261692,341.91617954111246,685
41345000,181.94659041038886,290.28729235188086,685
41350000,167.37063921294077,346.20497711203654,685
41355000,166.97007721240388,300.7490728850811,685
41360000,170.7903071452201,256.8831360213843,685
41365000,153.91756174914286,332.2625734052682,685
41370000,186.2455495563705,341.6383949459431,685
41375000,238.11057946787054,313.2506241709892,685
41380000,167.36128164636628,336.6816268824738,685
41385000,177.75333619120002,237.03106657439704,685
41390000,154.63128943360084,260.05764495884887,685
41395000,184.75681235347966,300.96572498497693,685
41400000,131.24864464382983,316.5360768874739,685
41405000,189.94796929093232,272.4319314394,685
41410000,175.41172781224373,240.81214997532422,685
41415000,160.47422447934287,297.95249649692346,685
41420000,184.18540165376217,288.7302760048997,685
41425000,182.72300540845794,334.3112451872583,685
41430000,197.3375549185966,250.037267790786,685
41435000,136.5329961136226,356.47883160539845,685
41440000,151.0745245262433,308.38108041367974,686
41445000,171.71330359931446,277.7716942942066,686
41450000,209.09055741109518,281.7075185457404,686
41455000,170.39225402398614,296.6941700362636,686
41460000,178.0455874095984,247.2171148932354,686
41465000,167.51614067790007,290.99028249577464,686
41470000,176.75797194336644,244.11411094377067,686
41475000,169.59421945371128,341.4177592286898,686
41480000,151.5534981854795,270.7100790703656,686
41485000,158.29784248632305,273.8197513174353,686
41490000,167.75304728972827,296.4294189692592,686
41495000,186.7164236644336,303.64034517689186,686
41500000,174.27616886100645,308.9610968202295,686
41505000,187.77756523415178,341.12540366707213,686
41510000,153.78563666853512,325.95460959772464,686
41515000,170.91593445245988,338.5799510916977,686
41520000,153.7732751127811,320.09633508633823,686
41525000,170.3975468920059,244.85792682457526,686
41530000,161.0475544992082,426.01669986740256,686
41535000,149.85130105888499,310.499796703619,686
41540000,160.6987195143588,272.788709524683,686
41545000,206.57185907765341,312.47034317182295,686
41550000,188.1385034914927,278.5538415515492,686
41555000,154.95365870562026,267.26028117434936,686
41560000,144.82811624411323,382.213567703936,686
41565000,169.5644446780175,289.0827791316421,686
41570000,176.10690967368922,324.6854871652606,686
41575000,176.20159626726524,312.8891538246401,686
41580000,170.83220226594128,307.1897417285508,686
41585000,209.46799188389045,337.3678585318485,686
41590000,169.12625267263604,334.24482272943646,686
41595000,175.64369392885175,372.4291614096274,686
41600000,161.48746908458335,290.9282794026807,686
41605000,179.73484074901955,311.42033885013683,686
41610000,169.86131957360217,260.7673484408183,686
41615000,161.23236337755336,299.57732610373927,686
41620000,174.50150791465836,318.42575679759136,686
41625000,167.66404182354287,261.58966609915734,686
41630000,148.45088036594962,289.5087357970682,686
41635000,152.93944793998028,274.85265445900785,686
41640000,166.65086341315984,251.12270429944527,686
41645000,234.3564205902809,333.90112800765394,686
41650000,177.59886136881835,378.8684198795287,686
41655000,185.20991681372757,280.0603835543581,686
41660000,202.99191977912207,276.16058246148646,686
41665000,187.21168098696964,356.67147554906603,686
41670000,148.9372042943089,302.505880723536,686
41675000,153.73553376589848,319.3903408261659,686
41680000,175.46751642101174,300.27515231063194,686
41685000,169.15784914517673,316.5929845412482,686
41690000,202.04693138260322,264.3070740869999,686
41695000,171.66088697675946,275.74400973767354,686
41700000,173.21678952852082,287.43907296268185,686
41705000,181.72638143464246,236.63965235657045,686
41710000,153.8082559704696,254.49682912952514,686
41715000,187.09974303195006,296.9954392127517,686
41720000,218.43951944037008,312.5412333608016,686
41725000,204.2918512079326,268.0417820408613,686
41730000,162.09523098766232,265.37779435842975,686
41735000,198.78306693373904,348.81929578306796,686
41740000,174.79734271763732,351.4709367048502,686
41745000,185.52930018042252,308.2414305856366,686
41750000,176.99429460253748,246.96809478333003,686
41755000,173.5263881480917,301.3431932816929,686
41760000,206.3421926943518,291.7019639404161,686
41765000,172.58574305811223,339.679642753255,686
41770000,173.63890839532186,321.5637084884194,686
41775000,149.33723568700717,243.17632837404062,686
41780000,172.97357193308568,263.6310653847461,686
41785000,178.62911477142327,297.64043675928315,686
41790000,158.5127428622917,355.41800732907376,686
41795000,183.82467363574796,306.400201871188,686
41800000,189.26257418791445,330.2698217190579,686
41805000,170.98898470331167,282.1883065714014,686
41810000,197.22731246671677,398.8538413317887,686
41815000,196.61402937542573,374.9147270965258,686
41820000,191.98741341755763,306.9744401996989,686
41825000,152.02692062339275,250.0882630446149,686
41830000,158.39066470476862,277.02471312804806,686
41835000,160.9172857884102,330.82071913636963,686
41840000,147.64612762600527,277.87998211622477,686
41845000,154.54015441874975,289.0254431858061,686
41850000,198.45199801538354,272.6399800488007,686
41855000,194.09392031179215,289.7460147459538,686
41860000,152.42372352195238,307.1707839005999,686
41865000,161.67100145853757,293.5769222750167,686
41870000,179.88925197784414,245.2290290267585,686
41875000,187.32169168949358,266.90929297732094,686
41880000,218.69265831394898,299.1229221187453,686
41885000,171.31873182359647,299.23200006481846,686
41890000,174.7267482642478,221.29767120369206,686
41895000,189.29491750901562,259.7645102228542,686
41900000,198.8979413060374,294.39336766252194,686
41905000,158.5504403462435,298.89848370176577,686
41910000,180.06335268734406,264.6993439296572,686
41915000,154.8043541837038,280.1278147725578,686
41920000,217.1955771708473,312.4328949369067,686
41925000,165.1227201342792,317.17976740862383,686
41930000,189.19169409317982,268.2001170743147,686
41935000,162.54378845633417,305.6925310511346,686
41940000,175.15443448436866,287.72520177475695,686
41945000,169.53515024574455,285.22631466411883,686
41950000,167.53369344668803,278.2071111901979,686
41955000,157.50251970649447,322.51671987322436,686
41960000,140.60758814634525,279.6115175664421,686
41965000,146.28973817664664,295.8888583978285,686
41970000,218.04775154969448,290.1693003695198,686
41975000,194.6911193366725,268.29757604968546,686
41980000,186.84293697598045,259.9143030822913,686
41985000,175.0364181495781,316.6974630359896,686
41990000,160.9993079381123,277.9712177944256,686
41995000,151.69803896931708,242.19769822479424,686
42000000,156.1468578930853,304.07855965516967,686
42005000,172.68393966173699,279.1484494695326,686
42010000,138.46747753440263,330.5186890616899,686
42015000,195.4172697183512,323.70000276038843,686
42020000,151.8174862772694,360.1362975057983,686
42025000,175.64534394766844,333.24663782151913,686
42030000,144.1305839878698,263.45024004078215,686
42035000,193.1296258073258,292.384869556925,686
42040000,174.47690228128744,348.68171138707504,686
42045000,181.87978925020766,297.21496940032966,686
42050000,171.90778041510515,297.28673591421904,686
42055000,187.81929745462372,295.67386721156424,686
42060000,194.82347186387005,252.4395592140209,686
42065000,173.69933928178796,327.09713782835104,686
42070000,181.0912191172181,353.4119705593564,686
42075000,147.55526527918184,290.3606708085198,686
42080000,156.57874024041803,300.56259203900424,686
42085000,188.45047756259916,292.4135092714022,686
42090000,171.8869505584298,284.79666576680955,686
42095000,159.98718987501766,262.831059273894,686
42100000,160.89061703192846,298.2187221296849,686
42105000,166.52927732168712,228.15851216973036,686
42110000,159.1784991837946,327.8866596075571,686
42115000,166.89351265443008,305.4178618176799,686
42120000,187.85845498343537,340.4729731003177,686
42125000,181.34465088421143,275.25497190763485,686
42130000,170.44077637457372,309.32632648841684,686
42135000,169.57547163226056,290.8135968601559,686
42140000,177.13696066978758,275.5522284700417,686
42145000,175.41370092991093,341.190037846499,686
42150000,130.10136532297795,321.23155008339995,686
42155000,231.89394027189005,283.6548586028853,686
42160000,143.40498328881165,219.98615449245375,686
42165000,174.34445608715208,307.00220723850236,686
42170000,191.71644729679718,287.6119221763461,687
42175000,190.26971163062615,371.9691993110053,687
42180000,143.43977790540248,307.92301889147575,687
42185000,145.14814847982439,289.607856220502,687
42190000,180.39181122458152,311.6806384192812,687
42195000,208.09782635542481,293.3158934394514,687
42200000,213.164896136602,295.9708312565908,687
42205000,187.5427865534431,407.36769201000067,687
42210000,145.60225805470822,329.898214681752,687
42215000,138.31582422915903,295.9073876757216,687
42220000,203.10277652163046,302.4757311263543,687
42225000,183.0176217675284,371.79465947469976,687
42230000,190.5676536201149,356.0856245290039,687
42235000,167.01112649411093,265.0534310579044,687
42240000,176.89086741180114,232.80390250632323,687
42245000,157.96520093518643,313.38305902416823,687
42250000,216.50363604040916,277.20308808746495,687
42255000,175.1093329641163,279.9222339859391,687
42260000,203.86945027432262,285.0916147666477,687
42265000,171.60560011816239,283.2325245238089,687
42270000,201.21722602882372,330.9488600436328,687
42275000,194.6215497310186,323.7649235850754,687
42280000,178.0548885989961,341.66479523619756,687
42285000,197.42464133441428,295.75904764548295,687
42290000,166.60873011519456,287.3552196575825,687
42295000,172.7780670505812,304.2187441710782,687
42300000,162.14337814154155,207.57126776406048,687
42305000,155.93773790724686,247.28919348655356,687
42310000,195.907426722799,281.2025137088278,687
42315000,172.36276039264288,322.45525836597795,687
42320000,177.3563724178368,351.9486655910818,687
42325000,148.69080889342084,320.8668850341919,687
42330000,192.6182114057499,292.63455120963795,687
42335000,151.8680035233061,282.65699395049876,687
42340000,175.10351785805273,267.51542025622183,687
42345000,170.14123578559128,258.4984494835667,687
42350000,202.45886010519288,351.2295072633548,687
42355000,165.52481902389368,303.094838183917,687
42360000,181.1883956288426,319.5952531122144,687
42365000,145.48047722489872,263.98260336820164,687
42370000,147.58095860458633,287.8377324998265,687
42375000,181.63507881543535,294.89956959549335,687
42380000,178.09829162797516,357.6286487047235,687
42385000,196.61021512982384,263.15990354390215,687
42390000,166.425899171498,327.8613310151265,687
42395000,176.84213201499406,323.5407850087879,687
42400000,188.36267070773673,317.95142608685603,687
42405000,138.95640686019223,266.50775859734256,687
42410000,146.57626387136867,269.84654617800277,687
42415000,189.60488227524098,293.1883278732986,687
42420000,156.9450677561441,347.56205460026985,687
42425000,167.92051838205367,243.47792134019664,687
42430000,191.55192208439115,303.0710269241328,687
42435000,184.37018137453478,276.83550302696483,687
42440000,179.18377459279088,292.530171714795,687
42445000,171.1977889025524,281.5851972249006,687
42450000,176.16764135512256,380.0264181911513,687
42455000,177.7031028310368,297.7580297297208,687
42460000,198.75175521284945,299.0426477905094,687
42465000,179.53355272629236,299.6914911284327,687
42470000,127.7474496433491,362.09085747462973,687
42475000,180.00880262607615,294.70345217625646,687
42480000,205.32193182314523,310.5490660290964,687
42485000,169.87284869093028,299.2169674321436,687
42490000,167.36238192044047,312.18788720300665,687
42495000,177.88653013378146,291.4023509791114,687
42500000,195.23932976150292,273.510728813059,687
42505000,131.27700406001063,389.4365322067571,687
42510000,172.89359902616778,266.1336981381178,687
42515000,155.3148396558908,244.9626962362636,687
42520000,200.24907054308008,280.81357836296576,687
42525000,198.51749854149656,338.83677817473756,687
42530000,189.00583611749354,322.4168865373066,687
42535000,172.75310298285092,299.91095227749133,687
42540000,199.77060068225168,298.4840071457125,687
42545000,121.75725817764405,274.95842782885325,687
42550000,200.51645239731647,296.85882377984365,687
42555000,208.64063462202466,293.51384938854164,687
42560000,187.00516431723665,242.43026064376028,687
42565000,140.04707892213557,216.96960968978544,687
42570000,160.9258839010834,269.8426145503044,687
42575000,157.9384356943848,300.62991655561507,687
42580000,164.04740087099742,306.0322841697753,687
42585000,166.73172468587308,284.9873556214028,687
42590000,174.94079904580246,274.06240619582445,687
42595000,186.2233635468325,304.0527636930844,687
42600000,195.48682555388925,357.06922969571684,687
42605000,183.74633693803722,284.339847122073,687
42610000,184.19715297197908,263.0500119447531,687
42615000,141.91794869309297,246.1180307492595,687
42620000,151.29343116958333,251.25633231171457,687
42625000,166.47074769701447,267.9290732839814,687
42630000,124.87362618642115,331.7394266009507,687
42635000,164.5988750982494,338.1925294639099,687
42640000,151.2775038288448,294.1921948431309,687
42645000,209.1151456403379,311.2564189161373,687
42650000,180.6419957472377,331.75517604123576,687
42655000,154.04457029737787,295.9731642167478,687
42660000,191.80467041408946,293.35478942955865,687
42665000,178.8842078061993,325.3504006101804,687
42670000,169.3715131165867,296.6723314478518,687
42675000,162.68819516198664,241.6864094701936,687
42680000,175.08442146712196,274.52643556997805,687
42685000,162.73098245286033,285.41251855606566,687
42690000,187.07654517611863,343.6914101048849,687
42695000,175.93869961160385,295.25490101112604,687
42700000,129.27897385618897,279.09967393851906,687
42705000,174.17403844122015,292.11884083069924,687
42710000,170.36585340813087,258.75209541105545,687
42715000,173.48327857201014,289.05910838598896,687
42720000,144.51032455343955,266.7655954542042,687
42725000,171.90826689076584,266.24095561223004,687
42730000,186.29971368986273,267.0239878553363,687
42735000,161.68679330835104,276.9352540130554,687
42740000,180.6702982806559,335.33585991811725,687
42745000,122.1557788334536,345.1638243613215,687
42750000,187.32513109169815,310.47147142602034,687
42755000,153.70380058364856,249.76054088975596,687
42760000,177.42012026007254,241.0229925543315,687
42765000,199.79508690433406,267.2819884453569,687
42770000,165.9485352789936,312.4479824220044,687
42775000,228.43064909447364,267.37114932571956,687
42780000,183.013523517979,283.9296077099058,687
42785000,185.58901515084526,296.4634662307343,687
42790000,151.46542271807894,324.018180579175,687
42795000,179.24211678717995,269.7625983361038,687
42800000,195.46282649191272,366.2429056765768,687
42805000,149.88654277470695,264.3212268814875,687
42810000,170.937655931384,262.7024971535893,687
42815000,198.9091857336819,316.78083835303875,687
42820000,182.4376026314241,322.1836679722764,687
42825000,159.91120897954153,303.09366888271643,687
42830000,163.76185964455433,229.41848695027417,687
42835000,202.61310459947546,286.1577382783823,687
42840000,161.4815786297475,216.33663190332442,687
42845000,174.28304320830654,292.882037334934,687
42850000,177.5414383860193,220.99668936164872,687
42855000,186.97455821028467,425.3623342419045,687
42860000,190.56479678370945,319.7574866023822,687
42865000,211.09436824576403,314.73514494364593,687
42870000,197.60356238066535,309.3412688223435,687
42875000,230.270583752828,304.3876194257733,687
42880000,160.5792427504306,243.54588275836855,687
42885000,185.51326739855105,323.65609289985935,687
42890000,175.63750032869626,265.21948324568035,687
42895000,176.67046486446964,303.2523203807784,687
42900000,188.25502650306228,278.3829812342582,687
42905000,210.40108549920222,284.79224764808623,687
42910000,146.18210143167255,254.64835308346696,688
42915000,191.38354471388675,222.7981501616144,688
42920000,170.87966162374812,284.621194946314,688
42925000,184.0066078283795,358.6314874730086,688
42930000,202.62965679163605,323.51917466793225,688
42935000,170.69838699836995,290.56844480405664,688
42940000,195.6992959070983,258.40883906466604,688
42945000,171.99162759868463,257.58044772842106,688
42950000,174.37780519374297,304.7371560303933,688
42955000,149.05970297050308,266.81981796456535,688
42960000,139.64650880884062,292.2912183249098,688
42965000,149.4239949489898,256.7604891917522,688
42970000,139.31615357875629,344.3872939121057,688
42975000,156.29226413414764,284.3018930732857,688
42980000,138.82024232447506,249.096884155723,688
42985000,197.12759690889993,284.0805991408627,688
42990000,131.03642672445355,333.62910626256206,688
42995000,178.72566666931246,303.63103415265067,688
43000000,186.4306615898809,293.9033197279875,688
43005000,172.4202235193271,300.1644563246644,688
43010000,185.9856325976359,306.709492410916,688
43015000,184.02946812943844,324.1473125234922,688
43020000,176.44383389442763,266.8812965885914,688
43025000,185.06736528327426,271.29589561421074,688
43030000,164.0784566105685,330.6008149484913,688
43035000,194.43910192918852,267.20983895520857,688
43040000,165.88345279384453,310.659391278305,688
43045000,178.2137787625298,257.61266023440925,688
43050000,192.88943087917193,319.7015707177189,688
43055000,189.81837269295778,278.90557077670474,688
43060000,190.9633596416792,270.6811000012454,688
43065000,214.18284801009543,341.7414714652802,688
43070000,204.29853312733505,317.8316567652839,688
43075000,187.244840455392,338.33412744246823,688
43080000,178.7826449626107,273.2161604825215,688
43085000,180.11749373136024,275.1954470147484,688
43090000,162.50378168198074,237.18091430687758,688
43095000,175.31814497290665,280.0487603357667,688
43100000,169.08255110879816,253.16379234593262,688
43105000,215.40854805983028,250.75375204274158,688
43110000,160.9619502455636,328.65013693376693,688
43115000,187.3478785102382,287.30081625062917,688
43120000,189.17647105975,294.44740067950613,688
43125000,167.89338954288752,284.3903076642847,688
43130000,215.30157400438205,347.2527026979373,688
43135000,173.0634146315694,307.6281810433174,688
43140000,175.79543079586446,325.0634463910734,688
43145000,183.21861554049593,282.31114446935885,688
43150000,172.67959301867774,317.630902824961,688
43155000,185.9663775837333,314.91739641377535,688
43160000,169.08529223821108,277.68900964139584,688
43165000,153.3433045424604,287.98339607032636,688
43170000,196.76921457520103,252.78601319971872,688
43175000,164.6820038599949,275.34487422497193,688
43180000,180.58707628697243,318.34645856726604,688
43185000,121.8569417506906,285.3885873854992,688
43190000,206.82949184558885,291.5180335004362,688
43195000,173.1507053846844,255.95593376611475,688
43200000,189.0981076675531,244.7414151385575,688
43205000,154.387407682278,300.89167636870286,688
43210000,170.79296576513474,287.24883685072723,688
43215000,181.1308701989575,275.0194192436762,688
43220000,153.34482843512302,281.6452973682517,688
43225000,158.9458521672481,335.5094439697855,688
43230000,153.73635071362673,264.3209485603792,688
43235000,183.65070201572223,359.0051210328965,688
43240000,165.67403875489467,277.26272840918085,688
43245000,180.60543603054867,307.7330207152335,688
43250000,148.5635128977664,252.22983384516755,688
43255000,166.35529500603346,242.63534227350868,688
43260000,188.605344962172,291.46656375379195,688
43265000,176.5577656601351,248.28720935290127,688
43270000,181.3566210335777,324.71536655187265,688
43275000,174.3720370234586,267.69777741123335,688
43280000,187.19456125070204,268.7587442611935,688
43285000,153.91867820320843,264.70058644421437,688
43290000,161.88408561399643,282.00679781860947,688
43295000,161.2955895816451,343.80428344622305,688
43300000,206.87224422247408,322.0579820726255,688
43305000,206.10121493266817,310.89925757127094,688
43310000,192.05092844441575,267.84137864131765,688
43315000,184.14244092262697,335.4543481215464,688
43320000,174.05603817443426,302.38881298984694,688
43325000,187.83661330587708,277.61508753086065,688
43330000,211.72899624922437,265.6289685877587,688
43335000,176.4170682615611,403.7346451715801,688
43340000,157.64206147014806,291.2823835692446,688
43345000,163.0053562093542,329.2083709809374,688
43350000,153.91386124031604,250.58577320780924,688
43355000,137.0289672006415,278.1870758882463,688
43360000,192.33136721836246,306.2665459783551,688
43365000,167.98238722957237,361.8841808432343,688
43370000,200.05830249928016,300.1882312244033,688
43375000,157.81457413724368,281.64228369903213,688
43380000,204.80828071409798,360.9091413144178,688
43385000,182.54922394262053,241.03587528249736,688
43390000,147.2431536800381,286.16437659741393,688
43395000,146.68432165385434,304.3916481202426,688
43400000,155.70269300686783,325.96595248365844,688
43405000,191.55832058716135,323.28492970563514,688
43410000,165.656299544555,315.35555326483313,688
43415000,180.8428426467208,274.7818377543723,688
43420000,168.6461397071734,235.68496001554018,688
43425000,152.25726029246266,315.2086695624004,688
43430000,199.01297227138267,337.31072237383216,688
43435000,170.72324773882337,244.11903507986375,688
43440000,150.73077057057657,307.23709200585563,688
43445000,197.5462706543604,284.94402014734646,688
43450000,207.62821534534822,310.311623711418,688
43455000,196.23093766776103,326.19127158599406,688
43460000,204.37568425300944,321.21098424048716,688
43465000,162.05661206419282,296.6026720315229,688
43470000,187.52480652326014,311.8806868394196,688
43475000,178.8521798298104,264.00511210723494,688
43480000,151.1817941435606,337.02914412012206,688
43485000,157.10504091841392,264.8823626675697,688
43490000,193.513086111787,232.83490978127688,688
43495000,186.86784397004848,278.1957783803329,688
43500000,169.74542564351532,367.1715487403666,688
43505000,201.9141540100996,282.0243583507329,688
43510000,145.608190697259,281.7979932331295,688
43515000,192.6775828762958,295.7515849727905,688
43520000,155.2878583573712,302.62808868698755,688
43525000,181.1619603596988,250.48969866419412,688
43530000,192.69074913825608,308.94771058371566,688
43535000,169.28704157085335,357.1530180623826,688
43540000,166.95329322357554,362.41550758677874,688
43545000,155.22498862942155,352.27098858211485,688
43550000,168.5222736315274,316.1156552501248,688
43555000,204.10470963176732,345.2500521979783,688
43560000,189.59248419329157,326.4939917110197,688
43565000,191.8015787099757,308.90943525935455,688
43570000,180.3186647340084,309.0164805921662,688
43575000,148.5047469585482,318.1834771262925,688
43580000,154.2150744568355,336.6828002726367,688
43585000,165.50925472028206,352.0037413011018,688
43590000,195.69808323207556,343.6057305774173,688
43595000,175.4208207794106,309.8458437146239,688
43600000,150.6715338981802,244.0999583213,688
43605000,174.29484222573913,255.8282305823254,688
43610000,172.3543294460974,311.7737028695111,688
43615000,207.27715511229124,288.49666662044626,688
43620000,177.05348647869698,269.95406134897553,688
43625000,170.91351395723163,289.27142350596847,688
43630000,161.38895921128992,319.7233337034871,688
43635000,190.9099811440248,259.60358246492103,688
43640000,177.11205465703853,313.5115240451856,688
43645000,194.0573030556628,278.28502840050623,688
43650000,178.44713020215164,296.54090851078445,688
43655000,166.89198184100164,276.16543138892666,688
43660000,147.42247305511293,318.9659937757901,688
43665000,148.52920580825452,320.17276949475354,688
43670000,165.52561372452692,298.4921607487792,688
43675000,178.42851921633235,295.41354053354013,688
43680000,168.81358884207003,245.2844387700225,688
43685000,158.46017444343522,296.78059191400763,688
43690000,172.50086057352857,326.99051653803417,689
43695000,173.09244454057463,267.2063448843172,689
43700000,167.10132041293033,245.66093475572544,689
43705000,188.80267453112316,320.31974789587525,689
43710000,196.67587371575158,247.00837587512441,689
43715000,185.87571532139535,282.3102635805862,689
43720000,214.98163670712015,344.2802123701831,689
43725000,144.4235512539372,318.2324818437928,689
43730000,174.36385075945117,247.61966130040588,689
43735000,188.13067565547115,231.9417748053953,689
43740000,135.54090603803692,280.11275798800006,689
43745000,137.13037495362985,345.70054719901555,689
43750000,161.91723571299,285.07231427057127,689
43755000,175.20733553716707,334.1910613234243,689
43760000,197.18019341685377,303.00558796025865,689
43765000,196.38861452765866,296.29330592468284,689
43770000,163.5700684723554,315.81923921585917,689
43775000,160.50395107828075,286.81833998430255,689
43780000,177.66583986520556,302.6446560051682,689
43785000,154.57171859734052,316.7115487232131,689
43790000,198.25188279822004,300.5424525692115,689
43795000,181.4061376595093,324.63150962991466,689
43800000,164.39978881329614,360.25969608213404,689
43805000,155.21747217886056,269.12271633448955,689
43810000,156.6884905905427,268.15703844589103,689
43815000,154.29099134240315,348.8846938994299,689
43820000,170.7410494886602,351.6062585108197,689
43825000,168.9070405904022,309.72147614692165,689
43830000,181.22720630293065,297.80362078817313,689
43835000,164.48386514525097,315.1568111913502,689
43840000,148.11037096583175,293.03437913697184,689
43845000,163.51996343684337,288.44486824402503,689
43850000,201.09695558321042,288.1503642876034,689
43855000,165.6673497060164,266.8565235480942,689
43860000,217.65337687700497,314.17292859025247,689
43865000,163.13146146429668,245.25893787292867,689
43870000,179.5094870522419,289.43552286132604,689
43875000,156.711573471047,282.70457004281013,689
43880000,190.56971521868718,340.1037485383107,689
43885000,203.95866793908326,349.7399018132129,689
43890000,187.53759374965833,265.1645357610671,689
43895000,184.07673343409536,312.1484249876306,689
43900000,190.97761057669308,311.16435483147006,689
43905000,154.70543263901024,286.02839326822703,689
43910000,159.77821900643,301.77071952553416,689
43915000,142.0656873736072,283.49648504565516,689
43920000,195.6198977159839,299.3249347433267,689
43925000,200.04622965776002,222.52424046488525,689
43930000,148.09552736099707,306.3239421626049,689
43935000,197.58766475847918,293.7337542877281,689
43940000,182.10609534471956,342.1633176619023,689
43945000,183.59854116903142,331.73189770799183,689
43950000,174.6233143627425,288.26448324469294,689
43955000,191.29733733631326,371.5282960433744,689
43960000,195.71831707471273,335.433290965326,689
43965000,171.28952470965424,249.06234314772902,689
43970000,165.37668651572443,291.527589968622,689
43975000,195.3528571197139,308.0951848266518,689
43980000,139.47401209628822,279.2532403556927,689
43985000,163.08401532818843,292.35394262104626,689
43990000,152.76482346821712,310.1809843633359,689
43995000,174.35834571522955,372.37790218433764,689
44000000,206.3170200812969,269.2050786471069,689
44005000,200.46162637543617,304.07837944660344,689
44010000,165.31955697113182,291.91752079498787,689
44015000,131.60723632684343,269.8751811370387,689
44020000,174.78672017762932,259.7630685764427,689
44025000,187.83824769637516,329.8076198158853,689
44030000,199.4102464438763,347.51743924828907,689
44035000,172.60390437829923,298.5912155110281,689
44040000,168.39746747249677,309.40541936818533,689
44045000,180.38247371326506,286.25340089518943,689
44050000,158.0019896933943,283.5734244951749,689
44055000,168.80814210979244,359.98858849239775,689
44060000,183.5826689015977,236.74639037440525,689
44065000,182.59513596142457,365.10980065251,689
44070000,201.36669568521566,306.7218104966241,689
44075000,204.90793442778883,239.95180527097148,689
44080000,172.5186267566881,286.4717647070255,689
44085000,158.71741210787178,278.9781423689536,689
44090000,197.54270878977886,386.33258969555914,689
44095000,189.23712723698563,327.0945444828927,689
44100000,143.60435418996016,295.6532303989253,689
44105000,157.2647743721195,331.71947516124715,689
44110000,128.2841795418095,223.45531076030193,689
44115000,194.95252819543538,282.21148895185354,689
44120000,145.6416516136852,307.9208354240102,689
44125000,167.28105317049486,335.98459781584984,689
44130000,166.61280202754358,258.47230030692157,689
44135000,140.50258401636688,348.9400419317127,689
44140000,171.98374275932545,291.19654944395205,689
44145000,183.63742834406807,339.81176935185687,689
44150000,205.37991999969813,313.7194826059584,689
44155000,212.98318019830333,278.0766182580771,689
44160000,196.10006964649247,233.50340230959526,689
44165000,167.8871411873943,317.65823232720817,689
44170000,181.25489948823446,309.26581033265694,689
44175000,175.87920370631554,338.09637928298173,689
44180000,152.26534659016346,323.14581481697246,689
44185000,165.62842700108615,324.71751733004004,689
44190000,149.22931423577987,340.10811736480645,689
44195000,177.34731601551735,339.5829794054871,689
44200000,149.2188410335676,281.49741436179755,689
44205000,188.37650376920953,268.2545972548836,689
44210000,139.2335886092739,265.9622726230402,689
44215000,155.4015817817771,275.92350501478137,689
44220000,201.7578466006901,325.98519207072894,689
44225000,182.35606505227452,286.1524623201334,689
44230000,181.91461671381626,297.9898014151612,689
44235000,141.5908231034418,303.90846770001514,689
44240000,164.80475444995508,300.8626568442511,689
44245000,179.93856602478496,266.55782707040754,689
44250000,177.26837451142842,326.3301911142593,689
44255000,168.1500438280085,308.5438821116676,689
44260000,190.9804750734303,239.56905113253484,689
44265000,154.10556716980912,249.37861742344458,689
44270000,178.4845523836329,347.33693006771085,689
44275000,192.6381503021957,299.84135944687176,689
44280000,193.31091234166703,279.92128983094875,689
44285000,173.90951369525357,253.0984339481917,689
44290000,163.41492595000616,287.7504666576431,689
44295000,180.39553517004674,242.74294610344012,689
44300000,189.13975169216855,250.35672167671734,689
44305000,187.971202015388,341.6504323465089,689
44310000,157.60006647012176,310.4528975123281,689
44315000,163.1139269705036,311.3783404193142,689
44320000,188.11879761394482,323.1260990902682,689
44325000,166.97585657579722,374.28521842039027,689
44330000,182.49378842022307,284.42968013096544,689
44335000,184.21163191931652,363.30534786164645,689
44340000,150.33782922084106,279.5845075180129,689
44345000,164.0568977411774,288.76918626519733,689
44350000,197.97638385020562,323.0987805479598,689
44355000,179.09554895907493,326.69094153785824,689
44360000,179.94142653643405,298.27992326995076,689
44365000,181.03341766760155,272.69765332898555,689
44370000,199.99748409686677,281.60438791595163,689
44375000,139.43801645012388,234.59384402967248,689
44380000,185.28121687729745,309.2121529551857,689
44385000,172.7259293534744,304.10919604733715,689
44390000,166.78253097941345,298.5879049040096,689
44395000,186.50615883305812,280.8396197872475,689
44400000,155.1489368593815,263.3876352934923,689
44405000,195.345881910781,282.5786040471988,689
44410000,153.9683069436128,350.8704011744319,689
44415000,142.32934565837934,246.68606700122695,689
44420000,174.69913586148058,303.961118709903,689
44425000,168.9253543220857,362.65309688824885,689
44430000,146.6967727496412,310.3130460487249,689
44435000,187.58114377918892,264.1883309175054,689
44440000,160.1182465539381,263.80520548229856,689
44445000,199.56994415960972,263.0860534735021,689
44450000,162.1583093735212,266.4425873404919,689
44455000,153.73832964472638,219.10568958960988,689
44460000,191.35008570069976,325.3622023047172,689
44465000,182.6147396241314,289.4392132444171,689
44470000,194.2157662023158,265.1367376598592,689
44475000,168.42680267236662,243.5687962800613,689
44480000,168.80237323966517,359.280737261569,689
44485000,185.87262484270374,331.0402020940505,689
44490000,194.8746139612843,261.0361984769087,690
44495000,215.90441178798565,227.23725205537767,690
44500000,185.1825636801417,325.93123546165157,690
44505000,146.8607624684933,282.4003648455273,690
44510000,217.44034548512545,289.7027161005143,690
44515000,173.88475068300164,237.78675619179887,690
44520000,207.7465335320447,326.8144297363577,690
44525000,154.81064974292033,295.89323506639505,690
44530000,164.45455686026722,268.619521315549,690
44535000,186.1372770045823,350.3356042914645,690
44540000,193.24063442973772,294.7907161278672,690
44545000,175.39854479899552,267.86241738840994,690
44550000,178.71169658069095,323.9674373479128,690
44555000,180.50818760521028,316.68356501296756,690
44560000,181.58499504836246,313.11058142007414,690
44565000,150.20839546802384,299.34989023185597,690
44570000,171.82561562346146,326.8686894534728,690
44575000,173.20608294971817,226.9452868001636,690
44580000,166.40288515657306,295.7782627542606,690
44585000,176.72489252274895,297.8933507038211,690
44590000,163.80932764956668,267.36973815453314,690
44595000,182.58516153197223,273.8947473879683,690
44600000,136.67744602231647,251.50381023141455,690
44605000,180.91360398512143,248.77199986041384,690
44610000,158.217481558207,314.6697365464452,690
44615000,169.1061762472364,342.9933819033165,690
44620000,173.28154980456972,249.18063086680814,690
44625000,184.23884724202236,245.80245206923928,690
44630000,172.92077964415722,281.39569032074195,690
44635000,188.84105676567455,314.72863440318173,690
44640000,218.72090039671943,335.3987623173751,690
44645000,166.9122651335715,273.03900803349495,690
44650000,169.44905411101243,280.0028690124809,690
44655000,166.72444515682383,297.0413781179827,690
44660000,155.02548972256335,310.5204793780961,690
44665000,202.61746420308623,312.6245665342076,690
44670000,187.99312876602622,303.92750067756555,690
44675000,183.20893313179508,329.2558649451036,690
44680000,189.08096451122188,357.7494526205736,690
44685000,140.92008463308667,313.0235216490352,690
44690000,170.55148927555172,337.1144447832765,690
44695000,231.86973211102966,327.8488439315411,690
44700000,169.17278446864037,245.2972828389365,690
44705000,149.82815172814068,302.31830151684164,690
44710000,200.17303031529028,331.76370690560793,690
44715000,155.33486405697877,336.91704154322207,690
44720000,131.52200128520926,295.55437460011063,690
44725000,152.29636262069823,307.19293833265715,690
44730000,181.1051936350893,284.12302732514553,690
44735000,160.2884186099783,280.1405285394686,690
44740000,169.31586364816258,292.421626768118,690
44745000,182.4983384038081,284.33649873003293,690
44750000,185.24335558532755,336.11315430188347,690
44755000,151.8482352344911,312.40368261869116,690
44760000,194.464511977755,318.8010426883423,690
44765000,139.1071641675413,303.4280870258132,690
44770000,180.45049909641025,292.6644055491974,690
44775000,179.1239196560607,249.40875125714035,690
44780000,176.2555691464801,329.2497773830098,690
44785000,185.7457600806156,258.19604601346356,690
44790000,186.55874038198715,311.4775484839714,690
44795000,189.57162660902532,291.81308074322243,690
44800000,174.501591772159,268.57794951557486,690
44805000,160.71584238967935,234.1111878344968,690
44810000,178.07646304304555,254.07120665527123,690
44815000,191.81342839222225,343.2495532682805,690
44820000,161.48061313746751,351.77728435483317,690
44825000,159.84974237497192,322.0585872026434,690
44830000,152.92921288222743,208.20799681641182,690
44835000,142.34123174949428,253.93125465051548,690
44840000,162.9622694997386,278.47686630760256,690
44845000,218.31689998403087,269.159191414578,690
44850000,158.67635778776548,366.12379922165724,690
44855000,165.5075172433062,333.5666168242826,690
44860000,163.45589302622705,310.223329261817,690
44865000,200.51925132071383,321.4065153291632,690
44870000,187.42186462335462,340.641754614231,690
44875000,198.33856131559497,351.2751512376519,690
44880000,119.22797650968519,284.00793963524404,690
44885000,145.92740172669778,259.3340670463435,690
44890000,132.38421399689247,298.2742376674094,690
44895000,154.2692836377404,312.35699322092546,690
44900000,165.73072159709878,242.91880600315054,690
44905000,159.5370553953128,304.87370154964884,690
44910000,177.70704166739878,245.0776813931142,690
44915000,162.81795037055875,282.94940013001593,690
44920000,202.94598357754327,387.083492807542,690
44925000,192.99484154874747,281.30844183389223,690
44930000,175.8237409687594,260.8078470911502,690
44935000,187.64907482227449,313.7207935816681,690
44940000,214.98862915397285,285.6929055036857,690
44945000,190.9764255610837,324.25716955982773,690
44950000,153.64082913442533,355.7107886070184,690
44955000,173.44980546973062,271.17053325697714,690
44960000,169.747645044125,280.83004715172217,690
44965000,166.29540767792216,232.36067372738992,690
44970000,170.42341833983556,267.37659691184706,690
44975000,144.74793444851235,270.8497605239714,690
44980000,150.93947732787126,319.8621936819248,690
44985000,188.00001710013734,350.84963279763593,690
44990000,206.47264547698472,386.91141160402765,690
44995000,204.88510252186387,289.71003516327863,690
45000000,158.0021994505938,294.2820330314776,690
45005000,192.7663312680973,277.89160839690345,690
45010000,164.69725515342708,334.40076519309486,690
45015000,156.29282509565704,226.56490918138385,690
45020000,144.43881350193803,313.04803014800984,690
45025000,183.65176978688896,358.03792547595793,690
45030000,164.89147802886575,302.94477983002776,690
45035000,206.3287840166148,335.9182359177722,690
45040000,215.95824248919104,330.0375165630684,690
45045000,169.49887943594678,239.1902442481754,690
45050000,196.97083307918433,242.13687897255062,690
45055000,190.6321339176609,325.955705026848,690
45060000,169.20714711075192,264.48229751315944,690
45065000,163.53900887680885,275.9332526294054,690
45070000,186.66357306016047,323.2687034615568,690
45075000,177.8386428940077,368.41326092517346,690
45080000,153.39817573350518,270.7237579483072,690
45085000,186.7468111438188,233.78406369976167,690
45090000,144.30002085494496,303.05037912358875,690
45095000,164.5409318568425,277.3160094573746,690
45100000,161.041787100645,311.9315534171495,690
45105000,176.49584304962744,332.80234050206633,690
45110000,172.61553297140387,246.20302412560116,690
45115000,206.51897993074198,278.224960986959,690
45120000,226.06117189725276,268.68135444422654,690
45125000,161.44359420850844,268.61012365703743,690
45130000,205.8088915614512,307.0585567560681,690
45135000,186.18413583756893,307.3501271587987,690
45140000,152.87932648478616,315.0470636019056,690
45145000,131.87289860315818,259.6753157745177,690
45150000,180.14570971605406,314.68855349787674,690
45155000,224.251274855458,326.93363482928004,690
45160000,180.05338645025253,294.0909540194636,690
45165000,164.339567288438,289.4464111705554,690
45170000,184.8714312703826,274.79231526554213,690
45175000,148.70477960336575,296.4227447456641,690
45180000,175.96159763503934,325.0871956796342,690
45185000,177.05681425691571,287.21100450595446,690
45190000,168.03839814810524,320.9603905540629,690
45195000,173.1134229750414,346.6349537264446,690
45200000,176.6818069569789,308.4270686590552,690
45205000,198.1227575951389,363.84357268816,690
45210000,185.73916290027373,285.6339650258273,690
45215000,150.33084565948576,262.3242869994141,690
45220000,149.80663264909504,306.5596501401394,690
45225000,143.95396787472433,289.8825714956875,690
45230000,187.42302037456818,265.798850508852,690
45235000,192.24109875569386,282.2144677251297,690
45240000,152.03270995040307,302.3681845687685,690
45245000,164.09699304731316,331.3634446937327,690
45250000,199.83594712156756,281.4469580194205,690
45255000,160.3549137367511,302.0827760041676,690
45260000,135.93448750964708,357.4870588136024,690
45265000,135.1643380799046,310.7709463102953,690
45270000,227.13394852727475,282.7847433066137,690
45275000,150.3102955888412,268.65339603076274,690
45280000,171.0962084713951,245.11658073125545,690
45285000,162.34381603516687,261.19669359937274,690
45290000,172.21544150963481,304.858251875924,690
45295000,121.23297378486687,240.60600867608508,690
45300000,197.09160987638796,284.3722613347664,690
45305000,174.07615529964795,377.99226983906624,690
45310000,165.95396961728258,268.9931856307616,690
45315000,143.81100978612363,317.7985839855987,690
45320000,167.62670258630578,295.14831714793644,690
45325000,169.94907520181988,319.6461831492023,690
45330000,190.63193871142556,325.22153263571073,691
45335000,161.93995390538927,287.7740813312512,691
45340000,191.7960485100265,289.290224030577,691
45345000,177.70812091589775,273.36201264827815,691
45350000,160.6304980167839,311.18573762471584,691
45355000,188.5267640172165,273.4444146633296,691
45360000,155.37951227703323,323.0805203698,691
45365000,137.76648331301783,214.23324176367785,691
45370000,195.8279501246739,362.44444078703907,691
45375000,155.5495121052863,284.304970687267,691
45380000,168.71626589117685,311.4063466606153,691
45385000,182.2681742621128,289.1683258737712,691
45390000,147.84976632689808,260.10812026223186,691
45395000,201.55278090486365,279.78576563676165,691
45400000,210.49225794609194,304.3422903680198,691
45405000,163.54490445103067,305.7610404138365,691
45410000,158.65800813177844,248.17897510397864,691
45415000,207.8401791081487,331.29638891004134,691
45420000,180.31120251736488,254.74428963171601,691
45425000,204.49172783064665,267.92991430387895,691
45430000,174.73977971811667,241.90346470488458,691
45435000,155.0540200356868,265.35715138499694,691
45440000,201.9071436052683,305.0430138772239,691
45445000,167.79895989669384,314.48778027779707,691
45450000,203.91175601833146,296.19671661874463,691
45455000,217.92671096817554,284.7801709590358,691
45460000,180.43822249113308,314.84583565276426,691
45465000,153.24804839342616,269.19082739059473,691
45470000,152.93417597907666,263.5132807483338,691
45475000,156.43883982633318,288.0085341144785,691
45480000,164.42822215354732,240.7352274167113,691
45485000,196.00232418687727,286.4022233937516,691
45490000,193.31239880839647,301.43294661799297,691
45495000,164.63151455650308,237.57598864604824,691
45500000,182.48627595947693,286.80443452851085,691
45505000,128.5154172679578,204.10945799204333,691
45510000,157.3234701376372,290.9417320954345,691
45515000,191.3028033172846,245.72642382796616,691
45520000,141.6168942232125,282.23356237550865,691
45525000,202.08656084645742,319.23854981289253,691
45530000,172.30838897577095,339.9179891804878,691
45535000,132.77146830567068,317.0781708864237,691
45540000,177.71694531531966,335.7250203985342,691
45545000,206.95060564245503,241.13218232369508,691
45550000,204.61096030508577,252.13537199048974,691
45555000,165.13538780695967,267.6626625531438,691
45560000,160.3773022849329,322.4685999467435,691
45565000,163.26638738651013,250.5439258346381,691
45570000,163.37684786825815,301.3121915051353,691
45575000,192.00680161156734,321.76460408129066,691
45580000,154.64138174636892,292.69783440688633,691
45585000,156.4901723227243,292.47835867562554,691
45590000,138.76533938654464,338.6560201745931,691
45595000,201.85046374258314,252.17889171176716,691
45600000,164.74383528430528,231.58216537018984,691
45605000,168.64302311769956,277.0412675993029,691
45610000,163.84670700487612,266.6426526369705,691
45615000,171.33913679723474,306.5045507415513,691
45620000,191.35272671233736,267.7854066069315,691
45625000,192.9031174592028,280.30560285881467,691
45630000,170.38575065474305,289.67495760893763,691
45635000,183.76464079100174,339.2576246339537,691
45640000,150.0169105009374,320.19229053916644,691
45645000,149.96641006600592,258.99479958684003,691
45650000,166.14843460103208,330.8141946165365,691
45655000,182.47973206715417,314.61570179817977,691
45660000,187.93249260981642,279.9793645252642,691
45665000,173.76045713596653,240.89769316621616,691
45670000,170.39978672941345,330.7742857600394,691
45675000,178.72644470835868,256.8135467198365,691
45680000,181.57112832288308,342.40779510924943,691
45685000,177.22991321307555,303.0833791108588,691
45690000,185.53045334683782,286.5027302825743,691
45695000,190.4938101860993,285.0249800776082,691
45700000,166.57529144136407,325.5521889767662,691
45705000,140.62460669616786,317.5392097677001,691
45710000,204.62211348051903,322.4732413771476,691
45715000,175.51572914218673,319.18359773241025,691
45720000,161.5067841797103,322.19563093044326,691
45725000,165.04553889825513,353.0212859801798,691
45730000,182.9266770269399,322.20564294470336,691
45735000,161.19160982283034,304.6861277289823,691
45740000,166.15700096085266,279.9774094675536,691
45745000,139.03712182760827,287.0333176342143,691
45750000,207.76705682498596,252.593406239556,691
45755000,166.20440021614553,338.24093665547105,691
45760000,176.2907242530266,297.4470871575054,691
45765000,183.35484984520346,305.93591142746175,691
45770000,189.55258210484342,267.2031621107331,691
45775000,163.61425823786325,284.2232362724044,691
45780000,144.48259000404056,352.4899685876329,691
45785000,151.7826696713063,278.9272987445997,691
45790000,173.6355448358288,282.5432172027368,691
45795000,195.3063907267686,312.1008516954476,691
45800000,178.87695044742333,452.608817112013,691
45805000,129.0403819584305,248.10948473517985,691
45810000,146.54715687284158,281.082695076876,691
45815000,148.1456384904686,273.2693968255471,691
45820000,171.4625226311667,297.2776860540598,691
45825000,184.85933393277128,329.7529346757231,691
45830000,160.6404052066831,248.17701547756184,691
45835000,131.0791439250866,284.3705506676904,691
45840000,172.14695842465042,321.8807296314478,691
45845000,196.06828986773846,320.32322929366467,691
45850000,177.04126069783675,249.61158469791897,691
45855000,157.16720958913078,260.2238319936639,691
45860000,165.15011495085147,346.9170210708322,691
45865000,213.54316257414308,334.9681018032938,691
45870000,127.8863471778609,318.6347838145004,691
45875000,157.08726070745055,279.9320803421618,691
45880000,155.3932843267597,363.84945478085234,691
45885000,193.60330267875932,366.05669665576,691
45890000,191.50368305754665,272.7522303212522,691
45895000,198.12651376254024,347.73971116200954,691
45900000,174.2104370626286,303.46578263147427,691
45905000,166.15515395962456,306.62811107761337,691
45910000,240.14889255083403,293.5284858132328,691
45915000,165.86572396326935,332.3170575018702,691
45920000,158.09568496805085,309.48889978311576,691
45925000,172.35732114941302,328.94679071924037,691
45930000,123.15617363791081,316.98757333788893,691
45935000,148.83654221254105,323.20369140283736,691
45940000,166.62038683102958,288.8877772348326,691
45945000,195.5478119881301,363.8702120948383,691
45950000,172.35581405639104,307.41499634803785,691
45955000,177.6415501535156,290.4914968321012,691
45960000,162.7961831431834,311.4379362505739,691
45965000,204.94684906338148,319.4458644984753,691
45970000,199.8975212847047,323.7320505581962,691
45975000,156.22888165183207,333.24655305316344,691
45980000,182.23912490255043,317.7725790109875,691
45985000,174.56510413681355,348.5146710356853,691
45990000,147.04821293781995,327.021037480475,691
45995000,203.59695915049736,326.9672745682885,691
46000000,197.56976382858727,293.23380761024123,691
46005000,185.3917778716209,353.8335407657555,691
46010000,176.22113372062975,327.5522081991335,691
46015000,172.45630124498425,311.87641291923194,691
46020000,211.3108996420062,264.05829668549774,691
46025000,201.39968366468372,302.0241107364813,691
46030000,198.1416114785422,415.31186667425806,691
46035000,191.99425533018223,405.3573886091414,691
46040000,225.36664083512974,312.9426169107819,691
46045000,191.91186743765888,301.1308657414714,691
46050000,186.68513549496947,350.1378485183676,691
46055000,213.754994797878,322.16795631308685,691
46060000,182.8726115682803,271.0878344221559,691
46065000,156.89294915326155,344.8843783257277,691
46070000,165.36182886957192,286.6736874252684,691
46075000,175.45929200170042,323.7950040926204,691
46080000,169.08133063528945,299.82355785492217,691
46085000,188.1889586083356,289.87372883235776,691
46090000,181.38229170059924,265.2051999216109,691
46095000,197.09027668529885,346.6386491096967,691
46100000,173.43254047285947,319.6731354309127,691
46105000,153.69216520187277,285.6764945023084,691
46110000,177.3828862347385,282.2576747723702,691
46115000,193.70999832069626,272.24600665751694,691
46120000,163.9921685187249,273.3701914249997,691
46125000,181.26848820074125,333.87350759031284,691
46130000,164.37018373108887,297.7704253867036,691
46135000,155.2197904704445,255.3512064861923,691
46140000,182.51936632607698,377.28599752980506,691
46145000,176.91441224232793,280.8166042553783,691
46150000,151.8406333270622,299.01684914949635,691
46155000,154.33883047993064,216.53078191414244,691
46160000,196.9169071098307,383.66130713372263,691
46165000,203.5166648714734,320.79634041732044,691
46170000,175.748622218956,250.61317832124115,691
46175000,204.7798866538309,353.3778113487456,691
46180000,178.87254127904797,221.77924180814477,691
46185000,158.88146614267367,333.41145244489314,691
46190000,161.69546258931646,275.2779484882168,692
46195000,165.93972261928263,327.1517402491878,692
46200000,188.90642099140052,361.19599446146145,692
46205000,162.6847463456159,295.3007934726462,692
46210000,189.06420578478156,276.2664300903629,692
46215000,191.39182882499952,295.52661828694903,692
46220000,164.61003262621577,318.713507883733,692
46225000,190.13363217973023,290.26055962450283,692
46230000,208.45537150593285,336.22568247457554,692
46235000,156.80268152142193,255.23066439981034,692
46240000,161.85021674047894,319.4804418856949,692
46245000,158.59839449370136,298.7967912317528,692
46250000,149.5100813605382,258.36682540634285,692
46255000,155.1774999003348,298.70752799684044,692
46260000,175.3416964805629,289.6695861209235,692
46265000,173.694325283502,297.2819723749128,692
46270000,188.8453976048466,256.790804363969,692
46275000,146.97642428489718,343.0499450232643,692
46280000,178.13273688721736,289.5539919203237,692
46285000,203.1327216472152,299.07386883880844,692
46290000,177.58790505313232,276.81080622928357,692
46295000,193.84759056882018,315.84654811998246,692
46300000,167.2568398661864,331.7822560583883,692
46305000,189.0745418683281,283.5515653426561,692
46310000,191.41093231230303,366.8168510744728,692
46315000,160.88439179160974,387.0437489580247,692
46320000,197.90239958050728,320.21758101604223,692
46325000,185.2796613947844,313.15353985087785,692
46330000,177.92354370827755,331.6373043899937,692
46335000,172.03060185588765,307.45535684217947,692
46340000,180.03643723645087,281.8838523857753,692
46345000,166.91219876431066,339.3870110108711,692
46350000,169.03800946404326,224.7458537461823,692
46355000,181.1713655352478,298.140023763327,692
46360000,162.9341244706701,270.12430796951736,692
46365000,197.9237460940927,329.19645797993763,692
46370000,163.55917431730174,352.8604553069634,692
46375000,172.23297802366778,320.11102694818754,692
46380000,175.02698113644956,351.3370601930422,692
46385000,181.29838687326077,260.9395446454997,692
46390000,179.35159794208388,307.84770188138395,692
46395000,163.79267832881203,339.76902448534133,692
46400000,159.40150054735346,336.2159431608357,692
46405000,169.13769987118445,316.8058645286147,692
46410000,182.8520863983613,293.3497889247532,692
46415000,195.65953906715447,270.1118335962771,692
46420000,181.58674419369788,322.00353641017824,692
46425000,166.5453547318766,248.98257603308753,692
46430000,182.46760033198836,255.92632858169384,692
46435000,223.48493506061956,295.6554801003973,692
46440000,179.1007411377186,279.4092292695203,692
46445000,188.61243168850032,279.9517989316102,692
46450000,189.9258072075932,338.37468290932577,692
46455000,200.25692749586918,310.55153793658883,692
46460000,181.67817870695276,271.6534460176529,692
46465000,174.73481739061157,295.37033177021294,692
46470000,233.86466212836564,268.1479596069288,692
46475000,149.82715498084505,271.70213663261103,692
46480000,212.76816602391173,326.3819803206666,692
46485000,166.33445885646572,291.9242695125137,692
46490000,189.48762804800685,279.3270499853875,692
46495000,135.0772077826142,341.31308050783446,692
46500000,166.26235159322903,254.24056415070555,692
46505000,174.43115182071256,318.40425165881857,692
46510000,165.1280084351313,289.86368678950436,692
46515000,162.71614759467369,272.2379420111127,692
46520000,143.95453963415255,364.48184356241313,692
46525000,209.12446780989458,287.0847209630785,692
46530000,199.405649651566,283.7676127978482,692
46535000,175.00067763639493,378.08017100061244,692
46540000,163.5709247130784,341.00228088882716,692
46545000,158.48688446861377,239.52304601272024,692
46550000,194.78143496365803,297.3117113742634,692
46555000,172.85450895142455,270.87366632815895,692
46560000,172.67784077343822,281.52161694528854,692
46565000,229.37456249323247,345.4292178990433,692
46570000,163.53014848750846,305.82913547894657,692
46575000,175.57264271841373,296.6991803774738,692
46580000,150.7327643291678,313.5728907366587,692
46585000,140.54633982189802,285.88481173926823,692
46590000,182.33178432806386,360.51244667746397,692
46595000,175.91211185805278,270.80944099126145,692
46600000,207.012455638962,344.6990449730951,692
46605000,190.68435605418043,320.44334351700115,692
46610000,163.89634535567984,297.8176234061558,692
46615000,182.2989660477797,308.0450351944299,692
46620000,168.37348568427814,282.6157077379754,692
46625000,162.41431008799543,246.7411983795227,692
46630000,157.05795658498073,283.44888068290976,692
46635000,160.85833885511116,283.59962546658056,692
46640000,187.60584034099227,322.71608962611475,692
46645000,194.4435154519926,233.66660107958924,692
46650000,184.80807611278846,351.89868917791,692
46655000,168.62979809677915,299.52024704219815,692
46660000,170.02388539115273,292.1214764563492,692
46665000,156.62264266054825,237.41645548771172,692
46670000,141.41174099528186,282.08796634388455,692
46675000,163.42660071001063,340.02255382664356,692
46680000,168.86498022588341,313.66039171865003,692
46685000,201.64059927055362,289.2770908075304,692
46690000,202.57172018625658,254.15686704016,692
46695000,189.47490130643635,250.62901296428947,692
46700000,180.0081596466569,277.757572706242,692
46705000,213.06800443311644,281.4063259126651,692
46710000,179.40696313334092,334.05447050444275,692
46715000,199.160973480135,347.8605733059806,692
46720000,166.27416731275702,270.56902753778786,692
46725000,169.30140867929674,321.02858192182646,692
46730000,128.35782000407625,308.2709070853886,692
46735000,190.21394936249004,280.7622564143467,692
46740000,215.58098374721936,354.3020928996571,692
46745000,149.53801310161396,272.6100623730778,692
46750000,156.2082456254827,288.26856637450896,692
46755000,169.96054699286273,265.9763392085824,692
46760000,186.94310007158583,343.68627345418514,692
46765000,181.9616407778666,327.0869011172555,692
46770000,188.46634808019436,288.5148569884769,692
46775000,159.88374115564392,294.10332305278774,692
46780000,168.2129699257307,240.14344874704236,692
46785000,204.9746541415929,317.887790583683,692
46790000,175.59738038875292,302.8331678562432,692
46795000,178.18904453828333,296.60147577546434,692
46800000,127.72504716682754,279.8759095221809,692
46805000,185.3068499040975,295.29539587753425,692
46810000,240.71878481764656,326.3550010269581,692
46815000,187.68873470854302,331.84223792681024,692
46820000,197.65947616661254,337.87872829761943,692
46825000,168.0644904478911,287.366814163056,692
46830000,175.56874131821027,352.0309212027588,692
46835000,199.38898183593835,280.7054699291576,692
46840000,214.67349476799933,309.5590992653689,692
46845000,178.81029155324524,327.4788939539359,692
46850000,173.14793300762065,312.82470150687965,692
46855000,157.7178703242357,303.9367969138857,692
46860000,178.23551988840808,253.49006518766515,692
46865000,242.6285330833743,255.4904285765709,692
46870000,210.3331041890433,254.73372337019913,692
46875000,209.87893840395003,309.88363440157224,692
46880000,171.13968706834817,278.01092321719693,692
46885000,208.54664967141832,327.07173185688106,692
46890000,194.2405394882341,293.50024895895064,692
46895000,151.34089763073166,305.4823569525956,692
46900000,163.67382246921156,312.25161576717534,692
46905000,163.35972759360922,373.69613607908747,692
46910000,186.24824889513818,273.0502001800315,692
46915000,150.1279942395119,270.99445523919564,692
46920000,168.6831716345143,339.7750844543734,692
46925000,174.15006729467294,338.592857307371,692
46930000,156.12901292840996,338.0916868263062,692
46935000,146.4209378748169,261.1042253439304,692
46940000,162.31998525084197,280.3488330344784,692
46945000,186.09982690377745,331.50508100205354,692
46950000,150.00145412050074,273.0999556220985,692
46955000,167.9908768296599,287.7038039184019,692
46960000,172.57552883142583,363.44540609744246,692
46965000,173.37660378685507,291.57702249169927,692
46970000,223.59407094834083,336.83323814667256,692
46975000,166.60058335075337,300.02935328235355,692
46980000,200.6294419147687,327.5703601333647,692
46985000,221.02922200351335,283.8421235831388,692
46990000,159.60210389239498,225.28569048160014,692
46995000,168.89573166603586,292.1994266592396,692
47000000,166.39607199323095,249.3211689500702,692
47005000,169.17968472946546,306.3075441234441,692
47010000,199.95618323453132,340.27069322120803,692
47015000,166.87703352870267,234.95447023203587,692
47020000,169.23003024896073,252.01193116719804,692
47025000,191.62098068802334,283.13075481887074,692
47030000,164.23495075442318,263.1669694625205,692
47035000,187.05943938167673,319.50887301828203,692
47040000,173.392849716795,300.5405156179792,692
47045000,158.25014054700944,254.8735613361513,692
47050000,155.0613525260875,305.1620336661989,692
47055000,177.03369055113427,328.7477794557527,692
47060000,152.77206330651975,289.53987136341385,692
47065000,187.74235349176575,249.5397608436846,692
47070000,206.84189869330868,362.5281066418443,692
47075000,157.73837349736667,297.37755060665717,692
47080000,165.76202959840805,337.71564843804947,692
47085000,150.53001842575694,324.06953960511197,692
47090000,214.6092804188708,234.6310499888478,692
47095000,167.7444047871092,306.1977235197791,692
47100000,173.170743595723,335.6691959162989,692
47105000,191.4177167224528,279.86276906518236,693
47110000,159.98710368082692,333.5978330986368,693
47115000,134.39007303295742,328.40291885546594,693
47120000,161.68393339363286,319.66392971379435,693
47125000,157.9841059563588,318.1818617157268,693
47130000,171.37822116200272,306.63871828397754,693
47135000,190.01125015635648,288.3222695543952,693
47140000,210.18641551050567,270.3556799473507,693
47145000,142.46823191188992,266.8604875362452,693
47150000,146.01179188059297,247.707716685446,693
47155000,183.91169631546416,330.7085707449383,693
47160000,173.2787963116766,303.29143543945315,693
47165000,173.73464999649184,384.0715322885588,693
47170000,156.33755839433783,311.65374793905545,693
47175000,176.96326448690385,269.6612157884103,693
47180000,194.69196023911562,271.90685233021674,693
47185000,167.1239895419318,258.07137397610444,693
47190000,172.65799753775258,292.28600368432956,693
47195000,147.34803487331797,324.72275102701917,693
47200000,181.81038666279383,217.0027153392409,693
47205000,193.38918588205783,297.26026084108173,693
47210000,223.71028220459903,308.79523878316735,693
47215000,191.55294890624742,270.68193152640146,693
47220000,196.51006037248098,278.0653846419809,693
47225000,150.11327134226065,279.10351760009223,693
47230000,177.19918384214822,293.2917515692131,693
47235000,197.36915099229327,275.6306353183752,693
47240000,147.82096597412016,299.42412130648853,693
47245000,200.57866891506364,366.86397904021686,693
47250000,180.5364706450294,232.19698483846386,693
47255000,179.9736989682608,264.3991120488611,693
47260000,159.47713413062613,281.6233238867009,693
47265000,203.3109810177944,276.6129458708073,693
47270000,189.5104065373943,215.09680034049944,693
47275000,225.5456998272078,299.01166213879526,693
47280000,152.36886919215402,283.9772631171365,693
47285000,185.4582020741298,342.32832359093055,693
47290000,187.67481649740716,306.7549000529618,693
47295000,176.473070989923,324.8069177989643,693
47300000,141.8284408799488,310.60463056274403,693
47305000,194.55987465232252,330.5837093783371,693
47310000,193.016646877972,282.1056741473837,693
47315000,150.39542758270295,266.24275759490695,693
47320000,187.2920171595856,251.9226420481465,693
47325000,156.61634952344383,288.8376442197625,693
47330000,220.91215830900882,310.2221674158876,693
47335000,195.58378244986196,271.2633320100869,693
47340000,141.81618619400595,341.31756742796154,693
47345000,154.7457361753882,262.06944376014025,693
47350000,201.17694304275514,327.3632834137014,693
47355000,189.81730003615985,311.88756783257446,693
47360000,159.44595039686044,285.6480334688816,693
47365000,211.37261517782616,301.4342704699849,693
47370000,178.5465376494212,266.38026846310896,693
47375000,172.9834616149073,289.12057956582845,693
47380000,186.0397781942395,364.55952631534416,693
47385000,180.96609706153177,300.59789358009175,693
47390000,193.3541500351909,375.6125973726223,693
47395000,193.29661196691515,364.0164411329521,693
47400000,201.23346464723684,286.0494730850228,693
47405000,174.610629563455,304.523780257725,693
47410000,202.98963152537496,284.176872639152,693
47415000,178.45445294336258,302.44415077177644,693
47420000,191.81892067308473,321.75490986907926,693
47425000,246.29658033918903,287.9518015268241,693
47430000,176.56915834264046,291.7245550211475,693
47435000,163.8536416444418,300.86972466343934,693
47440000,175.20065411165768,269.8956186542261,693
47445000,186.46738708024705,286.84264209043255,693
47450000,183.7653813770219,299.2417733055802,693
47455000,167.14195101636497,337.8784220020182,693
47460000,153.00333394778485,284.18653729592313,693
47465000,202.66708916795503,298.42113995665306,693
47470000,162.23129579009128,371.82252628102873,693
47475000,187.06434678933843,276.9025590380792,693
47480000,190.44291601510412,303.2373846309125,693
47485000,137.08722516123365,237.1360483649079,693
47490000,135.0949684957189,287.52444589577124,693
47495000,165.2786178964186,341.0324043179803,693
47500000,193.800430937066,319.46117876941764,693
47505000,183.18904972963276,248.4515382314139,693
47510000,186.66934251513183,263.74283571641547,693
47515000,169.04328023097116,349.736482653653,693
47520000,170.76127833659868,341.06963714801657,693
47525000,159.480893193442,275.73600100365746,693
47530000,169.15507482679794,293.36902263324157,693
47535000,192.93397175158884,288.42179312246793,693
47540000,193.25406208508647,332.70367874927194,693
47545000,196.8685229978288,314.71318621415907,693
47550000,157.03518359367507,302.74981137488464,693
47555000,188.8753520850702,363.1740349333113,693
47560000,186.66974922422938,294.2096040361194,693
47565000,165.31069609306073,295.53099347001705,693
47570000,195.89847623185517,335.67345091103357,693
47575000,190.98706908811343,280.7116529818074,693
47580000,166.3611165976758,308.15628346238367,693
47585000,164.16247484562805,305.26179632525276,693
47590000,142.57378394491684,251.37198592630529,693
47595000,168.71865911689045,351.4883768066092,693
47600000,160.56287845597387,352.54540164686364,693
47605000,179.84239721380067,312.3247832652826,693
47610000,230.83987154396885,368.7244466971164,693
47615000,159.26558514084886,276.5872000992885,693
47620000,175.53248185233934,268.9027939979273,693
47625000,180.66239296250623,313.3748434201109,693
47630000,185.5517529942081,280.7532005852875,693
47635000,184.88116674096798,277.4821361771616,693
47640000,184.08136863555143,247.1428904173101,693
47645000,144.80709534381188,236.03393285671382,693
47650000,177.24247296385758,327.93473948132754,693
47655000,149.22191648020214,256.95749073352926,693
47660000,182.72523711629515,318.21351528958644,693
47665000,193.82629106358743,353.928994698781,693
47670000,177.39715279615743,338.15797705689357,693
47675000,186.35017966488078,276.1162208080622,693
47680000,144.81186458604344,225.12547227756502,693
47685000,159.24304156784183,275.82242847398004,693
47690000,142.2331577530523,271.6404404556915,693
47695000,164.83081759181601,289.876820691573,693
47700000,161.88156406247057,280.0766995455989,693
47705000,154.6161529652344,291.2336127142061,693
47710000,194.31814185008565,300.05271383048955,693
47715000,137.69135524920563,263.6998290710977,693
47720000,171.32024976151388,296.14806117587824,693
47725000,164.51272577985952,331.0421078179553,693
47730000,241.9784756339069,320.983219223025,693
47735000,175.7011751266246,351.9017974716244,693
47740000,178.42445097117545,301.06607168842515,693
47745000,171.36993923874644,327.4998760284949,693
47750000,175.6423413446809,273.2757026414711,693
47755000,178.87597358230383,274.96620137819644,693
47760000,192.5767741551774,290.11924001438945,693
47765000,161.38939090691164,282.43914012617245,693
47770000,133.546105058936,317.3436110995198,693
47775000,212.70663313039887,379.1782174744228,693
47780000,172.27723706600653,244.60876267558228,693
47785000,171.1131118801834,267.2642738512074,693
47790000,175.86371894822602,375.63275697705177,693
47795000,190.36298435013796,249.30735165322932,693
47800000,199.4221238524846,318.410229010266,693
47805000,197.91267974559062,274.20125676651094,693
47810000,193.87815700993028,325.43762130836814,693
47815000,155.33422834247173,301.924489073798,693
47820000,172.57895833018887,306.942492317099,693
47825000,164.8220049027242,271.07857847293616,693
47830000,149.33149449928317,299.20641479426575,693
47835000,125.51099795818746,316.3445428619729,693
47840000,178.46912887199764,279.89622735102216,693
47845000,149.94655959707646,335.1517444864427,693
47850000,180.45279335146498,277.20521571035476,693
47855000,175.39290405418203,347.5509521191361,693
47860000,200.56585221238046,355.4969787073468,693
47865000,232.5944648445353,327.57033280654804,693
47870000,193.8096283790243,319.32931954705447,693
47875000,175.46714696708165,317.36253278179777,693
47880000,152.58504996713435,289.96707935741046,693
47885000,182.16828215021414,275.23511431907224,693
47890000,220.48422239927405,356.72392109602083,693
47895000,175.8361849032246,322.47123554817404,693
47900000,206.49077779859374,347.16032635773433,693
47905000,163.68693456595582,273.39997188858746,693
47910000,170.05839223989173,287.2252763721468,693
47915000,175.51785132531856,289.13297817579644,693
47920000,158.2549923943114,296.53391670419603,693
47925000,165.4685184134966,335.991510277522,693
47930000,162.63117225936412,282.2259160725896,693
47935000,224.10149774963054,316.9686791193723,693
47940000,161.22179596017645,275.49914971412073,693
47945000,203.92285138505997,311.62293206334454,693
47950000,156.43996731321124,286.90529891714596,693
47955000,145.52632900426343,329.9014321810281,693
47960000,148.42172510923317,271.8985516145539,693
47965000,161.13855527437303,305.5027958189405,693
47970000,201.0027791129579,316.6592002325764,693
47975000,180.42622784156148,292.3547499561143,693
47980000,156.11923476506456,359.40516145377154,693
47985000,175.56663653239542,285.91498001005164,693
47990000,209.31074329629556,310.0124031834459,693
47995000,165.88640696464012,318.43720585213396,693
48000000,172.14097762808805,289.4593992601189,693
48005000,177.0766952100783,304.4146598830617,693
48010000,182.35131474724517,331.5029682806503,693
48015000,191.2714811273234,316.68746361770957,693
48020000,203.94850364599696,246.67935502566738,693
48025000,143.53646461902295,280.60241451262834,694
48030000,210.89861018156986,327.1744254545259,694
48035000,176.1498927150709,363.8852707187455,694
48040000,152.475020007463,325.161741743274,694
48045000,204.7664753041357,268.50733951785696,694
48050000,172.49268050403543,306.44469050669693,694
48055000,195.7653889372324,292.89521196758767,694
48060000,188.56384617402972,327.471385752556,694
48065000,195.23366136838592,294.7933739428635,694
48070000,156.38895194822135,270.8252021887726,694
48075000,168.19881504306426,321.0124445110213,694
48080000,146.2567285359012,330.9150483774307,694
48085000,164.94267294602236,279.82403406097325,694
48090000,170.8723190729007,262.612153316768,694
48095000,201.34048483501732,300.86413575819125,694
48100000,167.17510519262964,302.44888178451964,694
48105000,160.512057671313,318.5508894208799,694
48110000,182.06854359216706,295.16706302249094,694
48115000,154.4885857409839,313.9151815298741,694
48120000,154.8568377587604,383.12316410258694,694
48125000,174.97685505889146,329.3696166732578,694
48130000,188.6802437788777,311.40013696972625,694
48135000,176.74582903343412,329.885751356644,694
48140000,154.27894216605486,290.96470658178157,694
48145000,165.4945367214717,277.35662976510105,694
48150000,166.83363153964544,315.810676502062,694
48155000,219.92987678842857,289.2269777809421,694
48160000,193.77315396123652,279.67733707496745,694
48165000,168.99257602438925,280.5576284099429,694
48170000,192.53308674674895,323.2615101149167,694
48175000,175.86240233767003,297.7670050575107,694
48180000,198.7845033440672,274.58191106871607,694
48185000,196.95825447974113,315.5122213706089,694
48190000,147.03040543187697,261.3679369191737,694
48195000,207.65168091052527,271.74304240901125,694
48200000,218.82074132835098,336.0216464856638,694
48205000,174.62565194561844,347.78391660576517,694
48210000,177.5208511413309,343.8522891961483,694
48215000,230.9350450121171,303.21916033977806,694
48220000,178.44925691939264,304.1292449916248,694
48225000,157.702680336672,275.4172348733481,694
48230000,159.65220186480587,284.1744749863847,694
48235000,192.1221088586355,324.61373437074775,694
48240000,214.31557955715826,329.8488245554241,694
48245000,176.28494043195687,293.81335826946054,694
48250000,142.35959222102773,313.33484022453797,694
48255000,187.29676714653203,341.6331295723407,694
48260000,175.3560034222457,350.1324466546785,694
48265000,176.33369699003154,255.25910490765003,694
48270000,163.59085974394597,349.0316939342389,694
48275000,149.7933784477195,293.93060428327414,694
48280000,186.171944427269,299.92054930694974,694
48285000,200.31527854015147,329.5412762314988,694
48290000,214.61445444032097,302.5459277736315,694
48295000,130.03130147629392,263.89552789797716,694
48300000,186.13923629315408,312.7676402932184,694
48305000,190.6372622873506,324.4851552927601,694
48310000,179.65862905284118,256.71347106624467,694
48315000,181.9636119149467,310.3283279812098,694
48320000,160.1407644576597,269.7539357650919,694
48325000,200.3192083556858,289.57632185693285,694
48330000,181.22791081239006,318.97035896387337,694
48335000,192.49912301807382,309.52712408046875,694
48340000,203.68160838721647,313.29253846206,694
48345000,164.20460934553188,350.2699057491602,694
48350000,222.88381645864794,314.132666828783,694
48355000,169.20405621187052,236.33700895736413,694
48360000,187.34168185463005,393.2523021901294,694
48365000,180.3816064405797,363.27897026660685,694
48370000,192.23258811126473,267.486594054449,694
48375000,180.9385017760769,332.593548841821,694
48380000,132.06596516367023,265.95895186772657,694
48385000,147.07575367296658,293.11947639055376,694
48390000,185.58139306691774,285.33765421253963,694
48395000,158.53945077068812,253.28477900076,694
48400000,182.88840569489935,313.5970971580805,694
48405000,185.59202255239543,345.64971936320836,694
48410000,190.08600414710358,254.84310022175137,694
48415000,139.01361884043678,260.4377527935266,694
48420000,163.80852211532311,288.16811562231123,694
48425000,176.71073350121424,314.01098706347005,694
48430000,166.13688951886175,345.8614553403394,694
48435000,157.68311619372002,318.51896658795306,694
48440000,204.16507029593257,326.7353669125591,694
48445000,180.37447762074203,328.5503470452362,694
48450000,169.4167266529742,354.49336592475834,694
48455000,190.79742171673905,247.6135513138133,694
48460000,161.14499480440114,302.0152409604992,694
48465000,217.18813987121996,310.4974449718917,694
48470000,192.50716379326306,289.864578838833,694
48475000,162.04691632632205,301.55405239592517,694
48480000,236.79061178847613,299.2071210416332,694
48485000,152.95300640020463,316.23985054099626,694
48490000,148.64941419513548,327.00564470751067,694
48495000,168.14270626067764,308.8601759084191,694
48500000,199.74553599911826,310.88197128778427,694
48505000,191.35051451874511,243.65089878382656,694
48510000,179.7412707196029,296.8625703662718,694
48515000,179.59040183057726,290.72183146842514,694
48520000,169.29717790429194,280.3322261640107,694
48525000,158.0384340320935,282.1960068353202,694
48530000,165.78085411429058,298.89376124154103,694
48535000,192.3889897141209,324.0429756944738,694
48540000,156.87160544637837,300.93521758672625,694
48545000,144.92112779181912,229.15738202645682,694
48550000,182.23960839573837,318.74266005878485,694
48555000,166.80236619678942,274.7674121481015,694
48560000,182.76361139787107,279.1068521344579,694
48565000,141.45187555226346,327.1766329816175,694
48570000,170.77370101670365,286.35988848235587,694
48575000,144.62891039439555,295.2685520106415,694
48580000,150.10658563961766,260.99278417832227,694
48585000,170.87701969412038,220.49398854127028,694
48590000,197.44277660899354,253.78821340560265,694
48595000,175.7775390984614,264.247020445634,694
48600000,187.36722417706363,308.39900617735816,694
48605000,137.44748203707593,253.6904978875523,694
48610000,160.8099854797001,288.28989636791334,694
48615000,184.63032173698997,306.0003274514848,694
48620000,194.17060355172768,323.00280254175027,694
48625000,174.88981320742155,300.8947186368186,694
48630000,164.34174776689179,285.8151961796044,694
48635000,174.51036422535248,260.4554958323436,694
48640000,217.05394028664864,284.4157005926061,694
48645000,184.6708404184877,313.92880684062396,694
48650000,156.10531014701877,309.018653780713,694
48655000,170.6509085843199,279.23186762521703,694
48660000,167.4185266832239,263.3869619473639,694
48665000,192.0141323789002,234.37804166941186,694
48670000,143.75698090740204,279.4160169728254,694
48675000,183.53420917962117,270.25040320742994,694
48680000,140.68243289132775,299.95640887845144,694
48685000,167.34165765735835,311.36494905344114,694
48690000,179.86657453643525,289.23283588075384,694
48695000,184.07878978881047,288.0105475199052,694
48700000,174.11484509574433,290.56910725635447,694
48705000,167.2938262170307,316.99494083491663,694
48710000,169.6360030505853,307.25129617769613,694
48715000,141.12502279966952,307.47611630619264,694
48720000,160.64392044241953,324.9185230865589,694
48725000,212.41802941132377,271.6998652228476,694
48730000,189.217220497573,304.59601167266004,694
48735000,162.56039273785814,284.53306814919665,694
48740000,201.3375243496932,287.16428420906885,694
48745000,177.7569040770962,254.90130174385195,694
48750000,178.94244940099182,298.2264779965299,694
48755000,178.02049143093424,347.53857013535844,694
48760000,199.0755161376424,276.83250047222305,694
48765000,196.98268708624497,306.05984660586006,694
48770000,200.2942787560581,273.6543034880133,694
48775000,169.2286176272329,290.70325722892187,694
48780000,206.48023731626537,256.50813834051525,694
48785000,176.40203795618154,313.83951595913305,694
48790000,159.58272573032357,298.4464954686439,694
48795000,177.98729800302,312.70106951204104,694
48800000,199.55738770800335,317.1683466335469,694
48805000,169.5914669470504,337.3474094230782,694
48810000,190.36478935256986,378.13916948124034,694
48815000,166.03595695956247,293.865746115932,694
48820000,241.4852329176934,352.7308580141047,694
48825000,196.6525750529331,329.4970592861867,694
48830000,192.59593043937576,314.3589073446716,694
48835000,193.1757696726073,299.27386789352636,694
48840000,194.87206686560066,374.169608482559,694
48845000,147.88617580099384,301.053667281261,694
48850000,199.19821258088518,302.80650158603663,694
48855000,160.54640836692727,219.8154764831544,694
48860000,170.9106101805867,310.2172959400149,694
48865000,134.3052861519351,261.84243550804405,694
48870000,178.06973987346345,311.1415584765125,694
48875000,182.5779562966225,338.6515265483379,694
48880000,201.0466137902174,300.5975300060922,694
48885000,168.94013414696104,254.343095372168,694
48890000,207.4774089190558,327.04936802077896,694
48895000,192.1873742645891,336.44724573741354,694
48900000,212.94146895750703,241.00527645508373,694
48905000,167.16032823040038,276.11542514473456,694
48910000,158.74736303228448,266.9825938168444,694
48915000,218.35636275683436,318.1670856796801,694
48920000,165.48740461979912,266.53945258926404,694
48925000,166.55628003543524,295.91536956747785,694
48930000,135.14145587137145,298.40074163533023,694
48935000,143.76202054429248,310.25209215455624,694
48940000,151.20315984348096,358.28092733202146,694
48945000,154.36242026239728,303.1203851064086,694
48950000,117.00970478691275,296.83058008948456,694
48955000,168.47685597180356,364.13818366725576,694
48960000,158.08827942409295,256.3955552102568,694
48965000,184.58548977330867,366.3494871058107,694
48970000,184.94891911877806,244.11468428748043,694
48975000,186.74962119693527,273.812979918929,694
48980000,186.58651545777673,260.25633752842117,695
48985000,165.00265817657248,327.63946026737744,695
48990000,173.58068252434765,280.075939010933,695
48995000,199.0379048531268,302.8745271725795,695
49000000,187.5447711447918,305.95899832952205,695
49005000,166.61062662774782,319.97979662645787,695
49010000,160.99941773483013,328.47198155190466,695
49015000,177.93312944446484,315.1988139654982,695
49020000,166.1795722931488,315.9390601951972,695
49025000,209.01183588449427,233.9773948282779,695
49030000,123.43049933110044,305.6134950457242,695
49035000,186.7322410389906,310.59123806753297,695
49040000,172.44584305188243,283.8918584283329,695
49045000,166.4403869306863,384.9635757078203,695
49050000,166.59995434288945,277.35150280579944,695
49055000,180.39895928840824,325.468710937973,695
49060000,181.50854083938464,274.9088934924595,695
49065000,170.65024091912505,268.7115453481268,695
49070000,175.6750301996018,284.61579578876456,695
49075000,202.09265875023434,284.5330796047953,695
49080000,168.21777929362054,253.68890312974452,695
49085000,186.5709175383048,285.64067825120355,695
49090000,157.6170524960059,245.39131197663778,695
49095000,148.33312290895054,311.7450845313565,695
49100000,173.73807479429473,285.03580693383884,695
49105000,159.68317179173178,368.64807834556774,695
49110000,183.56986511040628,269.1424938863735,695
49115000,183.66606823116177,316.0145595981359,695
49120000,208.16581444240148,355.57885095489223,695
49125000,160.11483088631346,294.3752413080551,695
49130000,194.5399527094309,313.22870241640476,695
49135000,168.43772273168844,289.5897801494623,695
49140000,167.79465203553607,287.2923511827765,695
49145000,168.66687203578306,334.64270883172287,695
49150000,188.6246406308479,323.38812492844454,695
49155000,206.32464933531273,273.3244612839661,695
49160000,137.7071852360374,273.4561678582441,695
49165000,166.20554768678014,306.9979490246999,695
49170000,193.3983614635024,325.9290685299913,695
49175000,201.53321523552913,296.5067372305448,695
49180000,159.33375077375493,328.6933645356798,695
49185000,168.6935760129985,328.5179376299232,695
49190000,153.88718068170226,269.3117856714545,695
49195000,200.1929108900837,269.01121807058894,695
49200000,206.76572816035312,229.7499259282404,695
49205000,173.2418929463234,316.40580476779576,695
49210000,171.934227888959,270.0569399454347,695
49215000,165.01271093344596,293.56695476182017,695
49220000,143.82469748467986,326.12230470402164,695
49225000,167.8370024162829,288.6222220896274,695
49230000,152.68814422134415,263.5643473935497,695
49235000,172.6056587583674,323.54039669311726,695
49240000,190.71610552163332,335.186710155665,695
49245000,177.72025674126252,282.49791527344706,695
49250000,143.804088851246,337.48650072922396,695
49255000,210.61342695585867,303.5713161808106,695
49260000,202.49927148871282,313.46711270739013,695
49265000,221.7237418249675,315.65436447107606,695
49270000,151.42138635240892,326.5599479979114,695
49275000,154.35293734324543,315.59254802367747,695
49280000,182.9850114241019,281.0622584245345,695
49285000,191.76337003402597,318.0267716952119,695
49290000,140.94067856678228,307.97995750605753,695
49295000,202.7642653976064,334.2086130731649,695
49300000,174.19378301666387,307.65622787630105,695
49305000,192.25744729311248,324.74743386840964,695
49310000,170.90907102859802,346.90532439583984,695
49315000,165.35554879836354,318.3912973674471,695
49320000,176.43859019766666,336.220051856425,695
49325000,162.89210516967563,239.19119065347465,695
49330000,171.87827485841717,321.26155727154315,695
49335000,185.72365427818582,273.0841100917647,695
49340000,154.72471728651527,294.877003027705,695
49345000,193.8259474072958,352.58549399056994,695
49350000,170.49749428081512,298.601180316279,695
49355000,212.59100815205048,290.5359258819757,695
49360000,164.03506095781222,316.1898432105874,695
49365000,164.9035020243094,311.3306345782376,695
49370000,208.9917248217324,281.7273462019769,695
49375000,144.22440649790428,291.97071915455797,695
49380000,190.74051316190335,366.49447365983383,695
49385000,171.83708781187926,284.98358158221555,695
49390000,229.91006660127638,227.15145139458917,695
49395000,188.2028088690809,367.3112917713901,695
49400000,156.13833141421796,260.08907385744766,695
49405000,200.7623397873274,312.6957067139493,695
49410000,192.09361445503203,298.3142911248432,695
49415000,161.58912748135384,278.3040694625246,695
49420000,175.56320765616675,248.43996922113482,695
49425000,155.88602423648328,266.0178778594867,695
49430000,174.83327721318548,268.16132544901063,695
49435000,171.42321059327935,311.3236129522738,695
49440000,140.17578142335353,369.2863103820867,695
49445000,212.21155569182247,333.829622629036,695
49450000,202.74904197034095,335.66867256218814,695
49455000,190.62156654869187,252.27842580840647,695
49460000,158.8532356383032,266.77710857945,695
49465000,207.8862731104651,295.0473729892937,695
49470000,135.46732760516178,307.1840732929129,695
49475000,141.30763173348683,268.90912598018116,695
49480000,195.52494612989858,332.15096798068487,695
49485000,171.221489782266,292.2394274145836,695
49490000,161.43452268017634,227.740393751052,695
49495000,176.75371598343023,362.57491706310293,695
49500000,202.40076506891333,297.90629790190746,695
49505000,174.26444822998343,374.9869247337918,695
49510000,194.34437664565664,275.99377344908305,695
49515000,191.72765158623247,344.9739083730517,695
49520000,155.73686846378172,273.32247410822947,695
49525000,167.32595734290192,338.0464665306615,695
49530000,178.4624320870771,216.88885839358088,695
49535000,174.5349197546645,257.53498823058067,695
49540000,184.6730790639229,314.4949101845982,695
49545000,203.0228581263856,322.21698726106615,695
49550000,177.09974194725947,313.8807282703871,695
49555000,168.13898277562737,283.7246130116255,695
49560000,171.51452807943886,259.1437564279056,695
49565000,173.52004729894108,282.99995830177915,695
49570000,143.38672241074204,285.2409875388727,695
49575000,166.22782067681254,287.08225708687195,695
49580000,168.43689881245817,266.37442562667127,695
49585000,189.32024235993234,264.2317484923373,695
49590000,201.51335509540007,274.6986207259008,695
49595000,157.10967113370856,338.8447596107606,695
49600000,215.43906224917188,347.1691802379378,695
49605000,177.67036349321106,317.77889545446953,695
49610000,153.4486246175943,294.37865914197533,695
49615000,158.5543151961406,369.9913706953321,695
49620000,176.14212966554314,287.313330257535,695
49625000,162.33350555183875,355.20265689975537,695
49630000,173.8414244019686,290.28162602041,695
49635000,141.83801071925876,329.8102217413833,695
49640000,166.7824504114616,303.93443526790537,695
49645000,183.11946220560154,300.4811753660915,695
49650000,158.7610919278051,380.72048122900304,695
49655000,184.07640723458982,235.26484776669702,695
49660000,150.4769170516429,401.005769860155,695
49665000,178.65222202392843,301.141754324749,695
49670000,156.83407015964752,319.00791227877653,695
49675000,171.4627091205336,310.6089410220642,695
49680000,179.708324201327,268.39688634702316,695
49685000,147.01929219220898,324.30954199415106,695
49690000,175.2838941210326,294.3820815362334,695
49695000,188.93482963235596,317.3658143554817,695
49700000,178.2308085713854,307.42346101188065,695
49705000,178.15924163820347,260.01909514286973,695
49710000,184.91275884685624,343.18063654294986,695
49715000,184.41858646128617,270.8762228026654,695
49720000,137.313114042939,287.1697002551744,695
49725000,183.90547627738502,302.55243719537395,695
49730000,153.60597871309025,270.5794875519637,695
49735000,151.54017443535264,340.772977025101,695
49740000,172.9121187327484,265.3452232253144,695
49745000,196.2663978904903,324.1335730510428,695
49750000,149.30898506419493,341.9504416154761,695
49755000,164.971063622544,317.4479135114836,695
49760000,203.41858202164798,258.100930536375,695
49765000,176.96672679762398,283.4179038385868,695
49770000,193.11860077409798,294.2063623607341,695
49775000,169.0852386852632,284.06775369518937,695
49780000,181.2326740338167,288.229355184158,695
49785000,166.2976319116099,321.3611823484896,695
49790000,189.67195784700974,273.53193035804765,695
49795000,145.3188010326483,320.1337459794015,695
49800000,192.37749075298152,349.17271582923325,695
49805000,195.15277419082744,281.2341010256596,695
49810000,139.59589312106328,255.81763286053982,695
49815000,172.25566006517477,289.9308156608347,695
49820000,173.76141178327532,316.0303757436281,695
49825000,185.56472671901375,320.6987059258228,695
49830000,226.70413014387998,309.3734764491249,695
49835000,192.88647100489058,296.8121214884881,695
49840000,167.18890031453594,310.01782003951723,695
49845000,149.84025185920945,276.63164145808685,695
49850000,245.31726021822516,305.711763678987,695
49855000,181.35472557575997,321.9204689501262,695
49860000,160.67861218194048,311.292119445775,695
49865000,159.24809713748775,265.81295954053166,695
49870000,180.24095338038836,334.6953646638753,695
49875000,164.40558492733555,319.0071439834043,695
49880000,178.55844704653762,336.0636929570487,695
49885000,174.70549144261486,263.3384120433554,695
49890000,223.85224619152729,285.80411361837173,695
49895000,181.92414062851864,318.52420295398207,695
49900000,185.44269171501185,295.74300168826073,695
49905000,157.06363102285508,286.17742924167777,695
49910000,178.91536165343152,317.71362603477957,695
49915000,203.32444979368438,303.99567156143934,695
49920000,167.79137999082013,303.1727481840294,695
49925000,163.97405834711537,337.2175285322395,695
49930000,171.827082512881,263.8613916552034,695
49935000,144.03362403793707,298.3244805964097,695
49940000,186.8907108877218,325.2674907305141,695
49945000,209.1311097795163,268.0436905009644,695
49950000,159.36204784809954,355.1526343662333,695
49955000,179.61412220665764,372.3316452751998,696
49960000,177.8834680937611,287.8375825435806,696
49965000,168.547863915627,268.1272823014516,696
49970000,183.97822878939684,267.79208025955325,696
49975000,152.56048509959692,300.26686596089525,696
49980000,187.82455805249822,329.1273656076987,696
49985000,183.27986881819226,320.2746877043464,696
49990000,176.74792179245895,304.21347903505205,696
49995000,172.64681819530867,319.46266059024174,696
50000000,221.99462507108572,280.9954609755506,696
50005000,160.57043362120544,330.742646456459,696
50010000,195.34514318430303,332.98500664235337,696
50015000,185.3225863300846,253.847985989259,696
50020000,173.89538077995724,314.56397473731533,696
50025000,160.94064356910624,251.5461574500697,696
50030000,130.30921849409344,280.8427563804861,696
50035000,193.44449913860842,260.57847183559136,696
50040000,190.7034383550858,342.369138260933,696
50045000,190.1819542009563,282.05150241353493,696
50050000,208.528446391177,273.40315542787687,696
50055000,181.86666640026195,222.0882718297716,696
50060000,156.87301553688562,250.09053031950762,696
50065000,178.4098483594119,248.8654498085964,696
50070000,161.77748820439732,292.984281046625,696
50075000,212.03587616103894,306.4536323784336,696
50080000,154.83236431477363,282.61863662237715,696
50085000,163.8416840295834,290.10373861300076,696
50090000,221.4675953131627,338.13406056354387,696
50095000,187.33355871399675,341.5684125412388,696
50100000,153.75400192134475,319.1261929685665,696
50105000,132.9001727053418,229.93178854081106,696
50110000,168.77994522349388,295.7047858441664,696
50115000,176.87338988541003,331.40235906463965,696
50120000,220.98933043319175,358.0063595575534,696
50125000,153.26770265435465,328.774923757335,696
50130000,192.14255114646642,273.62524306479,696
50135000,146.00734239552116,279.8188435970966,696
50140000,164.84667870233375,342.3189155652393,696
50145000,184.59211746255423,292.25107336062604,696
50150000,180.41017633501463,310.6048661715115,696
50155000,180.71076377915708,307.1775071002621,696
50160000,160.15889733150442,311.5875903518484,696
50165000,165.21079179091663,281.0573534883258,696
50170000,182.4436448350124,384.4621729323124,696
50175000,141.6134560871958,213.98439643926005,696
50180000,166.62684594058553,277.95899935900786,696
50185000,155.2898416221809,283.396138130325,696
50190000,163.69034159380638,293.77070363402083,696
50195000,157.4863868587852,297.4481089362534,696
50200000,196.66242119138857,283.2280894328542,696
50205000,177.10544177586107,307.96754885984785,696
50210000,168.0752160303011,328.50550363101075,696
50215000,197.38158054973033,313.25697048381085,696
50220000,162.59116339459,272.9975997880047,696
50225000,191.53380720653732,361.8198904766047,696
50230000,124.49412911354948,288.7789755385381,696
50235000,159.76924051287284,271.21491387879684,696
50240000,156.87873960854762,315.96089859202283,696
50245000,175.73781671941111,225.44645471029577,696
50250000,213.15098220546406,267.99796528300044,696
50255000,165.55783945526682,282.8667479442513,696
50260000,210.89104155687946,340.3351603833,696
50265000,196.455219224745,328.5477055226896,696
50270000,168.53459537079502,279.7723892387459,696
50275000,199.76491704190855,341.3679909022169,696
50280000,153.67053375764888,333.4103943423508,696
50285000,156.35582421565115,275.7612892420186,696
50290000,171.54126218830334,315.8464122375767,696
50295000,165.37538156513563,285.39068099425236,696
50300000,181.39936697376777,289.37247607022175,696
50305000,163.1293923657938,251.814324311523,696
50310000,166.2498684293943,269.06407395333673,696
50315000,149.29391886643035,255.3816973313388,696
50320000,159.84095836069645,279.18875885805517,696
50325000,220.52274385816892,244.6658875863997,696
50330000,180.10970321235325,320.09443996429883,696
50335000,162.76055269362686,314.28528008395165,696
50340000,168.68792327014833,296.47792344673593,696
50345000,162.48670084396366,289.83272876726403,696
50350000,191.20649676891637,315.80168998538176,696
50355000,164.2796485841711,401.2575240844007,696
50360000,158.4892764640702,254.88475998068134,696
50365000,158.44025341546634,309.0972494357925,696
50370000,212.38277699979486,285.5636300382266,696
50375000,158.5556001062525,313.3185953576488,696
50380000,197.97506473859127,324.7790653731011,696
50385000,160.26810684105078,338.25699672369115,696
50390000,157.62093707817803,343.4798012314356,696
50395000,200.1499347276015,296.15041293183697,696
50400000,174.28362375507385,264.1593693389945,696
50405000,149.00204334904387,314.57554717698105,696
50410000,159.09013142238987,220.91440487280047,696
50415000,184.98688316781033,339.6631776936341,696
50420000,177.92395659427837,298.72036771781296,696
50425000,136.59024910614875,239.2894517735222,696
50430000,164.4761047053677,319.43554253254723,696
50435000,207.11859778019382,338.07141013987194,696
50440000,173.31707940037091,302.3928647090113,696
50445000,176.17322401537058,325.0060917425855,696
50450000,139.61212354459283,266.12742694729866,696
50455000,152.28752176836738,264.2250137877996,696
50460000,171.12154853361204,311.0249345539048,696
50465000,197.9115961854126,272.4888323996776,696
50470000,152.2285858084833,343.20015595342016,696
50475000,213.0549127458922,273.1435518159249,696
50480000,203.3423218686992,292.7498806303691,696
50485000,162.95925958366627,324.5792680565328,696
50490000,193.7524315718782,247.97455511732056,696
50495000,196.87496251704775,246.44314854971523,696
50500000,199.34932265218154,323.2098628669384,696
50505000,183.38187085816537,312.2356674864782,696
50510000,175.3407494692259,311.39082252184056,696
50515000,150.86264348313387,334.85336113789475,696
50520000,169.72065062722814,376.3460039507558,696
50525000,182.72589266866666,299.074971416147,696
50530000,202.31626448671253,269.6578197934287,696
50535000,169.35361829979857,293.2243678483415,696
50540000,150.84062553710268,348.5325922335426,696
50545000,172.15316522731032,310.18310208395434,696
50550000,155.66031016816768,289.29138587575653,696
50555000,217.6191540647669,340.03318641138156,696
50560000,152.18338438246658,327.8322223405746,696
50565000,163.21630390663773,270.65483998117276,696
50570000,158.16748143323548,333.09963040164115,696
50575000,199.96603481778695,272.47867310948595,696
50580000,172.87799965939467,307.0557066286249,696
50585000,162.99833088711827,242.8176517916277,696
50590000,204.69059093684376,319.025344670599,696
50595000,177.22542536254383,301.1628116623676,696
50600000,161.9276483856598,298.93515312798803,696
50605000,200.24095310090664,291.4709957364205,696
50610000,177.84614628646656,278.1902611911195,696
50615000,166.50338400352013,291.07392357136786,696
50620000,204.05812174357445,279.3348309451494,696
50625000,180.14505480406194,313.24606563678543,696
50630000,181.0637724221394,265.56634103468787,696
50635000,164.0697035300454,234.14453152028727,696
50640000,215.17611969335402,279.56561216189107,696
50645000,192.75491030849315,307.2951945763323,696
50650000,155.28686570535623,290.5554624570176,696
50655000,177.78751287100877,323.00059828037615,696
50660000,193.449455118218,305.0282888724108,696
50665000,179.04053105885637,391.118426157784,696
50670000,178.57315697234725,346.7840135717016,696
50675000,180.7062865221805,318.1112013233907,696
50680000,167.77428934468156,223.39194779756411,696
50685000,196.9298059844446,274.26699076020253,696
50690000,199.7420799191633,252.0703357068625,696
50695000,186.5564594550453,263.634021194183,696
50700000,232.03285746370184,325.7683562184906,696
50705000,179.9039754870261,329.86168859061456,696
50710000,156.4113422470039,358.24960399309464,696
50715000,198.99465880120434,300.0097479573146,696
50720000,159.57795451050595,298.6125687248963,696
50725000,234.28743099547344,247.71575975368773,696
50730000,195.0726580659577,321.11573709596837,696
50735000,176.83293128662336,223.03634220393334,696
50740000,163.710397822064,263.65863854491204,696
50745000,188.3567077714298,346.9105361143053,696
50750000,143.36683446727153,249.33056069631786,696
50755000,187.64125277511528,345.6303273200686,696
50760000,152.91404161358815,280.2991186487208,696
50765000,180.50519454608065,311.5331256666747,696
50770000,173.46677005074343,295.9056470562369,696
50775000,189.1141704754388,240.27429100408634,696
50780000,203.35827097977915,363.54761164826795,696
50785000,164.89999640454207,257.3552162866756,696
50790000,153.59592585263556,289.1007972567605,696
50795000,168.67404364168604,264.15819516169756,696
50800000,162.24476568650988,284.39446129458696,696
50805000,185.60367927292725,277.4685934206439,696
50810000,177.7516336995716,331.8425686431135,696
50815000,179.30931038799235,336.64543022055693,696
50820000,158.96330502430115,249.49249722704312,696
50825000,140.0535473624321,326.93301369629444,696
50830000,188.32972257232308,305.0616136931124,696
50835000,179.49258349767234,283.9568101388538,696
50840000,178.47047251074798,323.3384749202491,696
50845000,158.02081131354757,313.3057728967416,696
50850000,193.27372379928462,280.61598696545644,696
50855000,158.8893201183842,341.29982623159447,696
50860000,169.97624268977404,270.02223777087147,696
50865000,134.4826478863219,252.26027497596633,696
50870000,183.88186212850388,306.18199634540423,696
50875000,170.8361589515835,331.9538583631644,696
50880000,155.93022146693374,225.15578797084677,696
50885000,171.3595892716344,352.8407880929174,696
50890000,180.25231483196097,294.08821910911223,696
50895000,149.61733629207845,323.7917990148798,696
50900000,175.9654682744222,283.5852116778034,696
50905000,187.55431187753712,331.7120999580754,696
50910000,157.24638194622452,284.8316184839984,696
50915000,167.85875809785117,296.84996926001213,696
50920000,166.49084221825072,310.38278550502105,696
50925000,172.81925269651214,285.9652884528268,696
50930000,171.27517476176385,289.61959489249546,696
50935000,178.75022403993654,303.45293478520347,696
50940000,199.094891652912,299.3078769015159,696
50945000,146.87130056623394,279.2474234909018,696
50950000,158.73747377258465,264.5250804845055,696
50955000,166.36510523969957,284.28395281196424,696
50960000,168.68080722060537,232.90072658157487,696
50965000,142.15087675394903,290.3618703928959,696
50970000,143.29226053557485,289.4595579291265,696
50975000,183.8502586906962,310.30728979773363,696
50980000,203.71868562678543,344.46867193156413,696
50985000,156.96772507224816,276.788889450667,697
50990000,175.4175691528115,244.84454542792437,697
50995000,216.41969403800576,256.07312532782646,697
51000000,173.00402656681217,228.46765045524475,697
51005000,180.7512684314933,287.47078650783754,697
51010000,189.53683733179452,281.4751112676986,697
51015000,224.82559687834203,306.37344608097766,697
51020000,186.85569122134473,328.0496026064502,697
51025000,206.5377313171348,326.1599890372343,697
51030000,198.02968173886072,272.24578057417983,697
51035000,205.41508494195944,285.3368396144382,697
51040000,185.79737686051314,301.203652636056,697
51045000,163.94535447406938,332.5235723092592,697
51050000,157.45331979637197,304.4694030306217,697
51055000,157.8624232903496,305.4578337685785,697
51060000,144.05826392594736,263.4991741685615,697
51065000,164.4219533139529,351.77102949042114,697
51070000,181.57130088414354,257.1134202294545,697
51075000,194.9747385989,279.59326686520325,697
51080000,186.5807431537047,275.0963422336274,697
51085000,176.55063722557742,290.4838487592587,697
51090000,143.71986120407786,387.27374049913305,697
51095000,213.38282815490223,332.934762371413,697
51100000,179.76797602869348,344.245385448642,697
51105000,177.38404467720173,323.8629642933142,697
51110000,149.69176440706815,222.40550685286325,697
51115000,130.11649717667146,267.1164084746534,697
51120000,168.52517889258613,254.62613527534006,697
51125000,214.61754105063008,323.46408590145194,697
51130000,160.54049488477747,306.90356256220457,697
51135000,174.71947844281917,317.88109114618436,697
51140000,222.36001445692304,361.9116732968703,697
51145000,155.435950036477,264.25411866747515,697
51150000,157.11776969869632,365.3760185979723,697
51155000,134.99201398821313,261.61271236219073,697
51160000,171.5053429563229,357.42745946314716,697
51165000,196.23614164111916,331.5510698484837,697
51170000,187.2028176294546,312.3896061339661,697
51175000,173.21982166377848,344.3616792881422,697
51180000,189.1671076242457,302.79123590758894,697
51185000,172.1170734326723,295.66704267847695,697
51190000,153.3033785142839,376.3361203108725,697
51195000,163.86953064719336,320.9469250267771,697
51200000,214.51487801820588,255.32663652483757,697
51205000,173.9134206864327,266.41709271947764,697
51210000,167.17741599934175,255.5645610436835,697
51215000,203.8157322587495,351.71548789369837,697
51220000,197.05435128423187,282.0305729856992,697
51225000,136.293520841463,269.325618492166,697
51230000,212.14818313927825,323.2119091425225,697
51235000,165.7929342832823,346.7916799254353,697
51240000,143.27513260383603,282.3389664179721,697
51245000,225.1038480249594,295.10886438622333,697
51250000,163.89117608916098,347.3207831193347,697
51255000,175.0329508307249,271.84734146978025,697
51260000,172.14569291442058,300.06025545426337,697
51265000,173.60521455012042,310.06978437499197,697
51270000,154.90076467556509,258.09925243022724,697
51275000,170.56024656736847,319.46058695154795,697
51280000,164.48814523392892,290.40942163145485,697
51285000,151.16276641679752,244.20856829137105,697
51290000,162.38260589238877,266.04321327564514,697
51295000,153.08587063619322,338.37136425859075,697
51300000,191.26114447549043,384.6650211312439,697
51305000,205.0970478412214,261.26553806074867,697
51310000,166.39760484782732,299.3060438725948,697
51315000,171.51013505293312,327.000465534221,697
51320000,181.99729392738595,318.14330468947384,697
51325000,161.0902815797252,248.6938827134773,697
51330000,163.01912664279362,291.2775736450296,697
51335000,198.49718996095717,255.96408845334756,697
51340000,151.25436835080095,269.6949996615006,697
51345000,142.20645929006128,276.72741817798635,697
51350000,174.53183044372236,275.2773950220962,697
51355000,181.62621865741215,276.58052630982894,697
51360000,169.43362737086431,271.06777581331824,697
51365000,188.54779708970082,304.04937053983735,697
51370000,164.96681442914237,266.3340411804783,697
51375000,187.40489697321698,312.44927905517966,697
51380000,179.56144067140733,311.778508166499,697
51385000,185.34794245500623,267.9832262844495,697
51390000,147.85233434441923,317.3651737091823,697
51395000,157.9227731605452,334.2450016836814,697
51400000,205.87837436221932,311.20356026151273,697
51405000,171.70119363980962,372.74111748385985,697
51410000,203.89397354611592,290.41142739482603,697
51415000,180.11592283115502,284.5743407252999,697
51420000,171.3078879696952,284.6052498765989,697
51425000,168.7307029434417,271.69717706924786,697
51430000,183.3582866820569,285.9609020871218,697
51435000,155.67717822492818,318.0777085370031,697
51440000,172.34629355182958,300.47580090802967,697
51445000,165.43175292925332,311.3955218772534,697
51450000,189.9774348331481,313.7250798034903,697
51455000,215.55085148969346,279.63968836546087,697
51460000,193.01187601169266,326.7092807478947,697
51465000,159.751079896054,231.92611670846244,697
51470000,173.47797257215566,254.33086124666931,697
51475000,161.77290160602948,298.62455691285203,697
51480000,141.0728984668841,297.0638741432084,697
51485000,154.54490152228385,311.40692919329786,697
51490000,174.66642269615826,250.65918001889386,697
51495000,166.8213644214071,307.78448404720746,697
51500000,150.20450617301069,291.3574837881612,697
51505000,168.19067967028383,346.4631371840836,697
51510000,183.84975847760376,267.7766711218546,697
51515000,158.39530952091036,321.93117175785574,697
51520000,165.9507330281549,303.9483616311374,697
51525000,162.14733007206567,321.52947896579695,697
51530000,185.38739449137057,264.83009684840306,697
51535000,171.00917655107693,303.73526246259087,697
51540000,186.899149983326,309.432781178637,697
51545000,196.603814896458,345.02301340070983,697
51550000,180.03168645620053,324.15037613854577,697
51555000,231.40393995450935,277.3450862211038,697
51560000,140.56164276539408,289.7669474224549,697
51565000,191.93121516232185,342.5722948390791,697
51570000,185.63480864252864,297.6002111590238,697
51575000,154.48144055807902,285.68899085744096,697
51580000,171.24975184908206,264.0811433720074,697
51585000,136.5022281580863,274.63739850316114,697
51590000,163.5670381184634,351.37991550330736,697
51595000,166.50350336273468,292.60797384033594,697
51600000,160.88941789510835,303.68275152230177,697
51605000,220.46105569914585,260.2215544802022,697
51610000,134.61930663807757,319.5294224215115,697
51615000,183.1314064935477,279.99188835478,697
51620000,209.58230343880828,310.7103666248491,697
51625000,158.631315471882,295.42400423971804,697
51630000,140.52398623743167,320.8740322470977,697
51635000,150.23926841227052,356.99946767564853,697
51640000,180.74674377887294,314.00153096854996,697
51645000,155.48057813544463,289.27334978366537,697
51650000,150.31494665144317,257.5640776128736,697
51655000,164.79080170658074,317.77601046876583,697
51660000,164.30930364574874,306.61700313778556,697
51665000,201.12914593761255,323.52359153269646,697
51670000,170.32492579266935,267.69598676605654,697
51675000,163.04220886464495,365.1775467227753,697
51680000,212.7367591798731,330.2944711091123,697
51685000,195.68306794557492,296.25871013802225,697
51690000,170.29473623852658,335.2207920122751,697
51695000,141.00652948153,300.90755355907817,697
51700000,143.2057607271105,263.9305570961973,697
51705000,184.65395484161704,294.4681811727816,697
51710000,230.75638482460872,357.10426302148926,697
51715000,181.42346485889857,338.9649191881866,697
51720000,166.49967816953156,272.9590560075336,697
51725000,198.32396564516793,280.1349224228999,697
51730000,164.90142899576463,260.8154433393868,697
51735000,167.8353214738684,311.73326231590875,697
51740000,142.373061474786,317.184960016155,697
51745000,155.07165867827692,325.73745463502723,697
51750000,168.52889303233454,316.2756627261175,697
51755000,222.0582560153333,282.0502792954414,697
51760000,200.52200238354382,293.18175120930846,697
51765000,197.23932831500747,315.0403268347065,697
51770000,201.55931453497567,331.09799239161634,697
51775000,171.23818423292434,261.96725742456016,697
51780000,177.0955611988509,266.5737259057819,697
51785000,182.9662224065992,301.2732445915668,697
51790000,183.61824250818594,363.2723142798206,697
51795000,178.2238618151872,316.11422767965894,697
51800000,160.79761493451048,302.83537759976514,697
51805000,172.3782250592983,307.22428394662563,697
51810000,170.4220454150877,371.58648198404325,697
51815000,168.91861393045752,265.9328149338446,697
51820000,170.33196916067118,279.9184842982877,697
51825000,207.10946411881528,333.84922968296195,697
51830000,139.35669975033926,311.43342517348526,697
51835000,230.68247539722253,322.9223798577381,697
51840000,215.9554751486905,379.88199068226953,697
51845000,174.4600833753358,278.0357951258208,697
51850000,184.22044373090458,238.9621771240116,697
51855000,179.998230463594,272.9694833506796,697
51860000,171.7533770163573,280.3776772619244,697
51865000,170.7856138027404,293.47427826513564,697
51870000,146.67257690478425,283.53452229886545,697
51875000,204.54065623436566,291.54692610512944,697
51880000,158.97195388209275,319.6897206602569,697
51885000,185.9874331080092,236.82573448397338,697
51890000,177.61093718075722,243.08961311940502,697
51895000,160.708699720216,319.79670889157995,697
51900000,179.95009683726923,285.4002929228972,697
51905000,179.1256533308412,240.36410717082026,697
51910000,169.1425029989343,311.0512397871221,697
51915000,155.11393037547916,249.12281445688262,697
51920000,144.24024219171696,326.5565771185013,697
51925000,206.9066564190726,333.3276772007566,697
51930000,155.25776500234218,291.32703873065424,697
51935000,168.34291626949621,218.20719737897284,697
51940000,167.79055881022944,322.5129316416822,697
51945000,230.91511509704213,310.11451753382227,697
51950000,146.7577400979941,250.11043220257224,697
51955000,164.73492249590316,341.95574922078,697
51960000,139.15872553291408,296.51518199564066,697
51965000,160.95771507264433,275.2965765998598,697
51970000,201.3540645735961,304.0943315644602,697
51975000,140.92135983315782,313.6937105890653,697
51980000,181.9742238299557,291.7557189452818,697
51985000,163.42414478307853,314.54901088147136,697
51990000,163.91804279489915,233.94871014890467,697
51995000,186.00023553970948,296.03127283158256,697
52000000,163.68594381389775,303.44776880436353,697
52005000,180.13280807113668,292.9997687126154,697
52010000,159.24317230447156,310.13257404480436,697
52015000,154.2979184220369,280.4047322270074,697
52020000,170.44216847234503,297.7632550946209,697
52025000,171.9676348903142,303.85465901100025,697
52030000,198.25083158074017,339.6889222774395,697
52035000,154.52115452752957,306.5592644905908,697
52040000,172.39628868305678,284.52438074989635,697
52045000,233.64209418595698,336.8664860303391,697
52050000,167.55153052458684,391.59602819510974,697
52055000,167.37250571324952,301.84221578724225,697
52060000,190.9659413429975,335.7608076611241,697
52065000,179.967728787521,255.62501840112895,697
52070000,189.71850019876402,308.33618619933753,697
52075000,197.29898905867114,225.0369521839912,697
52080000,140.75548502755424,349.1843974197621,698
52085000,156.98904556500375,316.47981344374074,698
52090000,183.22897798980242,258.78031318815226,698
52095000,172.2016281479328,312.138816169059,698
52100000,169.55329772305504,249.25970193173097,698
52105000,176.84820408350805,280.2104560689056,698
52110000,150.36173856337592,317.93878890075126,698
52115000,190.64695654692673,383.69893288814234,698
52120000,163.20752611444416,358.37057391638905,698
52125000,150.83541899398386,256.522882215145,698
52130000,154.66656002550567,268.69773514880444,698
52135000,186.6015342068412,253.88913168052568,698
52140000,204.64863706660105,332.3324266871917,698
52145000,174.27311967527424,343.52921958108595,698
52150000,209.07412362755804,277.41902616095655,698
52155000,172.6702137120057,260.3035241407135,698
52160000,172.9366089813686,271.2095886291113,698
52165000,169.73521042594382,339.47486228901715,698
52170000,265.5557771063485,344.2036739068556,698
52175000,211.07365185450675,317.62620506774306,698
52180000,239.8700847505932,266.83474461025355,698
52185000,178.80428524788024,319.0621450810852,698
52190000,197.10582797802425,252.563975201819,698
52195000,203.58226953795545,321.6856163382102,698
52200000,188.3075405919669,377.93440485665076,698
52205000,162.32613929866434,307.1546442806301,698
52210000,195.58457214836582,319.3163403862307,698
52215000,172.18484252774277,340.56955873298546,698
52220000,213.87756155913448,265.3562675137061,698
52225000,165.97638783738697,309.26165633724327,698
52230000,174.94291069203868,302.5515611975537,698
52235000,181.82742323460528,301.951831881769,698
52240000,194.6898438518015,282.2954466711789,698
52245000,178.25623320101926,272.2025884075362,698
52250000,167.04423535468504,314.6827828282363,698
52255000,154.93296702312912,309.43728135880957,698
52260000,173.29625251853614,281.2711902640523,698
52265000,174.3515001934162,286.3602007056629,698
52270000,208.814931073347,275.5651759863605,698
52275000,189.03332621337154,248.56172959533978,698
52280000,167.5786764199701,323.24454149862146,698
52285000,146.34546120962645,261.21010490234175,698
52290000,179.89133229058115,281.204194288223,698
52295000,178.67003876943545,326.37947482365877,698
52300000,223.60886782387828,305.4380645507339,698
52305000,176.43064987730574,270.753350368226,698
52310000,168.8757349775409,267.98297034182684,698
52315000,148.19921593645518,253.91028326295682,698
52320000,178.8419904965713,281.36208742971627,698
52325000,181.9762066161878,325.80471375785675,698
52330000,193.32088689960895,323.19209672266766,698
52335000,157.3360813280246,266.6980056542726,698
52340000,159.15854108445868,298.68063214052086,698
52345000,157.6064079047681,328.59659629202827,698
52350000,133.57871543910792,259.7926115979829,698
52355000,191.9276669262281,288.30248106158695,698
52360000,173.32893423289877,317.5092498190033,698
52365000,200.3229349841951,298.35683161334987,698
52370000,148.64212768476193,291.78538918154715,698
52375000,212.7166199436362,331.7191572599949,698
52380000,208.05846119145352,242.6975276282699,698
52385000,236.479942827783,318.6361255154442,698
52390000,188.39567948003202,339.7820101415913,698
52395000,163.4305944788932,329.51161963018905,698
52400000,178.31510929619506,294.720232066655,698
52405000,172.4358213501746,221.25734062641547,698
52410000,197.28506680430868,309.909492074996,698
52415000,156.08754169392026,339.09887479952295,698
52420000,156.0146137368503,253.07137042461002,698
52425000,174.87847573923224,293.96744570565744,698
52430000,215.1607363159226,287.6804865532236,698
52435000,166.244376805871,325.32228339520395,698
52440000,138.10012548843648,278.05368904827696,698
52445000,199.57887933219428,292.28678088969514,698
52450000,151.58352876495496,278.7808961286521,698
52455000,187.38719705090529,346.70143877122723,698
52460000,155.01607604468765,329.82992384317384,698
52465000,172.6721107442185,277.85533048583255,698
52470000,155.87057405969395,338.9652458827306,698
52475000,178.41905787395322,329.67036816153825,698
52480000,196.92662812590473,263.6010175017201,698
52485000,146.53300414180313,258.05837799396323,698
52490000,189.04830393320418,295.33368316644226,698
52495000,178.85032847731094,286.5944238864718,698
52500000,183.82617693720843,274.8899532487441,698
52505000,185.45081998159813,293.90778161398015,698
52510000,228.99959901997593,255.3877233990141,698
52515000,174.0259762945432,247.99925979414638,698
52520000,155.7782242433721,276.73623494159074,698
52525000,147.14444945777026,227.7412051441376,698
52530000,156.88050643094593,321.1325855700411,698
52535000,185.22090707805765,289.9528873877,698
52540000,213.96114278176813,261.8946786175618,698
52545000,189.68821276081655,321.39892661515967,698
52550000,160.87718344982278,265.2125269139295,698
52555000,144.794065013536,365.78217041664885,698
52560000,216.81157643451144,292.97062085014414,698
52565000,206.185906014017,286.77374410380105,698
52570000,190.2932432087042,314.0572795802639,698
52575000,183.19445079772615,328.68433782364565,698
52580000,185.72822356591325,280.4492347371893,698
52585000,184.1684539462912,366.67568354244816,698
52590000,207.0183730966768,342.4828472159214,698
52595000,175.70293359529802,274.977163663282,698
52600000,161.13682592052996,285.98117312196706,698
52605000,195.84647553664968,309.3663184397444,698
52610000,189.2604792122649,334.456128588509,698
52615000,155.26346895964704,247.89994767566546,698
52620000,142.35956689888587,359.626339009264,698
52625000,205.88086474449076,288.11231109355276,698
52630000,185.22699602283654,344.99161671823197,698
52635000,176.10222136507736,276.9464221228965,698
52640000,190.78984151208002,298.62377293080465,698
52645000,173.58871735966375,298.02693160749374,698
52650000,179.05205719563796,305.04912046790554,698
52655000,159.01703951737792,326.0379604236011,698
52660000,211.11625702718553,332.486095676894,698
52665000,198.3449563303122,302.4601931325917,698
52670000,172.9735820113039,350.2306708870234,698
52675000,153.05672818453917,298.3614098216199,698
52680000,185.93328104083082,349.08370700086766,698
52685000,144.32773233748185,343.68541768850383,698
52690000,163.6263640318798,355.10677807324987,698
52695000,188.87475823899703,333.00893159223847,698
52700000,180.39400492592688,297.8659056322788,698
52705000,173.39773447595402,294.5319640145301,698
52710000,120.86234077121486,304.1055490990395,698
52715000,195.20847591676085,300.7955266897613,698
52720000,195.00482606450507,352.28942843278105,698
52725000,163.73708952997137,291.0848205287349,698
52730000,177.53114517188874,295.4805000795691,698
52735000,131.80394738649534,300.32733368075344,698
52740000,147.0471537457896,338.8484226013776,698
52745000,199.11818673567817,294.8014147293677,698
52750000,169.73024169066832,312.6779431306031,698
52755000,143.00074043578263,259.5523755601705,698
52760000,156.24083210822417,350.5136024975038,698
52765000,213.0374540106161,332.6820519604592,698
52770000,191.57434623332767,338.80066448907667,698
52775000,160.4639912633242,318.8483876784318,698
52780000,193.15777190084316,256.68228027580903,698
52785000,173.57248788356583,254.0736903209428,698
52790000,171.2576198526725,326.7776062224024,698
52795000,144.12106310787638,290.2913409559188,698
52800000,190.29812272899085,337.84340072325523,698
52805000,137.2281939971619,332.0248420751414,698
52810000,183.34807146784277,285.40223051695324,698
52815000,191.63865311731925,272.6542472210767,698
52820000,164.80271460914625,302.572909880301,698
52825000,195.51019381000324,296.2755245174973,698
52830000,205.10511445328132,327.4066398244257,698
52835000,183.55629114818205,316.6044668159742,698
52840000,155.6305788621679,277.0866075284491,698
52845000,193.02028478813963,270.9653312479302,698
52850000,192.2598415726678,246.47440260749323,698
52855000,191.221409930515,302.76979930599,698
52860000,227.64790366169862,307.13187277004465,698
52865000,163.36124126943196,261.08608108296994,698
52870000,174.45022973318925,263.43937582465736,698
52875000,207.82343173195085,290.1615340268879,698
52880000,207.22552148623475,295.33265392269317,698
52885000,192.23689038139588,314.6894853828911,698
52890000,206.70178797576418,319.0366122097021,698
52895000,177.69274973774182,296.12149925368055,698
52900000,175.27777381138247,442.81537085439874,698
52905000,169.4465116165471,309.66908283247966,698
52910000,179.92531793877555,279.7533089584523,698
52915000,197.1385021354936,307.9799437328149,698
52920000,200.27481824743683,304.6394682762719,698
52925000,173.01738959346628,323.6439757398441,698
52930000,207.55197104196606,317.5150147617982,698
52935000,153.21635318592524,266.8828778267092,698
52940000,183.0242374952424,293.43763582985,698
52945000,182.7302322817395,292.60570554144937,698
52950000,145.277055268798,348.09439726992167,698
52955000,154.8855786652702,275.4258978722644,698
52960000,165.12811384015188,288.5399721491586,698
52965000,136.90122067317552,312.1922380851954,698
52970000,191.31079112678782,266.6375146351277,698
52975000,176.7148589113262,263.93672898588426,698
52980000,187.96083881239005,273.1714742112117,698
52985000,204.63587779964774,277.09994553978703,698
52990000,186.51226595733965,321.745444595964,698
52995000,169.3450424882612,339.99043637010783,698
53000000,162.0546724452435,268.1251366570446,698
53005000,188.78577451462056,344.4315748278455,698
53010000,180.26150142096108,329.33423203275385,698
53015000,160.61142762021143,289.12339135456205,698
53020000,158.53378566160245,245.45708538504482,698
53025000,183.05698733411901,235.5038333980981,698
53030000,181.76884257645762,286.351400122767,698
53035000,152.06676756551428,250.4750073336961,698
53040000,160.78268323188703,301.8872016627151,698
53045000,216.27042783358507,318.86623022911726,698
53050000,150.30772831622477,338.46385203317607,698
53055000,161.31156383008505,278.76374463994324,698
53060000,205.18892089538602,286.2934177165396,698
53065000,172.72389906385877,322.1101006380555,698
53070000,165.917141998523,307.0602001776049,698
53075000,233.1775807266783,266.25620080711167,698
53080000,174.45530845806593,252.21733767797912,698
53085000,150.994889682342,314.4183315103138,698
53090000,175.3486900479209,290.3725607114094,698
53095000,158.39583210831742,257.39869604314714,698
53100000,165.21209112318147,302.9216256186944,698
53105000,138.77186409284147,334.7575617974095,698
53110000,165.21614344369533,254.7348878151009,698
53115000,156.77820906046588,278.7195156000176,698
53120000,175.32229967171415,281.82141214533493,698
53125000,171.89219388490946,364.4943811909063,698
53130000,175.07678128410402,398.6942099859635,698
53135000,236.0632570595032,303.7284269869916,698
53140000,234.5173562555935,303.17865062603914,698
53145000,170.88384870850408,342.22776297154115,698
53150000,171.0060758335012,282.38734271288683,698
53155000,195.3711465020351,270.1754545359934,698
53160000,175.59166341040088,280.136424972648,698
53165000,170.38021963890642,290.5424265001199,698
53170000,184.29151316398736,244.23358177103117,698
53175000,182.41794622989048,295.643354218945,698
53180000,155.7716302000993,285.8448006807431,699
53185000,226.17504951539235,362.42971120124645,699
53190000,175.27772438981646,296.9322417315019,699
53195000,163.00363943573967,252.94771784200816,699
53200000,189.24773587798103,261.5641447964879,699
53205000,184.93358011584462,303.09976444710014,699
53210000,162.6427554770832,242.41770803214976,699
53215000,191.76585947221946,337.4335499268358,699
53220000,159.56387036513962,299.93305456035034,699
53225000,172.02394775764546,322.0631500788988,699
53230000,191.19359174440265,340.04193594704043,699
53235000,174.78459666422472,277.34992489394864,699
53240000,164.65400447395868,327.615044503233,699
53245000,159.77266268855914,280.80385040609764,699
53250000,192.89127092374355,274.8442829530135,699
53255000,173.57524659296595,335.9496254591653,699
53260000,143.60166154605338,297.1290084707123,699
53265000,207.03146954144887,315.7206138231724,699
53270000,162.59913570162576,246.21952822584504,699
53275000,180.46117325823477,284.04894402191314,699
53280000,148.38530150096992,224.25673089903057,699
53285000,217.56075454507996,331.21633762418173,699
53290000,191.9896989897382,291.8281921254413,699
53295000,198.797644385528,277.27694795380955,699
53300000,172.53779847234352,286.8176966709282,699
53305000,202.72871815097804,273.7996484934949,699
53310000,184.36479401201615,309.89575809332996,699
53315000,119.46376341975272,284.5826092497852,699
53320000,144.8978783277637,306.67126599006576,699
53325000,173.53971456878037,336.1069722585098,699
53330000,203.6944553539142,261.44900085696776,699
53335000,178.15476812034794,309.93361033790933,699
53340000,173.82059451055895,226.1265399458641,699
53345000,162.9710067076457,286.829529179951,699
53350000,210.34476847156859,323.4321320930001,699
53355000,161.27226603788202,297.6701400704951,699
53360000,137.0686402672007,263.7800983321619,699
53365000,170.08937144926267,303.969668406843,699
53370000,182.5468744969981,260.4489400629131,699
53375000,163.68460425126173,367.8433059833779,699
53380000,195.82315555733484,216.20566885938746,699
53385000,169.56602436590077,273.02003676252696,699
53390000,165.52052612180916,261.22288986460376,699
53395000,184.8500005221177,351.5598059057245,699
53400000,158.1833557214323,306.14238173937895,699
53405000,173.52195963492042,274.25363818189095,699
53410000,168.78764932231059,297.1271707549681,699
53415000,145.4362703769557,310.046901728946,699
53420000,174.29685258783516,310.8706333089642,699
53425000,169.8065181491025,313.0912883051014,699
53430000,168.17853255632005,313.591969773215,699
53435000,190.65460707193313,320.8341623797063,699
53440000,174.2388519994238,306.1530435486274,699
53445000,180.7266864933185,365.8618461688153,699
53450000,164.81628732083357,270.4107566348714,699
53455000,150.49281072312158,257.5958474155235,699
53460000,147.20933192911815,252.37716138867805,699
53465000,151.92652351922402,281.1660509772011,699
53470000,177.07769227537625,263.83358275976303,699
53475000,141.21925685493554,297.21988447210026,699
53480000,153.32640436473937,294.2942244145472,699
53485000,189.94952602699803,314.00853687692506,699
53490000,173.13858497104837,301.3214610578004,699
53495000,172.27999181473643,272.7186594878592,699
53500000,181.80252267728056,313.9319069260633,699
53505000,182.7749283630497,324.930294818279,699
53510000,196.56989876058532,269.52279725363144,699
53515000,181.8596000730223,313.341559817621,699
53520000,186.11163374329976,313.35252690336443,699
53525000,179.7115499592701,285.89866679020355,699
53530000,209.5839188525882,320.4809633659981,699
53535000,195.94004071233627,263.1959295374425,699
53540000,166.44672600607464,274.42364780317064,699
53545000,153.80076988814062,315.96315895963914,699
53550000,157.94402666596818,317.47788030076845,699
53555000,199.32183401966503,287.61712471214014,699
53560000,153.51742774782684,322.0781262864103,699
53565000,202.86735016368613,281.52109810627627,699
53570000,171.38971169534113,296.47084673763896,699
53575000,190.16866077719405,290.06752494614113,699
53580000,215.62335184489962,323.6239984338205,699
53585000,206.89860165404747,260.91323845829396,699
53590000,217.58961842924887,312.7150071874553,699
53595000,183.85702854086196,262.47743082828293,699
53600000,166.96374616270796,271.4263855305937,699
53605000,150.1024313037917,274.46238315650925,699
53610000,167.78759925591774,277.1233852479896,699
53615000,149.76505212456593,292.29960868772025,699
53620000,210.3817072553865,278.82153834211095,699
53625000,186.1460582700626,338.06369108611733,699
53630000,201.92967294537215,269.54141796813883,699
53635000,156.58801841167863,298.50165533964633,699
53640000,178.098383958302,275.47412174169415,699
53645000,195.60787187331786,285.6805271058174,699
53650000,157.14615859787506,288.7934868107332,699
53655000,169.16948748885952,268.58963537958834,699
53660000,227.8122705511649,340.528091308175,699
53665000,153.69726218199256,306.5004626270801,699
53670000,189.9070417205767,277.40759309484963,699
53675000,165.5695168144804,264.89657448277984,699
53680000,220.52755268962432,308.3968586682645,699
53685000,180.54522536838036,269.6803611233754,699
53690000,158.74400135836703,324.15955805756147,699
53695000,184.3751172519331,326.26578115072004,699
53700000,165.56085579623283,277.23675021439584,699
53705000,162.15298843022057,370.0985053322179,699
53710000,192.77633299491188,262.56457808096013,699
53715000,207.72828570977862,340.65197979617085,699
53720000,174.44200681393977,311.25766557284743,699
53725000,177.51298163691197,290.48453002547393,699
53730000,214.02537566688852,297.0836624622525,699
53735000,164.25284982235587,331.37972220830306,699
53740000,124.94030071137468,306.19308616027973,699
53745000,190.22734857220914,314.0722639168242,699
53750000,177.39572974682628,299.25017546104476,699
53755000,175.27362940422103,321.39383545563015,699
53760000,214.98960904027962,326.8782427354262,699
53765000,211.9657983477701,272.6743410558286,699
53770000,170.43699283083913,251.54026088778357,699
53775000,159.65198005014676,301.9972785547352,699
53780000,200.3947165237212,325.373879420061,699
53785000,229.78222492736276,342.68420596509907,699
53790000,167.28954304642852,348.16626343407813,699
53795000,216.4728075651636,359.32057723571404,699
53800000,197.71950908381478,233.7652027348899,699
53805000,198.16372375847516,338.22376392517833,699
53810000,160.3452792093307,270.76653613052,699
53815000,151.65681123621792,284.1383690195065,699
53820000,159.8898990675011,244.39489877242715,699
53825000,182.60014497067866,255.46497671982277,699
53830000,151.15281657802024,273.4949779520513,699
53835000,179.97026207674057,295.9001899990287,699
53840000,167.56109044020448,299.488893135075,699
53845000,150.08494389835664,282.5026720302419,699
53850000,179.68327331849554,304.3571512400142,699
53855000,167.82752149320962,281.4227949536707,699
53860000,194.65064087202978,332.4328240834935,699
53865000,156.09732671056042,299.0183337927628,699
53870000,151.29596016847628,315.856476979108,699
53875000,171.81168680901558,254.71523483228626,699
53880000,161.20877931942186,294.1233392348054,699
53885000,192.19129360879163,353.7026217899361,699
53890000,167.0757752944908,319.2480382601515,699
53895000,233.78803614211145,280.600591858023,699
53900000,186.11312328573038,241.6543037655026,699
53905000,197.52050835583404,398.0960638349715,699
53910000,176.29338714086833,268.3312573583653,699
53915000,175.89811077402533,346.41269340470996,699
53920000,190.54733975083207,322.58299500881714,699
53925000,219.20154089148562,331.9670745525619,699
53930000,184.16021769488637,282.3612854017325,699
53935000,161.20930198188648,260.746465611268,699
53940000,176.76181498758706,303.960817329487,699
53945000,172.58666852414632,374.1712674392624,699
53950000,178.64207494227855,312.68317972737754,699
53955000,167.80351597648882,309.45430720264335,699
53960000,210.6198989345741,361.0971870809927,699
53965000,191.75676777820578,308.17009391709894,699
53970000,187.93469844246675,296.4348111879586,699
53975000,169.5980829767907,227.51444883902826,699
53980000,171.20324524834967,297.846943968975,699
53985000,167.92172328873957,279.033235635196,699
53990000,153.78391111980423,230.2006304990865,699
53995000,162.63047758774698,335.04723742017165,699
54000000,164.9856092683871,384.5615784462528,699
54005000,125.37099372410154,260.93962250997964,699
54010000,188.5123127185998,268.61169264739493,699
54015000,156.47852782291642,310.964287390515,699
54020000,195.43732055928612,277.4768654995152,699
54025000,185.30650225436608,256.70348737747776,699
54030000,157.18043133228383,244.64311965943415,699
54035000,150.5294475752264,279.14032867480967,699
54040000,201.10359473164834,327.8932846220899,699
54045000,209.67872449881114,347.5978494876604,699
54050000,162.97238219540532,267.2978370709954,699
54055000,164.15408677337425,282.53699256179914,699
54060000,159.99788144106034,265.9717564741231,699
54065000,204.21527438625498,387.5166237605965,699
54070000,173.33696357938857,328.26685587294133,699
54075000,192.7796973389112,275.1739110245617,699
54080000,193.11968031828386,284.754159059471,699
54085000,188.22630988671287,266.606903255565,699
54090000,225.10130498443118,348.256394114125,699
54095000,168.61926854220556,310.9372203902309,699
54100000,172.13149131016948,308.03770082086396,699
54105000,190.59469726346853,271.2484789378454,699
54110000,205.82819552395767,278.32403628132477,699
54115000,160.64702869860736,282.9426049404221,699
54120000,206.38091184567983,333.3972377253725,699
54125000,196.55319384492148,351.01059697933437,699
54130000,159.464522503924,309.22096783328436,699
54135000,194.8446593009072,284.5820524799117,699
54140000,183.92959812808448,281.26776747450697,699
54145000,192.16790880787528,272.61255298412533,699
54150000,167.43561583134846,316.491160200771,699
54155000,172.96504056750433,310.8292445883369,699
54160000,156.7411910192199,296.24103522627195,699
54165000,181.65698981469453,278.89351705873594,699
54170000,240.5882953311621,317.61270954326176,699
54175000,161.18946256692854,240.10314192625358,699
54180000,167.72642127571314,320.4192370000315,699
54185000,183.56584931952997,265.9272653215124,699
54190000,161.96579315881078,310.73350704879107,699
54195000,212.70339081279715,308.61276209517564,699
54200000,179.7993561479827,271.56188974605715,699
54205000,195.31887703341272,295.7498289035894,699
54210000,159.71205983507554,258.2668358956845,699
54215000,170.5299767729128,225.76091129821762,699
54220000,183.69452432446136,245.30828023425937,699
54225000,212.84131690861867,356.5256265556118,699
54230000,161.49412082705837,283.9428638759192,699
54235000,172.81654698613644,273.2373503134682,699
54240000,154.89343986627793,300.05013363591564,699
54245000,183.9760844105502,333.07982298394955,699
54250000,184.18022426933032,293.5416327520311,699
54255000,220.25087496191057,337.63814531103066,699
54260000,205.86102431175541,307.95746191066064,699
54265000,152.77670897952052,275.5897027750826,699
54270000,183.91014593274252,332.7342801485578,699
54275000,204.03050113756512,273.7896412330196,699
54280000,167.3722607940511,270.8438696417689,699
54285000,202.58485527205912,219.42516677779312,699
54290000,174.64954578861392,346.1922611095048,699
54295000,209.55695491689752,304.42480351918397,699
54300000,208.18980269779735,262.56574072607447,699
54305000,162.74886928830063,335.7944013728979,699
54310000,228.33353106070956,336.15724704310645,699
54315000,209.83389328364805,327.9480143675351,699
54320000,144.93383581904206,285.7285138832643,699
54325000,211.1571092777155,291.74349504664247,699
54330000,175.16523868112608,310.2863538469329,699
54335000,162.7591558459151,232.48459680228387,699
54340000,135.50803850373632,244.0582810242541,700
54345000,182.86858280357194,298.0880485119275,700
54350000,202.58647273314875,280.7712404179904,700
54355000,170.63747642217,329.3261057696506,700
54360000,148.41892741218345,274.00232572348256,700
54365000,184.77205546341915,316.1468474299125,700
54370000,191.75536977535862,269.1163082912739,700
54375000,157.45407410485265,384.43391688894184,700
54380000,163.807876823961,224.3584583168272,700
54385000,177.80447010480543,297.88918275099047,700
54390000,186.62606873415226,270.3955791844637,700
54395000,147.89811384820266,282.93596198722736,700
54400000,191.82227436860697,346.091375199301,700
54405000,168.7015483356582,243.96290981007093,700
54410000,144.55222283883114,295.41628228043317,700
54415000,213.39046902450508,327.493682603059,700
54420000,192.76893639313357,362.936478803561,700
54425000,158.42402458626376,287.60475741708154,700
54430000,149.48092745514919,353.02183889823016,700
54435000,161.65743064567405,294.4223071609564,700
54440000,141.33336073936488,309.2628278526218,700
54445000,219.46729929866441,311.7642163955332,700
54450000,155.95169219299447,280.8804859092888,700
54455000,168.74927115924672,306.4063288871713,700
54460000,176.45686545931747,265.80205346495404,700
54465000,148.36500470326266,315.0031573108558,700
54470000,165.744028982704,238.84949743016438,700
54475000,192.07159060715017,261.8718548849201,700
54480000,143.4557134590329,318.27934930856617,700
54485000,164.94639979617185,277.952486574082,700
54490000,172.8132098837865,259.68453565178703,700
54495000,171.78150154201256,281.1153801763335,700
54500000,179.16693267209325,266.6516343579602,700
54505000,175.33131788627358,272.0286871253833,700
54510000,214.37510168337928,270.0038878106121,700
54515000,181.48570585302633,354.3695238476236,700
54520000,133.29631277632174,301.3741960804872,700
54525000,156.42329442424494,356.67391430673,700
54530000,149.87438186103543,274.50264302824263,700
54535000,161.1601662088009,319.207023128286,700
54540000,172.83844247473942,279.8909752943958,700
54545000,145.59515856255197,265.7624890493347,700
54550000,146.4046315844794,244.33813510133987,700
54555000,209.79714831300785,365.49516490588354,700
54560000,148.73180081276493,239.69241429203635,700
54565000,173.0362382656336,283.2485237199939,700
54570000,153.90723171178217,250.23640969965828,700
54575000,187.28783596541186,304.12782330444406,700
54580000,192.68509000916185,303.75743450059997,700
54585000,172.82262722147073,337.4732268193481,700
54590000,203.44166784644537,328.17789964841313,700
54595000,181.713839193045,329.51397113190103,700
54600000,192.53973251438376,316.6149793058243,700
54605000,181.7259642436177,306.44073559220425,700
54610000,152.44167687297357,304.5664988180925,700
54615000,180.8063735714336,268.07780425860074,700
54620000,195.8611298203899,249.4846793260585,700
54625000,141.6080092035117,343.9243507828545,700
54630000,153.05524368601462,269.3139806086476,700
54635000,177.83211893115208,260.8779694057164,700
54640000,155.31357175579333,309.5794885379621,700
54645000,170.74334886812272,273.43099322826964,700
54650000,159.31727731900108,300.7343256737683,700
54655000,147.5059876274764,325.86601032998175,700
54660000,179.45790878620178,292.38922048741085,700
54665000,200.83878901182595,315.52125986505206,700
54670000,175.81792171111277,253.8181027249937,700
54675000,203.69953319516185,313.7194115812889,700
54680000,153.47588832493946,321.1253816258227,700
54685000,179.7211748001389,333.4103342476819,700
54690000,158.53920985820102,280.5321644571752,700
54695000,179.52815860890067,337.95614072257735,700
54700000,204.1802069274134,253.9690029918879,700
54705000,200.57302567512878,275.58688502216495,700
54710000,186.69501321572054,363.9933795238958,700
54715000,180.56393703718152,264.1351305426778,700
54720000,156.10487175511693,267.17435934662103,700
54725000,190.48717469031658,344.30570804435996,700
54730000,190.49318556332642,352.7837676041711,700
54735000,155.03457485021565,306.2885525366905,700
54740000,160.1905453298016,288.63632563346505,700
54745000,181.4174171290034,322.38588216369857,700
54750000,224.1025410279325,264.47768803986594,700
54755000,180.04726713999662,315.3516585939976,700
54760000,184.84086339082225,300.6015510212263,700
54765000,203.24535955340264,359.3387015804947,700
54770000,184.96047399543573,318.9959181408925,700
54775000,189.4640472134855,283.99089840049294,700
54780000,162.52717204272435,268.29337707601934,700
54785000,204.17330247796863,345.4721769869164,700
54790000,203.1834907136613,257.9403800514979,700
54795000,196.5660466704376,326.53096766478353,700
54800000,171.05095515654887,278.61989111467005,700
54805000,192.177668191411,298.46570231280145,700
54810000,167.0860384439287,296.47333134695197,700
54815000,208.74207588999082,309.41224302403475,700
54820000,156.5251829403955,265.07965294426833,700
54825000,176.52070756548855,306.15074227087644,700
54830000,212.46919397546995,316.04336858519895,700
54835000,172.71975821548298,278.1804084906895,700
54840000,180.13613446301162,237.84632550304687,700
54845000,154.0364469875008,257.7459480802151,700
54850000,158.26765910201402,268.57568236685336,700
54855000,160.43796220085798,304.5460498113626,700
54860000,200.37073929556237,323.9922505490343,700
54865000,169.17550378580376,260.06128218378467,700
54870000,203.72866713144347,317.6193457354456,700
54875000,190.83372386103164,317.123502699823,700
54880000,172.6778811567739,297.619820422807,700
54885000,152.76588058263408,365.3486718601168,700
54890000,187.3584153612739,273.9537881483996,700
54895000,173.68283535674567,288.33225149732914,700
54900000,184.80328223084894,252.9030506590495,700
54905000,196.76159214884555,316.00343038548124,700
54910000,164.46796809831352,285.097257399479,700
54915000,148.90317188102006,388.09021211411084,700
54920000,146.4050615197087,255.96337542811597,700
54925000,173.67147125925126,289.2039392661745,700
54930000,204.28109340765894,352.0560619706348,700
54935000,172.3393250317378,281.4845230175082,700
54940000,198.79487331332905,317.63005109707484,700
54945000,181.74846325344106,269.68978508104254,700
54950000,193.24975415841246,317.2078537689811,700
54955000,155.41440306438483,310.4035767273037,700
54960000,172.88503033097777,302.1518110821445,700
54965000,161.95125662863137,382.87909110464994,700
54970000,186.60409889524033,281.4063026037447,700
54975000,215.59197073112938,339.5762922942945,700
54980000,185.82344970833498,307.60225944470045,700
54985000,150.58054834387497,278.216215250999,700
54990000,168.84623519698272,366.213108541652,700
54995000,165.92548609745353,285.7146613263402,700
55000000,200.46887721438924,312.5028823461966,700
55005000,205.82691450912284,303.7633302285495,700
55010000,204.0831568680771,219.18517541391114,700
55015000,180.1611545028564,304.499913038656,700
55020000,162.43500406182517,268.4234875145964,700
55025000,159.3672527034492,297.91573613725046,700
55030000,173.72050259197533,365.31215525873154,700
55035000,153.4534300664574,248.56785621118354,700
55040000,157.67451886211643,321.70142930019176,700
55045000,180.9139650603273,320.62906929945973,700
55050000,203.55012823296755,255.98016487061957,700
55055000,205.5649717610123,353.89103715830873,700
55060000,189.53677773387588,259.99082481611674,700
55065000,197.98685691237574,299.9025364230756,700
55070000,163.30365168350704,284.88936767615445,700
55075000,182.910590458204,239.88795689916725,700
55080000,209.11986039483526,304.14100939115036,700
55085000,143.8911604329519,312.8280724109964,700
55090000,178.9070572100409,268.96287485651396,700
55095000,185.78260901157898,237.51735435648393,700
55100000,146.68313523602419,291.25209551488126,700
55105000,182.13665336904174,309.684345610433,700
55110000,167.20206535607363,286.25537087657057,700
55115000,205.87623863995765,291.41691453115504,700
55120000,147.7601686705299,262.9808221214443,700
55125000,181.52136915906965,210.53292931660175,700
55130000,195.26565821829035,324.4785900861855,700
55135000,212.2845684863176,284.0637233039279,700
55140000,159.76349063629567,267.4577813577786,700
55145000,182.1188333304331,308.1133984950784,700
55150000,159.68381784439828,283.95431686589745,700
55155000,198.46043312700633,345.3551832210596,700
55160000,190.62249973780646,355.4200084176311,700
55165000,181.25966962337748,256.39776391355696,700
55170000,192.05256204241442,261.2866392468636,700
55175000,176.48073593273375,333.77101057111696,700
55180000,165.02892391821757,306.35581308059653,700
55185000,164.4340046987717,319.64681135166734,700
55190000,205.68574120137112,295.87611656585653,700
55195000,170.69535684809244,304.5307491800041,700
55200000,211.33973390002333,294.17260721411947,700
55205000,181.66246037381435,299.5635080885292,700
55210000,174.86816223216817,288.5995581932786,700
55215000,186.16245594629706,335.9299517398647,700
55220000,167.03987061327996,307.37715912727157,700
55225000,183.09193557432192,318.6715148693131,700
55230000,193.23253273923055,305.24033356832666,700
55235000,200.31173878344666,344.06742537955535,700
55240000,219.23207339408435,297.94232869067554,700
55245000,205.91160107996143,301.72718013077827,700
55250000,175.1187211468937,346.8108770662582,700
55255000,202.8959908299491,330.7903290747132,700
55260000,192.86812261928634,291.1789636911616,700
55265000,168.14854473333583,327.83294830388337,700
55270000,148.734734637754,276.29682157946115,700
55275000,175.79686490536443,278.5258563694824,700
55280000,186.17138303331964,314.1490890078528,700
55285000,193.50421745302503,271.3458497753857,700
55290000,187.37972155378293,277.64113782247534,700
55295000,173.59585444877283,318.32077171883105,700
55300000,199.74966807197453,311.9242497450244,700
55305000,176.19065823164402,273.04682562709274,700
55310000,179.16284260249313,304.594830582133,700
55315000,216.4793919621436,316.0784562609445,700
55320000,135.22240626096414,282.3547492730381,700
55325000,185.8916304801723,304.97285391591925,700
55330000,191.94385811263126,299.4917708144322,700
55335000,160.68573528438037,315.6202420179911,700
55340000,176.04066394120812,346.32311039882035,700
55345000,159.9097997131573,345.3349706721649,700
55350000,197.64398581021342,313.44561154155224,700
55355000,169.3688292966335,325.9844733193708,700
55360000,161.5179796530726,264.97615917122874,700
55365000,190.37936502265438,287.51930314311016,700
55370000,170.49088818343517,303.43892208650954,700
55375000,161.1969727119024,283.6390014503578,700
55380000,224.23410917247293,290.3528171760574,700
55385000,167.49019516101103,309.42813377281607,700
55390000,191.9039131132437,279.8745272114147,700
55395000,173.51699616154346,351.8033487773447,700
55400000,188.333668231058,290.32692158003135,700
55405000,156.3495598891133,274.9709750428413,700
55410000,199.1828445377555,291.1767220431533,700
55415000,191.5095529634476,265.56356027245505,700
55420000,180.46869043343202,309.7355525027844,700
55425000,212.7496842242638,355.38120423424044,700
55430000,168.5120869998305,292.4902284909584,700
55435000,167.63081191986188,354.1840737565546,700
55440000,163.95102715154974,266.3214152292389,700
55445000,153.12905345492078,331.03578813716103,700
55450000,226.1854993561418,295.5084147873324,700
55455000,169.95955745682926,283.8518651515509,700
55460000,145.84102461752605,240.19816444711464,700
55465000,184.96538093444738,303.79590903084056,700
55470000,200.1911198587659,303.5342884690769,700
55475000,152.96672019456804,285.04055135914945,700
55480000,170.23806865799452,248.19691232545202,700
55485000,192.13861886808778,403.1362007971637,700
55490000,163.37810642712407,258.919515252406,700
55495000,182.80368228617274,320.67088010697614,700
55500000,143.52781555865928,321.79299653971583,700
55505000,164.93950273905975,287.95368195328695,700
55510000,187.18971633991356,272.0461345736623,700
55515000,186.41130420931748,273.3953492046638,700
55520000,160.94816361944638,292.21868038591606,700
55525000,169.15399960574192,295.99792763317134,700
55530000,143.34791290673613,294.4258725318375,700
55535000,182.0362411211823,279.4630099126098,701
55540000,154.35356003922786,295.6946278859401,701
55545000,154.88941177715893,255.96002557341757,701
55550000,206.09153064977437,369.72268612021276,701
55555000,205.03917449158354,303.7597772329785,701
55560000,171.01236823814645,272.68186907832967,701
55565000,180.27381395158608,275.5001106852391,701
55570000,167.25497000165785,278.5316084022311,701
55575000,160.88390382642874,280.81493299038175,701
55580000,171.93511779051187,327.03599346555984,701
55585000,144.8308453839618,305.5656213349551,701
55590000,194.88568590975922,259.1977808350093,701
55595000,198.02385407678585,288.0309486341603,701
55600000,211.17276938831378,268.5849158619765,701
55605000,171.7482533352122,324.0262600842539,701
55610000,198.8050337478843,313.33438097832556,701
55615000,184.91311483818245,318.05950385578694,701
55620000,183.97944110647796,340.15849547575493,701
55625000,237.73754971416943,340.3439302962947,701
55630000,161.15538205266873,283.69060278439423,701
55635000,180.22256154658828,219.90518186133286,701
55640000,171.72148914340087,338.99976931894975,701
55645000,194.68277230306938,333.6209935939844,701
55650000,215.02846417078322,276.92022498975376,701
55655000,164.45993588826565,357.72054795147864,701
55660000,199.4787481662884,363.0825416922461,701
55665000,185.98394031139986,273.23876994024073,701
55670000,165.03277616199242,227.67846010126385,701
55675000,179.29525261534837,282.17939311218885,701
55680000,166.5670640518638,244.64374359875796,701
55685000,177.74398262733828,299.56734353442,701
55690000,220.36430942968244,327.7556181861088,701
55695000,165.9366783055109,300.78618523353236,701
55700000,158.9533788057623,324.48575413512685,701
55705000,191.80240963375633,311.30670986621885,701
55710000,184.46560556945477,290.1008649044121,701
55715000,165.30403468218492,241.30348776595386,701
55720000,170.94560148209516,278.8976015625777,701
55725000,154.18157162720084,346.99785688782083,701
55730000,184.69640686076679,282.8183093660618,701
55735000,195.78226110305445,275.1988988583644,701
55740000,150.2589519938942,249.32370605152684,701
55745000,151.6621287081316,336.47391593476425,701
55750000,155.6162035435068,301.3115396424551,701
55755000,174.195412630574,295.76821585356134,701
55760000,159.7837620010845,288.94910886283094,701
55765000,192.07671502415656,348.5913762213048,701
55770000,175.9140356436755,264.9927186476346,701
55775000,149.8166841017787,304.51719690108376,701
55780000,156.2042607674552,258.5971027855028,701
55785000,139.22783307418294,289.1336948826205,701
55790000,177.57195940717725,286.82174246149617,701
55795000,167.92277725497178,279.6163384042134,701
55800000,200.7951924796939,354.055879239165,701
55805000,182.48312600272217,296.37152747084315,701
55810000,160.41443367603176,214.6226038919215,701
55815000,176.0758071195316,353.0960374993412,701
55820000,173.35824357830782,343.0371987637058,701
55825000,157.10476668344938,257.971288388512,701
55830000,158.73064618332026,233.82928783194862,701
55835000,208.5958038547016,292.8250155865576,701
55840000,172.75677611698464,263.6755259940039,701
55845000,182.73338460149878,272.0525850031536,701
55850000,155.60846131257267,218.37582358070227,701
55855000,183.34526977631648,331.374599987167,701
55860000,163.4807445908461,270.8837265750377,701
55865000,156.16948000007585,226.30103379124728,701
55870000,183.90267122063923,292.40783076752325,701
55875000,166.33256829075455,291.12325961282073,701
55880000,171.4499793903434,260.57342836941905,701
55885000,197.17635376773134,310.8736533011253,701
55890000,247.67973501647202,341.06202306667024,701
55895000,173.1455458631973,340.93043362500543,701
55900000,193.04468254116733,252.06166806653525,701
55905000,195.67901434964597,243.20071665682482,701
55910000,201.8098131146116,263.83894270313704,701
55915000,146.7930035475198,333.33856665795753,701
55920000,150.92567629795286,307.8477546622783,701
55925000,147.5078975879312,253.89195474407188,701
55930000,211.46772041666117,358.6300284506424,701
55935000,191.69279381029912,308.39158947055205,701
55940000,165.53720391881794,328.64503421571305,701
55945000,149.07422751299762,290.16113169792243,701
55950000,166.78196991545767,250.03618452040726,701
55955000,160.46565440228082,295.641933741889,701
55960000,187.36467899536945,306.63998156248414,701
55965000,201.3873681671508,256.24635558278277,701
55970000,173.11039087992353,348.9902690565122,701
55975000,168.11403110884115,275.1334187920813,701
55980000,174.33647813607453,315.59242364343436,701
55985000,189.81034340240808,249.45901959822223,701
55990000,195.622454556973,290.221620218592,701
55995000,145.81435992383655,305.00120852765605,701
56000000,164.51446043937315,288.1053553663755,701
56005000,174.36659804948707,288.4754469845456,701
56010000,149.47334519660586,300.6742363567564,701
56015000,188.99989308658155,276.69676142083165,701
56020000,164.94424742888071,265.05762640895114,701
56025000,184.97895683841264,306.6187170390783,701
56030000,143.45476618458878,336.23209549469703,701
56035000,154.21915972371076,265.10873015002966,701
56040000,209.94624049130672,349.03591893824154,701
56045000,162.20329618073714,260.7892913032919,701
56050000,166.38464456059708,247.62054108659726,701
56055000,189.03025396694716,276.8206242312275,701
56060000,202.28959582739628,377.77861496308043,701
56065000,135.490988214518,271.8389797194571,701
56070000,178.7744214390085,273.79461573615316,701
56075000,155.86676933030049,314.76771182938677,701
56080000,179.75444962580897,321.79437250517486,701
56085000,137.21143630666523,280.8232181615219,701
56090000,212.80965158723922,294.3501636479099,701
56095000,150.26190523067262,311.73621360706596,701
56100000,174.458289265645,285.87847629839365,701
56105000,154.3286888768336,246.5963671298906,701
56110000,188.21345029530113,294.01843932053265,701
56115000,126.76259048958401,313.8413500285304,701
56120000,151.18914227366278,272.3979750960919,701
56125000,201.85160035797662,282.6177582707352,701
56130000,206.3263323725809,382.53004380563885,701
56135000,164.3294019685922,341.9570930913826,701
56140000,147.0103534505035,275.65835269777614,701
56145000,206.40978677334363,373.6583531297961,701
56150000,170.04287058365074,288.9202391155968,701
56155000,170.5527428276102,383.8132369108764,701
56160000,186.48395169447298,301.6620829744561,701
56165000,151.75193372748936,319.5921446834904,701
56170000,217.8188406819637,241.0308910057098,701
56175000,163.78217990111526,302.0689227417815,701
56180000,163.4648575775623,309.42468284719905,701
56185000,173.38873300632108,299.5834444726665,701
56190000,158.48455393228957,293.1192062446318,701
56195000,169.1383866018362,254.22973325075438,701
56200000,195.6384805183041,290.3955784831311,701
56205000,167.92287788436042,307.54963961215486,701
56210000,197.39484707220467,354.17061501372126,701
56215000,237.60724331516613,333.033687252436,701
56220000,159.13906569896372,298.10685100884984,701
56225000,199.38903109938244,269.689402325525,701
56230000,214.3507427080218,303.0787064805314,701
56235000,196.44081908549154,249.4548201757063,701
56240000,208.3002952741243,347.0491902130817,701
56245000,189.7648273191718,268.0145982050052,701
56250000,175.58494989086475,265.1154294058679,701
56255000,169.4313331179373,261.9280682795822,701
56260000,181.01103389334972,328.33473558546257,701
56265000,186.77297616224143,303.2395919702483,701
56270000,206.3674327562175,308.98140569059524,701
56275000,184.6229937271359,289.4374584923936,701
56280000,219.9240899592207,335.3747817428003,701
56285000,184.2318358408973,323.28074399112757,701
56290000,158.06074086020328,298.92553011934586,701
56295000,215.03825099684815,306.0218979631009,701
56300000,220.26479125511764,315.5296476401524,701
56305000,162.04993274208985,304.88384579590013,701
56310000,163.76482565170713,283.3798396369148,701
56315000,160.65182981666754,253.23232645206156,701
56320000,177.27183121944708,297.8969679619853,701
56325000,172.4226515221688,293.6695917883667,701
56330000,174.9754605021439,305.1107417008089,701
56335000,163.43041880902152,249.19385772127015,701
56340000,202.76152942243885,367.5501005143696,701
56345000,172.1066187709272,299.4403433899336,701
56350000,190.86192734502137,260.2509571434675,701
56355000,188.3025553543175,314.34360247824725,701
56360000,188.2952777107676,303.44615940789384,701
56365000,204.29169704578828,331.5201954200598,701
56370000,171.2106382561162,360.74853509944603,701
56375000,178.3406463595284,320.5609420263381,701
56380000,153.31135030065286,286.34945567289117,701
56385000,146.37980443805066,285.962915844121,701
56390000,158.0024052382851,313.5630914931551,701
56395000,186.02392137534548,339.4499845486297,701
56400000,170.00818164377085,292.0773076272554,701
56405000,172.55966850279484,311.9148811272947,701
56410000,175.46140548974356,315.081096747744,701
56415000,157.14332684155787,276.85285652044814,701
56420000,197.78862872518732,287.78890634162485,701
56425000,194.60185765254516,318.94136046720934,701
56430000,164.8738778275989,335.75408037817124,701
56435000,182.56863944688516,293.64870871204425,701
56440000,184.06388866171906,370.6320810490694,701
56445000,170.87947255678202,317.1708845379704,701
56450000,189.1801123799546,308.11997587999684,701
56455000,183.19110851870417,340.31075044632615,701
56460000,228.03422110004018,301.6214327997213,701
56465000,177.06036039267508,224.17710038555285,701
56470000,147.50138043640447,288.6041266946324,701
56475000,158.8168336335736,250.58861106386487,701
56480000,154.55906523164228,328.8068702249315,701
56485000,165.0927432631181,307.20986054769156,701
56490000,173.5525738837754,327.90355676415516,701
56495000,181.74769205847915,310.9653084143777,701
56500000,158.46345835288804,296.1239629613234,701
56505000,184.46530856560025,294.00407740822055,701
56510000,201.17305473626652,292.9479438933229,701
56515000,131.66097216307253,307.12938568674826,701
56520000,192.1905545311094,265.57045924059423,701
56525000,214.69593219774848,341.3934413453158,701
56530000,149.6494007575905,300.27377172696305,701
56535000,194.4077700531297,322.47352835332134,701
56540000,177.53310078266549,243.22397736405568,701
56545000,195.97908211193385,360.3241523921974,701
56550000,164.7666462976864,281.9357622975718,701
56555000,205.17425575471202,344.1765192828721,701
56560000,137.24795812853768,298.7955378219344,701
56565000,186.1368172461639,289.88976340061754,701
56570000,213.76415524230998,234.60092656698657,701
56575000,146.9764919913181,295.6578946423223,701
56580000,166.44125299618108,293.9601197283672,701
56585000,203.932500676236,273.8592986304159,701
56590000,186.74855649593962,270.6911101357941,701
56595000,164.37632571889625,328.4494855921782,701
56600000,183.76872578267213,239.55658952691968,701
56605000,198.77436767021123,334.52767923528603,701
56610000,147.571186133635,295.4643490470066,701
56615000,180.68009039645008,318.52180829631124,701
56620000,149.5791868971889,240.661899021097,701
56625000,184.54834401464535,344.3194791347649,701
56630000,169.24053960990832,303.36918997266656,701
56635000,211.09786762424946,317.1712080637828,701
56640000,176.59393184157634,296.84452647574113,701
56645000,164.0614196636106,253.20457847122609,701
56650000,162.58179242220854,267.55779445674585,701
56655000,205.79428956794445,300.14116734840314,701
56660000,204.23472414483297,339.55286605372953,701
56665000,197.92427894059028,259.39628685776665,701
56670000,180.55416605859347,391.8144135848664,701
56675000,194.3824527615331,347.9522509353328,701
56680000,185.7694075086553,348.40721392532106,701
56685000,171.9642867628832,308.7396548843266,701
56690000,173.35659444587657,305.46700860077186,701
56695000,178.16487642901163,255.6382348758608,701
56700000,156.17886954570918,322.02587682737374,701
56705000,169.60834786443453,331.94200665954935,701
56710000,152.59560055163448,316.32290243115176,701
56715000,188.62316865826315,267.1177578360608,701
56720000,205.2081627763415,300.1171256654084,701
56725000,183.85092813311326,389.04337683381436,701
56730000,174.44135364717016,311.083702275467,701
56735000,188.49285947609977,305.27026272536443,701
56740000,198.31606229269917,290.57388718800746,701
56745000,173.057892268869,290.5315688079036,701
56750000,194.59319307763982,356.78277834108326,701
56755000,167.60131317372873,238.39469867722576,701
56760000,207.02577666551036,283.87170478839136,701
56765000,205.81322985328188,278.8872479135039,701
56770000,189.17752173853958,324.23740164660705,701
56775000,212.61959494491998,343.7289699349288,701
56780000,145.88224250025118,306.9127915248302,702
56785000,240.3843417423368,273.6598452760918,702
56790000,215.73988043945528,315.5838746448032,702
56795000,170.4843202972087,282.7473150176599,702
56800000,192.1204646619871,335.9262221838881,702
56805000,176.40758150457512,306.35903216206407,702
56810000,201.06287981051966,351.57855120469264,702
56815000,188.50408456373816,319.49631253916056,702
56820000,163.3756763433888,289.8564886682798,702
56825000,199.48464418097882,298.1374012350713,702
56830000,161.78511115123547,273.9546935997047,702
56835000,157.73960061936754,248.6583431658922,702
56840000,187.1933960123535,257.69755963735815,702
56845000,164.47682202000658,279.58304771287584,702
56850000,214.12376282896602,272.00207633916807,702
56855000,156.08383717373482,217.00631366608224,702
56860000,183.75232226295373,315.2102645445898,702
56865000,147.20391823203613,314.97864083384246,702
56870000,173.9584937872608,357.8760867100451,702
56875000,223.22418529440333,324.537953747387,702
56880000,152.34753497343368,327.27124265881577,702
56885000,153.45514139419728,253.96429502607572,702
56890000,191.03959136877344,303.6578800643204,702
56895000,201.85866970958793,292.3537660007301,702
56900000,170.50013891968746,254.9633654412911,702
56905000,209.85989325249227,354.39079188902565,702
56910000,214.2161972388449,315.29503953520094,702
56915000,194.79960935485093,290.5313832974268,702
56920000,177.82407741613827,347.17887962100673,702
56925000,157.4703902961515,332.68963521434534,702
56930000,178.98846445794493,318.25662304480113,702
56935000,180.75933322772738,300.2991604496656,702
56940000,211.08301217586398,325.1757240501042,702
56945000,178.18822842128893,273.9126330750136,702
56950000,189.30596641153147,343.79390065891477,702
56955000,149.87840058993825,251.75600607212718,702
56960000,174.87212029784502,295.4728131428726,702
56965000,153.36534431649457,325.5835369987979,702
56970000,169.39710131710035,348.334699179652,702
56975000,158.03386589846653,282.3143688554799,702
56980000,166.12069449086434,290.0302243857862,702
56985000,234.8510719760852,296.16091857141834,702
56990000,193.07981247925468,272.9908749149039,702
56995000,171.0548662581037,245.5378065462177,702
57000000,213.5283721947615,260.2865590352663,702
57005000,182.79351634690246,310.34821295824975,702
57010000,175.95739169299878,278.6338942045026,702
57015000,137.4426488983034,288.42980628971986,702
57020000,210.32411946310495,273.51514257849044,702
57025000,204.52538270757884,285.3683069838138,702
57030000,185.7037236634685,379.6906710262864,702
57035000,164.28577298402618,271.91309401730587,702
57040000,144.5811122479853,301.7908902311323,702
57045000,162.14542282990894,262.9009807311725,702
57050000,192.63954633448284,258.7878089835344,702
57055000,195.6401514706397,316.4527601840192,702
57060000,202.28737307533208,288.3691854758246,702
57065000,210.28134400515358,258.6357785144152,702
57070000,169.01483518399698,291.3413781519798,702
57075000,166.86196461641478,318.09114399568307,702
57080000,196.52187799327146,263.37274799757904,702
57085000,231.9660888138341,365.71190935951654,702
57090000,192.30731883450235,359.6466660390643,702
57095000,162.31767860084628,260.2958185756528,702
57100000,172.60055514141806,313.7227744184073,702
57105000,169.42523776608962,329.8454210705676,702
57110000,146.1052192422695,303.7925694036547,702
57115000,154.02382278754587,276.36210794716527,702
57120000,214.74069481107,338.4265929491862,702
57125000,164.08393159961082,289.02287060275523,702
57130000,150.06511061113943,306.61191363671514,702
57135000,141.26847006526353,372.49777318223045,702
57140000,180.7208743091194,292.8297459460235,702
57145000,146.0366804417206,250.7405409524116,702
57150000,194.87485022734035,321.7092096911508,702
57155000,202.57649499897803,298.3728480700979,702
57160000,177.84935210669954,342.0162337781958,702
57165000,150.37539934070466,310.8803557492988,702
57170000,203.20098179815216,281.94868901806615,702
57175000,150.34146141010385,271.8951014225046,702
57180000,169.250703467798,280.4860941156866,702
57185000,212.9987254758819,277.0312607076738,702
57190000,170.95067845786755,284.626887687924,702
57195000,170.12255368486143,296.5239001994401,702
57200000,165.31204323794097,281.2072956205835,702
57205000,177.1800776887673,341.664677259856,702
57210000,153.68926546713914,296.31804318422013,702
57215000,158.00710184635582,304.2668270836088,702
57220000,170.74269459115962,300.05932681669606,702
57225000,166.35825821841954,321.5929037688845,702
57230000,153.20344883128004,267.62385988436137,702
57235000,198.79866587766438,354.1784947401322,702
57240000,153.09990547583502,274.508162232765,702
57245000,149.32056190787716,288.3401342774496,702
57250000,173.1630671695684,298.6566329862516,702
57255000,159.29144716287124,257.90425567357863,702
57260000,188.275300689527,311.56324065371274,702
57265000,186.82496876448866,349.81957169260625,702
57270000,171.65958411500395,332.4523691729523,702
57275000,204.3500762189165,302.1989238098469,702
57280000,175.6328930995438,283.860184757599,702
57285000,164.5701670826508,346.82875643296626,702
57290000,179.71621108681083,282.71971450130087,702
57295000,167.61969228556575,295.83076469047637,702
57300000,160.60133431047672,266.066872761419,702
57305000,173.4363839303121,292.24600944602145,702
57310000,150.10637576640102,348.9537480246623,702
57315000,157.10347247175093,268.55261843944766,702
57320000,167.52482721387435,329.50631428513816,702
57325000,198.62981054660617,315.8644872556947,702
57330000,156.43279671072057,247.48281290891666,702
57335000,162.21797560330572,284.4814946926824,702
57340000,143.32161088299188,313.10686507187035,702
57345000,131.18368707637597,264.89471040018947,702
57350000,151.99064029603161,306.70605842904047,702
57355000,155.5812440379775,343.82999134488335,702
57360000,149.40509087488743,319.99343229804697,702
57365000,151.0809828177497,288.17570088041674,702
57370000,187.42359120374564,309.7294328029736,702
57375000,163.6021178733511,345.1291439000809,702
57380000,218.4811045775512,273.1033544853544,702
57385000,215.47932882260682,337.83409071583304,702
57390000,176.90648045941316,256.51813804276344,702
57395000,206.46956417393534,320.3072588909279,702
57400000,181.7213181727442,366.5429321883533,702
57405000,172.7710647926379,317.48097455175014,702
57410000,155.67780155445053,319.29382672905774,702
57415000,160.35685638155007,304.660720399815,702
57420000,168.20474137207353,369.5575333017964,702
57425000,176.17555016262182,296.36322160151593,702
57430000,185.22601410674463,377.41790612900246,702
57435000,167.24576631870266,253.75772084299365,702
57440000,161.03173578230587,321.872211822783,702
57445000,190.47647887748883,313.3925412799754,702
57450000,171.06639845950934,284.0088634571488,702
57455000,195.25790394919815,272.97657560978007,702
57460000,191.31647118915294,327.2432519859798,702
57465000,149.72610242002543,298.88231583643255,702
57470000,142.69108357349904,321.3055344595509,702
57475000,166.22214757968095,309.3028178054383,702
57480000,197.20051373618713,313.5136495379536,702
57485000,173.16835881955734,256.8569149603994,702
57490000,154.39128746443257,364.9397544973656,702
57495000,186.40836637087813,304.1737857578257,702
57500000,162.00214749990852,318.9864801564201,702
57505000,184.03353138388087,239.9795762331988,702
57510000,150.47722355360634,323.0818306414429,702
57515000,188.65625524894145,276.1463472990619,702
57520000,160.2247748375484,313.737768796257,702
57525000,159.56139545636378,317.84221910267087,702
57530000,223.9521834845005,258.60001917873075,702
57535000,164.45758204591806,297.08976439718055,702
57540000,160.674592687956,313.2433098537068,702
57545000,199.74324096692177,316.0636366182165,702
57550000,184.1081027596993,241.0124590874358,702
57555000,177.86973360628633,279.8061880956984,702
57560000,139.55868274923358,313.6820411296076,702
57565000,142.59833726320747,333.2176846981554,702
57570000,160.32342792572052,268.1271849018922,702
57575000,170.35648490048848,253.06113605095138,702
57580000,165.85506244713835,317.6799846904811,702
57585000,162.00417812370893,313.137355122503,702
57590000,175.54456371815,290.8303702453728,702
57595000,184.5772125674477,276.71895501896495,702
57600000,191.1928702419579,339.9747802629818,702
57605000,170.51440043020412,295.1284180221989,702
57610000,172.21813779688569,276.2294193842941,702
57615000,165.38124055455526,313.0987623049468,702
57620000,182.1631441667969,356.6814842458906,702
57625000,144.55373424994292,348.8982092524071,702
57630000,163.2293950498466,237.0447151586302,702
57635000,205.676689737397,306.6198381966595,702
57640000,183.52621520198284,292.12738299478673,702
57645000,165.121960815082,297.10084731840834,702
57650000,155.39339137569397,323.5424145441709,702
57655000,161.18762458076137,309.22403486190547,702
57660000,210.7416043511821,325.14492250665086,702
57665000,166.97362959102594,313.17050456629903,702
57670000,167.35292835565076,250.2912100492486,702
57675000,233.67687188108889,287.10658484774774,702
57680000,178.74578286440217,291.36330156809413,702
57685000,171.87122016053576,322.0555298954018,702
57690000,189.16969699199873,278.87030856954084,702
57695000,154.80791825665418,254.11628451663194,702
57700000,190.23755759018846,274.2472774350612,702
57705000,267.7451144563911,318.37799242807546,702
57710000,225.05656495430796,249.66400601218263,702
57715000,182.2132996504815,308.24331792950045,702
57720000,201.9065949799469,285.0283471070972,702
57725000,162.05514312675618,315.79528404713784,702
57730000,183.7240845504014,281.94717976768095,702
57735000,173.1834106686688,311.9299654317949,702
57740000,168.23580174357684,348.28542717855817,702
57745000,177.41853096756824,292.04812259691,702
57750000,175.7708006201648,293.5883894469174,702
57755000,166.26731110385342,298.99735281545236,702
57760000,149.6522744486521,332.8037756039036,702
57765000,192.4125682924353,305.92404862681883,702
57770000,196.25360257007253,349.1068246952897,702
57775000,162.74716989605088,296.03129803554805,702
57780000,160.6870578557422,325.09261475893976,702
57785000,189.64317595165744,280.75792676580886,702
57790000,199.9052236186004,302.9789146620199,702
57795000,186.20794798465735,271.8568208326164,702
57800000,161.1855006320889,301.82973834935564,702
57805000,155.38049051304824,254.0827326894508,702
57810000,202.45139668326794,321.27262718823175,702
57815000,201.28703214301703,318.1026969532762,702
57820000,163.4154866627811,329.9991993727437,702
57825000,194.39962547969702,348.98542840446873,702
57830000,170.44836588498907,311.4588715639491,702
57835000,153.00573433183138,270.914908370586,702
57840000,184.26862196520526,292.2772686388365,702
57845000,210.99028891959037,264.1681622142538,702
57850000,195.46903987284713,346.1494772980753,702
57855000,155.5820567093825,318.2651975086646,702
57860000,164.86266064360152,316.50738105895147,702
57865000,115.3339161362334,323.42777576031364,702
57870000,182.20617454959884,271.81625864741676,702
57875000,159.8314029637594,279.76945096412123,702
57880000,164.10123236014604,324.5936996610776,702
57885000,198.82814111095345,210.171441260433,702
57890000,172.3542304640432,281.7624193609222,702
57895000,182.72342934721587,300.28044692535434,702
57900000,179.71629305317146,394.9233607322698,702
57905000,146.99131151614188,315.6835107471642,702
57910000,124.86583384612968,310.9575432860437,702
57915000,183.41267472783753,270.7881501508659,702
57920000,192.21568659148204,277.60542804677146,702
57925000,198.18259936221304,267.1484687650706,702
57930000,171.99678395574756,260.45447047775855,702
57935000,152.45017045527578,276.5851254004546,702
57940000,162.6437833864952,272.16319931683705,702
57945000,195.19876891137116,270.483802530511,702
57950000,221.3940731630477,346.7351910380544,702
57955000,154.10065078670948,267.21852981690796,702
57960000,174.91845261513035,309.958470297171,702
57965000,182.43492507930296,325.5690877606361,702
57970000,198.94581623445342,259.9236954110804,702
57975000,157.7061362150862,362.9953075038059,702
57980000,209.69363856101037,302.85272908125614,702
57985000,163.55804424760316,293.6069468995123,702
57990000,222.17938950086767,341.9723209797549,702
57995000,195.60244752676934,264.7800155746862,702
58000000,153.64227597151066,303.15788266629227,702
58005000,183.69678998591996,337.91445333517754,702
58010000,189.21138464229261,313.5911921671798,702
58015000,186.080342171087,354.2719925808406,702
58020000,212.17107868615918,298.19008098642547,702
58025000,164.13346175407983,381.3253230952962,702
58030000,175.73175093348345,273.91547224173104,702
58035000,162.31142814207283,336.4613673294071,702
58040000,194.54066271182282,340.3780355826963,702
58045000,166.83757072715684,324.98652541883996,702
58050000,192.74146592318192,251.76386865609712,702
58055000,203.0889404906717,330.4885600316734,702
58060000,167.67265827243403,243.83365985143922,702
58065000,170.4023207079684,325.62417699285027,703
58070000,193.29773392808482,272.9727519596759,703
58075000,197.6260500977922,254.41222028131693,703
58080000,176.12613443865376,325.1111443291803,703
58085000,161.63805238962135,314.9302268311487,703
58090000,184.4743641181011,307.33596629238485,703
58095000,187.19974404464287,363.4891419415796,703
58100000,182.78308433180348,284.6106693603669,703
58105000,182.06935767345496,291.02055606984044,703
58110000,188.82456344254643,223.7670716547501,703
58115000,146.64896038485048,247.53617226653589,703
58120000,192.22648876367995,331.14019164229785,703
58125000,191.59458571927166,320.3865287560512,703
58130000,157.74601449576863,293.2608381682619,703
58135000,151.98565874663709,323.35379249841327,703
58140000,190.74723850997842,285.77102079098705,703
58145000,165.29616424233018,263.77183515880733,703
58150000,160.44613965701646,243.49081882496915,703
58155000,187.21510690029277,295.45054178911226,703
58160000,177.25847622883848,242.7034258818725,703
58165000,168.60183812676252,259.9529939066703,703
58170000,195.48981867502016,304.30057316674595,703
58175000,182.83548936076082,285.27867462060897,703
58180000,200.67381528981792,356.96638725163103,703
58185000,160.17234036299442,330.1894592433766,703
58190000,186.06142819221643,269.31987253855857,703
58195000,197.73547716546346,292.2511164094611,703
58200000,192.09589553209207,239.96479351859927,703
58205000,190.84057394586034,241.5650205983374,703
58210000,137.4626198126589,283.9894766057046,703
58215000,185.3065432358584,282.0074026511181,703
58220000,178.61676973404488,241.1960788243099,703
58225000,191.7593521824287,340.3076907344211,703
58230000,165.46857313211336,289.3232194846136,703
58235000,179.5382723339309,311.48250216481614,703
58240000,218.67100436855225,345.47891578552935,703
58245000,190.8907851680986,351.42736192321036,703
58250000,202.61242124065956,312.1930058313265,703
58255000,155.09436635984574,300.4162092238936,703
58260000,153.71516491169194,321.4791535984419,703
58265000,167.29371813460523,296.14593197159775,703
58270000,146.77687668898653,320.5355762022292,703
58275000,150.1121963322885,325.4052737815659,703
58280000,167.9695264277797,298.0903330432355,703
58285000,184.27140655887467,289.5376394332714,703
58290000,219.16340812769434,275.5330228254669,703
58295000,176.88288592365285,381.91806319003734,703
58300000,198.65254911363098,276.9527827325729,703
58305000,215.90739653358727,342.020743010088,703
58310000,158.26672210868017,311.16926332948407,703
58315000,180.44428301956953,294.4491358118879,703
58320000,211.68252919805846,342.13164255582825,703
58325000,156.7353350798229,258.88822624737674,703
58330000,170.6351407194848,306.5514822466404,703
58335000,152.9060177009196,367.59885517659285,703
58340000,173.86293517343518,321.87347995435283,703
58345000,150.7600211737313,247.9564671227655,703
58350000,200.58170576980166,261.0573521526177,703
58355000,171.0148451168191,239.24073086680704,703
58360000,168.9067280057654,284.6904181403222,703
58365000,217.80850820822,303.48038120477423,703
58370000,170.04026663978797,285.01039794546944,703
58375000,222.07837239605385,316.67904198149904,703
58380000,139.8955260848133,263.5953985252102,703
58385000,162.30540940028476,283.2595892693964,703
58390000,226.169288741438,274.5602440515807,703
58395000,186.73428921780138,301.40116364400166,703
58400000,197.97956092081287,285.8612009569479,703
58405000,191.51467422217559,266.9077711332265,703
58410000,161.8313542213205,325.7817674499336,703
58415000,212.1801058989676,259.2377680531904,703
58420000,149.3864676799106,332.34698845698296,703
58425000,206.01814999288393,293.1770032238125,703
58430000,154.8334769817418,285.74769031739885,703
58435000,149.00047544414386,284.56399186219505,703
58440000,144.87983837720455,294.83676424837813,703
58445000,174.89831870420994,255.03161445135558,703
58450000,206.0225667738581,362.56935805790647,703
58455000,195.81683321761145,252.15761950033533,703
58460000,177.90510565878165,303.1758721379895,703
58465000,132.0766376098688,286.99527728118045,703
58470000,158.4415045446017,282.81876673317447,703
58475000,169.14936249553762,298.914151248173,703
58480000,155.8318143677794,296.83829881882355,703
58485000,176.11306422464335,207.97558021080386,703
58490000,175.86925082006337,254.0493172276112,703
58495000,213.8099039818859,311.3712285530908,703
58500000,151.224804636444,372.0517478299555,703
58505000,152.65995487928961,262.12727859102785,703
58510000,173.54166129345685,328.48994938986806,703
58515000,167.80920842673,381.14915612011055,703
58520000,167.73486500739696,326.7140158501113,703
58525000,164.8725571675083,299.0173110229445,703
58530000,126.966601516958,266.74630256697066,703
58535000,152.7265897721727,196.3311180491963,703
58540000,195.32727853219507,288.34818961362015,703
58545000,146.1138357331487,303.4979923928514,703
58550000,147.82556420788262,247.78179721872223,703
58555000,160.93679439636057,395.45179236177523,703
58560000,203.2983680973139,315.79772404811627,703
58565000,163.17154052496434,280.7781226756788,703
58570000,211.28712153334476,247.28619699255117,703
58575000,186.47169570010462,287.19423752087965,703
58580000,203.95640239422727,358.90306544434765,703
58585000,175.61949692366255,315.64850461276734,703
58590000,196.97419438285135,297.58732878438303,703
58595000,148.10663089023205,254.71541563276696,703
58600000,170.19838811611496,332.8053807367211,703
58605000,183.23738309481126,318.145590229788,703
58610000,170.31068325302513,318.5111572811536,703
58615000,133.2661341861434,311.95847563804284,703
58620000,157.84559581368694,253.20559257335063,703
58625000,161.9114505287677,325.9712420877087,703
58630000,169.98495559436404,243.30623152708702,703
58635000,161.08386356924328,288.9077063658235,703
58640000,178.1167250289318,273.829241049525,703
58645000,174.77116317068916,316.3954358652922,703
58650000,168.08372499408517,280.8781470809417,703
58655000,163.59077773949892,355.2294537756341,703
58660000,193.93583665290197,234.99021606129753,703
58665000,190.1531166834061,314.2525703774761,703
58670000,170.36516498719138,296.58203808735107,703
58675000,181.65174155225333,290.63040600537335,703
58680000,173.36377995289027,309.3529169442289,703
58685000,177.59787682959268,246.82500143747464,703
58690000,166.20686258212643,294.91721832971564,703
58695000,179.3287344808491,306.27795684689335,703
58700000,223.0514390744219,294.2914838682238,703
58705000,150.00422843134243,237.17813298725756,703
58710000,178.06578616550894,321.5269944367872,703
58715000,183.88094081208362,332.7389044951588,703
58720000,200.93100679730054,280.59889124347814,703
58725000,193.1752402487116,340.35494823363393,703
58730000,167.08624086146511,271.84314082788865,703
58735000,173.5687444751046,266.0202931157349,703
58740000,199.82026114939896,307.29033090503765,703
58745000,183.94421093846415,351.0188876511197,703
58750000,141.58455984899896,261.9636488264639,703
58755000,182.36856248309073,277.85206989989376,703
58760000,195.59311009817796,266.40079581266787,703
58765000,157.2315014558373,352.5637821623126,703
58770000,182.66837314208837,302.12654660061264,703
58775000,170.86119103295053,277.32722402787925,703
58780000,179.80072502097946,292.1799859271661,703
58785000,179.62054586975302,350.15021280287607,703
58790000,132.04647999292428,235.93294298928095,703
58795000,216.01751978007505,313.8995947276508,703
58800000,161.33004793349508,328.01934445956965,703
58805000,157.18337862866218,368.1025993025897,703
58810000,187.00685081697617,330.8964044207197,703
58815000,154.6413801992666,299.49686860984053,703
58820000,163.79212909650556,316.58239513114745,703
58825000,167.2853679914289,276.6990377053562,703
58830000,162.7049026553461,255.82308604944132,703
58835000,177.43174628227024,297.8424248682389,703
58840000,177.48015435738955,269.541357762615,703
58845000,171.74907078624577,297.36934256788413,703
58850000,189.00786157102462,284.79139527610187,703
58855000,183.1434126329255,277.94173522606707,703
58860000,188.89157078286672,236.3204180339051,703
58865000,168.33037450590226,291.4506182949045,703
58870000,187.33636306693944,268.964368987392,703
58875000,150.0584861026835,321.53887186821817,703
58880000,201.12600394047652,307.8591076040247,703
58885000,210.56760585891328,273.99974658399015,703
58890000,212.1526670241915,311.00762651784794,703
58895000,184.41358074194764,359.34922498493125,703
58900000,190.95049163408652,277.8593487080354,703
58905000,187.91450474602073,341.7709102549645,703
58910000,173.83647149217072,289.70033169320925,703
58915000,144.38360441087178,296.11344159322346,703
58920000,137.59750495182826,274.5140468346578,703
58925000,142.85401199898752,308.89200971725813,703
58930000,174.93464587647483,264.3565061082682,703
58935000,225.85131260290296,307.37799073882945,703
58940000,175.77277590405038,272.50099207604677,703
58945000,173.08241142107892,238.052303364268,703
58950000,146.47471968382254,328.49528564643833,703
58955000,179.4010104881994,262.3348776982083,703
58960000,186.2233272768428,278.7090454688513,703
58965000,186.35368334068022,308.98618522378075,703
58970000,161.42155049841756,232.52778008354764,703
58975000,178.9359264105152,284.62129646907636,703
58980000,182.32352124393825,301.6384436954122,703
58985000,167.88293803563647,291.04073847545794,703
58990000,170.912182172797,287.26193830889315,703
58995000,163.96774324111138,275.78801936569135,703
59000000,166.85234165615836,339.5109143017961,703
59005000,174.81922912450585,343.9522081840744,703
59010000,205.1790667290814,296.57255825298336,703
59015000,172.57087347310835,301.193070595224,703
59020000,158.2032410455098,237.16403204422824,703
59025000,175.9564271384021,309.86350203946165,703
59030000,214.04464140014858,297.34167003830237,703
59035000,166.68931846775735,256.1520330211021,703
59040000,203.99129523313331,327.2113535654225,703
59045000,172.75688384672068,282.042445878695,703
59050000,218.59986429381667,242.85276019245865,703
59055000,162.22824204249937,264.2433167633664,703
59060000,188.46628812275065,248.44195442991406,703
59065000,206.71574801228476,256.1161506938503,703
59070000,152.0537381624314,298.4715593298773,703
59075000,191.6753907452655,282.9461329393441,703
59080000,141.25636078228882,341.08974820331196,703
59085000,197.9513736710336,285.95089289759227,703
59090000,179.66494935624468,342.97393682073863,703
59095000,160.9697049267744,297.4436626167266,703
59100000,177.7826622146923,290.2819128706376,703
59105000,189.14221043334538,305.4093968290681,703
59110000,218.25854756289579,301.55316111340153,703
59115000,162.7108979928944,302.3539334196132,703
59120000,179.08664667839378,305.96100413409204,703
59125000,204.3007397447355,314.83018566994537,703
59130000,186.04545242056378,333.0327568059523,703
59135000,199.08165643873238,268.7259828997977,703
59140000,196.71245660121184,346.0165887510887,703
59145000,177.5124753863247,257.8252158833568,703
59150000,150.70234572793257,308.06058465356256,703
59155000,216.49081817811822,263.8817890876254,703
59160000,180.4200507790701,360.5367794859179,703
59165000,205.26098925540262,282.1573390722148,703
59170000,138.88296566931123,337.66239880065956,703
59175000,172.4362455438259,257.5015687000384,703
59180000,178.98914394268147,287.7775113111549,703
59185000,164.3435793310076,255.80502928352362,703
59190000,161.45801772722245,298.5942995349887,703
59195000,142.20178465397947,291.92991005129863,703
59200000,169.896443375782,252.86182136163242,703
59205000,146.52484665452516,308.62512442226824,703
59210000,175.84834423462763,286.1284239063058,703
59215000,161.13939230802825,288.06110482331286,703
59220000,186.87094483808986,296.1652392660458,703
59225000,199.20226257341133,305.82370949876616,703
59230000,210.069090076025,318.7004255813242,703
59235000,179.51559600519195,258.23762077011685,703
59240000,191.04054651178998,289.9307203630129,703
59245000,165.84525836784087,309.08704349852707,703
59250000,189.92034073654224,285.1358924848937,703
59255000,204.21855792575425,312.06627722487656,703
59260000,233.7109432756652,271.7749503175165,703
59265000,184.0420121348145,292.4727964201423,703
59270000,161.56118228314156,271.67729319245905,703
59275000,196.96988993389823,323.8528898697338,703
59280000,170.63461628959385,273.85569598755274,703
59285000,202.0311078490825,389.85502392127677,703
59290000,176.51189309867337,293.9104604516507,703
59295000,166.12770364816495,252.58632233476368,703
59300000,204.22997844267647,316.0531569665878,703
59305000,173.64420822678102,277.69270367603065,703
59310000,167.36132899627464,381.19665040205905,703
59315000,168.38778843467088,336.49299465082163,703
59320000,152.05072903041628,351.5173278321467,703
59325000,184.63779867118183,287.5378114699804,703
59330000,167.64274664869032,297.54662221463286,703
59335000,142.4674008669813,291.36191423078935,703
59340000,216.61588491731263,323.16870335056996,703
59345000,169.21750499358254,296.2159799213973,703
59350000,159.8918584440736,293.5984972631448,703
59355000,195.825682975603,357.0154194522953,703
59360000,152.25022061090687,332.60003023604753,703
59365000,195.67399173473038,254.26610401794568,703
59370000,189.4748634469421,300.0231581729403,703
59375000,222.879702020187,302.10684332866913,703
59380000,154.06667825883855,326.06440443429716,703
59385000,196.50822071830183,285.43639848573866,703
59390000,165.089893731037,256.5798415380686,703
59395000,193.19744943382997,318.70402085569265,703
59400000,171.86525756242003,307.11584247103195,703
59405000,203.0750034337585,325.75845595406633,703
59410000,183.2135930675651,299.3382311463214,703
59415000,197.25511389122485,291.48075636964825,703
59420000,196.06825313645786,259.91902437301286,703
59425000,186.5276781902512,328.4767447893234,703
59430000,172.0881191251422,303.5982301424632,703
59435000,185.44453152402843,238.52150689757494,704
59440000,181.97028769551588,327.32720684781543,704
59445000,156.82893744552914,277.61928100665693,704
59450000,164.02222748592314,325.5638609002844,704
59455000,130.42293958983518,289.65726708367384,704
59460000,174.90050936699032,330.4326061156208,704
59465000,190.27970714754505,254.87709990709823,704
59470000,192.68581720185364,371.59247667912234,704
59475000,189.08645050979194,303.78714279191325,704
59480000,159.45017046394392,293.89815147048853,704
59485000,198.26689431927812,287.5561219732682,704
59490000,171.70359556557497,312.40802322464276,704
59495000,165.7856082201273,363.63106515474215,704
59500000,163.13724192455956,328.4328305913915,704
59505000,164.26035351230524,302.1733907908616,704
59510000,166.58431243342181,308.22000004509,704
59515000,146.05043161040942,302.09241947640817,704
59520000,162.9480915330952,258.2875397237344,704
59525000,166.02917309719106,286.55985920240727,704
59530000,201.63051835610975,279.3150384404076,704
59535000,226.9579868518025,276.29421928713043,704
59540000,163.78316319590513,295.9525465319025,704
59545000,146.469694147967,362.1301680472684,704
59550000,172.00151158412146,268.29036153980945,704
59555000,185.6520144009915,326.49538201487405,704
59560000,184.82506930687987,267.76645467738024,704
59565000,228.7556997660743,277.00252683045727,704
59570000,206.8916512969806,312.14928462590115,704
59575000,161.21721432667087,267.0344290184541,704
59580000,176.83184611596815,314.19754272369977,704
59585000,148.53463791735606,290.728683436334,704
59590000,172.50607613494762,300.91779312432516,704
59595000,208.96824991405822,304.924912615017,704
59600000,162.75076861838315,308.007878392259,704
59605000,160.34259406774726,294.3383640219069,704
59610000,170.27593752005572,310.8040257315434,704
59615000,154.62918241060927,312.61087876128306,704
59620000,197.1533275208335,338.93734592940217,704
59625000,216.65532059604067,253.6237712849146,704
59630000,153.8797976013102,308.9414652934923,704
59635000,203.3024913491103,307.5554895794409,704
59640000,209.61601287160133,288.01632090736894,704
59645000,132.03512056697656,269.27367862391327,704
59650000,190.12010930753289,290.1038556710168,704
59655000,143.5747110010373,294.7486595520479,704
59660000,211.89607368336846,309.82854077708333,704
59665000,179.57851091899036,298.41425194694153,704
59670000,185.82023082073218,259.3149026940583,704
59675000,181.04190399751795,253.10546063771622,704
59680000,134.56582156132487,293.6974538828339,704
59685000,181.18451148256514,295.1093487028016,704
59690000,172.58264435772787,331.5372013227703,704
59695000,166.38232824812388,279.6925847161399,704
59700000,203.46120137190508,243.61879070267372,704
59705000,174.18011055296108,277.37092061239827,704
59710000,166.72043959552568,311.7160505282307,704
59715000,122.73880650683148,243.48452956591194,704
59720000,199.13362509032217,267.3384270523296,704
59725000,196.9956400931504,305.9076379139972,704
59730000,168.63723769333555,333.8607208713519,704
59735000,182.41619563380607,287.347921289326,704
59740000,174.58021180304354,309.0080631776739,704
59745000,165.63647724946557,343.05051020204337,704
59750000,172.91764315630047,334.6590976267206,704
59755000,183.47921623742968,265.1518552490371,704
59760000,168.34908993939882,264.62840241929916,704
59765000,179.7226824814266,262.13668641877103,704
59770000,209.71146941498915,325.01624312574484,704
59775000,128.44427268312367,335.32461354971133,704
59780000,173.32413085467226,274.51626931897687,704
59785000,167.9155897624551,323.6711062538091,704
59790000,206.35197405007096,289.00736940222464,704
59795000,185.14134675642146,263.6150067867887,704
59800000,191.14156968275395,255.05563772135315,704
59805000,197.6055689143147,322.759799010854,704
59810000,237.16867944184852,388.8626317986198,704
59815000,137.90925752558766,309.4953419338302,704
59820000,180.60565896877677,301.68891261875933,704
59825000,162.06978088080407,262.8717043749421,704
59830000,170.56177894866724,296.776293295959,704
59835000,199.46209865553985,324.75322864438874,704
59840000,192.76183210945484,276.7130748608838,704
59845000,173.10890801294113,295.00305401901284,704
59850000,179.79312927452105,348.89519264660646,704
59855000,174.66414320251195,329.0694238614774,704
59860000,176.86083062252413,327.7311950469076,704
59865000,187.1846682136648,368.5833247780992,704
59870000,212.20228112176613,296.3140059117843,704
59875000,182.66676872297924,301.93662595073147,704
59880000,167.09028450270392,256.77859996952805,704
59885000,165.55490928122074,319.22710853315937,704
59890000,161.44813998765406,342.4209581183527,704
59895000,216.67966454321967,295.956175151895,704
59900000,160.98776433420807,244.96846277014117,704
59905000,175.5837266069965,289.38733802158185,704
59910000,192.12831512296594,265.15069383077827,704
59915000,142.42272381106906,271.2446797574142,704
59920000,152.2262225427087,315.34054538268447,704
59925000,208.6084342107738,260.76695243312327,704
59930000,197.55696686154937,310.77182338922944,704
59935000,171.08157561502586,258.2773765265145,704
59940000,162.12886846866604,291.82092176047735,704
59945000,182.9184148139847,266.953984878173,704
59950000,165.43905588480183,325.1205561320374,704
59955000,195.9977506269658,345.4911809423162,704
59960000,171.30027689852815,329.82421895793635,704
59965000,176.34277322699845,258.36358342708917,704
59970000,165.51937488626803,273.4386877417157,704
59975000,173.51778326081143,307.34111855378234,704
59980000,185.33549523208686,311.0943736232874,704
59985000,164.0672020616816,310.5961604842702,704
59990000,132.83235030596185,317.64294701949734,704
59995000,155.42578198854454,263.5791297036948,704
60000000,215.91940979517662,341.5478359003732,704
60005000,199.04379133328524,295.9927709248519,704
60010000,162.97496025075935,345.49279661098734,704
60015000,170.5943660060051,333.0781103685877,704
60020000,192.18866165338235,360.43795785190923,704
60025000,192.87713726803423,313.61519816518626,704
60030000,191.21953301241376,286.6171437997309,704
60035000,183.2359905412173,295.8855993201688,704
60040000,208.50130517237162,336.45601950979614,704
60045000,183.25811919521445,321.72297961543387,704
60050000,206.36664085831654,337.28724287134463,704
60055000,184.1220814041195,282.20527758317434,704
60060000,186.4591731443496,283.1300169831666,704
60065000,141.76731490166117,286.66419093088507,704
60070000,184.27072953978728,299.95718459611123,704
60075000,185.76019951580543,294.8469947750896,704
60080000,141.41400126283472,221.66498478502342,704
60085000,157.05975870648098,329.3219880825033,704
60090000,204.456633582238,345.35674256475374,704
60095000,164.80358851655785,286.5991360025734,704
60100000,147.2149202520056,339.40211178213883,704
60105000,161.3240436132861,252.25758029533046,704
60110000,189.73670114499828,282.22999675971886,704
60115000,144.4281510957043,414.3497056341573,704
60120000,172.8588146072157,305.9667929925762,704
60125000,203.33594335144744,300.59526543835756,704
60130000,208.90668827965092,388.02787663737786,704
60135000,161.69349908895865,324.49244922079026,704
60140000,143.90679337914574,257.5853271410179,704
60145000,147.9496266763065,309.11239736339206,704
60150000,155.0995068990976,268.8363406788602,704
60155000,176.55485382646143,253.42356598155465,704
60160000,175.59024278723587,257.1081574024252,704
60165000,194.17444563317275,280.9636999620237,704
60170000,165.10413122689027,281.0711045927285,704
60175000,143.47721374039227,314.94028655719967,704
60180000,212.72693282016618,307.8523150644449,704
60185000,171.54740585526793,319.8085349796251,704
60190000,190.66974938299484,328.4883476320003,704
60195000,176.16167982324353,271.56074392604125,704
60200000,179.42554071807493,283.52264153982793,704
60205000,155.44242420923618,291.947100216511,704
60210000,170.75964236893236,322.5937283626438,704
60215000,176.72092659514811,310.81839438797897,704
60220000,155.0533245747347,303.2418474513071,704
60225000,223.24487373769153,310.39356671091747,704
60230000,154.97531684290357,328.4375704921357,704
60235000,171.882392035712,324.4234690690637,704
60240000,181.4710253507243,327.05109534704576,704
60245000,198.12262554042223,281.2586508323995,704
60250000,208.6301834519961,291.1719998628059,704
60255000,213.67690838113506,280.37997872377156,704
60260000,149.79866904186312,236.8765376249519,704
60265000,144.09907113154895,268.3353508474386,704
60270000,154.03142071866182,299.10344379219845,704
60275000,166.46395239436507,327.1194201640054,704
60280000,195.5951008295611,323.8829257342955,704
60285000,223.61193501959653,290.9080729878439,704
60290000,157.11702863465283,398.1912328374325,704
60295000,155.7354005285724,306.9086113410602,704
60300000,163.29012224678496,391.14022385040636,704
60305000,158.3922138678764,279.1724786119783,704
60310000,182.76318963518528,286.461396112223,704
60315000,158.7261405790548,361.12849552350906,704
60320000,224.86790810356806,265.7553157479784,704
60325000,214.12374698303466,356.4091025040536,704
60330000,173.0805806719029,258.9506568539353,704
60335000,172.34135023990052,349.1136404474564,704
60340000,186.08767996377543,319.8470050325562,704
60345000,161.4518599119819,287.95357345840534,704
60350000,202.53017542024918,320.6520190557937,704
60355000,170.50047193610177,327.2240867100352,704
60360000,192.38888307015975,315.17191030018813,704
60365000,146.49176723552432,295.76868837333785,704
60370000,141.35358449541505,270.0523774797302,704
60375000,170.14084051519657,305.3560717898259,704
60380000,139.48433929588836,314.6476721743314,704
60385000,178.28459933954403,316.90457881364676,704
60390000,198.05109097570116,290.7351051333551,704
60395000,146.8589749155344,322.15277652922555,704
60400000,194.4097262627274,292.33155437554166,704
60405000,157.98474028088475,275.9354599904967,704
60410000,189.71208704180967,352.5462106232746,704
60415000,157.09509552401155,293.53795067655653,704
60420000,196.05714873241425,346.31856196395387,704
60425000,184.96479162026864,247.4403341709878,704
60430000,185.47843362759298,284.7186546793388,704
60435000,150.82298215441702,300.35961414326846,704
60440000,184.60095533319694,285.8646187518985,704
60445000,159.3382600544673,296.2358226492265,704
60450000,157.1889866752147,272.9887606803256,704
60455000,179.45818629955716,286.6480156062765,704
60460000,228.45950039029765,327.24320626692645,704
60465000,167.1309357335141,413.0334590012179,704
60470000,203.28782790074953,337.86809075113246,704
60475000,176.4636648928729,307.43834397513837,704
60480000,145.62170981987114,293.8740281267006,704
60485000,193.64781474809482,293.9451302045095,704
60490000,160.81114893529826,307.86958847779033,704
60495000,170.04502605129443,228.34529130778722,704
60500000,176.6118506511411,242.5766981736675,704
60505000,197.90896254269325,328.90716624953194,704
60510000,161.72792477782968,321.56221382666536,704
60515000,200.74499597380014,285.1952639365857,704
60520000,143.60881409739238,297.7568677425521,704
60525000,191.85887075430145,280.22039505730675,704
60530000,164.08925853051508,321.72241343375873,704
60535000,142.33774917982024,294.7984137516061,704
60540000,156.01577414525883,271.5109648012768,704
60545000,195.190753130954,344.1823656446926,704
60550000,201.9282418187129,338.3503243503047,704
60555000,168.47145293409673,283.584680739299,704
60560000,160.182726895637,293.82597043480916,704
60565000,173.79351743365874,288.90984800676966,704
60570000,168.6825341683149,357.82046344037093,704
60575000,165.70959511843483,268.98439620410113,704
60580000,185.94941085256877,285.7369485825828,704
60585000,177.2720805766521,309.14391931188834,704
60590000,199.7936943303452,356.39853979571706,704
60595000,152.55171920086926,278.8690309674147,704
60600000,160.90819216371884,290.8095022260306,704
60605000,167.02363686727082,265.4142722294023,704
60610000,180.54866893817726,268.3564649275649,704
60615000,176.27217889639525,339.13025871162716,704
60620000,201.45130862859412,271.88897682431144,704
60625000,169.17369985155048,285.2478891373179,704
60630000,214.81888006747417,330.50976008605994,704
60635000,174.3733109639625,307.38054878855223,704
60640000,188.73958303211762,283.5843753212565,704
60645000,175.83013660993015,282.7377317636791,704
60650000,191.0767422699601,275.02104246524317,704
60655000,170.92307321684018,301.09753401082014,704
60660000,189.51449880498626,361.59604567048814,704
60665000,187.57480580504813,282.1115319275049,704
60670000,155.12595682254639,266.4363416257005,704
60675000,196.8259969329612,301.7696071216728,704
60680000,146.99306064419685,306.5207870569488,704
60685000,188.54441862591577,280.4014003028075,704
60690000,174.3934370813165,245.07297001021132,704
60695000,167.2289334982286,341.67047753923765,704
60700000,202.66000593064777,262.07128991663467,704
60705000,159.1139568636465,297.83038996145183,704
60710000,157.50832169180933,336.9910858547509,704
60715000,158.2561640734668,322.47164726345625,704
60720000,175.18669616098805,322.13646764164383,704
60725000,179.96107277147078,257.8508187040336,704
60730000,150.1444382987586,255.56109510040397,704
60735000,156.18282033134278,322.94551087743196,704
60740000,146.52786043872808,308.1640328330841,704
60745000,190.87814456486495,273.60921799650447,704
60750000,204.91333254749472,336.54937405074327,704
60755000,165.1090169406952,299.7996491595515,704
60760000,210.28644990955996,339.52972054557904,704
60765000,169.35106282454657,280.40306499402334,704
60770000,169.81765017414614,306.49941540779395,704
60775000,160.58586425416485,319.65819685954324,704
60780000,180.33008389558103,315.19413808373554,704
60785000,196.49231992788845,282.8354547722081,704
60790000,177.4418673300811,309.23413704782905,704
60795000,162.48870902518343,321.04269089425395,704
60800000,146.88433981675357,337.2711494831507,704
60805000,185.36289938149042,319.63841560232817,704
60810000,151.553616568198,241.7064037345767,704
60815000,149.0448955095379,257.2030156789798,704
60820000,183.74604205366694,253.85204694836222,704
60825000,160.18659151064253,242.335258222112,704
60830000,177.59466216558002,321.60892350783314,704
60835000,160.1427867262377,306.32324383727524,704
60840000,168.5692088914355,261.14079976551625,705
60845000,174.72954879151695,250.03201663305873,705
60850000,175.37585471322618,299.66650102255363,705
60855000,163.1369522768694,246.86031747383595,705
60860000,150.91264318374584,254.14581597537915,705
60865000,186.56277196513395,327.98915376342967,705
60870000,154.80434675590254,349.36770647042323,705
60875000,168.74312912205224,234.015773284301,705
60880000,179.3824588078511,325.99949828678734,705
60885000,168.54520274045242,285.3574477510677,705
60890000,138.3271677274865,317.8110451112945,705
60895000,176.67070785427347,326.63476129828587,705
60900000,192.32265458475788,269.2188770956779,705
60905000,194.49591150596996,288.1922834276333,705
60910000,190.12182246576765,270.3421796344152,705
60915000,201.38640291087134,310.81067867343944,705
60920000,183.31490247066623,306.20215902589655,705
60925000,149.30410196759524,232.562441284696,705
60930000,202.3162214452176,295.45049664114663,705
60935000,212.46189705934728,309.6054562537541,705
60940000,156.08159941796492,298.91943347823195,705
60945000,211.73198061892577,314.98806959412747,705
60950000,148.25193269602394,273.4691683443585,705
60955000,163.2391995206248,279.33048697681636,705
60960000,214.7209843038381,285.0633462358411,705
60965000,189.60085689308698,293.19339414083305,705
60970000,190.41142478359092,307.2003109295816,705
60975000,183.60151563115696,300.2936379949717,705
60980000,187.57341352246075,326.8568654222083,705
60985000,149.86903688090374,334.02148136269045,705
60990000,170.5280689340504,285.17312463776193,705
60995000,191.13676976369464,338.16310832836996,705
61000000,161.21823758804757,257.792743271464,705
61005000,144.52097851068416,356.7650597977293,705
61010000,203.65596749401942,257.39848129442896,705
61015000,179.77322815526063,313.5558791933109,705
61020000,152.6826679522935,346.24160584349573,705
61025000,180.69764103024153,317.1879660718567,705
61030000,187.6507081922802,321.685786850677,705
61035000,147.9803740473618,360.66254575377917,705
61040000,162.8203492030691,274.02734992214755,705
61045000,143.641294719077,278.06361858041834,705
61050000,149.21615024134977,280.15512746142156,705
61055000,207.12959286427693,252.14637366698213,705
61060000,199.87255386975644,326.0730269469739,705
61065000,163.703777957367,274.6803018291478,705
61070000,197.33833305865298,333.2318716157224,705
61075000,174.19784568715076,313.62568956795843,705
61080000,182.36703706511565,281.17306344146596,705
61085000,174.71149863488958,267.3456602862914,705
61090000,168.02807049947023,356.99004444958507,705
61095000,158.60968243943606,268.9317186218822,705
61100000,177.83663524449366,242.927784938587,705
61105000,199.63012518544474,324.34177416004246,705
61110000,179.52668995883823,274.23024702066465,705
61115000,146.10260860422056,269.2843391126429,705
61120000,195.3633160422179,281.5372402343093,705
61125000,190.5089694952907,300.34239711626236,705
61130000,153.50083816009035,287.9474330375466,705
61135000,178.05964892059424,339.30379779624207,705
61140000,158.1383137396182,262.3140435334193,705
61145000,148.11917453242657,291.9146616775094,705
61150000,188.53164713111235,258.8232105167662,705
61155000,169.11463900452992,339.513176018902,705
61160000,174.92701983796923,269.79468826814957,705
61165000,186.29518913271068,296.750319221583,705
61170000,143.16810594316382,310.24674152345204,705
61175000,168.75399008152903,353.3745155783599,705
61180000,167.90321370827715,281.89182502969527,705
61185000,161.50615420856286,291.3434249870592,705
61190000,160.41635877857084,258.2448315142982,705
61195000,177.81867786739645,266.0030850643703,705
61200000,176.2087339717048,368.94282708697483,705
61205000,206.1819139852212,370.768449426822,705
61210000,170.32826728966864,275.5122861058071,705
61215000,136.29447300118824,292.13825136060836,705
61220000,174.62587935445686,264.9988022206473,705
61225000,184.77643883085506,305.947909448534,705
61230000,172.70072441230994,282.04173905530155,705
61235000,172.97298595774072,345.2647046703718,705
61240000,196.63346171780844,289.31302637540887,705
61245000,159.51820175414733,311.4425328703313,705
61250000,163.79419807059625,296.6726147988396,705
61255000,200.48164666287934,305.178174134847,705
61260000,181.9924513264022,323.9718018696387,705
61265000,140.88429963236047,247.00010619063838,705
61270000,179.06540114174416,243.33061581765628,705
61275000,168.7944060977852,346.8380556781351,705
61280000,187.02789235773625,319.0593171552287,705
61285000,217.7641951655304,314.18963983883475,705
61290000,182.48584498195854,287.1203021130628,705
61295000,208.017521572457,336.18715658022904,705
61300000,179.43933279072309,276.4644071749004,705
61305000,177.9139404756897,285.3718259971577,705
61310000,172.2336049981084,319.5494002612598,705
61315000,150.77424039942716,266.3700408339533,705
61320000,171.73968569848645,372.96490836602123,705
61325000,168.8822076107826,348.10763671350463,705
61330000,176.3779432860683,311.86301684125476,705
61335000,168.89234950221154,268.6703112490797,705
61340000,212.33488809105538,253.57359966125927,705
61345000,134.78504497462944,340.5691584239546,705
61350000,163.0663823432539,327.8122260707163,705
61355000,186.02689643833202,283.0164551882778,705
61360000,162.05586753441895,357.15969669599883,705
61365000,157.75848912966333,327.69469540451666,705
61370000,170.1965002177471,317.0301216723262,705
61375000,192.3703581716952,348.57557885367527,705
61380000,195.85027167581558,373.3911357140428,705
61385000,203.46924903487766,347.2762146403342,705
61390000,251.04691611191296,358.405577376263,705
61395000,163.05505127908123,227.96727362130775,705
61400000,176.62462730775246,318.22124032087453,705
61405000,141.00058716859328,384.7769947809652,705
61410000,181.5652720139873,335.75799002022814,705
61415000,190.74766594681083,308.69942290663715,705
61420000,194.49288514269074,306.6448597972672,705
61425000,146.74313415008146,288.50804514361255,705
61430000,204.8089985075021,292.15085146079815,705
61435000,178.726646452087,291.1659298834191,705
61440000,163.70475975006917,293.16961027532017,705
61445000,176.74174401316492,274.6454260477884,705
61450000,149.79668746451986,273.46069882540166,705
61455000,186.4601027194937,268.1318131825306,705
61460000,194.9953040208795,356.01408988875244,705
61465000,194.99103663981745,256.96089981759553,705
61470000,187.366369454171,275.3083115238598,705
61475000,171.2559929811039,242.7303779452647,705
61480000,186.5698065176872,293.78461818699503,705
61485000,185.95193136120872,323.63841123708295,705
61490000,200.82443698830212,245.5100066820284,705
61495000,196.2703204392975,292.3453866094695,705
61500000,170.05953400301598,289.28804424490596,705
61505000,181.37098714597442,325.2099215568336,705
61510000,186.72991647721722,290.1211914354369,705
61515000,200.22996877954816,317.4949156865686,705
61520000,208.22000364482508,253.70177309950805,705
61525000,144.14382997279876,291.32588724514665,705
61530000,170.409936240658,302.1596038790954,705
61535000,185.87266258951158,260.5737563366592,705
61540000,143.31910342326796,343.9032342101814,705
61545000,164.02612032184783,344.928663237147,705
61550000,162.35727527517855,263.4249418964403,705
61555000,206.9026186055214,312.1524851216033,705
61560000,186.65362124020805,237.58471799509917,705
61565000,213.63286391574024,340.2746777985311,705
61570000,202.72087059277953,291.585143231136,705
61575000,169.00939969491228,277.7607925700754,705
61580000,153.04284542469466,255.73528416711227,705
61585000,166.33782664366086,299.9099580436041,705
61590000,143.34345186966158,252.70733602897894,705
61595000,162.06314679492812,300.84661858837825,705
61600000,186.84827838138946,371.877491916173,705
61605000,197.3180715072413,284.9821550651782,705
61610000,201.2347516404261,338.44543116073385,705
61615000,148.52339723586732,279.48990255830387,705
61620000,142.3106657770312,249.153010676011,705
61625000,182.10088174571428,361.0140919813897,705
61630000,144.6699275056264,301.117123435883,705
61635000,165.74141663239882,278.6124513130101,705
61640000,181.60996969221534,291.81600881173034,705
61645000,175.8408596706888,288.4462226954411,705
61650000,196.36103511155727,302.6121199538269,705
61655000,152.82454499039224,329.3357879554801,705
61660000,230.60606739681327,295.0084662572365,705
61665000,188.55877748918073,274.14416481414855,705
61670000,209.43157702331098,287.1209175665895,705
61675000,150.87854621198775,282.8594681577345,705
61680000,141.1010151331267,329.1413174857117,705
61685000,157.57038250952724,287.8749472467971,705
61690000,174.20442971655493,344.2526043966848,705
61695000,178.1473179867607,351.1562445626107,705
61700000,209.0223498352684,301.5876483948609,705
61705000,153.92831146251672,292.2919419750972,705
61710000,168.54209113475628,322.1750730259849,705
61715000,190.14999537177155,325.69023688056194,705
61720000,156.85998608767142,273.35332137202835,705
61725000,137.45780957935602,287.3036307154453,705
61730000,161.94144137558973,300.1699131530379,705
61735000,188.22949280848027,322.52192413193103,705
61740000,179.74397478361212,353.40117634294097,705
61745000,165.66849677797356,228.52921888515993,705
61750000,182.20881080574514,296.0465449457545,705
61755000,182.37638488182273,304.81751767351955,705
61760000,179.59191971272486,299.21128736033813,705
61765000,182.45320515884876,259.80054495705883,705
61770000,181.26254013943492,286.8312574893889,705
61775000,141.63245601097563,286.42011842170564,705
61780000,180.63660787523534,297.51974724063797,705
61785000,161.76333752118686,293.51284073312206,705
61790000,175.5656796333107,290.6497150602772,705
61795000,180.55278331256642,304.77469439397174,705
61800000,147.14286364963877,285.43193592307966,705
61805000,186.6479419982184,328.67909288597133,705
61810000,179.14430124878274,277.80120393417843,705
61815000,181.82730500451035,325.0290906563847,705
61820000,218.09885466550696,305.3314832424871,705
61825000,175.1555256317828,323.06390457747625,705
61830000,175.52576292833947,299.3418384402086,705
61835000,151.24761087009915,307.533629832165,705
61840000,194.42415695828709,296.90051743748717,705
61845000,155.70724806319853,285.7067195369468,705
61850000,200.2854327771925,344.75941236567553,705
61855000,155.41621285892668,276.90312409425457,705
61860000,149.2665598914574,255.77718141723636,705
61865000,151.25165610026556,298.5831395373945,705
61870000,166.45992354358754,298.63459766478445,705
61875000,175.23885003260767,367.05050264944424,705
61880000,145.5691631958109,291.83986123910364,705
61885000,237.30167806434605,320.8656116735151,705
61890000,156.67014620850696,296.1019587469849,705
61895000,153.33136900765763,276.306837607888,705
61900000,158.85614130926237,279.0457152239133,705
61905000,152.39635478502296,313.2149152928157,705
61910000,180.48627430534157,288.8503957523896,705
61915000,178.8565957375149,320.86537216360534,705
61920000,150.44843769814477,311.5577715469972,705
61925000,189.20939404878163,251.32602548418538,705
61930000,189.85527756861853,309.6907245457581,705
61935000,183.41888935766082,285.97933142681916,705
61940000,209.13648824788692,342.60661416549567,705
61945000,163.5064160806262,272.87180971264894,705
61950000,142.1413126198439,302.3333246431148,705
61955000,172.13571796213068,250.17521505309824,705
61960000,167.66953495731312,255.25738975818314,705
61965000,135.2364117978676,253.65819999894651,705
61970000,166.69456615205038,215.43701185008328,705
61975000,138.46617706639373,272.88827749161436,705
61980000,136.4062988519744,317.84322758461116,705
61985000,157.58556813162784,318.5596051708162,705
61990000,157.62592588082083,294.0435937962826,705
61995000,147.40200644602479,263.1387760356141,705
62000000,183.98179712468558,347.99449185098433,705
62005000,193.8984556754206,245.59801992132128,705
62010000,195.3233978157177,294.8373754749391,705
62015000,171.21144096272354,291.7963440687111,705
62020000,192.13506183951873,270.9108814999866,705
62025000,161.49102776370924,271.1479828547312,705
62030000,198.99543659488273,335.4544358057382,705
62035000,187.11882528697268,285.09419042850243,705
62040000,182.24805261186324,261.96770992649476,705
62045000,151.66283701229975,269.2572696296452,705
62050000,154.8954623888825,277.8907960077493,705
62055000,150.01347388885256,293.4301829675058,705
62060000,194.12402568595218,271.64176760180396,705
62065000,147.73105956215318,239.01708793629527,705
62070000,212.54139079386982,334.7271487979656,705
62075000,156.62817090608732,290.75692066935164,705
62080000,157.54073352348593,324.9403539323365,705
62085000,182.47201268308555,286.485788825127,705
62090000,189.02141465212367,334.729263649692,705
62095000,179.5973741139548,280.9966280136929,705
62100000,170.31142981109295,310.002009275487,705
62105000,157.5040166931928,273.8268887632313,705
62110000,168.56633657225493,353.4287261179557,705
62115000,182.54359599669533,318.6070845438923,705
62120000,149.3098136478252,302.70781868854976,705
62125000,185.14303429183917,298.73508374701674,705
62130000,184.88232949931273,295.2820137052789,705
62135000,202.85522118105877,244.97860129673984,705
62140000,141.3324264165879,297.89335594293,705
62145000,210.99865600677728,245.13149677570263,705
62150000,199.0576820737349,341.63416530127904,705
62155000,171.0806633439327,272.5325290748519,705
62160000,164.22822874505084,268.56953688486885,705
62165000,171.11803920026077,306.52862035701827,705
62170000,163.11375183274077,297.80860006414605,705
62175000,180.4946597380245,324.61549415542277,705
62180000,155.24038395891313,300.91024583390515,705
62185000,177.6597091377852,304.48776574855094,705
62190000,171.52431126244778,319.10528893228036,705
62195000,153.78767416803677,315.9703741484907,705
62200000,206.51908530677366,286.3500599732973,705
62205000,175.44999135574682,243.17700399655445,705
62210000,169.69133957224153,290.5296463221995,705
62215000,156.57621866176635,308.2825120742889,705
62220000,171.8403563646677,263.8785200373357,705
62225000,181.47334178622924,366.4094924729761,705
62230000,147.48985858427505,290.66227689912455,705
62235000,189.60189350747723,314.82391883728735,705
62240000,229.49728418188602,357.4408221353866,705
62245000,200.80351926746775,305.15950934336274,705
62250000,189.81997738995477,324.4359470769569,705
62255000,176.5171070569226,378.16084472068553,705
62260000,150.87769434429387,279.70043800341114,705
62265000,223.40755233660525,283.7739203524062,705
62270000,206.514725927513,236.07783423153685,705
62275000,161.93355780865838,296.29005397513515,705
62280000,148.7321282964692,289.98700962430445,705
62285000,219.98757584683923,261.35816975751203,705
62290000,179.6849076912802,298.38488727107165,705
62295000,179.80429702211512,315.039915332041,705
62300000,165.6050924292241,324.5681298678269,705
62305000,195.301055397018,298.1505249217932,705
62310000,138.4623444863118,316.187006298025,705
62315000,216.9368400616351,241.46112232016344,706
62320000,196.08113336616276,301.88847238080206,706
62325000,161.8309103853034,268.05087574069194,706
62330000,182.0938628385611,328.39677460843154,706
62335000,158.0407084901785,308.4620608905864,706
62340000,168.03601292882283,339.1885996702707,706
62345000,188.32799245312808,315.6277595814295,706
62350000,188.68383112728574,315.70784895388624,706
62355000,147.40396724969824,324.6656203443706,706
62360000,210.33781924655983,323.0710697924549,706
62365000,209.6992113705136,343.03904966171945,706
62370000,189.28388250701568,311.28117777551455,706
62375000,184.77601921732577,396.2046180242337,706
62380000,175.22358457435152,298.5888436745404,706
62385000,190.5456313019603,347.7376647941804,706
62390000,184.33011347790887,312.7419520028444,706
62395000,129.37121184903694,279.3495808718484,706
62400000,196.04348310837042,332.1455835756473,706
62405000,183.76139338698778,320.15829678561477,706
62410000,168.26706484133288,304.75301215050285,706
62415000,209.42038319415252,310.61623704930565,706
62420000,172.24798576759318,302.1859753634398,706
62425000,191.2798047052288,255.09855667874365,706
62430000,215.10397636649233,256.34536621243393,706
62435000,155.37608263369435,343.04591834010847,706
62440000,198.92316120534787,307.80018890780104,706
62445000,161.79633536443,287.23090212183166,706
62450000,166.30128248223002,330.15835265370686,706
62455000,167.9317039152404,233.37986075717134,706
62460000,173.31865420172983,300.2574673709001,706
62465000,164.02566739457006,280.808236252985,706
62470000,180.27808642122451,265.64326318659903,706
62475000,193.81984218414803,358.25799232469745,706
62480000,166.0641119883864,299.1186246607685,706
62485000,202.47963852075557,318.74577952020275,706
62490000,156.86874601921554,305.9401607710713,706
62495000,178.07617774658016,322.78606603072996,706
62500000,136.82770489826117,287.9863837403695,706
62505000,184.45344259727005,339.17109105965864,706
62510000,169.11676195302613,281.2571274747617,706
62515000,130.38690946677733,296.5248877270975,706
62520000,175.02580576262918,237.53993654805305,706
62525000,191.24944769607032,313.48777990598467,706
62530000,188.06791550390943,288.33772433076854,706
62535000,160.40772892437593,324.0280468244525,706
62540000,168.1622281544683,298.2356245082387,706
62545000,190.81506570314428,304.9646574384132,706
62550000,153.40225760728987,299.18037741819387,706
62555000,178.29413135259654,398.1840873111491,706
62560000,183.7558259523131,260.62338254997263,706
62565000,176.13867511590087,330.16060579075764,706
62570000,149.19447615401495,297.15475936591776,706
62575000,194.1835419731812,306.47544404629036,706
62580000,184.8099673739344,247.79875489300846,706
62585000,149.4034667050757,298.4437782272227,706
62590000,188.76281476140053,289.8418246622679,706
62595000,165.9756353252708,278.0672001441858,706
62600000,183.91139721492618,279.7996777306653,706
62605000,186.39012831176402,343.23845700230044,706
62610000,156.12150630994626,287.2212090354196,706
62615000,206.80589618442178,277.31375150115565,706
62620000,181.08160908165002,306.0181748575316,706
62625000,166.02283758903152,308.0734231376728,706
62630000,169.20669420208793,358.8265441432672,706
62635000,205.54862625617216,301.70988039747266,706
62640000,159.16521185089425,339.4560550351017,706
62645000,149.23013064798192,238.7506847703811,706
62650000,142.5602659615975,294.7726854455551,706
62655000,164.63814282280595,288.8548043213986,706
62660000,199.5410131795256,332.8979568061711,706
62665000,168.80182058156518,327.1350604765628,706
62670000,152.85680321171066,298.45816374348846,706
62675000,182.51841105435327,247.38590968344857,706
62680000,179.94748623006222,257.4487340253469,706
62685000,167.31870966964001,287.6733769065776,706
62690000,158.7195525240709,275.4635695759491,706
62695000,151.74993131406353,306.69814238493205,706
62700000,140.3769945025901,289.2934238881229,706
62705000,152.12305626829908,215.87506934479802,706
62710000,164.22361709430936,382.93895070930887,706
62715000,186.1850805890012,252.63047611159305,706
62720000,200.41628715236868,283.82655607684995,706
62725000,179.6915494110961,266.89293562632895,706
62730000,183.91850140909136,307.8184303324308,706
62735000,199.20659794865776,301.7902759567109,706
62740000,169.4976119563457,387.8960401098063,706
62745000,191.446761419766,297.0839939930628,706
62750000,214.1838757521467,366.48844563208615,706
62755000,156.15442401320047,349.8207040513886,706
62760000,147.534999420201,308.9178684696543,706
62765000,201.02714184836728,236.78596086958518,706
62770000,154.83915982517846,262.17318473768535,706
62775000,181.5371449521651,346.41689821936046,706
62780000,180.8339909616388,292.8760119829484,706
62785000,194.8986867153076,309.84934814777296,706
62790000,195.27691507619528,294.16441216156767,706
62795000,214.10961647425034,282.57682302318085,706
62800000,155.97908415341112,220.1450515111089,706
62805000,208.63848559752347,350.6240600775716,706
62810000,200.34483979390484,298.65116710689944,706
62815000,152.53725166245323,333.41561971449795,706
62820000,174.9539248863817,310.06869330737186,706
62825000,200.91559239798295,297.7572585981046,706
62830000,188.42846118026128,351.6421728165496,706
62835000,188.38983231617902,382.20833224659,706
62840000,193.5569719162314,334.4728315017409,706
62845000,205.378030369718,273.89722033787285,706
62850000,151.19931055264894,264.4011684103357,706
62855000,215.8859858740408,276.24923046755936,706
62860000,170.36580157692367,197.66233335914575,706
62865000,147.19166484938344,303.7092213695853,706
62870000,187.1468897919291,268.85327269877826,706
62875000,138.78505334429872,278.0026041097502,706
62880000,140.86422508441606,269.186269176249,706
62885000,176.92100260173365,334.4686847614635,706
62890000,123.90251391248465,275.6904504842791,706
62895000,144.39614974073928,305.85168614367103,706
62900000,177.47521646560196,326.5270213855283,706
62905000,146.32481171349508,272.02917098639153,706
62910000,168.69266052665665,246.8907675477558,706
62915000,219.88619161871577,257.11628617274465,706
62920000,202.63424826464106,336.9951630951893,706
62925000,169.46115842126338,279.71066762719084,706
62930000,177.105357634623,227.77638381024101,706
62935000,180.71036931989102,271.96093474371133,706
62940000,169.44222938968457,326.0101019303617,706
62945000,181.5328610078858,308.3645880955529,706
62950000,174.81623206946688,302.19800323697285,706
62955000,195.38126079422253,312.138919877454,706
62960000,157.7684940061663,274.7255516417957,706
62965000,156.20535372958693,288.81657093548637,706
62970000,179.23380844506931,281.32955084090366,706
62975000,212.83465955185594,309.1689195153695,706
62980000,193.42522207247347,308.9233258410841,706
62985000,210.6197375453445,258.49068260302187,706
62990000,156.9033198535295,287.1863028651222,706
62995000,176.71065016658937,290.0688021815579,706
63000000,156.0268666261026,311.6521226584104,706
63005000,183.13017318114666,353.59796113871124,706
63010000,184.49325005857182,327.1620743302322,706
63015000,163.60784104816963,267.8130391434497,706
63020000,175.6098252871216,334.98457585613045,706
63025000,179.2455247972453,284.6997461657849,706
63030000,171.93800332870418,303.4277098291499,706
63035000,161.73590860283372,295.7120005097234,706
63040000,191.8621896905971,282.8569639121647,706
63045000,198.5396610983947,357.58204080760123,706
63050000,159.45318357072915,277.0044317837499,706
63055000,176.5239850157586,274.42071646885165,706
63060000,165.80981444360884,252.54435059802432,706
63065000,194.63921622307305,304.9856700661048,706
63070000,155.03640451413963,306.6043810433447,706
63075000,178.1190802464353,317.2670186679768,706
63080000,152.7736106406373,322.7635149411069,706
63085000,178.1818303766807,339.82819382074854,706
63090000,168.07821429734605,242.62776860181688,706
63095000,185.79266107465764,276.73224665338597,706
63100000,199.73486874328714,306.1156786165478,706
63105000,189.18394428274433,326.95543286400755,706
63110000,169.97420040037525,261.426728933213,706
63115000,145.48260343211837,355.49377888592073,706
63120000,164.35976460963772,252.68823895958087,706
63125000,194.1120003978521,332.0008828724618,706
63130000,174.14052382540567,330.7476967820756,706
63135000,177.95090813983091,280.8285208587062,706
63140000,156.12527152160993,343.94686315477674,706
63145000,177.5313640223793,307.65372508068606,706
63150000,182.53358658826298,290.02081037297273,706
63155000,172.49198171737808,256.97265937632227,706
63160000,136.08401097246679,354.0197062600936,706
63165000,183.19097279140294,254.28045957395364,706
63170000,178.6221979732927,329.211166723564,706
63175000,208.13009179568695,326.56266007615284,706
63180000,176.9702629858021,278.35602075088343,706
63185000,181.44170273174987,320.57053378787253,706
63190000,181.7325653296618,305.44675618579015,706
63195000,140.58953468895922,280.72773059326323,706
63200000,117.60034601489042,308.7535650272568,706
63205000,198.63027834227063,364.88721904847915,706
63210000,169.0893511150979,319.65376174831897,706
63215000,187.7654054242063,306.9005773568466,706
63220000,215.46852619250558,272.1541970054267,706
63225000,174.7943654562812,251.3404334715867,706
63230000,168.46750000429495,282.7154124013325,706
63235000,189.28225653596695,268.05317285517907,706
63240000,183.69839349611013,292.77900025481404,706
63245000,166.42795472191392,287.9136275918759,706
63250000,165.5160495772905,279.3658560448076,706
63255000,199.93318409486884,296.81428339573716,706
63260000,201.95216530116627,257.96931681636784,706
63265000,178.25811330958507,364.89235883242566,706
63270000,180.25032422390007,374.99793105862886,706
63275000,180.29670129847005,271.7117285153421,706
63280000,157.9948772927001,286.15126886018123,706
63285000,172.0317082466323,300.6074769951301,706
63290000,198.29657545073275,316.502663978066,706
63295000,170.3768689767675,287.2175157775039,706
63300000,171.36342369224468,261.4440898615068,706
63305000,194.11650633121386,279.68865373533595,706
63310000,183.55218541401896,298.35745099586927,706
63315000,150.65265517033436,349.29820478625714,706
63320000,160.01655920054338,254.7039616275418,706
63325000,166.81959174610398,306.78189876754647,706
63330000,198.8958991526729,264.13411702557556,706
63335000,195.65168250458393,263.1312101576138,706
63340000,172.74350795036534,256.99119917011717,706
63345000,167.42587306315988,313.8457551645048,706
63350000,171.26842864544733,324.7444359004233,706
63355000,130.7389690594022,238.37685795818481,706
63360000,217.67816040679276,314.9529232043515,706
63365000,165.85756791358165,278.9950766534244,706
63370000,165.6793341248628,261.88448837278435,706
63375000,185.76832200115254,265.75487499484075,706
63380000,222.92436463817563,340.8277609015739,706
63385000,194.99018765337178,276.9683136757134,706
63390000,200.300160060612,316.0373772049943,706
63395000,177.3776669694036,242.5095532452088,706
63400000,181.5280029208083,309.91778999567964,706
63405000,187.2010992710214,337.9333960213523,706
63410000,170.81598182705687,305.989373588098,706
63415000,180.92611994034823,297.4278172092018,706
63420000,179.28499038850242,306.30730841961656,706
63425000,186.6634916419353,258.9064381589231,706
63430000,178.18723964327722,349.3436577776199,706
63435000,170.36295781553352,250.69123770922408,706
63440000,170.58269230839088,280.06632311226923,706
63445000,171.66838185790365,381.76714821505533,706
63450000,193.1337750412141,242.9598326525006,706
63455000,180.30979580314238,306.31857949652374,706
63460000,165.26396952158728,255.95536194999224,706
63465000,157.82594468820858,295.0764010941872,706
63470000,189.71536451405524,276.65275217394924,706
63475000,208.64808050669305,290.5329205812921,706
63480000,174.92160472674612,272.5780345744747,706
63485000,172.70481592345467,329.0038518136295,706
63490000,154.50950811180644,292.996747152628,706
63495000,180.02826639380356,285.7343230313929,706
63500000,188.6032265567923,364.3672077917578,706
63505000,148.85270864143305,273.7844781127111,706
63510000,153.66122050691035,266.3201165739666,706
63515000,190.01855232476922,284.79683794238093,706
63520000,203.24633046296776,318.8528421752405,706
63525000,170.38352812431316,303.514197764538,706
63530000,171.2026537961802,298.8392186658545,706
63535000,142.11329068801473,350.3579959697657,706
63540000,170.81258001139818,254.5361562418319,706
63545000,141.5049242785483,298.73188638698207,706
63550000,187.8354694943393,271.3083767583131,706
63555000,218.9707614604074,292.58840608195356,706
63560000,147.01598601240266,313.740757314605,706
63565000,161.24906540378865,310.33332974981647,706
63570000,170.99479958652412,369.66637082633247,706
63575000,174.75037359356563,277.1703503857369,706
63580000,186.60475161428496,304.78938357970316,706
63585000,169.03538581474862,243.12033849125166,706
63590000,124.71281236936579,316.229509690897,706
63595000,161.85820241311836,294.8658042371722,706
63600000,168.4347499001374,334.7406509185788,706
63605000,225.04804611757925,282.60599284261883,706
63610000,140.92059059496358,300.42504578858114,706
63615000,150.40282278989034,337.52989088416876,706
63620000,185.71730592859117,318.7368873916899,706
63625000,178.76938268613122,359.35050399364957,706
63630000,177.66115531612053,273.1508890890077,706
63635000,159.33826088410225,278.1664834600933,706
63640000,143.61751222751386,310.72287800086843,706
63645000,180.25691001533647,338.1398010123094,706
63650000,196.20818781563523,284.4844012652678,706
63655000,164.5196801193128,313.4883884939514,706
63660000,174.44421556286449,295.5574005193063,706
63665000,180.38747559540846,256.285793119627,706
63670000,196.58332987996351,336.75873292284535,706
63675000,156.72805369210238,309.66278960637965,706
63680000,184.01201213750625,331.45868883862295,706
63685000,161.2453086309977,269.780360808493,706
63690000,186.62533232251357,299.1379213191014,706
63695000,161.1118882311013,294.0433320178605,706
63700000,180.37663416645472,312.1679903676519,706
63705000,154.67243832082593,341.2724823083349,706
63710000,162.34217393067578,338.74963693456436,706
63715000,156.20059057877378,287.978726633213,706
63720000,181.23735334247948,252.9499925814168,706
63725000,176.77012936904333,254.20826020502906,706
63730000,184.13431848537397,346.93346434202664,706
63735000,167.57481808005753,321.80244109833967,706
63740000,196.89614383785957,360.2724038238149,706
63745000,181.83051337323042,291.3732327870026,706
63750000,168.67300255297178,278.2836000783099,706
63755000,193.22382842840832,256.35734407217046,706
63760000,163.19724415285913,291.4584715556919,706
63765000,194.45101457538172,292.451169148275,706
63770000,137.35606990469145,280.44354088427525,706
63775000,159.495031265289,289.95278371777295,706
63780000,186.8734299825129,265.4246348415377,706
63785000,200.3996455897127,321.2571259580284,706
63790000,141.65033311795057,305.7661748220579,706
63795000,205.2375751810427,319.2795864178386,706
63800000,176.08221845137186,337.7750438850283,706
63805000,208.27268423994943,284.0796082077482,706
63810000,199.3389903289433,279.21309930234787,706
63815000,192.9465677231342,294.60023591859255,706
63820000,156.2716332639557,284.438123723854,706
63825000,182.73543219953993,339.80956291451287,706
63830000,145.5907505391745,334.4057896250106,706
63835000,159.66880222256495,269.77773624332946,706
63840000,227.44752569682626,309.98886918448096,706
63845000,175.02713700455217,280.1759606779046,706
63850000,174.61258987597446,324.8189181863279,706
63855000,181.12047651082165,345.3605552442127,706
63860000,179.32145711469425,303.1310141533914,706
63865000,219.22973251220202,310.84565435319985,706
63870000,175.23407939374667,354.175656909914,706
63875000,165.32303372499874,279.35820717295223,706
63880000,140.1236575587677,316.9473968627304,706
63885000,159.66865242233052,324.6257326073804,706
63890000,180.75588783019762,359.01459076813904,706
63895000,198.69168221672078,336.6910903047306,706
63900000,163.114825471579,257.5859289717026,706
63905000,136.46808383758346,278.13206075129415,707
63910000,170.54350283541004,306.89316617636285,707
63915000,191.9030085816129,299.78436001978406,707
63920000,150.93185122025181,302.3105179296817,707
63925000,182.54736272492735,286.0420978157896,707
63930000,165.96896211691788,250.4257043322713,707
63935000,157.28675860637264,331.7179854135069,707
63940000,210.19537332942008,302.6385525151238,707
63945000,149.79551199004493,311.2170647845585,707
63950000,188.1481678323682,245.41780095783753,707
63955000,188.38430650197992,341.80021308420595,707
63960000,179.33717586097788,288.3328226856405,707
63965000,176.70901719505844,310.22954449625786,707
63970000,165.95715302664905,328.8186080045824,707
63975000,188.96749398359037,360.7007261006976,707
63980000,203.21168431630375,358.39249909970994,707
63985000,115.68262457264201,313.2255257864419,707
63990000,188.55701948258417,298.18041127664554,707
63995000,180.13572139377305,276.84787478428865,707
64000000,142.75774130860393,255.25627005129482,707
64005000,161.61708369773896,360.65414660220836,707
64010000,179.8545492426047,373.9407890661455,707
64015000,202.44685853896118,236.81252877155137,707
64020000,145.64226142806916,302.2050637187069,707
64025000,220.05648342108955,292.6598529092259,707
64030000,216.8010510560191,261.8059173319857,707
64035000,180.57640525782202,355.0170307252888,707
64040000,182.14171499687052,326.66965097402647,707
64045000,183.35685877368277,253.47788066308198,707
64050000,183.99910256281282,315.89913477169773,707
64055000,204.2688426011436,299.0350237172097,707
64060000,191.74071237497324,311.95162983138954,707
64065000,169.15019357919772,330.2351094430238,707
64070000,178.4823399532925,321.00842535833334,707
64075000,202.88804791036,326.72471991229895,707
64080000,175.1932213201077,315.2939220049244,707
64085000,177.1349634411888,283.01515659366885,707
64090000,154.4999166398812,291.636347794935,707
64095000,202.73103866741155,319.54504927190413,707
64100000,178.28413378959596,315.10867552904915,707
64105000,165.5867781796742,336.1910308414101,707
64110000,183.6741117464725,372.0094460765494,707
64115000,173.92569601038542,308.6596012427754,707
64120000,166.4563927921214,309.33500983526216,707
64125000,150.46756878180068,220.54668488861728,707
64130000,192.8418904651625,347.76060522908784,707
64135000,183.3321250550572,317.77552877088385,707
64140000,174.3340546696209,315.99943473796463,707
64145000,144.53276464828397,254.79604018066732,707
64150000,187.53216598845557,325.3925072842234,707
64155000,144.96815191526304,232.99085187011278,707
64160000,171.13698457901484,319.4241498486463,707
64165000,179.0821514585528,263.2742270165578,707
64170000,202.90103949231496,280.09341139101934,707
64175000,177.29528881835617,265.099308904373,707
64180000,134.69402317901617,288.0305599759165,707
64185000,183.30792520841652,298.2285649307854,707
64190000,209.85082416233166,322.86572428976234,707
64195000,195.12463059999106,351.1538265902125,707
64200000,158.89671631278628,294.6997066539222,707
64205000,172.9016811191632,307.9098900679086,707
64210000,175.245106079356,276.2510407879371,707
64215000,161.86151490566334,281.53201766811185,707
64220000,163.90742457221546,396.15342710722285,707
64225000,190.05463161344454,296.42104413585974,707
64230000,200.892925578757,245.60299610086997,707
64235000,199.02812358930962,249.09790053095148,707
64240000,170.63873678190467,305.36152103290203,707
64245000,169.19828965602963,272.1214379664874,707
64250000,149.90280228825645,330.88642174304175,707
64255000,180.12737675821546,285.792668427766,707
64260000,189.02606207535803,354.36188627996773,707
64265000,163.4421081563582,309.892369696347,707
64270000,173.9894016004743,284.43648699665675,707
64275000,165.56425496172798,274.08676666371383,707
64280000,173.20175513028443,297.42157072341735,707
64285000,172.37612019442295,314.1257762308944,707
64290000,151.56832622536177,263.51955097214403,707
64295000,177.93443274429686,255.75674652213837,707
64300000,160.35600841405,287.15665651530975,707
64305000,178.29380067932223,304.5187180884409,707
64310000,170.27479454355978,264.5700501817989,707
64315000,161.15980931303832,208.17078279571237,707
64320000,168.42207910567933,284.4263328035084,707
64325000,158.29713419476752,306.8645969029634,707
64330000,178.8486794162486,317.97698714120736,707
64335000,159.59198206895493,325.05760335332644,707
64340000,153.86219405875798,311.4813758078155,707
64345000,168.0336397238804,360.5259373383132,707
64350000,158.88541156209513,317.13453900430915,707
64355000,178.172934737533,294.6985312567613,707
64360000,190.0023674409213,335.935955326783,707
64365000,202.32372305324037,301.2731576221285,707
64370000,179.62363917961375,292.36569483800406,707
64375000,162.34948731657354,292.3692836526302,707
64380000,192.03152971326938,265.8731070514802,707
64385000,136.42501239749862,306.33177324884304,707
64390000,169.95273475696214,266.51438556892634,707
64395000,176.9899053457791,302.0250021463836,707
64400000,181.67994209225733,262.25569546088985,707
64405000,230.56884172215487,300.7856255828273,707
64410000,162.3329466025102,297.84432574219124,707
64415000,149.7431959051262,333.460463620006,707
64420000,178.22665587677753,310.4372570089734,707
64425000,162.0316175381451,347.95471248329784,707
64430000,180.05005428453904,265.06989868584805,707
64435000,201.7316207262503,330.1585794867675,707
64440000,168.095193773241,280.76354501628515,707
64445000,190.24031566214185,275.5988129052522,707
64450000,185.02248599294614,321.87735169650256,707
64455000,168.6151529021118,229.74264952318637,707
64460000,192.12734832512072,314.88261030911167,707
64465000,170.12419601079566,247.26237909306772,707
64470000,179.81136344480214,231.21300876625102,707
64475000,199.26689701958225,356.80334718852447,707
64480000,163.16268354666383,281.82738747840244,707
64485000,166.7738928781911,301.30888853547503,707
64490000,182.0827616553501,273.92749316231766,707
64495000,192.02828829744317,356.482586378092,707
64500000,182.49278038318994,277.3431372629075,707
64505000,167.84803152311113,357.1190260609947,707
64510000,211.41634531579066,344.53790547656723,707
64515000,135.20270071139433,265.29992078003494,707
64520000,163.0767601562772,320.3076144702281,707
64525000,179.34288015485015,350.3697459866007,707
64530000,214.19738116955497,373.2456994517593,707
64535000,191.68221862505172,323.69831293765355,707
64540000,176.38575959130446,297.03088696616413,707
64545000,198.37226798116848,283.20300502606955,707
64550000,197.4180763953417,299.93242567737883,707
64555000,198.14190481041342,264.89324229680864,707
64560000,180.86824386542997,310.6402380707438,707
64565000,160.17965337777906,263.0583914747697,707
64570000,195.68442087245054,293.8724066068063,707
64575000,184.1290166493085,313.96079754636344,707
64580000,134.9747654623474,317.71894108293753,707
64585000,179.02474843952723,258.18659597442456,707
64590000,182.58882012569248,321.72501653388554,707
64595000,159.4593344823247,265.01242957627744,707
64600000,193.1228391930252,302.11421832555146,707
64605000,163.51538309333358,355.4968110618833,707
64610000,179.4467103193729,251.99093882736346,707
64615000,166.6732505393333,302.8269321594415,707
64620000,153.19479857537902,276.8575972463677,707
64625000,139.35156824953333,279.46533406481154,707
64630000,156.89563169030782,285.9523595622468,707
64635000,177.11765750268776,249.72634881159203,707
64640000,187.62197380729995,270.5134626384319,707
64645000,173.2708453768334,332.2542006263343,707
64650000,162.1215671252683,273.3001477106422,707
64655000,194.0488945286747,280.9231174271529,707
64660000,191.6595797423672,353.30557159561647,707
64665000,222.39061785977907,328.6979706758207,707
64670000,192.91466100118083,272.856491708958,707
64675000,176.31366418210953,391.8455267974865,707
64680000,217.81065445527094,274.34014618387624,707
64685000,134.07296106102268,276.6708932083556,707
64690000,151.51369171342097,326.8020940778275,707
64695000,212.29829065434652,283.503205448389,707
64700000,179.74881176701476,366.224765813018,707
64705000,197.52763994360004,235.2433788606278,707
64710000,235.98920516037794,265.0846143172306,707
64715000,167.5598758129584,325.8049525484478,707
64720000,159.7754104329777,275.3103492157989,707
64725000,136.8617248486527,319.207292820024,707
64730000,157.20620227245826,317.18611351454024,707
64735000,201.08850915556127,334.51243660039864,707
64740000,192.30463934688743,323.5090656698682,707
64745000,193.70296593267295,263.2245829352903,707
64750000,143.3529512471266,308.5465953606647,707
64755000,186.69170373162962,348.2235421339897,707
64760000,136.12603740706203,299.3918590722937,707
64765000,147.1402226779521,334.2198089142036,707
64770000,161.8042794991014,296.31290801156933,707
64775000,171.4035351658001,280.1597475581098,707
64780000,171.24489195654402,301.44066529079686,707
64785000,164.12089268971448,320.7015276856169,707
64790000,169.74399894226644,346.39977507402233,707
64795000,185.98590695966254,279.1256459497613,707
64800000,193.31575067558728,287.418309337985,707
64805000,172.2341432254647,252.0676914524142,707
64810000,163.04500817958944,340.09164531084406,707
64815000,203.23660105268544,327.9280432149794,707
64820000,153.83476060369173,301.6142599107387,707
64825000,208.3313324185087,283.0916656248952,707
64830000,160.76869282520406,242.46527486406603,707
64835000,179.19756720872903,246.80559515527432,707
64840000,183.03425928172297,277.28162057878006,707
64845000,197.9878369788422,284.67459270817716,707
64850000,178.09908648292765,331.6944335027815,707
64855000,144.1275627104805,348.21520345716056,707
64860000,191.44947404916746,241.15170902759556,707
64865000,149.60718814935765,247.49793414740844,707
64870000,169.9826197607602,302.07658743294184,707
64875000,165.91042693189007,304.0151067188063,707
64880000,180.3241887770603,366.75750600173893,707
64885000,127.28882386946536,283.56887657380986,707
64890000,154.25057291271088,296.79325023013655,707
64895000,157.3670638863263,273.33820969205243,707
64900000,162.40682372166418,311.0362316976509,707
64905000,178.7088971908061,341.05379289721657,707
64910000,198.62439705380646,308.0395412103769,707
64915000,181.37951782798385,316.8535197962979,707
64920000,176.88663286722522,298.370423607181,707
64925000,171.8469779736311,268.48428555531547,707
64930000,199.44367246805237,243.0542722808886,707
64935000,202.87949538360897,308.2825448615689,707
64940000,201.8949951095939,310.1941562830744,707
64945000,177.92956633295722,320.6281323913022,707
64950000,206.561049585615,287.6649074731228,707
64955000,190.07477836454942,286.88571125241657,707
64960000,195.00280524719642,350.27570392366187,707
64965000,189.24747483244434,296.60965039763585,707
64970000,235.52604376233057,299.446753444074,707
64975000,154.62573277780493,268.9549827763215,707
64980000,197.48557134749237,310.9349970561596,707
64985000,168.21180228683863,276.21134784846646,707
64990000,172.54353937627303,316.5068330014484,707
64995000,160.52935360225447,319.39344997335206,707
65000000,172.01513865375165,250.61454055846528,707
65005000,191.06500410657804,291.46224589749545,707
65010000,137.77265136483504,225.26424431583774,707
65015000,193.2748194914229,300.7837220481455,707
65020000,163.13622328123643,273.2972835896621,707
65025000,194.99714352529782,266.17005586002847,707
65030000,163.67584756541683,356.46414072671604,707
65035000,174.28741499619252,370.3468195994831,707
65040000,156.2669124176736,314.4006689371357,707
65045000,179.00434896548842,261.1141804251277,707
65050000,170.07841335311554,357.69429414568896,707
65055000,175.226655914023,291.01320073785826,707
65060000,136.24346937531928,334.99527443519366,707
65065000,155.12427699661268,267.4507495001257,707
65070000,191.11006699177045,323.0350793120523,707
65075000,170.07536655993925,275.72470324211235,707
65080000,180.12823925347993,297.72828610316526,707
65085000,169.36508523635163,322.1699373788571,707
65090000,181.9334681491916,311.32960216761523,707
65095000,163.30118360893087,280.48731168244325,707
65100000,167.49225179188264,265.1608023578645,707
65105000,210.9268643002266,383.5709986390395,707
65110000,194.03729564866737,290.8153044239796,707
65115000,166.20581339688775,324.51949472413173,707
65120000,131.28299419373636,377.4828910282006,707
65125000,216.83156524044682,374.8606050720694,707
65130000,165.58087854129514,316.1478888207549,707
65135000,178.01120463711027,275.7217566883274,707
65140000,186.1681255459786,280.2450575423087,707
65145000,204.045744811129,339.10786530695964,707
65150000,184.86149241169753,333.7167141107275,707
65155000,163.64387192743504,301.0142458272938,707
65160000,182.4573778600636,350.42577105964057,707
65165000,228.22641209900334,263.65437312987365,707
65170000,183.06234231805945,280.14502675338446,707
65175000,188.1413339209681,286.353516701061,707
65180000,153.0236697607841,286.0688198672161,707
65185000,184.86654291425015,237.35794493152378,707
65190000,148.59268538636908,275.7790865873684,707
65195000,172.31427425745588,289.79961762208677,707
65200000,175.88053514556753,318.1155233488203,707
65205000,174.78407732021952,320.2621694258741,707
65210000,228.3453073343869,296.3872921570952,707
65215000,154.34349625049367,292.94413943879397,707
65220000,138.43430043853246,317.9983492558388,707
65225000,179.2351977896109,302.7599777868405,707
65230000,208.57191884046364,359.8706675804259,707
65235000,170.7753531132645,268.5393501978134,707
65240000,154.82590691580563,233.95999708700396,707
65245000,220.9458952951262,312.5781169459295,707
65250000,209.70591697019395,253.3239845905853,707
65255000,157.04585394345906,249.87780045887175,707
65260000,198.4155400837567,334.4849028420615,707
65265000,205.65873486052385,295.3489591879138,707
65270000,155.3082307110592,339.0159686572676,707
65275000,184.4777751963085,303.4782089959956,707
65280000,175.91250468805788,270.3922491589809,707
65285000,168.9490945839068,314.2842434736503,707
65290000,194.58861592731628,278.28172542171836,707
65295000,185.4301546445233,308.65322196482055,707
65300000,207.67559309041644,378.7348630077192,707
65305000,174.37400258225603,319.5509683849533,707
65310000,158.30326721204398,264.5712709092341,707
65315000,183.26004475720904,259.04923129889005,707
65320000,151.58628765584268,332.9740309643266,707
65325000,174.1583356826808,255.84032878998815,707
65330000,150.87742857753116,303.4657230384934,707
65335000,162.30722394912902,304.4984753353989,707
65340000,177.38140973048593,317.49100544658654,707
65345000,159.29533348180965,331.95802365889165,707
65350000,174.73002342465736,271.4854331266632,707
65355000,150.26420846755096,281.60638028435153,707
65360000,192.4011903942395,318.2750591833722,707
65365000,199.19981039952899,287.6579894927524,707
65370000,192.93066058579484,283.62021203005685,707
65375000,166.19028184163034,274.68768406313177,707
65380000,160.25841996609716,283.78871010135356,707
65385000,192.89124337411909,331.7246939350325,707
65390000,176.53284408741695,285.277960269189,707
65395000,164.37739792193383,321.0067789771541,707
65400000,195.40213451805693,340.4239069746836,707
65405000,185.68688509327305,324.44573224966035,707
65410000,178.5586402079088,288.558990574416,707
65415000,183.49183987761816,304.3253795052655,707
65420000,174.46848037302107,331.2702046002337,707
65425000,164.41216968451945,316.6910035709517,707
65430000,168.99463143023803,292.61393559418036,707
65435000,165.23026674227285,253.3560491550349,707
65440000,149.3556258253995,289.5611396091573,707
65445000,160.2903493233364,248.18224564239318,707
65450000,198.78626082548075,260.3027355965222,707
65455000,177.4124262182158,257.7073783979955,707
65460000,184.6768051498151,266.28788430724427,707
65465000,149.20608163881127,262.29906500572395,707
65470000,186.41967034646353,311.6348595844716,707
65475000,173.7391699572518,319.5462095386228,707
65480000,159.8985798236672,295.0675463001399,707
65485000,181.1168558144224,293.18672349738,707
65490000,211.0950643438058,320.13966664225364,707
65495000,186.36727525484545,307.9060370461851,707
65500000,159.15466678097138,328.3297823385274,707
65505000,185.91551836676547,331.77310852151373,707
65510000,201.00701593260686,330.77552122995314,707
65515000,161.37511068663616,374.0861231935828,708
65520000,181.32026004221606,316.7544592856138,708
65525000,187.96662836713435,290.7157615771709,708
65530000,189.1918203556854,284.2751202486129,708
65535000,237.41972208401364,363.2204151465907,708
65540000,223.11417780592782,279.8436627980458,708
65545000,154.5070349040528,274.1688043647813,708
65550000,155.2480396877336,287.43915513545943,708
65555000,174.49911489032084,265.40644497701214,708
65560000,197.73286461458082,304.7114735775631,708
65565000,173.9871705912696,363.58282718831043,708
65570000,215.45755409419763,287.63261268054964,708
65575000,214.62385091940203,326.6608346598756,708
65580000,175.6105240379111,278.8718890796007,708
65585000,212.29886857711932,274.90095941386966,708
65590000,221.6460176912621,313.5450359589641,708
65595000,166.4248286390769,293.714766355611,708
65600000,155.47635483121846,270.90535207835984,708
65605000,211.64189125064664,303.2832760259847,708
65610000,160.36216288075843,297.42245567595444,708
65615000,189.6148480761832,370.50457322643064,708
65620000,170.8897508783186,341.53895097752525,708
65625000,164.02754966705808,264.9428134009887,708
65630000,177.95982366271843,294.04896060708637,708
65635000,188.286155421686,291.2917927678908,708
65640000,178.9474441761764,256.547363088227,708
65645000,183.50715937226846,267.1629705186305,708
65650000,153.93189852981956,285.2182947367825,708
65655000,151.9161290996205,295.2777360707496,708
65660000,165.75778252825165,241.63516002666066,708
65665000,155.4323420368737,251.6016431208859,708
65670000,156.27004894640095,297.86826362312905,708
65675000,161.74163467413862,241.9304494821368,708
65680000,173.76395980947194,294.0617646143239,708
65685000,171.31625124449064,321.4777525277963,708
65690000,190.6779481458407,308.47525019239737,708
65695000,188.86466282870958,271.91559457844994,708
65700000,147.5589143495268,262.7640267510083,708
65705000,188.01736870626763,257.95631097005213,708
65710000,179.5393349009102,273.56563852758484,708
65715000,171.9010613474225,252.2256513056484,708
65720000,201.48647996913024,258.4855066355351,708
65725000,163.5347664676551,262.1276216568975,708
65730000,169.87223657583533,296.02489337274756,708
65735000,165.94729983455008,324.9502026085571,708
65740000,159.3768436004009,277.69099451003444,708
65745000,150.33655488004703,351.6694466871978,708
65750000,217.36475442400499,302.65520752804974,708
65755000,183.92449102273292,343.70793285765114,708
65760000,154.57457138108424,275.43708537244765,708
65765000,199.95729035626368,327.0800947124781,708
65770000,187.0349898164717,330.53159953077807,708
65775000,173.60240297010972,266.92546805645384,708
65780000,147.14564125012444,302.50401571904916,708
65785000,170.3195910559296,302.025222041749,708
65790000,144.03760232360042,309.12024896339744,708
65795000,145.84205901401702,290.17217427486935,708
65800000,162.5713079945052,317.7171551685506,708
65805000,175.95766189832096,316.90582613540874,708
65810000,209.36214423558874,348.8382772465504,708
65815000,154.0990787585679,284.6609922850429,708
65820000,213.72312423204286,280.8661248716042,708
65825000,167.11047562628616,310.69934257238316,708
65830000,179.8889964192262,319.2826502714068,708
65835000,137.77672372955413,276.44010215122637,708
65840000,201.42488127437238,284.7518990828289,708
65845000,162.62159732861411,250.1533674652688,708
65850000,187.7181992430881,360.96147031652396,708
65855000,188.7677376313943,290.6507308807008,708
65860000,184.90901332436144,283.11058337758953,708
65865000,211.16247455292154,284.57015928210853,708
65870000,171.59829178782206,336.69457767838395,708
65875000,156.68481043662214,359.1534301051113,708
65880000,154.91213317430712,242.46768487211307,708
65885000,164.85117113811233,278.17453535104363,708
65890000,185.16949136515518,275.3174248139355,708
65895000,188.80941676197796,288.1034280237348,708
65900000,193.10529014928662,313.52535713809687,708
65905000,193.80188484514545,277.20435063916847,708
65910000,158.58806353685634,322.6457816948157,708
65915000,144.7233116484178,285.209490099125,708
65920000,159.81460069060375,320.1564306630763,708
65925000,147.5259805174896,283.6855473241994,708
65930000,188.74470069853456,297.6804714940139,708
65935000,165.40010160063056,286.38509833929857,708
65940000,190.42477261926237,343.19939686518126,708
65945000,210.68633841930682,295.46805508561357,708
65950000,180.74675454206772,293.05215419897996,708
65955000,134.4293607611218,277.49705434628055,708
65960000,184.77135733517588,359.58208491953195,708
65965000,162.21780058345612,276.84907595893543,708
65970000,165.26391337562382,291.2452281491693,708
65975000,173.8000395916261,302.2967386696648,708
65980000,161.8374074896298,302.400633019373,708
65985000,145.37947043071935,284.68055596111776,708
65990000,141.47079730572594,319.42697638721796,708
65995000,163.18463481481638,288.56124983239135,708
66000000,155.44613218870242,252.76793896040144,708
66005000,172.5690197574361,233.26764033491477,708
66010000,150.30968628940784,285.0555913534469,708
66015000,162.78556366171335,259.3912999429282,708
66020000,194.36536011415527,305.3286180403857,708
66025000,212.67272039242883,236.25059720762587,708
66030000,234.6075336916155,413.41057989931255,708
66035000,190.42686727465812,299.8329135035694,708
66040000,196.65158354382453,402.4587740858305,708
66045000,175.7695626611696,311.0717436606478,708
66050000,158.46016161767201,260.46990560313645,708
66055000,156.91271284208133,323.30712472847677,708
66060000,198.2127825881808,307.5830535581867,708
66065000,203.6469128200132,320.2308815316909,708
66070000,174.699863902521,317.6616525545464,708
66075000,181.98835182229996,289.23554507155825,708
66080000,154.42886080566342,319.2044130782747,708
66085000,162.482763025907,283.9687932054236,708
66090000,171.96982659909236,279.16489165894427,708
66095000,177.19916606655366,295.7997849059065,708
66100000,197.26324407016202,249.71669188877817,708
66105000,190.63058799378518,292.0211518071177,708
66110000,174.39068994412324,262.0232600196755,708
66115000,163.1738733230484,303.0632206308208,708
66120000,150.46180798633944,278.9832240965322,708
66125000,194.73213685094083,266.82091863214714,708
66130000,168.5919917409352,285.1638408218044,708
66135000,179.25916898547146,277.62303910340376,708
66140000,164.46643708446217,298.3024660811014,708
66145000,195.17990853569893,314.9286865662147,708
66150000,174.54945779224067,281.39567133653486,708
66155000,208.20924617039404,292.20416348680493,708
66160000,160.3031721702907,281.0395333360249,708
66165000,186.41419743731967,360.39907598470336,708
66170000,158.17366731290977,294.0638076873174,708
66175000,198.26747495753318,328.2102265123449,708
66180000,165.65727227344215,274.66158967874287,708
66185000,205.0625907143494,245.33438931706638,708
66190000,209.36560731107656,247.80170287545087,708
66195000,186.37000371422266,308.85297489018654,708
66200000,147.91345331888817,272.6239015994987,708
66205000,153.49643922250172,290.447301374086,708
66210000,171.28736312285795,307.9231091755224,708
66215000,206.2526566549943,317.82664284369616,708
66220000,178.80642082430165,286.00162205124224,708
66225000,173.08047648919094,339.425934981083,708
66230000,184.41500418576237,316.89340840873285,708
66235000,160.13677868790018,273.0527290326948,708
66240000,207.2524251689028,322.94555029486145,708
66245000,141.42176158304804,292.134263426213,708
66250000,205.56282966376202,273.71407970200124,708
66255000,165.67955623094127,265.5406858164101,708
66260000,205.12479088859223,310.91049917538476,708
66265000,177.04970961523384,303.6425085546066,708
66270000,147.9022386790895,283.7537555567427,708
66275000,166.37854971609352,288.6106326537386,708
66280000,164.5848371863801,290.04826959186806,708
66285000,206.86584705927007,354.2861384127833,708
66290000,192.7247053416759,327.8852660298038,708
66295000,203.73468261071585,299.13805205761383,708
66300000,178.8855436059739,265.60639250790956,708
66305000,206.06025430161046,283.81578433238855,708
66310000,233.56247651278719,383.4367735157723,708
66315000,161.42315024590332,277.2362477746108,708
66320000,165.28093118882907,309.3024070712836,708
66325000,119.48594561171575,252.73483275596504,708
66330000,184.37297968152953,296.7639553331192,708
66335000,144.13604986900936,287.31239215530024,708
66340000,166.6892494142905,238.01449994700587,708
66345000,193.35854138487616,363.79695986144657,708
66350000,154.20234871452345,289.1951913926073,708
66355000,155.66546185240495,257.98992678837595,708
66360000,157.4561822915992,304.58383141830944,708
66365000,155.75043214863388,277.7700927219988,708
66370000,168.69546010727797,239.46516368529572,708
66375000,206.47293175681722,303.61124475712757,708
66380000,182.97882332567443,282.07700573186224,708
66385000,158.00519703320347,317.42833165938623,708
66390000,170.60070436462647,291.51286393814206,708
66395000,240.53181862702814,304.2969541058148,708
66400000,164.81149927106833,366.84358198650875,708
66405000,185.51916355224648,271.50410601332584,708
66410000,210.28543606881044,358.35191456676694,708
66415000,168.37898772115372,261.10289087664853,708
66420000,187.7759024215416,365.30892039557745,708
66425000,179.1237443038554,270.72843563101964,708
66430000,168.91061681137904,249.33804753039055,708
66435000,151.73731207885845,369.2192699952906,708
66440000,161.38210341124892,355.1215518371598,708
66445000,192.62770733284506,292.39888380792587,708
66450000,204.5947783650664,277.44103137394666,708
66455000,174.04021781602282,309.571291247253,708
66460000,185.50398253292576,265.4429734876651,708
66465000,211.12665442201083,310.66753667221684,708
66470000,190.51923417503107,272.37520630189204,708
66475000,196.83788896143128,270.57140755233127,708
66480000,238.17566501000147,335.5314699995535,708
66485000,181.90338903220717,312.109973410655,708
66490000,169.70025715087195,316.5150645150456,708
66495000,131.95216836620259,301.34839089714757,708
66500000,188.47770475142843,315.3989749763031,708
66505000,180.03155080937475,341.2275552332736,708
66510000,202.69152229560643,272.32394616501347,708
66515000,233.90354204485942,356.93230470891854,708
66520000,152.68520606702089,272.6855759349609,708
66525000,219.47556333306787,327.83719121127865,708
66530000,185.0214552759413,288.95104944447013,708
66535000,179.73166133172427,335.0283737872357,708
66540000,156.51173361583426,347.1234839751414,708
66545000,160.56657521079435,298.35165608520543,708
66550000,176.09900422272227,346.8033256202011,708
66555000,134.93039006958944,277.6964590351205,708
66560000,193.89592862710867,250.09370237223754,708
66565000,169.89294232811014,291.47561653184164,708
66570000,193.65699496847378,264.77674762308413,708
66575000,174.3780869649176,290.7433115796095,708
66580000,151.0946516593398,254.45418387670188,708
66585000,169.5769349021122,283.51218597165735,708
66590000,180.95532138899082,305.494511727754,708
66595000,168.51425572410946,329.25935701729657,708
66600000,202.9617675645326,274.6962713373812,708
66605000,189.0793855150951,267.13303791167834,708
66610000,168.20477610902478,309.0887914716832,708
66615000,161.97540689065377,230.39026699856828,708
66620000,194.18087124150534,306.44498889046787,708
66625000,179.860368188326,325.8267338688747,708
66630000,183.13515934281756,304.03617898293635,708
66635000,173.5492338987985,270.6257471495697,708
66640000,190.93581168145602,336.26795719530594,708
66645000,185.5968761964154,327.50927102090844,708
66650000,191.72674463737596,277.8898439681368,708
66655000,168.6472887878917,378.74904027222226,708
66660000,152.42976170769708,339.3197090058099,708
66665000,148.0996630545169,254.77229777992565,708
66670000,182.71189222408492,291.8966238902817,708
66675000,184.06738786688857,317.2783846938666,708
66680000,214.4926490720943,285.1408872825405,708
66685000,212.532264346282,312.6726953083474,708
66690000,173.7615693180352,292.11922244463744,708
66695000,162.7026697404406,271.16908870139304,708
66700000,236.37106304750017,319.26715237505107,708
66705000,120.6180553821571,249.71975160380785,708
66710000,189.18462874148497,274.2757685447889,708
66715000,178.54295674877156,379.90022831106063,708
66720000,163.26110583616136,255.33517377324782,708
66725000,130.3815867528697,268.1374709972915,708
66730000,210.46889126116932,302.3260549808176,708
66735000,164.23035020963363,294.4895431158088,708
66740000,175.2384767054995,279.2553909842085,708
66745000,170.42826011860024,317.4195731969735,708
66750000,207.06164908670314,349.69161416966966,708
66755000,188.16410304477972,281.1246576391851,708
66760000,151.87171214978022,375.20473440832586,708
66765000,177.75830423309174,269.58937368541353,708
66770000,181.1801849983662,325.41600376891864,708
66775000,162.6151161872216,302.11941305326087,708
66780000,162.14861207476253,318.9081361039691,708
66785000,185.26449574406612,265.6642580211898,708
66790000,191.0580352838386,266.56615291345105,708
66795000,161.00884999033602,330.7902028619402,708
66800000,160.65634938608363,340.92072111024027,708
66805000,146.86994670382228,288.41666150241525,708
66810000,206.78513240038868,273.52997501513994,708
66815000,178.58494611917192,283.40499368302704,708
66820000,161.59433751582446,250.9103123785372,708
66825000,189.78393972283115,301.831673467846,708
66830000,164.53951494204566,323.77690436942174,708
66835000,168.22976958745105,305.6580636939379,708
66840000,140.16530166137466,285.4798781227381,708
66845000,188.51262030335428,257.39730953572484,708
66850000,187.74570540151373,320.2518670176083,708
66855000,204.98755287949405,256.23914753571046,708
66860000,174.4383823086969,320.1744371828062,708
66865000,182.99238914620454,302.46279197684316,708
66870000,196.39478078652826,233.21784728311977,708
66875000,157.62922594916776,267.9441509685828,708
66880000,238.4188526486104,311.16927593672756,708
66885000,198.98439972302867,333.42482302919404,708
66890000,228.2440429441862,294.1948475784636,708
66895000,168.83016786750932,313.66127747056225,708
66900000,194.02845995944182,309.65952355002196,708
66905000,139.31972142351037,313.35347336584397,708
66910000,187.9946888839258,314.2771125744776,708
66915000,182.9420277424448,288.9013083223117,708
66920000,174.83186828869714,290.9342449869429,708
66925000,198.57694014705154,374.5622734136942,708
66930000,177.02799405769719,310.7818421427447,708
66935000,176.61591081728238,325.1315566380191,708
66940000,158.72949127742746,349.6612405353768,708
66945000,188.28916863712908,320.3715923674333,708
66950000,154.9512108720382,384.52628760148536,708
66955000,181.34926885242652,322.41149163180125,708
66960000,192.08296308419594,236.34792706320664,708
66965000,186.37314711875112,218.99054432913854,708
66970000,170.79247043396256,307.32382878440325,708
66975000,169.7623092339112,293.81462284681544,708
66980000,218.41027598520827,333.5477685430972,708
66985000,180.1982398256393,320.3648976614637,708
66990000,154.72568126366355,258.5171700782869,708
66995000,182.9619983374903,322.29487261335703,708
67000000,187.49118954173784,328.74795605011826,708
67005000,187.89258471811556,318.50673604074336,708
67010000,182.02177004566764,264.23595810134884,708
67015000,194.07864286206882,251.91528012623087,708
67020000,199.3984599851454,378.1501560398159,708
67025000,174.72660712997865,330.6873382416025,708
67030000,178.38478474547162,255.01550474101674,708
67035000,220.3760632439008,284.05892224513116,708
67040000,201.34448084502034,282.5608330147498,708
67045000,180.2461769700144,363.30649149799746,708
67050000,195.24385641584973,264.967381057044,708
67055000,205.9006232159426,325.6185696153217,708
67060000,198.20295261729865,322.9816961938151,708
67065000,144.87066591120404,269.47223452655174,708
67070000,185.81168986028584,400.124563648085,708
67075000,162.03436626814207,313.9917531966237,708
67080000,161.77504925288326,260.8478152941118,708
67085000,164.6404421537347,266.3681395996858,708
67090000,238.07939284614116,338.37133823054376,708
67095000,198.94646978552007,264.36162051384684,708
67100000,180.46012637187198,253.56678196465543,708
67105000,193.55283554055833,361.52357060579936,708
67110000,184.49527916108443,270.7735119043416,708
67115000,189.1441872130283,331.55250661046915,708
67120000,166.911088291528,297.00913126276123,708
67125000,196.64547809548034,232.12241353460038,708
67130000,166.34577527069186,288.6344205139371,708
67135000,180.75158256836656,298.63925816793943,708
67140000,184.5595554881573,254.60075825084377,708
67145000,180.6947866300496,286.62892950938385,708
67150000,168.49835078991043,271.07268517078563,708
67155000,182.62122042483648,285.46355553229955,708
67160000,183.60174512034055,397.19422847941985,708
67165000,172.65334637988136,353.30792883216554,708
67170000,156.34832555052245,356.3831445793532,708
67175000,182.98715354895867,298.51983155909056,708
67180000,188.91769219054345,246.90795280707218,708
67185000,149.2388672698225,263.8584595004649,708
67190000,135.6412093862931,345.0137553455055,708
67195000,153.1898043251103,337.11662799256413,708
67200000,181.5152281551634,292.4787574059449,708
67205000,167.99341121867678,285.80873647141925,708
67210000,176.92345708681717,289.90850360685266,708
67215000,202.8325815078763,260.7823715781454,708
67220000,214.56379490750973,342.8612020954997,708
67225000,188.8876547296435,316.6132785507155,708
67230000,204.5243747360164,328.30376194356256,708
67235000,151.35611104270868,311.82762588832645,708
67240000,179.04549888032346,295.9782771955458,709
67245000,171.95603876248833,278.44325593137506,709
67250000,188.14398997041596,316.510133632733,709
67255000,212.87644199648315,331.4084399140918,709
67260000,192.15238124432906,291.12207964707454,709
67265000,205.36699962345202,293.2674741283873,709
67270000,183.2999272156285,320.26375617725927,709
67275000,219.5124971581316,325.9570744458665,709
67280000,173.59807894085898,289.4646697505404,709
67285000,167.95087670978702,287.5109648945271,709
67290000,179.44295612368438,294.21248049714603,709
67295000,187.4353000949595,306.9209311339461,709
67300000,179.64996014208123,318.6820260317984,709
67305000,179.65821245435697,284.4203418253338,709
67310000,175.06935835720736,298.54487210366324,709
67315000,175.8563608853722,269.93180925326647,709
67320000,151.2745199868313,273.5832470284353,709
67325000,184.61195550673068,292.42406229821023,709
67330000,179.97310514344457,254.1316300687068,709
67335000,148.32240733071012,246.05349443195564,709
67340000,206.7529543270959,255.80188856944707,709
67345000,147.69290611395346,288.2283640373873,709
67350000,165.54506696657828,317.30987054449,709
67355000,204.62452654369906,282.3785786221721,709
67360000,134.33412499200782,318.9276054272708,709
67365000,189.3073203964021,334.2534283073842,709
67370000,183.39023827937433,341.39600753966937,709
67375000,191.1412063787907,289.00740880203796,709
67380000,170.94639704473354,267.12601860184117,709
67385000,144.80419374462983,291.90237092890186,709
67390000,174.97196236495088,213.3524732172222,709
67395000,169.61613567487603,334.1235386017199,709
67400000,170.8034259659526,271.056263946755,709
67405000,165.3822664167088,358.0536113517271,709
67410000,195.47616570189177,316.06921406322397,709
67415000,157.47878692659046,269.0388394802016,709
67420000,143.2295436934477,305.6417724536732,709
67425000,205.3854325782195,324.81912770306076,709
67430000,168.26821616973137,317.7729766437462,709
67435000,184.52089162253293,283.2540572388315,709
67440000,217.1475011185655,283.5413251701695,709
67445000,140.57705287472996,435.39568499723623,709
67450000,181.66927333238195,284.7477922031072,709
67455000,169.07971321050186,267.9661034220301,709
67460000,216.41802304226886,251.82757508708013,709
67465000,192.90090850275325,331.23983388133263,709
67470000,181.65621823638705,289.74438074634094,709
67475000,223.93296432757217,329.90985160081317,709
67480000,150.85353498022292,339.45345121399214,709
67485000,174.6082648839043,249.51485848216805,709
67490000,198.0024483047218,327.6997779394327,709
67495000,190.94990321522067,318.9285318627494,709
67500000,150.1676311811656,276.1571737088416,709
67505000,186.52756186574396,321.1401254657896,709
67510000,198.7090645311439,283.9788259492675,709
67515000,174.27186934909372,392.6814108679252,709
67520000,171.65982653489095,305.9034200114893,709
67525000,159.47634468198575,305.558085301565,709
67530000,180.32670319524124,347.04444396066714,709
67535000,218.10961479520958,295.9897000471816,709
67540000,189.47064818233676,320.91221482353893,709
67545000,188.85387256749442,301.3637032591075,709
67550000,185.02266078697792,366.9748329236702,709
67555000,202.35281337608293,313.56172590998716,709
67560000,152.907167521524,242.2705976538303,709
67565000,181.72669401210044,263.62109560614033,709
67570000,174.3471304575442,278.28369459202406,709
67575000,192.56448879097255,356.8529053544368,709
67580000,166.42308441993146,232.7935153223779,709
67585000,166.6065813321029,270.1857087144301,709
67590000,194.98337857261595,340.7383249424488,709
67595000,216.2276768112103,265.71787464353304,709
67600000,165.30528289542954,259.96570258366717,709
67605000,137.51357645765063,347.16549613253335,709
67610000,177.9394120813013,324.080062791663,709
67615000,194.70634735601647,355.758891788441,709
67620000,163.0851058177183,289.6098243909815,709
67625000,191.55450326963745,271.3592554776127,709
67630000,150.25535421708764,243.1626326401741,709
67635000,187.9916151770731,298.4737798294466,709
67640000,175.7492570822424,332.4200354475895,709
67645000,183.09303339026334,265.5466881242398,709
67650000,159.74191262397832,263.822210341007,709
67655000,194.10694080248035,343.218083650821,709
67660000,185.76567015008877,344.59621005883605,709
67665000,188.4922393938235,331.6248395402886,709
67670000,195.2465740191447,390.32781760777283,709
67675000,199.27874851060216,306.21521844896307,709
67680000,148.5433464333647,284.2875175513269,709
67685000,216.2570027599587,334.39562558019486,709
67690000,159.77520506233822,360.44913659947247,709
67695000,163.21853016356317,306.5014661805329,709
67700000,178.1915837211012,303.91084236383745,709
67705000,180.52173823903198,303.4037258421002,709
67710000,181.0256200968392,352.91490613333383,709
67715000,228.86751751755503,274.5757299737326,709
67720000,195.24847916524357,339.2202932670742,709
67725000,173.66218459043102,267.77198789170495,709
67730000,213.67480644630956,311.38826145703945,709
67735000,208.66885472979425,306.69942568506366,709
67740000,178.78312547943136,317.32575568339433,709
67745000,155.897719294213,231.53350616239467,709
67750000,178.53246330266612,318.0008709792776,709
67755000,198.36268798102472,353.3237470001109,709
67760000,167.16361473873906,308.2507477747202,709
67765000,183.28707755888712,288.92612753286693,709
67770000,204.4574229241561,289.71087211488276,709
67775000,155.02007700081117,319.74030490301897,709
67780000,205.97917235516366,324.42150741208775,709
67785000,192.92982887507998,297.3176625250529,709
67790000,194.5139817388718,325.7854754476018,709
67795000,181.67182631454506,290.49415494362694,709
67800000,187.44133857251555,335.4326319974636,709
67805000,205.022571515432,284.1618833406899,709
67810000,199.2035199878833,304.30387774258026,709
67815000,154.68753804013758,394.254214538385,709
67820000,190.9858835087486,344.72724790825765,709
67825000,138.18785049561194,298.8920412532859,709
67830000,174.9762660441093,265.70074730462693,709
67835000,170.43722949304222,305.359331774049,709
67840000,169.77017027361433,277.93833623066746,709
67845000,187.56425101809424,270.44381516280095,709
67850000,180.3604705286094,338.73647927000655,709
67855000,200.77103762512212,319.098730565584,709
67860000,183.9625701283911,274.8833600884661,709
67865000,163.87268204715824,327.3794967622668,709
67870000,171.99923837104038,260.81060852090883,709
67875000,149.45584083042536,351.36209345384196,709
67880000,180.02914732358408,313.77582812979165,709
67885000,216.66095452882152,306.9966189063857,709
67890000,201.38899044860838,284.2346588814867,709
67895000,164.3282651175673,267.16664727926917,709
67900000,179.23679305503362,279.04310828139864,709
67905000,181.35982308630548,317.07098483208375,709
67910000,170.4686329985989,260.8392498391126,709
67915000,134.36122989196377,281.53915018781726,709
67920000,204.3558872841631,275.21849972316676,709
67925000,208.14660980743847,305.4084781772424,709
67930000,197.20980915919122,317.1079355329169,709
67935000,132.8221821059518,294.0474450412567,709
67940000,185.49779490359933,328.9830023631772,709
67945000,156.86249659672964,305.65209408557126,709
67950000,164.34622228645702,272.4749534691761,709
67955000,182.9049773521253,303.39099338979264,709
67960000,208.266916572255,285.38431338026385,709
67965000,205.81485417757605,285.3191914281679,709
67970000,182.67892036070967,277.5869938559848,709
67975000,162.74284368801523,301.12693332419474,709
67980000,203.74400317737627,304.7732384254673,709
67985000,198.87959218696741,291.412659780692,709
67990000,167.03435198912413,304.64385455677217,709
67995000,158.45825893750833,332.53600364508975,709
68000000,183.29426423376367,315.0445943655012,709
68005000,174.68414287697158,272.69388809038406,709
68010000,187.2938119447078,369.7502548029716,709
68015000,168.57995206579577,332.8109905458906,709
68020000,142.3695733952216,302.8226812211147,709
68025000,148.95887124061602,271.08208048799486,709
68030000,149.79756603713665,300.3655197243483,709
68035000,217.82381589497123,267.87235811024686,709
68040000,186.04009215542442,291.3469539993667,709
68045000,189.99380507568603,318.57903719294404,709
68050000,148.41327450832475,331.81176324065643,709
68055000,148.96064007048565,278.3316483481662,709
68060000,159.83476296234602,260.45791595869156,709
68065000,152.12114298070233,263.95096317169754,709
68070000,146.1335846405424,292.4973668222378,709
68075000,192.6451252244531,301.8991981712521,709
68080000,160.80648475564263,251.21628528839045,709
68085000,172.92439444538,227.99928433290032,709
68090000,170.9274879157802,280.84677914756196,709
68095000,215.7313821699679,389.5932187665793,709
68100000,151.50118626368058,265.3174826196351,709
68105000,188.9349466535171,293.9275732660313,709
68110000,178.80382112730027,323.38145470353885,709
68115000,153.1730216800541,299.3672631388214,709
68120000,180.00959802751754,305.85878880706855,709
68125000,193.02355455474466,355.20886918668606,709
68130000,184.9200993253425,260.771174490566,709
68135000,195.87554392527645,296.96566539395593,709
68140000,158.41463921082124,291.17529443378777,709
68145000,159.2039474088849,233.82077963267378,709
68150000,176.43922793116886,315.786754124306,709
68155000,197.89648184153089,351.291873199262,709
68160000,142.1344304692174,294.0098593372422,709
68165000,171.5463080645456,297.1423121018798,709
68170000,156.58363013606518,303.67391018998757,709
68175000,197.40888171354712,347.7442307453001,709
68180000,191.9780745054763,329.56721499440187,709
68185000,220.13768870411317,241.37612550071708,709
68190000,146.8129039657844,283.2613926354302,709
68195000,159.97191213041236,349.08680189529696,709
68200000,218.124785129607,302.024549045655,709
68205000,151.0204532712593,289.29861684251495,709
68210000,175.9391317089681,366.31074657051556,709
68215000,171.91112489648378,310.67053507352966,709
68220000,172.91854832938728,243.01608349848644,709
68225000,159.97516843798553,264.2301426900777,709
68230000,186.0621568490964,299.4224132501387,709
68235000,166.1544700955679,274.8806528449721,709
68240000,188.22436347743945,302.3238272703515,709
68245000,162.8012445239494,322.39016710871635,709
68250000,165.40920111956294,287.9881058108677,709
68255000,151.2804317196816,275.3298873324531,709
68260000,154.2983316499106,305.7573951600978,709
68265000,191.82385053964458,344.825452583492,709
68270000,172.64098000398164,286.51545469521733,709
68275000,208.83973252315988,283.7442126567831,709
68280000,177.31428042992013,286.01818669899313,709
68285000,177.21348234221313,280.70041971796593,709
68290000,181.9229668675025,296.74699871398667,709
68295000,194.21214661143983,266.56147987035865,709
68300000,169.46510463352638,319.25213500138864,709
68305000,162.33045096602413,291.4289700035992,709
68310000,171.55729995797458,315.4516715700178,709
68315000,205.47136092405174,277.723739371575,709
68320000,204.9509780643875,299.19745243747195,709
68325000,185.61806924161252,244.09754071274648,709
68330000,205.17592678297387,294.29376649658974,709
68335000,172.8264064136553,261.3450124374238,709
68340000,168.53024061004677,277.3673988208649,709
68345000,195.28325204145688,338.17793026665856,709
68350000,194.7456598273457,329.3818840416787,709
68355000,182.33520361346135,336.8126122646078,709
68360000,176.2303979282373,384.04797170080985,709
68365000,186.35011055449618,306.3039910671636,709
68370000,167.44944343263117,282.41990135274295,709
68375000,156.23815413328998,290.3303373585738,709
68380000,186.308568196158,326.88826798084705,709
68385000,180.91360632553727,254.40363435860846,709
68390000,172.1325125814624,323.9518647412842,709
68395000,173.91987184324466,288.2905697888888,709
68400000,178.44878134887176,283.4119125608847,709
68405000,174.63367534970644,302.36350136501943,709
68410000,154.14779035816773,336.2549804535328,709
68415000,181.78425424158587,356.15863585485135,709
68420000,202.6943627726703,287.49550211138774,709
68425000,182.4608270968984,402.57586638538515,709
68430000,175.40497482340186,266.1489166161641,709
68435000,150.42273807155385,299.23437787904896,709
68440000,229.4825418916497,285.6954401167952,709
68445000,167.0850524925271,354.1262740493598,709
68450000,174.60461079938602,245.371381274878,709
68455000,177.2279245867317,269.4187648526647,709
68460000,171.1695093248848,302.3522142849395,709
68465000,148.86736964782324,256.86056688977425,709
68470000,153.48480039077324,288.46181531593015,709
68475000,233.083656175824,287.2835736759183,709
68480000,144.85913002323062,260.5210027493671,709
68485000,165.72176981712886,293.75472703539725,709
68490000,190.73082641039505,298.22763168939144,709
68495000,178.68907379027303,344.02901564031873,709
68500000,195.6504474860817,281.41299695031194,709
68505000,183.53329699882414,268.2116680170237,709
68510000,173.96750450505658,272.4193680477463,709
68515000,187.95941455343535,330.45945896496477,709
68520000,228.70903802484548,290.28864611909984,709
68525000,197.2438583966214,328.85873266257147,709
68530000,172.7893080746831,275.79218595394957,709
68535000,162.1768290790851,290.1096482968604,709
68540000,179.26530468801215,306.0260645336499,709
68545000,187.00949715189265,316.1998745052519,709
68550000,213.5934190593878,272.81340381163716,709
68555000,194.52550281569398,324.0390258757435,709
68560000,156.505919609454,269.4592786915615,709
68565000,139.08410008846818,391.50856950748783,709
68570000,197.07034552375055,325.0432743459493,709
68575000,175.9079220651135,256.0858610764004,709
68580000,165.06985095284264,287.1391200916055,709
68585000,200.9124163872379,339.1794944291793,709
68590000,172.30895811463284,231.22189381710913,709
68595000,206.52928061708928,283.79621507435303,709
68600000,177.75573339645828,326.8081633741612,709
68605000,172.9530162206606,308.5813628932911,709
68610000,162.519874046599,236.46400352446125,709
68615000,207.0783481054969,295.75918771066813,709
68620000,178.805187389365,328.0143204758345,709
68625000,189.8483013474355,289.8590108952122,709
68630000,202.9788863937131,262.2319911412307,709
68635000,219.46327704044205,250.63923844372448,709
68640000,171.79713712017013,338.93813742117146,709
68645000,164.79319033440785,283.52387980777746,709
68650000,185.2061327102515,246.8575872515393,709
68655000,170.80487730091323,348.3332648881663,709
68660000,194.71608180629926,292.45644076227956,709
68665000,187.14148461052548,272.2136330551682,709
68670000,195.092928471255,301.18869671674514,709
68675000,144.90308983473898,318.35862920291396,709
68680000,187.30775905781832,281.641253412643,709
68685000,181.56441472593002,269.94316638071615,709
68690000,166.07769582011184,347.54299690921147,709
68695000,143.7366197609001,312.84432564100354,709
68700000,179.59217480336312,401.76680427447286,709
68705000,180.44863928817526,317.8610657752363,709
68710000,169.23652055646915,243.31024487425663,709
68715000,184.93831755557133,283.3850967161408,709
68720000,162.22298337498376,307.2986719223306,709
68725000,207.55146314788922,312.9536397381742,709
68730000,169.03125145244698,264.85245020233197,709
68735000,222.0904014329886,291.9278338711699,709
68740000,191.3519266122861,296.193085702089,709
68745000,190.72271208904021,326.5322449799413,709
68750000,142.34588092406767,267.2879551083015,709
68755000,191.4211705702623,312.01569519792304,709
68760000,151.68721774440883,263.8977809569784,709
68765000,178.4391207502875,323.07793480290866,709
68770000,158.68758968931928,327.2133150702181,709
68775000,204.82317340920378,303.98268560731293,709
68780000,148.17443326404484,291.799483845803,709
68785000,187.23576366956968,322.9849908714171,709
68790000,169.81641017097078,277.7042503831218,709
68795000,161.5308328595065,395.0711371672737,709
68800000,182.8166524301746,311.2537685861757,709
68805000,165.72701463944443,286.83515247969063,709
68810000,140.86189316265796,313.4670359546529,709
68815000,180.5181421851125,317.5163328877955,709
68820000,152.31194373955313,326.30884608935656,709
68825000,158.8177410251321,293.8453121717062,709
68830000,192.1123987762674,312.84450629243673,709
68835000,181.03312005547855,271.46183925098643,709
68840000,185.88593513693667,326.26104225373024,709
68845000,164.06008536614218,257.8401512439401,709
68850000,158.95116173844968,350.35128854813905,709
68855000,186.72930531341427,348.79443925434066,709
68860000,169.18550897835794,321.5392821663261,709
68865000,135.93446580672773,300.6764376561096,709
68870000,169.97907630961018,322.3003064687401,709
68875000,177.73461328049765,352.16849924369143,709
68880000,195.8613882946126,265.04779646903586,709
68885000,213.46613839916765,283.82285249572436,709
68890000,183.98444897777756,283.20619930405286,709
68895000,160.0477146021201,314.4234520710657,709
68900000,172.40769160705224,267.24526027844274,709
68905000,195.53286353081927,286.6920630377926,709
68910000,163.82703931595742,300.9073818123113,709
68915000,184.26034183698664,319.0728621732721,709
68920000,143.46498116829522,321.4416836539701,709
68925000,174.6679179357784,318.4310253368101,709
68930000,163.49174397742584,323.4804371878143,709
68935000,184.99907939218198,299.05689155076004,709
68940000,184.15300465180204,289.6398353165479,709
68945000,178.96136263086993,278.16559181319616,709
68950000,206.81208813443493,313.60943776843754,709
68955000,151.5973991257375,259.511429866612,709
68960000,161.76293622085868,364.75474128437077,709
68965000,198.46523929492426,330.35395622966576,709
68970000,183.0158294694677,261.728518951358,709
68975000,200.98793042929668,333.1991342137027,709
68980000,188.51930149317099,326.2178045796691,709
68985000,158.49904923371838,323.15040927634647,709
68990000,167.98093059097374,304.7038044528245,709
68995000,150.17179668894832,261.05247822380454,709
69000000,136.66524037755522,301.4547908450264,709
69005000,188.39983256837482,299.14943504940095,709
69010000,218.33451661091547,257.32595902873413,709
69015000,152.53740409006446,284.52808707969245,709
69020000,159.59081892046868,289.2048552364925,709
69025000,147.65817948229116,233.91488954260782,709
69030000,178.6021988219159,224.1641830882198,709
69035000,171.18890503732246,320.7559440223054,709
69040000,136.08330968898187,333.75264934351475,709
69045000,159.0429129906807,272.5434642742291,709
69050000,161.03508156393366,259.76371956034654,709
69055000,169.50616442508806,261.6856882014472,709
69060000,195.40819445436992,303.41029334246923,709
69065000,181.56396547463942,296.3402676793389,709
69070000,206.9914122752119,322.2277775299726,709
69075000,192.7737180743637,297.2938491041667,710
69080000,192.52975632668634,331.413305546822,710
69085000,159.48382188269167,349.96151012180763,710
69090000,192.60611166822054,370.0045403869514,710
69095000,159.54399566948618,333.88076301025023,710
69100000,223.27087899361533,389.8326141529904,710
69105000,165.20764011635035,295.0027280106747,710
69110000,162.08384521074044,259.1810988879537,710
69115000,137.28589321648172,250.8563207226639,710
69120000,169.07266857401456,300.6266161063584,710
69125000,185.96453221688563,291.7651189495318,710
69130000,156.90364160070237,330.50427369027614,710
69135000,171.96811505170493,330.93101110969155,710
69140000,132.29288349201462,246.75932139534942,710
69145000,125.34763475377352,293.8163194030138,710
69150000,130.53025228570058,258.36279822423495,710
69155000,164.9832352692295,278.50600244445025,710
69160000,150.29212219334914,300.85091715808755,710
69165000,158.12283401324012,309.4674448755626,710
69170000,168.03172259659613,329.44150771148776,710
69175000,206.61234691882987,299.21092920102365,710
69180000,208.11536246985278,315.36428395678814,710
69185000,185.04950322140638,370.42370531362354,710
69190000,183.45524136910313,282.974509380563,710
69195000,166.79196974534827,280.8802700978921,710
69200000,189.16585904996322,304.94357713816214,710
69205000,182.51607470418293,350.7649239850066,710
69210000,186.97585391244678,370.791510684385,710
69215000,166.57324393190564,260.1876038127156,710
69220000,168.73793465912055,247.0216372513232,710
69225000,209.02611361234074,307.33349624779385,710
69230000,148.72318709771588,274.8878087461136,710
69235000,202.68976407708922,347.20771504284886,710
69240000,190.22961505884382,299.81466191126987,710
69245000,151.83895837662433,294.79210817883137,710
69250000,202.29547571671603,269.13650600303646,710
69255000,172.99718674405068,365.448563165396,710
69260000,156.61138150814733,310.13351075116964,710
69265000,184.20943578191535,323.67751000863694,710
69270000,193.13534586618795,303.37268444802254,710
69275000,150.16595713556273,274.7176102358916,710
69280000,199.10039581924127,289.1448213227476,710
69285000,143.77854716252688,307.1407274176712,710
69290000,195.77173951668678,310.44996771101404,710
69295000,147.8893770857849,262.17223361163275,710
69300000,188.33803353471515,338.1189018294802,710
69305000,147.37909416051255,256.39193206326155,710
69310000,232.28423174955316,324.1834373428954,710
69315000,203.360522047862,253.58560730322577,710
69320000,238.04532299983572,267.65375751420567,710
69325000,208.8042512579258,275.54322898358134,710
69330000,139.03127478707887,299.8397471239138,710
69335000,155.69923677253774,300.0792453412246,710
69340000,188.77185181132916,305.1215337749824,710
69345000,194.04854019727935,307.25525138359797,710
69350000,174.69350043673342,288.67772729495516,710
69355000,177.80615565493807,245.74249804158583,710
69360000,200.0327201343174,332.76067583633795,710
69365000,192.52183052921754,196.71445246181355,710
69370000,162.86855879505725,297.42280083681095,710
69375000,155.77947866601627,263.16293767007545,710
69380000,179.5614992230665,342.9357578782245,710
69385000,171.45334739226493,352.3781005197809,710
69390000,159.60481496025665,290.6621842583073,710
69395000,218.6712270186875,332.20853253377817,710
69400000,167.51489956637326,322.4555912144189,710
69405000,159.99047439538134,296.92327685263416,710
69410000,174.72754293185847,287.3461180524601,710
69415000,159.92412043968153,334.5088114365783,710
69420000,159.49457912617729,331.0986544817982,710
69425000,148.4003469882832,330.37865787701816,710
69430000,169.01637957823957,316.65032298371193,710
69435000,181.65432803622355,328.15827460208203,710
69440000,156.92097937079222,305.1777604686171,710
69445000,190.0502077592324,321.7062804663397,710
69450000,159.41329548705514,320.9363994107746,710
69455000,178.89907525621229,321.43014563837403,710
69460000,171.37905110539825,325.3576979571626,710
69465000,158.26356831297431,286.3232391894133,710
69470000,167.2436002870928,309.7115938934415,710
69475000,206.83976733141756,306.83648075120516,710
69480000,180.55453397018837,292.5205438390419,710
69485000,201.2218625506919,380.215826876949,710
69490000,198.12362592839443,308.7097638779789,710
69495000,199.8725430058684,341.9266005096998,710
69500000,201.5548580127449,336.80263237816524,710
69505000,169.82635696219785,325.20597089053916,710
69510000,191.2912468585849,254.89465360440778,710
69515000,191.35491100899185,285.34711306666725,710
69520000,216.24376471491655,311.5605965737042,710
69525000,166.25575126186953,237.171009772486,710
69530000,175.15143394080275,261.280472068898,710
69535000,186.20141201109365,255.91065119802798,710
69540000,158.27465944535084,297.0799362012626,710
69545000,242.369359750382,278.0374320858712,710
69550000,199.01784526831764,289.61375627041224,710
69555000,204.15457303471842,276.7156257313885,710
69560000,164.10508223986784,301.90205645552544,710
69565000,151.49739322767797,264.430247269645,710
69570000,178.6153095238191,312.3750173100321,710
69575000,172.7730268403897,296.70807594619305,710
69580000,222.27553089932746,249.43483461509535,710
69585000,172.1871406953732,301.6923099522793,710
69590000,179.77208435137868,282.1933768891539,710
69595000,195.06398309425907,284.8584548030288,710
69600000,159.18517206716933,297.31690066022145,710
69605000,192.0295967192423,322.9011851329549,710
69610000,225.59927469656458,319.29878975091054,710
69615000,194.57038302858706,266.7150145626204,710
69620000,150.47460664390687,282.38724905278275,710
69625000,186.27251946087318,301.4794552986699,710
69630000,175.44318627934422,327.85665855869615,710
69635000,181.70084692070765,318.1865633210617,710
69640000,175.20396304796589,294.57636139854486,710
69645000,176.2753017518715,233.4588748892395,710
69650000,181.8945146693493,266.8784803992488,710
69655000,131.6625703114374,295.3905028171938,710
69660000,188.3760078767283,274.60845940831763,710
69665000,147.86212671444662,278.45114413404235,710
69670000,170.16426554088287,267.22561900346346,710
69675000,169.15529896526547,294.1748511825575,710
69680000,145.74663259607715,316.2281244620641,710
69685000,145.98132859634273,267.1315227170806,710
69690000,153.38677740572334,279.94497241146513,710
69695000,179.32716563108218,269.82970216767717,710
69700000,188.0220410915556,358.7242858403423,710
69705000,102.86824035945752,341.38910418827476,710
69710000,194.6473476199366,369.10188893158335,710
69715000,177.97382289859542,265.5301125931108,710
69720000,179.79475978347136,267.147414151155,710
69725000,170.68290813651814,252.11979760928338,710
69730000,189.95918264510524,329.1080772298457,710
69735000,178.95756537850926,287.707868891484,710
69740000,176.77962580550096,297.31630086667775,710
69745000,165.62438231133297,243.3284171129166,710
69750000,162.8701925894522,250.70460702604603,710
69755000,170.003322561496,315.53117904066266,710
69760000,173.6570187160343,276.975058842072,710
69765000,175.93301623619854,318.6166507180994,710
69770000,213.51041312154845,322.4576289372793,710
69775000,191.43839567619656,274.1070152037949,710
69780000,214.1773120231691,333.2559097062635,710
69785000,214.47294197465737,247.05551913194577,710
69790000,165.66129747093177,288.3258042189743,710
69795000,150.2060706186386,238.6113432554809,710
69800000,162.9557256291811,283.9695071564004,710
69805000,173.09714276976072,348.55316826438747,710
69810000,171.89126273939607,280.20453104716006,710
69815000,209.17196896488915,302.7426851974346,710
69820000,176.83273366105433,341.6188297839688,710
69825000,167.9042905629872,297.14450947046964,710
69830000,157.14604519024277,280.72780152075245,710
69835000,165.51100439173482,269.6806511115315,710
69840000,166.6286624799723,315.0603113573742,710
69845000,173.6326088618176,293.82238194529526,710
69850000,162.11141023608747,370.06982672662895,710
69855000,179.02618238763773,346.19322911945386,710
69860000,195.15850515856218,338.47694655790724,710
69865000,188.30519105597978,330.59703350538064,710
69870000,178.3403462846774,239.79375147921286,710
69875000,137.47961806499512,325.01844054847646,710
69880000,154.3168038883561,270.2176936495654,710
69885000,136.6629275143889,297.52207172973425,710
69890000,209.17568239033685,278.1451513012451,710
69895000,208.99683913120361,358.0965381978463,710
69900000,140.14937734117498,280.38576165613915,710
69905000,205.98380281875396,322.1032447569356,710
69910000,196.12511684860763,300.7400403575043,710
69915000,158.84679329683624,247.09932469858023,710
69920000,153.61496324249802,297.03486845194806,710
69925000,192.579414290887,305.9633744055739,710
69930000,166.96603803316273,301.6754764298896,710
69935000,198.4707208409381,264.17919900515676,710
69940000,178.06417773017674,385.4296838151156,710
69945000,130.94322074520724,276.2040448162013,710
69950000,141.97190666279857,305.55612944507726,710
69955000,161.7720001306441,298.0628903111074,710
69960000,189.36769545482161,307.6826121010061,710
69965000,184.634211943351,335.5186564012386,710
69970000,179.7173926128016,256.1520678281912,710
69975000,215.9171573281897,305.8111058676404,710
69980000,133.09048454535355,269.19946090006067,710
69985000,213.00924396213023,325.6257153428789,710
69990000,203.9691522715293,332.6600996786205,710
69995000,192.92855820924657,293.36484532975305,710
70000000,148.0101824029841,333.26760226491075,710
70005000,176.98586449732286,283.1872068426823,710
70010000,161.6870916411041,284.82110999598183,710
70015000,208.45345673639554,288.10452593757554,710
70020000,141.44894098797266,271.49904430770295,710
70025000,182.73816082467735,342.5548826644918,710
70030000,150.7108706594333,274.24989780964177,710
70035000,147.06315684122305,353.80836363646307,710
70040000,157.76233131844498,312.1966052875961,710
70045000,145.08324949410832,317.8729131636791,710
70050000,194.67958735215444,304.3576824201852,710
70055000,188.72043252823568,344.4958392425838,710
70060000,183.4383566551848,328.6613910214463,710
70065000,180.0693317083635,313.17895510560226,710
70070000,153.24349265524552,358.31222676787553,710
70075000,177.84042947507157,290.77810581897404,710
70080000,229.06040028626165,307.04165127995816,710
70085000,163.00287965173845,288.243110079984,710
70090000,211.42513329306314,267.7219880088336,710
70095000,161.55819577717008,292.4143258584516,710
70100000,176.63209062147087,273.4622011298225,710
70105000,167.5733167278691,306.81108852845614,710
70110000,146.63476511689268,284.72572988633516,710
70115000,196.61038920631256,315.70237710844833,710
70120000,158.2004742897917,304.88818370777625,710
70125000,143.58419529117685,323.79172596682577,710
70130000,172.14798893353586,300.15763077305036,710
70135000,174.1789769021529,318.268894709629,710
70140000,174.43638787377603,254.62390506955467,710
70145000,163.22755610856115,253.73341664602322,710
70150000,191.2984403723625,296.81880890424134,710
70155000,153.77434838705364,361.1223288466743,710
70160000,150.29584657468908,278.3411983444611,710
70165000,162.1748404153662,324.56636612773514,710
70170000,192.69659446910245,341.27727303071003,710
70175000,183.92351933058876,290.0748100150173,710
70180000,176.13452523587293,280.394882442534,710
70185000,161.7761946871326,256.7812765422419,710
70190000,198.94126548752607,294.7524165924927,710
70195000,176.24777643428507,312.8326629755002,710
70200000,145.0678916720023,267.81348520807927,710
70205000,153.8086188116057,329.9225337535236,710
70210000,188.27601543379023,282.2379750290792,710
70215000,226.08410577559485,270.7514912298548,710
70220000,160.32817706777834,302.2978812122975,710
70225000,165.37672438556487,254.8949254091572,710
70230000,154.88404651146752,267.4029633366882,710
70235000,205.21591894949538,308.26900472670314,710
70240000,154.2457292152901,323.7896251396276,710
70245000,147.17177957101072,272.7689552049753,710
70250000,152.43704853104003,291.32552156560564,710
70255000,172.8877797952964,327.9558858367343,710
70260000,172.2660927709149,350.47023978258375,710
70265000,162.753083039023,290.2209308246474,710
70270000,147.2400416640473,394.5090252329904,710
70275000,166.2895151399864,320.41110485069055,710
70280000,190.15757724406518,294.69193165880836,710
70285000,197.7534542242345,314.41324674489226,710
70290000,149.84750414332447,333.62314083315283,710
70295000,176.94620809820105,246.78242183015502,710
70300000,172.18365181779635,314.53382342455683,710
70305000,202.38171702462245,290.89378265567257,710
70310000,189.2154954728174,299.29321604020475,710
70315000,172.1185876175126,283.7873359113588,710
70320000,165.16198066773092,348.51728227391027,710
70325000,150.02391627237515,272.6448146226682,710
70330000,196.58816585449776,308.01619850771164,710
70335000,186.01492341541478,297.2711447125513,710
70340000,182.7750553027677,319.6251242321455,710
70345000,190.1897255469348,281.736526940939,710
70350000,186.56205687034927,307.811521978502,710
70355000,157.05628534410707,331.88521389496753,710
70360000,150.5262430805106,263.21470552731677,710
70365000,192.50941124432887,257.8554847848077,710
70370000,156.27324476090084,212.98765539496523,710
70375000,191.92310823439928,327.1553857926205,710
70380000,202.41215673738503,323.16114558087565,710
70385000,164.57118826241572,305.35275861498116,710
70390000,177.50510024535765,377.89321666048414,710
70395000,194.48046884676754,333.8823451976303,710
70400000,199.2714038823735,315.04495640351263,710
70405000,121.69836136801777,279.9210601978097,710
70410000,190.31330254024007,270.5694268355895,710
70415000,221.71594874909903,250.22307329675465,710
70420000,166.2004637428348,241.16114364682443,710
70425000,203.6499495300984,364.9458850189093,710
70430000,228.20511029388635,281.2702223165789,710
70435000,185.83188149737353,234.9351474958868,710
70440000,237.95243856082993,296.3862849903567,710
70445000,168.91291249191502,292.3894764021924,710
70450000,106.4770047234139,258.6406483653279,710
70455000,178.0040438641304,276.29703250732933,710
70460000,215.5421093749249,281.3732796492157,710
70465000,142.3401051389675,275.91949829167635,710
70470000,196.94942068015814,274.5745206842481,710
70475000,175.9713672268444,273.01946130548924,710
70480000,155.7782430529698,361.72804768191673,710
70485000,186.07224613646628,328.32553300988275,710
70490000,191.85608598192928,339.5203128680222,710
70495000,145.3337462799736,240.73518505908814,710
70500000,188.65003267961998,252.55903929857493,710
70505000,184.64797283270403,324.2716022237457,710
70510000,157.55402943363882,239.02700204044217,710
70515000,152.6725257824912,327.6361600302484,710
70520000,197.284827597284,314.33015048188247,710
70525000,211.63160947650192,288.0020760410584,710
70530000,191.45744112409793,259.32009004667714,710
70535000,194.97488459988867,359.056519813736,710
70540000,173.6284784295551,274.5488867800085,710
70545000,178.75854242530505,284.52347091872383,710
70550000,170.662793187445,261.45482292715633,710
70555000,157.24049726263996,304.60091761895114,710
70560000,150.48360669987122,307.93760634475166,710
70565000,183.02339902324186,282.59751231270315,710
70570000,199.03709921814553,277.22417339047126,710
70575000,168.6801467769378,292.1922301076406,710
70580000,143.63202992643988,281.76472902308177,710
70585000,159.44635361372858,279.1620785241547,710
70590000,170.02534618568683,310.72597833938545,710
70595000,159.3997673354029,281.76684481165563,710
70600000,186.24564190708048,252.37996979308292,710
70605000,163.8123090630105,298.4971850235278,710
70610000,185.7396367784727,292.8121421467137,710
70615000,168.04479853401887,231.0699791764533,710
70620000,202.8404044402003,238.9887353787671,710
70625000,175.89863703307387,355.5075911397562,710
70630000,163.2281756173207,293.24181772544205,710
70635000,184.740218093767,298.84221441838304,710
70640000,210.83651450902408,352.98658190040254,710
70645000,175.7770786961908,284.6227215171744,710
70650000,133.87392222683684,261.47077784199126,710
70655000,189.09838559929747,279.5773275780632,710
70660000,146.32870460997646,341.5157292843515,710
70665000,174.46678502793077,326.091224834255,710
70670000,164.1530958678806,288.9303191249538,710
70675000,183.252592697855,314.9027266000709,710
70680000,207.0427094774731,226.27510708530798,710
70685000,164.07216562093436,272.7962777888264,710
70690000,187.2376007405618,293.9207051658556,710
70695000,197.0601313503186,283.50252136474677,710
70700000,181.17348169712304,295.65659676897377,710
70705000,162.0035778530699,266.9898292501499,710
70710000,171.60717196624563,270.28932105013445,710
70715000,172.70943198585806,329.2572960300741,710
70720000,183.09480166141313,258.72377631993857,710
70725000,158.78530270963483,275.33879248600766,710
70730000,148.22923173556612,244.74918840429652,710
70735000,164.8626567632236,376.88763422111913,710
70740000,171.97284514345213,325.23668849579,710
70745000,164.47511963241294,312.32848863961027,710
70750000,174.44270902553473,277.176667685543,710
70755000,146.1266596819784,308.9140425212425,710
70760000,215.63955848830517,286.16084968350935,710
70765000,164.86695117869596,278.89767845409625,710
70770000,178.91852684143674,287.7232833114407,710
70775000,171.50086527227947,354.2857669476961,710
70780000,195.3192330993316,289.69528290503416,710
70785000,217.20675735112243,278.3920513363058,710
70790000,180.92152206137854,305.8229920365874,710
70795000,210.15417293434888,314.7971236817525,710
70800000,132.82040182224816,255.9927675899204,710
70805000,181.36191959752833,362.998507079048,710
70810000,201.60304027745792,302.6072916258137,710
70815000,192.77285457370567,240.57371652168206,710
70820000,170.51245219123365,236.13827589473766,710
70825000,190.8788211543304,251.733293632175,710
70830000,140.34486380571065,293.173760862474,710
70835000,161.03755855593508,318.6729722674833,710
70840000,195.51517837810835,252.70869387191274,710
70845000,160.5018207804597,339.5796555762066,710
70850000,184.41466216489823,361.35210689180536,710
70855000,188.64580338614616,290.9030643924896,710
70860000,159.9081686422016,331.42194117859975,710
70865000,161.42023951605213,321.77262250859985,710
70870000,174.4490302864277,302.09036983601254,710
70875000,179.9927989673772,286.3039772813905,710
70880000,163.29574662726048,363.09105977370314,710
70885000,153.71831819697928,364.4935705806324,710
70890000,175.7235528499772,284.6616989035124,710
70895000,127.33898070380235,309.6520139699994,710
70900000,143.7165879789122,278.14801728216537,710
70905000,184.79215324292292,279.65054982237905,710
70910000,216.47762190734878,251.3568941992969,710
70915000,178.95233460808836,334.91021099206887,710
70920000,147.7505229976145,276.4963610683469,710
70925000,177.8876112429529,363.7559635938435,710
70930000,200.2482098302836,282.37265823791984,710
70935000,156.9255596726327,297.73513211728454,710
70940000,164.67666791732728,273.9528167445281,710
70945000,158.00014756100794,312.51483137819065,710
70950000,149.8424188692936,331.94746746867077,710
70955000,170.42702548171115,291.03959349513804,710
70960000,145.2594109939904,253.35997346136463,710
70965000,153.40231253395643,286.60996861562273,710
70970000,187.51124314937084,284.0522109036228,710
70975000,194.33338729083204,259.1402499960086,710
70980000,166.79655621470874,261.482392311872,711
70985000,154.3344291537818,288.879022888158,711
70990000,164.06235382117737,292.1311974737387,711
70995000,168.38220227098196,280.9640920880139,711
71000000,222.1865588945614,267.6438041639709,711
71005000,180.63122623934,255.95841369444466,711
71010000,160.89338433420917,246.85696497609646,711
71015000,168.84070216319614,255.4076427739604,711
71020000,202.09614653731967,257.67429554715466,711
71025000,167.69223569985826,258.68505127267554,711
71030000,139.54904322390283,290.8462113695337,711
71035000,181.32376775334035,323.50963245130873,711
71040000,167.5588567701353,302.76970617352544,711
71045000,160.10117527723747,313.6910405369126,711
71050000,199.95582279883337,302.7182450927845,711
71055000,177.36944856732785,311.26589613904844,711
71060000,183.80231012835083,271.46386486380965,711
71065000,173.51152926734528,285.3224848488764,711
71070000,144.93867946441182,294.97129893701504,711
71075000,178.36984797849655,274.2065794559958,711
71080000,205.66533120635245,345.0947418736651,711
71085000,162.05084412097085,285.6801810334637,711
71090000,218.6198785576137,240.01934709312243,711
71095000,164.91122345871668,302.6836875304556,711
71100000,215.2906738955148,324.71385645629687,711
71105000,176.89114276645347,264.0145747199172,711
71110000,189.07308762987665,289.7696440698268,711
71115000,181.0173087849987,286.89288260799265,711
71120000,193.36134451513666,250.29714104929286,711
71125000,177.16370528883635,313.64519197288365,711
71130000,187.6707309468626,297.80206123460556,711
71135000,207.84636554944416,332.54026336614703,711
71140000,222.7852859993019,326.852317941319,711
71145000,178.36609743430697,347.3275699747152,711
71150000,170.87818967272761,255.1385066196028,711
71155000,177.8363285231685,283.5060231103027,711
71160000,203.13634082476364,317.2826730663099,711
71165000,179.27426604423485,287.63109491643644,711
71170000,192.29227571085843,337.92800870599103,711
71175000,193.81549899250376,285.03711264568375,711
71180000,184.39973893627456,385.2311001789405,711
71185000,173.03996749880653,300.101149037313,711
71190000,142.38739193819922,270.36864870764,711
71195000,194.28687501254694,271.9576880739408,711
71200000,177.13948610866385,247.9282420880899,711
71205000,199.7783763699087,272.6919838858939,711
71210000,168.03759553509596,281.58964629266035,711
71215000,169.43747883255404,296.96442159152826,711
71220000,116.99351849982082,312.97670214058707,711
71225000,162.4403938160242,302.05610426715486,711
71230000,155.07725421042775,298.750467189193,711
71235000,155.10879055980195,309.1452232024663,711
71240000,197.46006483122972,401.3256363846534,711
71245000,184.26748595730376,271.9387228228236,711
71250000,183.02228262749594,378.21230962605057,711
71255000,138.24841135825912,271.7289089747151,711
71260000,160.0709436984219,311.141390925375,711
71265000,170.11824931343037,313.0001229481658,711
71270000,196.26053571371668,313.18056457273264,711
71275000,149.5464260961701,302.33076529121627,711
71280000,186.98402806832942,334.47552752969796,711
71285000,213.60038980133976,309.60803880319696,711
71290000,180.79394704692098,261.21056611958375,711
71295000,167.31042910989675,271.5672532600426,711
71300000,184.8267877544197,282.10397430276333,711
71305000,164.9513014142927,281.58262259481137,711
71310000,156.36547967810878,319.09261764137926,711
71315000,196.1042763265294,288.7295468206509,711
71320000,169.68178159736686,264.9029412107997,711
71325000,182.77989750815823,332.9931997804356,711
71330000,162.54366788518138,268.3151744420078,711
71335000,173.50096592165053,284.4327744662534,711
71340000,133.8225921965248,277.5696612638855,711
71345000,190.9847017057621,240.51629245376193,711
71350000,196.10620684932385,329.75515273209373,711
71355000,195.16244151229117,314.8957872010355,711
71360000,204.54077936211283,285.3234384230754,711
71365000,180.35720119635687,326.6033896508253,711
71370000,163.94829429129706,313.5775012995318,711
71375000,138.9426615158391,300.2049861245776,711
71380000,219.00752441533848,382.5924072515028,711
71385000,167.47682957080374,372.6722132772634,711
71390000,192.2959359011374,345.62238591093023,711
71395000,160.51317812083727,338.4628804861336,711
71400000,197.12505228442834,343.11863401621355,711
71405000,191.64549547879102,344.7527062728243,711
71410000,154.87199040509708,298.0418462568383,711
71415000,181.05586305486455,340.5970140877446,711
71420000,150.62189348760052,313.98236912427234,711
71425000,197.72950479960227,290.4133774622743,711
71430000,166.37901944870634,301.8349817188101,711
71435000,180.42203992400727,304.6977892988175,711
71440000,164.09051313103026,301.61196120174947,711
71445000,171.8703210756552,339.0377271391951,711
71450000,226.03612910345473,335.4649278487201,711
71455000,197.47560821762013,280.23991700555166,711
71460000,147.9414163835525,253.40595854008012,711
71465000,175.66340215551415,298.89835689605434,711
71470000,212.6674425979728,246.23825230253289,711
71475000,176.99822063594914,328.44736066385406,711
71480000,178.07556975976868,284.2205957967611,711
71485000,173.98714289544856,248.14607957836387,711
71490000,146.18368394420332,315.1073733220954,711
71495000,181.01065901118486,344.37549641570456,711
71500000,186.7797057900503,236.3410935532069,711
71505000,159.60190071223482,244.98750095549624,711
71510000,174.11201864494257,362.02022692603214,711
71515000,180.35414950612147,296.7843723908671,711
71520000,188.8988608547526,279.2228378334985,711
71525000,148.51136529372292,260.00210639878645,711
71530000,193.86991997414952,297.72108960898856,711
71535000,197.39187383463937,336.93210815684205,711
71540000,157.7129865992298,330.3466663785343,711
71545000,218.32642634023804,282.949671164921,711
71550000,157.30641920405668,322.332844465378,711
71555000,217.27260726207072,253.90580228692744,711
71560000,161.15845965814265,258.34999293433054,711
71565000,177.94390075876865,317.7017835267568,711
71570000,165.33059636668833,261.52777689738883,711
71575000,195.26191755917137,292.1391976710391,711
71580000,138.59320342319492,304.6869713583348,711
71585000,230.37105248467736,320.6815951457188,711
71590000,174.43120981433844,318.8403861406633,711
71595000,175.95482045786898,309.5155657963383,711
71600000,176.84851008625665,233.5860008396933,711
71605000,201.42172771357303,335.3503326081468,711
71610000,188.97506908354592,299.34333555322524,711
71615000,175.07066771969681,337.9052864450435,711
71620000,199.0709704065521,282.7605088366611,711
71625000,179.60760233991786,269.44236916926167,711
71630000,211.12006372512326,343.2855188498443,711
71635000,160.11601709384175,283.60838515418885,711
71640000,193.5951855832763,335.1664962682065,711
71645000,193.5423890230024,267.04106034416566,711
71650000,173.68081830709653,237.37111107087338,711
71655000,221.66261752603987,334.79924491649496,711
71660000,191.42805878780058,235.78335643470834,711
71665000,189.81839538719888,289.9405659517096,711
71670000,149.26758531402194,259.42276033752734,711
71675000,178.1375699761277,328.90391165782523,711
71680000,156.09059915275455,364.1073250946971,711
71685000,157.96368344871422,347.0861836705178,711
71690000,175.9002966072819,284.93392404429903,711
71695000,160.8445046615465,265.31290166351835,711
71700000,162.33923750448432,232.97453260555432,711
71705000,166.71055537199925,277.34455557769684,711
71710000,177.98933171604523,265.7536623462834,711
71715000,205.1620292509774,293.07348543743956,711
71720000,189.63958878262252,327.21035601797,711
71725000,183.71769475756994,296.69191323292955,711
71730000,189.68127223149045,316.68043425526156,711
71735000,176.68217624167028,301.0666897588513,711
71740000,162.20845520434844,266.1797554350371,711
71745000,198.68925799666454,274.86778612025813,711
71750000,179.1916989048901,296.9135730034653,711
71755000,150.89276442621983,316.3160131597245,711
71760000,185.7794480190069,352.2659831460091,711
71765000,139.12752959684244,286.1716578430625,711
71770000,171.1904718671699,367.9659770772864,711
71775000,164.21115119986135,256.91426286959444,711
71780000,157.11490811671908,325.7867792009226,711
71785000,188.4802223573036,384.60878683556615,711
71790000,185.06837849015395,336.00129857493766,711
71795000,192.0313074279631,311.7425811757984,711
71800000,156.9589307205298,314.86774145569296,711
71805000,211.31780270809327,299.66288201454813,711
71810000,176.24627272309974,236.14370629840238,711
71815000,159.78592806535067,287.2063812679303,711
71820000,172.64099426108876,343.4136329221767,711
71825000,215.21022189004478,356.6885692265428,711
71830000,155.36632088648818,307.55176694036203,711
71835000,165.27203545939446,273.74235713731684,711
71840000,232.73173874987373,374.211986343889,711
71845000,187.10264397767375,287.8532519969551,711
71850000,201.98350065862735,282.66787915344804,711
71855000,170.2581792642298,349.5413568932569,711
71860000,173.1592970530592,267.75514545475664,711
71865000,190.12965471809815,328.0660306663794,711
71870000,203.63559232900946,316.6212730130193,711
71875000,208.18669645930262,260.9884414676847,711
71880000,185.41574587062536,288.0449075422375,711
71885000,171.87711330524812,323.0867518730577,711
71890000,159.24902421085145,308.067723386277,711
71895000,169.79566345798315,270.2448049342163,711
71900000,194.94841697582356,319.4371600256771,711
71905000,200.05669536909178,252.57207677662842,711
71910000,176.69350340032682,318.4406342701636,711
71915000,178.11555554640836,254.2588126028903,711
71920000,161.28316845835505,221.46700975598733,711
71925000,169.45880796875778,340.4921695296436,711
71930000,189.98125567071682,281.46028532727746,711
71935000,143.04367864234106,238.0299451346377,711
71940000,154.513846048869,319.4868507740253,711
71945000,183.02655420237895,295.3025644457737,711
71950000,191.7157687967733,335.73391650028486,711
71955000,161.5653621809307,299.28200416358027,711
71960000,177.65671121248064,302.3477668563533,711
71965000,175.22166111641184,284.2400294484379,711
71970000,192.54549456874722,304.2500982338517,711
71975000,161.20629735275142,312.69849327692737,711
71980000,190.34598658139308,339.6962951618872,711
71985000,156.2368075342279,313.6030674254738,711
71990000,179.89971045616454,340.25164922115084,711
71995000,182.1085836110612,328.91657411014506,711
72000000,151.01345318816612,251.79111977202717,711
72005000,208.4272340956881,324.33743929175756,711
72010000,119.75994421999783,234.63357446921287,711
72015000,210.34154915513327,377.89407905589934,711
72020000,171.37221228740216,304.53657431009145,711
72025000,196.39476171231283,341.87186990406724,711
72030000,182.44399409195603,285.43450333987477,711
72035000,161.74496055537648,289.0809049336684,711
72040000,187.14118736735148,348.44438565532806,711
72045000,178.13706189861097,233.72117634380433,711
72050000,185.81390386248864,366.4351040057039,711
72055000,187.8366087339956,313.1462377320456,711
72060000,145.23066906829186,313.4940834928341,711
72065000,174.5977067881087,303.01284796449266,711
72070000,138.21742610698766,208.3136151501978,711
72075000,179.73824913502978,321.9966479337302,711
72080000,164.6933523285916,314.589889035657,711
72085000,152.09176672674988,251.7208150517401,711
72090000,194.36013660749032,319.6786703680336,711
72095000,200.68192855273773,331.8635987129138,711
72100000,160.21479754996582,279.5968623151654,711
72105000,181.51184777834223,287.16701970063417,711
72110000,158.8628785431275,289.1094257718683,711
72115000,171.1979042646258,382.50629888192884,711
72120000,162.44926809011992,318.29699418708344,711
72125000,166.84559327750213,271.5643363535784,711
72130000,191.30089355207576,325.0799225648937,711
72135000,141.32837721068285,277.8194718736148,711
72140000,195.02642781614145,232.4958583644561,711
72145000,187.59544361615147,339.17821513006766,711
72150000,241.39002243548563,358.6160894828416,711
72155000,208.95723849103004,356.8719684715853,711
72160000,156.46114396966797,285.4954503445061,711
72165000,180.1666345000391,289.92813267145164,711
72170000,163.86911030067648,299.16526005636206,711
72175000,199.88748666060363,257.2378563589192,711
72180000,185.53157101762102,239.24640333639314,711
72185000,242.04418842851547,334.9582060470515,711
72190000,178.15931254337437,290.02061271898526,711
72195000,168.3069332138882,271.32716882656587,711
72200000,152.36807393483335,354.18966130057845,711
72205000,182.82100718357967,297.14207659999266,711
72210000,189.0720679936877,288.99027394346825,711
72215000,166.74249600209612,340.912993045491,711
72220000,189.7085647011815,318.4083963493054,711
72225000,147.46803841843828,286.6281410030167,711
72230000,164.50635890557157,297.14475293941285,711
72235000,181.2127481631943,254.73584968233627,711
72240000,155.82336891426712,335.2327063661106,711
72245000,214.35104837158286,355.38365975056956,711
72250000,180.7754841458709,303.0728618443653,711
72255000,179.386584349698,264.761878824254,711
72260000,184.77190136948155,275.7420547960001,711
72265000,180.52507804527647,308.30554065134095,711
72270000,144.59623278951378,275.348722209363,711
72275000,192.78172966217136,313.89629528687595,711
72280000,145.83458082283295,325.0982699762641,711
72285000,176.9905858258069,261.12508926742436,711
72290000,179.23979015659168,316.6486719424986,711
72295000,177.81138664375453,338.29523729011675,711
72300000,168.5081460059531,318.18516336041444,711
72305000,173.8954945033251,245.24479714355087,711
72310000,189.06622671752808,345.68686090982555,711
72315000,186.43017086242938,322.4632881981729,711
72320000,180.2118943656804,302.9373441729219,711
72325000,167.8151121767765,311.7807043385759,711
72330000,153.51312020005477,300.3197991179445,711
72335000,166.11706301776988,263.032710412009,711
72340000,200.23823820527326,274.05331380702575,711
72345000,202.4059541622758,292.8822523188755,711
72350000,169.0658618522943,299.14689710287814,711
72355000,181.82218948957788,271.08399677814396,711
72360000,185.09287721173655,334.4747883796721,711
72365000,190.90046256359133,402.2954894029367,711
72370000,185.5280072227751,280.95105852583396,711
72375000,199.23437213786644,287.712006446276,711
72380000,166.17857379668965,299.70374664506704,711
72385000,190.17057598126127,248.89067776336285,711
72390000,181.24754275014942,309.08232513785543,711
72395000,155.07285619006316,303.9702211282588,711
72400000,174.85335363786473,269.2486421256382,711
72405000,158.89267496343297,266.7059401850207,711
72410000,150.83771598272486,289.58618198021935,711
72415000,166.91292937564603,279.13405281428663,711
72420000,195.72612930941972,322.38072392272625,711
72425000,145.99542120767674,326.1003926924661,711
72430000,190.1519143605721,313.5580246013639,711
72435000,166.31373470243193,273.24114073554307,711
72440000,159.74274316555358,328.9364211561394,711
72445000,193.0266104221928,277.3192638829622,711
72450000,125.51400729386074,319.3345051009489,711
72455000,160.08681633128404,301.27216769693115,711
72460000,153.57422407515008,334.5492167605468,711
72465000,163.45636588775173,282.97383264214125,711
72470000,161.4920927677812,322.43542969715156,711
72475000,216.63220426579082,328.8750229559967,711
72480000,155.16775269909576,272.0078580476134,711
72485000,200.24645759561741,329.13860831109804,711
72490000,178.81327167581392,286.69494679720214,711
72495000,215.4999533481826,293.85661940664943,711
72500000,177.06272792991132,309.3485211338491,711
72505000,185.74830136492332,290.0604531813574,711
72510000,213.94392406532742,346.208791920416,711
72515000,164.87121870901936,315.0600932447571,711
72520000,170.21045989088176,348.729122327876,711
72525000,169.39038639237555,379.09296902243517,711
72530000,154.19051872991366,283.41559058740614,711
72535000,140.3306920294991,345.37343488747007,711
72540000,172.05723214718853,311.1831538677306,711
72545000,189.28702035195258,330.6851228443842,711
72550000,160.1356789228831,334.8151280130607,711
72555000,145.74861287596678,282.4640648939265,711
72560000,166.19463114979908,294.2353034365237,711
72565000,159.15382839754034,266.86770836784274,711
72570000,155.596115894191,276.65879609047727,711
72575000,164.5185361232116,297.8710148788656,711
72580000,168.89556705090519,290.8423290270485,711
72585000,191.42619575663326,283.18111697973296,711
72590000,177.54439426717119,275.1525364107641,711
72595000,177.10663164319908,272.48426503404136,711
72600000,182.99291257404244,274.3250250757561,711
72605000,159.754247082752,347.2855410569337,711
72610000,157.68477581220452,298.9100307586261,711
72615000,147.53909594703498,263.99569321797765,711
72620000,155.7820343277961,292.88908963779113,711
72625000,167.7047184675499,277.02301599921526,711
72630000,193.14700826464716,344.3154403665504,711
72635000,210.92467290750292,312.6577608202895,711
72640000,153.05160828845595,301.62904642312327,711
72645000,212.35267121510736,311.6441896092866,711
72650000,198.71018941036564,307.95333414119466,711
72655000,177.55062443465695,248.98187861841245,711
72660000,159.36374727576043,286.8234469172742,711
72665000,162.80540973779162,305.1060003121879,711
72670000,165.78432016980278,280.6639022244566,711
72675000,203.73538446003988,280.70322820509193,711
72680000,206.84758500091985,277.7234683781909,711
72685000,170.6927543230488,304.0242778065346,711
72690000,151.2779394937929,309.08798668766764,711
72695000,169.89881627218256,277.46794076292156,711
72700000,156.00091541851026,289.94690348348604,711
72705000,166.89688042756836,327.02117659383975,711
72710000,228.3093075171028,375.46711463214206,711
72715000,218.1407348999123,388.5436479829144,711
72720000,197.68672355488113,295.78598224262447,711
72725000,165.83772621113548,297.5897956684204,711
72730000,164.1258817141294,316.71872506821455,711
72735000,184.19362304436552,320.8373984865455,711
72740000,185.45564475225336,280.3625687215256,711
72745000,178.8772667048113,266.9917856988881,711
72750000,159.63290346855274,319.5939999923342,711
72755000,201.2898262910029,287.1062523205737,711
72760000,174.54814163870762,280.9490966306518,711
72765000,170.88650412053727,287.21765499353893,711
72770000,204.7553143940204,287.7483188162988,711
72775000,188.50651590721372,249.89349459790068,711
72780000,167.72974313323556,367.78168308004047,711
72785000,197.0736103311464,316.54069938036207,711
72790000,193.97398409572773,329.234616182093,711
72795000,181.16852721512566,325.79618839342197,711
72800000,166.95368097412478,294.58192409435173,711
72805000,212.48756710327507,290.10546465849677,711
72810000,164.7721310455759,299.4730189611443,711
72815000,135.7678138592902,302.1825630195836,711
72820000,223.9720574921784,292.28329121362486,711
72825000,198.03517437126095,285.333555304194,711
72830000,154.63538563114193,319.9934669189598,711
72835000,190.93307609118074,318.4561038745158,711
72840000,183.68201962817884,310.0878609772293,711
72845000,179.85458800374175,323.4026512971113,711
72850000,141.4965001923009,261.34250569824457,711
72855000,175.4937861417905,301.07975379109644,711
72860000,202.1954620545862,279.2063631644438,711
72865000,166.22061553408034,280.4719351718987,711
72870000,181.24549963829992,307.5557237495277,711
72875000,141.8426036714415,284.6408864195847,711
72880000,199.50816592418911,193.52913323808318,711
72885000,201.32356021678075,261.1121219517098,711
72890000,188.9790362769167,264.5692581177012,711
72895000,213.58564015932873,267.4721301164068,711
72900000,176.23417467433777,354.49885417647357,711
72905000,241.224523472657,235.66925253573862,711
72910000,196.96737954509166,259.1808544636711,711
72915000,207.90935276339664,314.9422190648172,711
72920000,153.16007562534944,292.5356632634885,711
72925000,185.04509665461242,292.28279342502844,711
72930000,192.86874956205992,324.96560874534,711
72935000,184.2337275232396,289.21948599693064,711
72940000,199.75011286525162,308.1504512113713,711
72945000,194.5456516157979,333.08921201583354,711
72950000,201.13509886416824,292.66959616739075,711
72955000,163.14053187694694,298.27840322096904,711
72960000,154.84318302894968,249.89280516707421,711
72965000,160.08650030760722,384.3027605894477,711
72970000,195.53097028771538,346.0478752525336,711
72975000,141.03157709065346,305.87617960435915,711
72980000,142.25219699727046,301.7707184488277,711
72985000,178.62148387541035,313.49884866534103,711
72990000,174.90561618992905,259.6362744795063,711
72995000,193.7835726257634,279.6079525846637,711
73000000,234.94978367714535,327.72804085263107,712
73005000,198.8449225131266,351.08175700101356,712
73010000,186.9973942720751,314.0121217141846,712
73015000,149.86149206595042,309.6197209678542,712
73020000,223.9404122745519,293.34981099331515,712
73025000,167.53292264983645,244.83247743168087,712
73030000,181.7472690005911,373.858388363808,712
73035000,157.9021412470123,309.43828877073537,712
73040000,178.58543471971117,278.5746445398952,712
73045000,209.6619657974104,339.9624277972877,712
73050000,200.18680765886862,315.99009368400465,712
73055000,142.38246176853355,279.30404188045577,712
73060000,174.24301199436218,268.5765434175898,712
73065000,231.22250086134454,257.42581540199274,712
73070000,193.56820862504802,369.81165276697965,712
73075000,196.15714133295174,315.4916893098777,712
73080000,145.9338056767711,304.6445221906296,712
73085000,184.85030805951308,274.62588324766284,712
73090000,146.43407820978805,201.01210135162952,712
73095000,145.258300150733,313.92467958213416,712
73100000,177.10648307219816,320.52021963176776,712
73105000,182.7288320207198,299.92157929392835,712
73110000,154.3929250123765,269.54515122822124,712
73115000,220.7691986782683,324.7077261199112,712
73120000,170.38042427302915,282.0477808553439,712
73125000,193.75473769797637,335.94506475513026,712
73130000,153.5166629473211,270.7116987199335,712
73135000,174.40748377367362,276.3431570883731,712
73140000,149.9873234787191,299.3110934496625,712
73145000,174.13243605829777,294.830866490218,712
73150000,208.5032702658006,386.2168820512582,712
73155000,181.0680446017583,298.8710406198246,712
73160000,179.09807827406692,324.31180000126636,712
73165000,194.6654667633494,348.221435547783,712
73170000,183.67079500915327,263.5973618372354,712
73175000,171.26494492972375,345.5489609055713,712
73180000,177.4663296381472,242.25834066250857,712
73185000,183.769215188156,300.0477009054656,712
73190000,170.9198874797519,362.9278910019044,712
73195000,140.89251303919696,271.66416603967434,712
73200000,198.96669654251812,269.9492623948459,712
73205000,184.48751539612306,283.23133157390595,712
73210000,176.3993543039708,291.19223204274755,712
73215000,155.5970997308441,236.65686000254212,712
73220000,184.69950910177042,355.9994955539092,712
73225000,192.38170219931604,356.79694436984266,712
73230000,183.4084209627074,275.06705144804977,712
73235000,171.36286160887778,283.2169921050828,712
73240000,164.65164063206606,299.7942361248679,712
73245000,166.0271602000538,276.1944020923602,712
73250000,189.99615650389632,342.186215983459,712
73255000,139.08833729625093,293.49910915696927,712
73260000,210.29722824011665,295.6537494552971,712
73265000,181.33622270569458,274.545950541212,712
73270000,215.0680383551706,318.38793819336405,712
73275000,213.52569930559395,368.04965173136617,712
73280000,182.32123809491682,326.2168797088659,712
73285000,206.84962007882535,285.05479831674194,712
73290000,166.83998050180094,280.6467176955738,712
73295000,181.04442703805012,274.02290766459566,712
73300000,182.7810750417828,264.54362032539393,712
73305000,176.74568642116836,258.57842756502447,712
73310000,209.90678009599125,290.8895438639642,712
73315000,134.79218651271626,319.7168394210031,712
73320000,156.66145958711252,305.6671346197969,712
73325000,162.0959973245799,271.2156905340799,712
73330000,178.8310396721951,276.60794309050993,712
73335000,193.43614537979093,332.71602896579225,712
73340000,217.11875098372852,303.1279877159993,712
73345000,177.1193977832974,291.77264139963967,712
73350000,133.429520817112,303.05473712499315,712
73355000,178.47052015297456,340.0898852920287,712
73360000,168.07295624233504,299.76636589520433,712
73365000,178.58433359511113,264.65252793467795,712
73370000,153.4865156701101,308.15082870360635,712
73375000,119.45462487740488,287.0810880863447,712
73380000,186.5988276203709,335.3662871777008,712
73385000,171.50237644690262,210.41908048464876,712
73390000,163.39378906472206,249.61682305254251,712
73395000,195.71265146801582,328.1554801593199,712
73400000,183.36284653488812,358.715256896678,712
73405000,172.29928034640992,271.49352832681166,712
73410000,187.51015017812327,316.44955163721454,712
73415000,177.44690789823707,254.7175519261165,712
73420000,164.72902526588328,298.0872926630422,712
73425000,171.62277847989944,284.82356885501355,712
73430000,179.42183195661875,302.28669174160643,712
73435000,224.69848335059186,283.9048644789857,712
73440000,158.43087669308196,264.8240299679004,712
73445000,175.7683851322854,305.8158761008421,712
73450000,150.47550049883324,250.1180258227766,712
73455000,162.61068821187692,321.87198848765826,712
73460000,167.5164544789645,262.8571475279869,712
73465000,168.09083009310953,312.8469958185466,712
73470000,167.31925338154778,288.5340746504097,712
73475000,171.6771094666258,312.73950281315365,712
73480000,175.34115300739856,289.16914488557546,712
73485000,184.32746978176917,314.53592933304736,712
73490000,189.5035951224574,286.1845182760553,712
73495000,160.8952242469611,245.94186557114892,712
73500000,158.4713179823414,313.6586884002022,712
73505000,157.37155225823753,232.88546060194804,712
73510000,205.74601823749947,387.6469773791893,712
73515000,185.81797966831746,319.31142874233365,712
73520000,158.76318287242478,292.9063245836458,712
73525000,224.87060897278633,290.0605827968657,712
73530000,185.12752675691823,317.95337558791107,712
73535000,174.9079552665072,341.0830329970439,712
73540000,188.55948766445312,333.00885447562365,712
73545000,223.34766577687404,340.07947364714704,712
73550000,148.71304481961485,267.03642909242546,712
73555000,158.46706256997345,303.1272773700726,712
73560000,183.5288151747038,288.202143642128,712
73565000,156.17905965175242,306.85157076573563,712
73570000,174.83834566800058,319.10818395637347,712
73575000,150.7954909177239,268.1656321278525,712
73580000,143.65004098143095,279.77348709134566,712
73585000,187.33912490522806,335.8030663459647,712
73590000,168.50972538767653,252.16790547465496,712
73595000,177.03427961631502,291.43552969900196,712
73600000,142.32587974414798,242.2779655181472,712
73605000,178.8535751180721,246.88772508602077,712
73610000,162.3679006169657,262.47075451137493,712
73615000,154.7942217019739,399.09482044552243,712
73620000,174.40861886499445,344.46480471102444,712
73625000,188.1363881903578,316.99627727054354,712
73630000,156.48172269803914,255.81388035097973,712
73635000,179.60585198754472,297.9446120798159,712
73640000,174.45078673269015,302.95060187216325,712
73645000,191.2337760808908,289.1955474879285,712
73650000,159.20802969933817,276.85336903057544,712
73655000,150.39985000748732,280.41300167940614,712
73660000,205.66291578408934,314.1208277964476,712
73665000,169.51960335712474,291.4810051717236,712
73670000,211.056866625422,306.42612666176564,712
73675000,176.46796095527446,300.59887332253356,712
73680000,150.78325356274686,297.05154154805734,712
73685000,182.6768804766079,277.797184826282,712
73690000,194.0666940441963,330.5304904452828,712
73695000,160.58592001100908,368.98595609810695,712
73700000,151.39660611339417,337.06012060302567,712
73705000,186.82737110011743,339.30925482652947,712
73710000,198.92766565615204,359.5783800818535,712
73715000,169.8157827349635,288.0746211883528,712
73720000,194.43182427644706,364.20104053361894,712
73725000,185.55871094207674,307.2200458647893,712
73730000,160.02549837044234,295.84618643148593,712
73735000,207.66357587378616,269.176138817806,712
73740000,173.7075343662749,259.7955435759946,712
73745000,163.33085980112818,308.4451736160339,712
73750000,195.8181955901492,299.9904902147066,712
73755000,198.69279150940616,330.65794553589643,712
73760000,167.4099897637415,242.8892360098342,712
73765000,189.26783012080108,272.51639710213954,712
73770000,181.19385693173479,217.167312131302,712
73775000,209.61117832493795,245.0409277084899,712
73780000,183.22568840091105,332.02783579203094,712
73785000,166.30504995978467,342.2383514274836,712
73790000,182.81015778219162,252.86658799644846,712
73795000,198.35394188462794,350.192653903978,712
73800000,197.69111589913786,301.9326833421376,712
73805000,195.6153494886368,307.9274370432761,712
73810000,186.56755883862914,313.0967323432667,712
73815000,191.18312323327444,330.8130462512897,712
73820000,140.41816887068825,335.90276015942203,712
73825000,163.3677538341249,338.6724709088876,712
73830000,177.22029235267837,337.22182992067184,712
73835000,182.3085605642675,353.96230172770004,712
73840000,199.75676037280567,239.58775570304886,712
73845000,167.61148976953135,262.3075307157602,712
73850000,186.35311437111363,292.9408531293653,712
73855000,144.43440518344522,280.3826907408516,712
73860000,191.18316928280763,344.0986820962055,712
73865000,178.80966318015967,231.7481264073767,712
73870000,191.53657627107967,252.3605464302061,712
73875000,175.53626897902382,291.0058418477225,712
73880000,164.12171845653685,303.40823975359274,712
73885000,186.36618029664203,307.58106364440397,712
73890000,157.47413987167195,336.41939855595655,712
73895000,172.18151187495818,335.5990902479309,712
73900000,177.31852961039013,301.16890407792926,712
73905000,178.58264861678592,273.6191943427026,712
73910000,147.12308580311068,321.0473050570557,712
73915000,157.5510152069122,293.49624359416225,712
73920000,192.20276766414958,265.2012748826908,712
73925000,182.05811921861678,318.42702893067303,712
73930000,217.1555113527864,276.1205013386359,712
73935000,183.05676626742144,293.3502861853974,712
73940000,171.35569578125452,325.4271180547425,712
73945000,162.4566050618594,322.78275234450086,712
73950000,179.8334571196362,284.7434235654725,712
73955000,172.04251639757442,296.28527213202034,712
73960000,205.12594017887164,305.14255253255027,712
73965000,174.8831630099628,320.6094007923242,712
73970000,158.8710849394894,323.6452274871615,712
73975000,193.80525472753212,331.355727104847,712
73980000,160.33065275559872,284.8503110316057,712
73985000,201.068356315872,387.3618252395681,712
73990000,153.0511501905964,313.4012485411813,712
73995000,162.082928894236,339.55331381591446,712
74000000,171.62719801755628,292.40179780073197,712
74005000,152.34971234456435,318.5507863547053,712
74010000,165.42145908552544,344.8410746577896,712
74015000,180.52794735458988,312.3978322197279,712
74020000,138.01950565091815,314.9900587841914,712
74025000,163.26682453355423,377.3892734331324,712
74030000,165.8143198060215,319.3948666195444,712
74035000,145.2160987157977,308.73540592616445,712
74040000,187.5874549034411,297.2973299874054,712
74045000,195.13556960216255,280.58631713924825,712
74050000,196.3153422409435,328.7817389857754,712
74055000,197.9496690958952,296.0458923347591,712
74060000,173.5323741709472,278.34750964013136,712
74065000,153.9258510268028,277.50505544122484,712
74070000,177.31499581206657,282.8773771427409,712
74075000,178.35514300314787,303.69473613643356,712
74080000,192.4281056244601,299.0704763345372,712
74085000,179.54272433989078,345.13569217371304,712
74090000,162.23556825102938,297.71284175637516,712
74095000,190.32740729041987,226.97497283127967,712
74100000,219.88521497512534,310.9104911074367,712
74105000,149.0394639689077,269.9009349581048,712
74110000,184.46818171946504,361.5368277802907,712
74115000,208.6460723260229,271.15688279643524,712
74120000,137.26727144917643,249.7145514033566,712
74125000,210.71760878659774,235.84012128554062,712
74130000,203.28224488108003,339.2064786136643,712
74135000,208.46158999266436,380.29355633586476,712
74140000,159.59783286504984,276.10513972306524,712
74145000,184.86167628250772,322.29632092095704,712
74150000,159.800043980312,360.12300450526794,712
74155000,178.66802707194356,268.7335624818545,712
74160000,210.36124604583054,256.10315411057127,712
74165000,182.70254676347955,297.60143872954256,712
74170000,180.28568884701338,342.61947040422194,712
74175000,183.6486239926326,290.02593199148464,712
74180000,172.08585562883053,330.7312095832535,712
74185000,148.4177758543781,293.484007726674,712
74190000,183.8198356299737,323.24234148335097,712
74195000,190.8957775496353,377.45755966966095,712
74200000,186.52479958273497,315.1492472582857,712
74205000,205.96956600319018,241.61649045713773,712
74210000,176.13404999008614,262.65924730302254,712
74215000,201.15828107178297,277.59407065793647,712
74220000,188.3550179282495,275.88015147154766,712
74225000,174.3340972941038,250.11857739027417,712
74230000,131.35220932776875,292.3060575967926,712
74235000,177.75439803806984,286.7807656604599,712
74240000,197.30574523888203,356.9573795014724,712
74245000,162.37280572572539,293.2500483323615,712
74250000,124.02263405109565,339.87839521294484,712
74255000,143.6628952330681,312.11212975929345,712
74260000,204.32939585517934,292.0866905922267,712
74265000,151.50647957167834,284.7553286241292,712
74270000,177.06460616694733,368.63225227132153,712
74275000,179.87205584667385,277.8747922894572,712
74280000,180.1723791801567,296.9230242719822,712
74285000,142.86843855094412,264.8322201596448,712
74290000,205.4683280824662,286.64020566475756,712
74295000,203.61103661779362,349.5755664757608,712
74300000,200.0528564893915,284.86595224374776,712
74305000,153.2578660391499,242.50389977002325,712
74310000,182.41528193183558,399.21149029564197,712
74315000,174.97781038336535,322.98326418551204,712
74320000,162.18309733984282,273.1259144189623,712
74325000,221.5926085599034,391.11167365666506,712
74330000,176.40116120287666,331.22483400422675,712
74335000,162.79973428826992,318.84536708521335,712
74340000,190.58594901626785,330.9960867941797,712
74345000,150.27377200046533,311.1977708578985,712
74350000,186.56322779508437,268.4035435675837,712
74355000,182.66168751527584,298.9542398740241,712
74360000,189.61550505751612,268.9331868238742,712
74365000,172.55419464291234,330.8281103410504,712
74370000,122.30156414540811,303.6237059588806,712
74375000,206.7485021485414,320.0686028794953,712
74380000,199.14274335862964,333.6865917586517,712
74385000,179.2398722535625,313.45015958562743,712
74390000,187.22492723692633,318.1721406428016,712
74395000,154.2870134736878,329.3765916055574,712
74400000,166.3699497427854,253.85726141737226,712
74405000,182.35235704899364,256.31608900545456,712
74410000,187.49459890908219,312.2779014239477,712
74415000,154.84698645236438,263.0383529303514,712
74420000,153.65757171929673,287.6022039318897,712
74425000,165.6261594967651,294.9231553031659,712
74430000,167.8081196770601,276.1819431907994,712
74435000,169.15295602055025,259.9760064185301,712
74440000,191.42472782868072,299.5383777756873,712
74445000,201.91201499694634,325.053875792335,712
74450000,186.58234165060094,280.8947551337736,712
74455000,181.2682863942407,282.68280242400436,712
74460000,166.5539355704872,294.9664344128764,712
74465000,183.19605014103948,262.9402647204292,712
74470000,175.37634583199883,295.9138342694617,712
74475000,175.42001348076877,244.4123581073158,712
74480000,169.15156183261624,327.89840712458164,712
74485000,164.39602156766813,255.01580395101936,712
74490000,212.14987632937869,269.9520916530729,712
74495000,182.1360831434005,288.6239029129263,712
74500000,170.91432537167208,308.4612863824493,712
74505000,209.52087384081173,232.43347099075046,712
74510000,202.24914107245883,325.8085867152862,712
74515000,209.62211055644175,329.9338283336294,712
74520000,165.12791468686856,252.4067843267196,712
74525000,175.1634314332825,313.26336689536436,712
74530000,201.39871714499492,294.3181561622825,712
74535000,163.67079572637647,269.29783501246214,712
74540000,169.762709835101,361.6411636805877,712
74545000,217.22713611409822,298.5118840868104,712
74550000,149.60380670050674,241.67209502521442,712
74555000,195.17230099348836,303.2838453189254,712
74560000,156.42143080423597,372.81512428671834,712
74565000,167.97881798628865,227.21059878230588,712
74570000,194.54358983376716,330.64361360536515,712
74575000,215.41314352536213,286.97119701524775,712
74580000,168.62182751722997,320.8758898531686,712
74585000,154.57434004653118,316.37806804864266,712
74590000,169.7528322637654,318.3673871048029,712
74595000,199.94456602869258,368.86445646189947,712
74600000,204.59820249569626,264.5684082367955,712
74605000,209.63545918194242,268.5352655202045,712
74610000,163.5950303027051,289.895754806603,712
74615000,163.12144600968307,386.1222656227643,712
74620000,165.64095198605267,296.6877279452974,712
74625000,165.85383778679275,270.6808853232913,712
74630000,170.21202733417348,330.8646227359531,712
74635000,172.61171022882166,351.44772431244843,712
74640000,181.82645804998918,297.86073665500373,712
74645000,178.55964387410634,359.25457817707814,712
74650000,198.04414253951575,255.66576811892145,712
74655000,120.61386937276855,312.88481923814805,712
74660000,202.00115374840087,327.42079188736164,712
74665000,151.73025171730436,279.30074557184645,712
74670000,172.84830643886792,244.8163046953357,712
74675000,153.80362884432782,264.8094186539288,712
74680000,154.32393122437554,282.3341399703373,712
74685000,175.80048931632598,319.31211732501,712
74690000,212.65281284361254,285.37516073338924,712
74695000,148.22178376592854,301.63540114848297,712
74700000,138.07127435315985,297.10504754844584,712
74705000,170.04032814544735,300.61607834101164,712
74710000,174.86561534112033,334.674543527898,712
74715000,175.14191550242003,264.28976860388093,712
74720000,157.89889604587688,308.9719447817474,712
74725000,162.14337014263793,338.91442121812594,712
74730000,150.5487873899471,254.2502564072283,712
74735000,161.93114002249177,368.05956619269466,712
74740000,178.3748754823672,292.38102744917364,712
74745000,211.59504014864496,344.4809660209312,712
74750000,207.19553995556112,287.3352732489588,712
74755000,187.71704456727113,306.68753559834323,712
74760000,216.60420194552756,340.3840632864237,712
74765000,179.07527716371752,295.9514884480002,712
74770000,178.97093379113477,280.4317718668912,712
74775000,145.03975045573,317.6763001030697,712
74780000,159.95850288199705,351.1127085368971,712
74785000,172.0781616650566,276.39744298805726,712
74790000,159.97074268553374,272.3312832678196,712
74795000,182.87223541011045,258.80551571400065,712
74800000,169.61922264603055,291.14497523810513,712
74805000,185.7147708623609,269.3199275924359,712
74810000,179.63500325279875,265.2891725118517,712
74815000,192.4246853991661,304.51242991837063,712
74820000,142.90474074748528,323.07000760906345,712
74825000,167.8832579396484,346.8928556308158,712
74830000,210.58007054837427,386.58774901462493,712
74835000,199.95478435693784,363.7222255917422,712
74840000,188.70125807593823,308.4045125792421,712
74845000,167.85255351852524,296.69948381806967,712
74850000,189.28944437317824,313.4636694532397,712
74855000,177.12026057803777,338.41659866801837,712
74860000,189.84459260382835,409.74581157618627,712
74865000,194.57315969530683,319.6131063701737,712
74870000,192.22831723251525,270.9077834157341,712
74875000,192.7348447115535,251.43944966487857,712
74880000,132.5499766501264,318.57646155714815,712
74885000,208.38281409855134,285.4841980176332,712
74890000,196.09970991314833,313.9258024351725,712
74895000,186.59815093290757,308.9129670297591,712
74900000,154.4571519851614,293.91419511955553,712
74905000,154.24985129255631,284.52398200560293,712
74910000,177.76357010992643,372.99622506296777,712
74915000,159.81756808492503,285.468305304557,712
74920000,171.81965865006467,299.2082070418056,712
74925000,167.8587652939649,276.9147766266152,712
74930000,206.2871634010266,317.77133592103576,712
74935000,251.17765258659787,337.07876701597837,712
74940000,151.4199031214827,295.5139870825784,712
74945000,161.40147811638184,273.7191295870469,712
74950000,204.08025857292338,326.07598965916003,712
74955000,176.02773723935167,287.08303424199573,712
74960000,176.56669529936693,268.6432529156444,712
74965000,214.66274640268787,299.1296949347107,712
74970000,178.2296434006991,324.175022983515,712
74975000,158.78304046561874,299.0794205925327,712
74980000,161.89606146279962,269.34921125321324,712
74985000,163.89805711350994,325.66492717417884,712
74990000,167.25199581483815,262.3230065008335,712
74995000,187.0635239036413,311.4124780076569,712
75000000,173.3498704014171,307.9060103466694,712
75005000,190.69447491195996,273.36540358809464,712
75010000,160.48818236013003,259.2007709072491,712
75015000,220.9293765777396,273.00501784665283,712
75020000,152.13142241559734,306.8063258684731,712
75025000,175.63716486198717,388.1684437098431,712
75030000,172.11673370006548,261.7054102480273,712
75035000,178.04107144239165,327.9292366972732,712
75040000,163.6943778265038,351.31538577115157,712
75045000,203.35380542703015,257.183207414734,712
75050000,166.5937752770264,308.83542563866206,712
75055000,214.73773510956238,278.2848501593589,712
75060000,203.62692555722234,287.07308857508804,712
75065000,147.53965098012404,310.4075505042502,712
75070000,215.8694856644865,253.88073546662017,712
75075000,174.42868025046965,307.4716959237468,712
75080000,173.841159993644,286.255619121257,712
75085000,185.10949910154187,270.9560365372849,712
75090000,178.276981051154,277.7158406529028,712
75095000,207.53237827790204,338.71097575571343,712
75100000,202.54024586582526,311.7397476978826,712
75105000,168.54807678405376,361.3517770188179,713
75110000,178.85668858178929,301.79542712129853,713
75115000,180.99902288489898,314.7781992979902,713
75120000,129.07776381678138,288.620387256924,713
75125000,128.23516859993097,318.6110480211864,713
75130000,184.90675765676679,293.0498777723274,713
75135000,172.45892945320585,288.18995699961346,713
75140000,152.28194950033352,350.71543445254275,713
75145000,207.30332978741802,314.27038159368027,713
75150000,167.096116593647,328.6832993955635,713
75155000,185.39527321811073,283.8382567379439,713
75160000,153.1337699708512,339.2043354987018,713
75165000,173.02893848859244,271.32763582858246,713
75170000,228.7642285634497,297.72676518847896,713
75175000,182.25286339838507,336.8550145166877,713
75180000,171.58726003329318,305.88340716500187,713
75185000,185.24768421872918,321.04184328518204,713
75190000,176.60077867007024,330.72599096739617,713
75195000,184.38254024953736,274.4400314616902,713
75200000,219.08849077173278,308.33995066101755,713
75205000,215.37408459059833,285.34514521158144,713
75210000,151.18214406880256,261.428479358831,713
75215000,161.74575911283824,277.91111698660177,713
75220000,183.6437608964856,311.66679522186615,713
75225000,209.9262759494271,341.45864283756646,713
75230000,184.56987055991212,285.4934720694755,713
75235000,229.4790575689588,247.77331195301335,713
75240000,162.00463010692002,304.1684672268961,713
75245000,198.25149240842083,309.143642613386,713
75250000,186.8207645755038,319.51882598871293,713
75255000,135.92956806091692,364.70130589884866,713
75260000,198.95623616540223,368.4019694083009,713
75265000,168.36122540162992,292.44986692690145,713
75270000,164.3341832537243,305.7061130367037,713
75275000,176.58937045246657,295.1596914614195,713
75280000,233.12902082831528,275.93687294959915,713
75285000,171.33427126695045,295.0781506933545,713
75290000,195.33114968295624,260.0464048794215,713
75295000,163.55069320469195,311.45355320256226,713
75300000,130.17507730972835,307.968342839759,713
75305000,166.91718446485822,310.19872884898547,713
75310000,182.2350132364238,346.9531254225931,713
75315000,175.4380828781834,361.12911412826134,713
75320000,158.41115616764534,312.7409191359867,713
75325000,150.4857627412091,257.5207578276215,713
75330000,164.26383883612766,328.34040243796784,713
75335000,189.42033372746033,304.1479922462116,713
75340000,203.84926425177036,327.915166283413,713
75345000,191.79526016297174,271.2612384657597,713
75350000,138.7929744883532,290.82302586862994,713
75355000,140.3870198466322,228.96060293627656,713
75360000,149.74887855373547,311.39831342383917,713
75365000,161.1451240300839,298.991840829353,713
75370000,212.15253956942138,309.80221366253943,713
75375000,138.68496573937833,321.96034103034117,713
75380000,158.7326653657222,272.9067752384033,713
75385000,183.7228369292978,280.8395918068345,713
75390000,139.57653277705592,376.30185719558784,713
75395000,221.21897556132836,275.3624273484538,713
75400000,169.29781620640705,348.9986809116151,713
75405000,160.85171008546038,279.86643732411557,713
75410000,190.02593569080372,318.6667990436021,713
75415000,217.4957601435973,308.1641252376414,713
75420000,164.465436730049,274.6400838713624,713
75425000,182.0172673559497,378.5023049578866,713
75430000,138.43202245267128,387.5275149324329,713
75435000,181.08154525053882,335.3730424868301,713
75440000,178.4296648531663,272.18187884067265,713
75445000,171.6978233073588,350.11773424363116,713
75450000,150.96941808823874,265.8392467504624,713
75455000,171.40082847303404,304.7079505216142,713
75460000,174.71740375157688,354.5549437824313,713
75465000,161.9553644239334,269.38597054154513,713
75470000,157.67056691782645,341.7674546115419,713
75475000,178.38521551207694,259.17097391563067,713
75480000,168.4591675835039,332.117094429761,713
75485000,222.356028154311,278.28778798962963,713
75490000,191.1861823600028,366.57328656580785,713
75495000,165.70622238908308,298.533407161963,713
75500000,191.6297374606864,294.79377119886345,713
75505000,164.4345420687253,302.3417978295131,713
75510000,184.24798248872173,322.0240422157721,713
75515000,171.6971967176682,309.95767419046683,713
75520000,167.56801701546175,289.60296710613363,713
75525000,172.94266028072286,313.5813630734597,713
75530000,149.28875070674144,294.80764143110787,713
75535000,157.89259204058388,271.67627229367463,713
75540000,208.9847195226644,308.95345161953577,713
75545000,178.93824109566378,279.11959635150805,713
75550000,181.23425436757378,259.8677526738928,713
75555000,173.94636565982398,313.54864298573864,713
75560000,188.68215340380863,275.0594943079818,713
75565000,170.7085871320012,239.99021088576055,713
75570000,184.89139192115329,262.14670326372107,713
75575000,180.46693305606925,251.503639359919,713
75580000,124.26994467111317,227.32978902444424,713
75585000,159.0963359850104,297.44086741355096,713
75590000,198.77198317560945,238.77270823860127,713
75595000,177.9141581658563,306.1002028289234,713
75600000,189.6512734262066,289.53341476217923,713
75605000,181.23250029474846,314.7448569213767,713
75610000,156.31823473427815,329.1756612812675,713
75615000,148.9840907578995,267.7966885650179,713
75620000,203.93137358138554,283.8423455609563,713
75625000,172.02345389023938,280.7747255310663,713
75630000,201.56274824371775,287.0726099015131,713
75635000,174.2857493278342,266.0158787581814,713
75640000,182.08276669897378,331.5530053406853,713
75645000,155.52589519836053,286.06049826867843,713
75650000,167.89077628709373,295.45647974182145,713
75655000,156.73767925558286,305.24105979156866,713
75660000,145.83178106870795,338.0940763735697,713
75665000,182.92488229773198,286.989113182099,713
75670000,150.67531371348434,317.7572650142093,713
75675000,151.61710632066834,268.03745710931855,713
75680000,176.9658605429157,305.80353907221627,713
75685000,208.68986050835767,343.717588724682,713
75690000,161.24540644202517,295.4425943713284,713
75695000,161.20875546024695,331.15342919941423,713
75700000,187.87066098997335,280.80484807991996,713
75705000,206.6391164874699,286.57328801293374,713
75710000,156.65048227189632,316.3923643574913,713
75715000,192.66352852694598,274.2453063927,713
75720000,193.63627087078103,264.14861468971293,713
75725000,169.17394888966882,296.8453312361344,713
75730000,180.26633331258856,312.57309267350905,713
75735000,166.63127199813746,276.24107788612366,713
75740000,212.02660499699678,292.656364300193,713
75745000,171.09912987362836,262.04746114984954,713
75750000,142.737675300484,298.61391572914494,713
75755000,183.7553181560563,253.75888454081442,713
75760000,192.9468941783069,336.26394260493373,713
75765000,163.61272692796462,319.81775190247237,713
75770000,147.3913333336742,284.1619872628662,713
75775000,150.73136276301972,378.21907596654086,713
75780000,178.8892064487259,288.6212595156285,713
75785000,189.4612211496538,320.7998061293332,713
75790000,205.68090450852316,334.1190524906873,713
75795000,204.6432365608104,283.00559812270166,713
75800000,188.89298161190283,325.38589270925365,713
75805000,202.45458138632642,312.1962405733721,713
75810000,171.97499845008892,316.0177194201621,713
75815000,161.8656145422603,265.4055132070866,713
75820000,126.74773484261719,340.4045365027934,713
75825000,185.83533613343513,237.86392089928125,713
75830000,183.6501116115247,326.7093894886479,713
75835000,186.58153708148438,239.12553456285548,713
75840000,154.118505318868,297.25432117666395,713
75845000,167.00287206233668,315.6580482026647,713
75850000,146.47708840927237,336.1849237882468,713
75855000,211.2321293949187,306.54592391186094,713
75860000,166.45563372328292,340.5831311688902,713
75865000,190.84545848611003,292.9255378069657,713
75870000,202.28520144935243,311.61962403938696,713
75875000,173.9318281890006,341.2141028573875,713
75880000,191.4116475690142,366.46205100638616,713
75885000,145.18713362138723,280.4625276499384,713
75890000,204.94922779583808,315.6662734183709,713
75895000,167.38665778812936,271.9467633533237,713
75900000,175.8960434682921,348.8545157935455,713
75905000,174.37463436286518,266.560380680643,713
75910000,164.34909455587965,299.3342975100963,713
75915000,234.66603999129867,267.40913726717343,713
75920000,125.363187712088,265.6422640729377,713
75925000,175.66446514508868,254.76607534494576,713
75930000,157.94498644864248,279.30474844319184,713
75935000,200.62054370427916,274.1985588305539,713
75940000,184.3741610163731,342.8355749605962,713
75945000,169.65270897739103,304.3921968384858,713
75950000,211.8890296243654,315.5189320016946,713
75955000,188.17039604458063,303.5702092877891,713
75960000,236.31809989309238,258.2757220822939,713
75965000,195.7032900268512,268.7513864754618,713
75970000,143.48187339720218,288.9811680972335,713
75975000,202.88519247725065,220.32543524808972,713
75980000,138.48405269246226,284.57131395718886,713
75985000,150.59392739882168,321.24284781953094,713
75990000,155.73778771527063,283.3090490524524,713
75995000,140.56266503171437,269.89841665198986,713
76000000,183.18459292894434,286.30821888200194,713
76005000,164.4004479736368,297.6414744913739,713
76010000,167.78330871008438,254.6956233019372,713
76015000,172.8709109166826,249.53175015189197,713
76020000,165.4888676298253,244.60027658721665,713
76025000,161.0262516693466,281.25163301527243,713
76030000,188.3056018678253,333.8909759368337,713
76035000,188.97836308737223,314.81357271680577,713
76040000,182.09073588124488,286.2580914237798,713
76045000,234.30182830277022,267.923017029942,713
76050000,135.37882880326833,277.24408610397967,713
76055000,195.60035981009307,262.381275858305,713
76060000,151.47125006376973,212.91500161665454,713
76065000,172.76686238117338,278.52248619366486,713
76070000,124.32120825151841,271.6059023757738,713
76075000,191.2016012798805,266.8448127791096,713
76080000,215.70898441809447,294.87776392419113,713
76085000,193.53834818250448,319.37543843975266,713
76090000,180.11368475539726,260.05069252752884,713
76095000,194.21523889514057,334.2918113821671,713
76100000,190.76827437373606,291.8350695030547,713
76105000,195.33172485337258,268.26386887720633,713
76110000,192.19780120816137,284.8126547539742,713
76115000,149.9335517878517,324.10012032346077,713
76120000,185.838246764635,281.3458040057338,713
76125000,177.3767132030706,322.2872528080494,713
76130000,171.53265935400142,300.822795557339,713
76135000,173.78250658248706,290.94487216362995,713
76140000,162.97950231766632,261.5204541948496,713
76145000,151.3638957225105,304.0338899138441,713
76150000,189.1600730304534,326.7641721591446,713
76155000,165.51932760009998,303.5694421397353,713
76160000,155.68656960842966,316.2613728688358,713
76165000,206.77855377246857,324.47097066106994,713
76170000,167.15561379674185,256.2290685493961,713
76175000,170.09500597772734,290.0684090408537,713
76180000,188.9949221350552,350.86583266898737,713
76185000,149.80999573278285,284.07256361987976,713
76190000,160.00525068375987,311.2922929540711,713
76195000,214.56046071885396,290.630350307325,713
76200000,201.79055190639323,328.56000900106443,713
76205000,173.3264848779619,239.00981095860905,713
76210000,166.35736680748752,258.10068256466315,713
76215000,136.29202434497438,275.06404703993263,713
76220000,172.2146474759335,313.59512970318553,713
76225000,199.11820817789317,320.00739911677977,713
76230000,209.7051574879751,317.3774733362939,713
76235000,196.55766356110286,270.48072433455013,713
76240000,174.23994374998443,297.1748327936226,713
76245000,206.78371845398783,294.01678007878206,713
76250000,149.19392812247509,268.487288832588,713
76255000,177.68020460036598,248.11965416733568,713
76260000,176.51983541755078,355.1564285748747,713
76265000,186.8104120571464,299.6555583976484,713
76270000,221.97235871274734,398.6465125651147,713
76275000,164.62063028633284,291.46763379027175,713
76280000,155.17843810494105,348.72205321459523,713
76285000,194.44373324571723,273.75798116759415,713
76290000,155.84127369348366,238.4181653992145,713
76295000,165.18718857305845,302.00169988195677,713
76300000,169.00806477241966,267.70009714075496,713
76305000,150.75933335914428,306.60722921687466,713
76310000,156.95749401829227,307.85814908667436,713
76315000,180.13885856988315,378.3124813426429,713
76320000,189.39274082713655,230.42538710708345,713
76325000,180.42830078094374,305.3604797041582,713
76330000,188.554641500624,293.46602979327326,713
76335000,176.7385999276158,309.34506532484244,713
76340000,166.7063924978005,301.0735448776546,713
76345000,176.2768225363379,359.3115365187395,713
76350000,179.72592265762268,267.0962153881072,713
76355000,180.29304563549886,307.46731656433275,713
76360000,155.5287887699666,295.7186840158799,713
76365000,162.6893832945284,304.35065167373295,713
76370000,169.9904408334336,347.60628567153964,713
76375000,184.3941323762071,245.06877921334026,713
76380000,173.20971507290446,365.3509294207111,713
76385000,161.78222745042032,357.71846872111195,713
76390000,179.83230564509716,325.61541131492095,713
76395000,178.6526826183276,257.9400332144786,713
76400000,222.5247273374523,310.8683410874571,713
76405000,169.67965106490647,307.8986075759369,713
76410000,187.67095303335807,323.87489610470647,713
76415000,166.21636542428936,335.7846815900995,713
76420000,142.24562981122074,280.6171881193283,713
76425000,179.7331983101638,303.9685390481758,713
76430000,167.82938051062524,253.34741506233482,713
76435000,242.4058413099653,276.0617812221079,713
76440000,138.87486918000317,296.7303087832629,713
76445000,139.8592260278439,289.6715118630731,713
76450000,157.68880212366673,350.83740220288996,713
76455000,165.07178598315278,255.00298723024318,713
76460000,190.11125727905304,356.361488905559,713
76465000,218.35243383832048,328.4792558867328,713
76470000,178.8076996500294,312.82548296545997,713
76475000,180.90607064975353,341.8915405756026,713
76480000,190.17662959867545,332.23740100379183,713
76485000,148.11696762899535,279.7633095066868,713
76490000,194.26555598871923,295.6966519335384,713
76495000,148.24171704522803,322.27809548301724,713
76500000,156.1343134791056,349.2475016443072,713
76505000,175.15990569300317,331.154893519305,713
76510000,191.3749162068625,273.80465697774,713
76515000,189.00760014263332,276.62586820993545,713
76520000,197.53808481314678,324.3598449395227,713
76525000,202.21901812104062,254.0614055416926,713
76530000,156.94288207908636,293.7441874393894,713
76535000,181.6929595468814,271.95005792831284,713
76540000,195.1494081131596,316.0606274108781,713
76545000,179.25062081073443,272.7655449549536,713
76550000,127.46091818359041,361.67361012995207,713
76555000,180.8991976552444,267.791931360051,713
76560000,162.65855636712905,287.5107373535032,713
76565000,178.23306948325742,356.73034142310934,713
76570000,189.35740196285306,295.28767441915176,713
76575000,154.4864720037975,309.9600599728311,713
76580000,192.2862467983585,305.5804187314798,713
76585000,165.83124923454068,264.3257052250342,713
76590000,166.87738249694044,298.67962590503726,713
76595000,166.76590271868128,258.0315410875477,713
76600000,180.8665283624415,301.9797940254984,713
76605000,153.97884469557866,303.2480992002661,713
76610000,157.0517783017096,382.67630453038817,713
76615000,186.9929559688565,333.48053314711063,713
76620000,172.91255365878072,326.418029771754,713
76625000,200.0225600910696,275.07800909590566,713
76630000,165.38928307335385,279.67250113138556,713
76635000,174.52995027281546,324.4197289258509,713
76640000,188.34645703835227,251.00150448371173,713
76645000,208.86849959471283,266.08358071459156,713
76650000,167.24169595716324,294.57100551003805,713
76655000,168.55406347536754,320.8722589328586,713
76660000,210.6693102929908,330.018223757623,713
76665000,194.03339571060087,304.71369410499227,713
76670000,195.94450913266334,271.7653268510454,713
76675000,189.49820416029894,260.41923031881413,713
76680000,204.4548126842966,322.35622549261495,713
76685000,196.00249788401135,264.77714176224106,713
76690000,163.4086190169753,221.46414656465407,713
76695000,132.06663626655063,329.3984111976253,713
76700000,169.0151934666469,309.94840764260016,713
76705000,188.00228966348433,280.56408003842404,713
76710000,148.0997380246757,245.39491601576387,713
76715000,189.38920416621184,318.08554853897783,713
76720000,176.3882282704004,314.6382074225168,713
76725000,154.69242605459638,280.00097287907437,713
76730000,171.59111334639377,323.0238779290495,713
76735000,141.03517829799335,325.64934205118266,713
76740000,155.220997515331,266.76299494488717,713
76745000,157.64114210793895,302.57389394086675,713
76750000,229.86741792753486,352.69139970293327,713
76755000,162.86624341830145,317.2126222991208,713
76760000,137.98628339198007,262.043763663307,713
76765000,191.49666051960645,315.7500748267356,713
76770000,152.7093230854419,308.74375055682975,713
76775000,193.48874820164065,353.849352198319,713
76780000,163.1266814069992,303.5642494012613,713
76785000,161.70129366462692,288.5191009686079,713
76790000,202.09269866193355,292.3661199966029,713
76795000,169.8592490171807,333.57984490511063,713
76800000,217.88733992313055,297.9717710920045,713
76805000,160.76200101943127,284.45698004840085,713
76810000,165.8291670939649,330.92620144639983,713
76815000,143.4328419061152,286.7911946350201,713
76820000,160.0744403196891,304.3129366988498,713
76825000,222.04604723000696,320.3485088971166,713
76830000,203.63881128299556,327.27501740785294,713
76835000,182.32352324475008,324.7593703451078,713
76840000,182.12153966973162,290.6943288442602,713
76845000,164.91911589995692,338.63242114463367,713
76850000,148.83523770586504,313.9693444054398,713
76855000,169.8606346334561,317.185597190824,713
76860000,198.3342736608707,294.6934776841853,713
76865000,218.84472246822202,296.43618428296793,713
76870000,153.18639359010783,289.4841262993745,713
76875000,168.01989346609867,304.09042067410184,713
76880000,141.35735876224174,359.02040083374186,713
76885000,175.49187359739662,291.76339899060946,713
76890000,184.70638524120346,292.65891606471104,713
76895000,204.1776018100333,299.2756786606336,713
76900000,227.44025131735606,304.61208521297283,713
76905000,191.2922707333712,311.15095781479073,713
76910000,159.35932370577873,324.13830259063695,713
76915000,167.92650858683803,275.37176394391173,713
76920000,165.9760746656019,269.0093111063646,713
76925000,181.87413136967524,350.895063015295,713
76930000,185.25343681085633,310.7292043110806,713
76935000,191.6636973350117,317.4565933939897,713
76940000,163.3968557411173,232.6994219075809,713
76945000,166.83277064100594,264.61550116847513,713
76950000,218.1768243828283,312.263011556184,713
76955000,217.18774287477325,379.98332675515644,713
76960000,180.24964164979698,286.6689643021788,713
76965000,175.94256405038317,234.7457536072713,713
76970000,200.8155523346371,241.12474011776408,713
76975000,146.74215003612932,215.31274228099147,713
76980000,198.42214761294986,304.3058114504591,713
76985000,174.0460478159985,286.225198490276,713
76990000,194.3108069577625,248.7318695411746,713
76995000,169.5054065493288,259.0371800577843,713
77000000,153.5572400092685,302.4076673019509,713
77005000,172.89339389871958,359.4594307112429,713
77010000,171.91450681653905,294.0832272570792,713
77015000,166.10197334067576,291.38482872988646,713
77020000,164.10441306642093,369.6139577441985,713
77025000,220.38844558990718,316.1946940283474,713
77030000,141.72399804697315,301.62210038404373,713
77035000,211.89012180767315,338.8942894876526,713
77040000,184.24551143137805,329.31283547664424,713
77045000,175.63322982959073,310.592877295443,713
77050000,164.35755515127988,257.1816012794773,713
77055000,167.02506486689776,274.91378878431175,713
77060000,198.63546593789826,236.72539084598577,713
77065000,152.870894375459,254.9895186638066,713
77070000,175.87881465462317,365.4779022886636,713
77075000,206.58400474406457,281.1861889064305,713
77080000,203.90522331340338,311.78392518424084,713
77085000,173.9962541962694,308.55837008333697,713
77090000,160.44047708281732,255.15386835693914,713
77095000,210.7117931766466,306.1825260201645,713
77100000,188.38389014493717,256.34227856629474,713
77105000,163.4180794681371,330.22455467867854,713
77110000,178.87742437800338,283.9280561995259,713
77115000,147.08433483625865,235.93861912200774,713
77120000,172.44813888043373,354.06550754474074,713
77125000,191.20945345634945,278.6531837142037,713
77130000,160.07903534653698,330.48319655144667,713
77135000,239.66618613151385,311.2834608481844,713
77140000,166.53475041309224,323.4466157595258,713
77145000,177.33880051136254,334.19222347856885,713
77150000,173.18147655309545,282.05458324437484,713
77155000,147.1832551866036,276.17576494981245,713
77160000,208.84141392593875,289.10169494916215,713
77165000,179.01447669599898,291.2259295398463,713
77170000,171.712471914877,268.93550831160184,713
77175000,144.1217336582668,289.53132097446775,713
77180000,166.08634641983875,339.6269681919866,713
77185000,152.30136312957615,313.0058338050995,713
77190000,178.049803207204,306.28628994207526,713
77195000,134.37208937770362,279.48304115276613,713
77200000,140.69939423185775,311.78340047857324,713
77205000,188.0234533201985,346.8511848440612,713
77210000,173.20288937712726,352.6820504083893,713
77215000,176.41123905262512,276.3708408514998,713
77220000,179.02006958037796,277.0308203009424,713
77225000,185.3591288718459,286.6519327544021,713
77230000,202.66096233438535,276.61485536799603,713
77235000,192.7915608315715,334.1613911969889,713
77240000,175.63857694957113,320.90054172118636,713
77245000,169.45671209853737,276.48071988008667,713
77250000,161.76883810070254,234.1072905078864,713
77255000,188.10305945230752,363.6262951235217,713
77260000,161.42350445292018,253.94548772186687,713
77265000,178.2217852332511,310.1025920965923,713
77270000,188.27791277767523,384.92651344522693,713
77275000,162.73717713105248,246.8455997707107,713
77280000,131.48340863366082,289.52396785980596,713
77285000,159.14287810412503,322.42860160273216,713
77290000,166.88099829945355,271.18251343345537,713
77295000,199.6855857773421,249.67372371214543,713
77300000,171.6604607130811,305.3382869195659,713
77305000,150.60388927139567,268.58351108392486,713
77310000,172.03163090589965,295.74278873996855,713
77315000,190.54511092174025,354.0476997919551,713
77320000,194.25588260217398,310.25228217554644,713
77325000,147.91815185297182,284.9211436448531,713
77330000,187.67566769585108,322.6951688033534,713
77335000,165.44198722103684,253.74177737922093,713
77340000,166.13553914492024,395.8322741065684,713
77345000,149.19510809375603,315.4938197456089,713
77350000,131.8305919077094,316.99106266634027,713
77355000,154.81839023046945,312.45594336646883,713
77360000,174.76229214681885,327.0016206508724,713
77365000,168.59179273298216,279.35017165679864,714
77370000,165.0212217244532,293.21495176657277,714
77375000,201.32271452272488,255.74626668435312,714
77380000,162.86833060160865,336.12744075783723,714
77385000,197.36008280490387,333.0785418756871,714
77390000,157.53541662216134,358.8612480239569,714
77395000,153.81269086651216,247.03561306970562,714
77400000,154.19533226854068,249.8059717237298,714
77405000,193.74050881856024,290.5466272362418,714
77410000,216.8118285171635,293.890218071068,714
77415000,168.24783525898965,298.67908671218834,714
77420000,167.82605285168793,303.6553814747948,714
77425000,208.06837976826066,305.51361944045533,714
77430000,166.93427354574374,370.1622852609248,714
77435000,156.35515373867364,313.9786531811843,714
77440000,182.70311593148267,298.22852937431645,714
77445000,175.53338460026848,291.5757848287238,714
77450000,150.66226828948044,240.62609860626696,714
77455000,170.99051017261786,274.45225305225216,714
77460000,166.82178147632715,287.08292929783363,714
77465000,184.85775018763064,344.5132427630884,714
77470000,213.87427204231201,339.71868429444964,714
77475000,206.0238638319226,292.51751778214145,714
77480000,185.7143524619661,291.80703419402977,714
77485000,169.8495011386108,267.6300652530202,714
77490000,163.86740085755156,325.18624569655293,714
77495000,158.3809703128989,256.36550381168,714
77500000,159.20510346300009,306.64346886266424,714
77505000,169.90172539190067,308.7978467001686,714
77510000,184.37453534011544,288.3525929314753,714
77515000,165.42170719513342,252.54820772469233,714
77520000,150.11366823273596,326.34685525264115,714
77525000,181.4723872971707,280.5803547332498,714
77530000,151.62937024885628,290.57787069832426,714
77535000,211.28354894963945,298.4217047667403,714
77540000,193.53922374468857,289.9609321804945,714
77545000,185.3522248567433,261.34447764026436,714
77550000,254.43264776527988,263.45453566506706,714
77555000,133.42824423442778,208.5771401163564,714
77560000,167.74948866051662,283.885643450005,714
77565000,149.22719549689288,303.23468779073016,714
77570000,162.01310329459662,332.27001695684027,714
77575000,197.64148656930408,353.9356625373056,714
77580000,167.21860358828766,315.4396416130418,714
77585000,192.71152725764762,366.6636667234186,714
77590000,153.58121571606807,300.5486723605934,714
77595000,167.46026233586463,333.5076994918724,714
77600000,196.9367815304704,310.028444517797,714
77605000,190.73822156134386,398.26804620536103,714
77610000,177.7983011097926,304.528025999148,714
77615000,191.75522142453698,307.81812761492245,714
77620000,185.9725098937438,217.44628257512227,714
77625000,159.13957966099738,238.50144944905145,714
77630000,176.18023854875887,299.02130248812557,714
77635000,178.78242738044065,370.73832397401156,714
77640000,193.27635371959326,284.7783573949778,714
77645000,182.84193874926,350.7236992127123,714
77650000,212.4843219491875,363.1794156535967,714
77655000,126.71159496116537,276.16798654012524,714
77660000,215.850013207183,267.7882170097013,714
77665000,217.4872637790392,332.0069674822735,714
77670000,206.56888779316077,242.31013419213974,714
77675000,158.43745899430525,297.0716945715347,714
77680000,154.89891362818622,301.92084691449935,714
77685000,198.09340012898878,351.52388473036393,714
77690000,150.94814665577385,348.30076368831993,714
77695000,144.9468349808966,296.01170298141943,714
77700000,176.54322657472352,295.7418533544076,714
77705000,176.4402614730464,272.26306919159856,714
77710000,149.26204351817654,311.2366087229576,714
77715000,179.1975743259277,272.00559409038624,714
77720000,152.41664425541848,290.20881707751124,714
77725000,194.3429133736734,317.40618930551057,714
77730000,199.18619832358607,277.5137487137412,714
77735000,148.6281316655952,283.95715540410026,714
77740000,183.0002202213655,322.0955884321268,714
77745000,150.56552744490264,376.5711152635193,714
77750000,180.73618122848052,321.97636380952235,714
77755000,166.32496267149884,299.52335301964507,714
77760000,174.27107632321776,338.9052895901659,714
77765000,154.02320504452763,291.12597432675676,714
77770000,205.6328401507175,338.382191077314,714
77775000,185.74231196636626,300.4132196925183,714
77780000,161.15280525232282,277.291080076207,714
77785000,211.42603301205395,273.368177163637,714
77790000,174.9163386646684,291.41167180829643,714
77795000,173.86747527262992,270.1805220599536,714
77800000,179.72003267302966,300.9583768899433,714
77805000,164.27630143494534,267.79208446287237,714
77810000,151.86696006473636,279.1263233546548,714
77815000,164.15022947276054,293.9655854237934,714
77820000,181.92111586449383,280.857826624575,714
77825000,188.85257243437457,266.45508862797914,714
77830000,156.55077601976018,305.1753185886433,714
77835000,172.04691368226432,232.50503534745468,714
77840000,158.76610880492933,316.8247860718778,714
77845000,132.51885981015064,348.14827320526155,714
77850000,157.95886985939634,318.3204638305815,714
77855000,168.8970347421529,226.9519816276399,714
77860000,180.38376668015516,311.86911415711944,714
77865000,159.26511522522622,235.27972784192187,714
77870000,180.0507839514872,306.4764638035438,714
77875000,188.5602518451484,350.4366394569343,714
77880000,189.71787792866647,389.12671692718413,714
77885000,145.95650085632735,303.18359766165986,714
77890000,165.13506895885624,379.6810355500909,714
77895000,199.32484738102323,277.2702694179311,714
77900000,124.02419438137666,333.03486824231385,714
77905000,186.97923383433292,363.86693320952963,714
77910000,172.0472030787989,284.1669473397699,714
77915000,210.02956749417723,315.8558336022102,714
77920000,192.14351471779776,260.67913997634906,714
77925000,184.80691166609796,305.31545941559835,714
77930000,192.62270013630396,289.17345416177994,714
77935000,213.99567448744932,259.60826047706655,714
77940000,178.3523275572733,256.54326398300066,714
77945000,176.5603399901158,315.16553562186124,714
77950000,163.58245434643356,295.6363066465386,714
77955000,161.04391938455655,248.43637030693083,714
77960000,185.57782713580374,288.4989056864197,714
77965000,167.57891984673412,335.6192229389309,714
77970000,189.79069345253663,289.1754200834421,714
77975000,155.23555619289226,384.4067818835883,714
77980000,173.08900776108413,312.29826239532053,714
77985000,176.04449300900157,294.896578039808,714
77990000,154.1048483001821,265.89074268972246,714
77995000,174.17118118260666,243.006011211065,714
78000000,148.18927707746002,283.7253010746203,714
78005000,173.64942873812586,347.4744065270401,714
78010000,166.3922530491789,263.3197243057336,714
78015000,191.74562067555289,352.04274920196764,714
78020000,203.4466617418691,280.51255047663517,714
78025000,196.8481689787346,279.4051917425763,714
78030000,175.73192480834453,335.6363528311637,714
78035000,175.20655825605684,273.6870078827167,714
78040000,178.24802975721886,330.83741563308587,714
78045000,149.1817547761676,311.65560815086155,714
78050000,185.85885072277185,344.81279696973115,714
78055000,185.8317373763376,302.77282754068045,714
78060000,149.54506839645973,293.92846336589804,714
78065000,159.61916043377195,275.4685145911422,714
78070000,202.95265525421428,290.8844870292562,714
78075000,151.22406013271174,285.06680530443646,714
78080000,174.1077757822947,301.0897594768432,714
78085000,153.3634373664263,312.4939622559024,714
78090000,200.12934784042668,314.3135862401773,714
78095000,178.97278473018008,295.59940116182855,714
78100000,186.56760478658785,326.66377434156493,714
78105000,188.6009025957743,263.96309243006795,714
78110000,222.43787508952548,268.60697864557613,714
78115000,157.31927639007804,312.6647605044698,714
78120000,203.19847932178308,310.40541032508463,714
78125000,148.64256911588186,293.1828466707398,714
78130000,213.8565586169468,301.81112221736606,714
78135000,183.61444593828293,280.71114553309064,714
78140000,176.0254994446347,333.8664464211556,714
78145000,132.5261555532918,219.34569741891488,714
78150000,188.28489180523553,308.85170258691903,714
78155000,155.32330736031636,257.55975986084945,714
78160000,134.60316073612765,275.47990949701773,714
78165000,204.53233024520043,308.72672196339136,714
78170000,184.36360068245017,327.4491663058382,714
78175000,179.60329739796651,348.9301118032022,714
78180000,158.76564296311864,322.2010187996669,714
78185000,163.78827660155838,290.83966657128,714
78190000,203.79211254973944,356.33435622610006,714
78195000,170.85453072489295,291.972537370169,714
78200000,161.85503746618662,362.50840961351827,714
78205000,169.32563792150097,275.8426909531728,714
78210000,144.09628053873564,261.43446204022536,714
78215000,165.6214459729493,314.91079313589756,714
78220000,134.34093699471003,225.82575573516436,714
78225000,181.21302791761545,254.94761157362666,714
78230000,182.0304124940562,323.7270815312508,714
78235000,201.0842223672902,328.96664696375245,714
78240000,160.81650950768503,309.3832570653196,714
78245000,163.92396902649935,291.6905123490393,714
78250000,201.88382346883267,328.6292692598795,714
78255000,193.0547438691373,293.57353538019515,714
78260000,196.16618199916493,309.2854731817187,714
78265000,169.3075846565836,299.16661197006886,714
78270000,178.69067433157167,332.75704335443874,714
78275000,181.15007900777672,311.79127458111776,714
78280000,153.81288788461342,293.42219818979316,714
78285000,142.95001236923747,289.7830560929528,714
78290000,190.6346079861901,342.9613071862535,714
78295000,154.90158120473617,332.7076169341928,714
78300000,187.593466363025,310.2235031273653,714
78305000,177.94838774924935,329.35712361273465,714
78310000,197.0473350727096,335.2546870057399,714
78315000,172.5342545866955,442.3905519251744,714
78320000,186.5411303062982,336.5027584177929,714
78325000,199.13894609218806,258.36384991389616,714
78330000,202.84475669315478,306.6592285170906,714
78335000,172.74596780639703,266.7135044059107,714
78340000,154.03495705909413,278.08871201408806,714
78345000,160.43628791287597,341.01886487499047,714
78350000,164.16626270549455,408.9668113913743,714
78355000,175.89837534052998,393.4891552176996,714
78360000,161.0146998465507,327.38648640611194,714
78365000,162.33420779445711,317.37790627545223,714
78370000,169.77790466968946,300.90595896665616,714
78375000,171.17617406196814,340.60565755882476,714
78380000,182.4212564161906,266.13262830384366,714
78385000,164.1837752507545,346.31698849491534,714
78390000,221.2904016847158,319.43161255447325,714
78395000,191.13170217456792,307.3523841099668,714
78400000,205.38530235226142,234.54660802083413,714
78405000,180.9742643360425,353.25123368017444,714
78410000,184.30305181404327,309.9987666905597,714
78415000,247.5367968982072,323.50171969733333,714
78420000,186.4100849917436,278.10625321547633,714
78425000,173.83821313980226,329.8995782717857,714
78430000,155.29287177511048,249.05926340486326,714
78435000,152.02263147021247,295.82778848282805,714
78440000,202.24374971926207,272.0403997080664,714
78445000,185.586564034018,303.7667477625556,714
78450000,214.27137097958888,301.0702252024866,714
78455000,151.13061879249497,300.7788306753888,714
78460000,173.48735268647906,252.62783361462,714
78465000,182.02930348591684,289.6407045409176,714
78470000,199.57293726483107,309.81032178740276,714
78475000,208.13148786541655,293.77100031797096,714
78480000,159.80575983652685,265.09331844716513,714
78485000,214.8149983871415,348.7221813692146,714
78490000,163.78566429650823,320.38442026975264,714
78495000,169.15766005972174,330.5871543971653,714
78500000,146.52578793840314,274.73079063777556,714
78505000,132.91893767947403,241.11214772709448,714
78510000,181.34702362220924,271.9797204858905,714
78515000,147.56811374165267,302.9626109179646,714
78520000,160.35356447140106,278.23752819686814,714
78525000,182.14376110511046,370.0322020368249,714
78530000,196.784643839076,291.5346967353326,714
78535000,156.9497112551836,318.77777797675725,714
78540000,178.85172224543152,262.6926216079963,714
78545000,154.41370496446993,241.84574606019277,714
78550000,218.7289714518665,289.1708606124784,714
78555000,154.26299317342207,236.94657043259275,714
78560000,140.30008154766534,308.8924140056643,714
78565000,206.9958114018342,328.97631881278323,714
78570000,168.82910915140252,295.7619578175078,714
78575000,163.34118424046574,293.6417354055823,714
78580000,151.09246375514826,310.3223788650429,714
78585000,196.8796166998583,201.64729527681513,714
78590000,193.34359724175627,352.0443507095863,714
78595000,154.04365310779966,330.45188021247657,714
78600000,137.38554277370835,266.07626775315913,714
78605000,184.32247272579926,374.5273901163165,714
78610000,178.72652850192594,266.56857370699583,714
78615000,145.58350616029966,306.40144662804994,714
78620000,190.83363924195515,328.81606883990185,714
78625000,185.34961154286214,255.59209370114527,714
78630000,175.5064262042379,314.75512249221106,714
78635000,177.5619903182267,330.16212081348465,714
78640000,156.90721583573242,327.95650895067934,714
78645000,159.73012416092126,307.06336844519245,714
78650000,212.5882016601166,336.88290881859183,714
78655000,170.49679109418767,303.2237455206996,714
78660000,189.62560367806705,291.440377134591,714
78665000,179.35003709242457,269.5050539443284,714
78670000,142.18853515702483,211.60130459552687,714
78675000,190.20995658013837,316.45619830494974,714
78680000,137.9217609230705,336.56993883632197,714
78685000,168.87549611639932,307.1833229257258,714
78690000,182.2936027886281,319.23555865936066,714
78695000,178.44977839980274,302.04941600270115,714
78700000,150.93151248531595,287.12017075688846,714
78705000,187.2848849105551,372.72533300609274,714
78710000,176.6535443926526,264.1355500973054,714
78715000,179.5771421559774,325.39143957784216,714
78720000,178.99793840110888,289.0651527850678,714
78725000,190.09365554090294,303.84137268569435,714
78730000,147.38170357534742,321.92456451339626,714
78735000,171.44748880033023,264.2223319680964,714
78740000,156.68217045175498,249.3267330258094,714
78745000,172.1483834470075,307.5241420106947,714
78750000,172.4504885763574,273.6556294628945,714
78755000,140.4269640868215,257.9586837381148,714
78760000,144.59978387029446,293.5904133644477,714
78765000,151.3773106451319,275.43441905777445,714
78770000,170.49929935065614,256.05845143141863,714
78775000,163.46335298242275,303.081338768443,714
78780000,128.8879556184315,309.28374481181163,714
78785000,175.73866846374256,337.5673925805401,714
78790000,175.87856821882463,357.1479059823829,714
78795000,167.97432420739878,291.26665211922926,714
78800000,199.28404959761158,258.5127856066435,714
78805000,177.10081165316154,319.283171736244,714
78810000,186.30225351472825,279.5482287212068,714
78815000,178.3442179838917,280.1636522089947,714
78820000,146.42909401311533,289.0123919356646,714
78825000,195.27703910731813,294.7900968188672,714
78830000,156.45947408623547,308.7083661793436,714
78835000,173.17256113807773,288.4762113318176,714
78840000,153.47594341543356,252.27193541375738,714
78845000,199.35706229902524,213.79159063659452,714
78850000,152.81959538369233,277.7672889494682,714
78855000,185.68009154485705,272.01713019970236,714
78860000,181.4397902474161,336.0819877803743,714
78865000,187.10957886558447,263.4972089741682,714
78870000,171.80667166029303,251.67132130166814,714
78875000,155.2791096055261,322.8798863249383,714
78880000,187.95350330041916,306.1377589990315,714
78885000,176.25038159145163,233.0595139759178,714
78890000,229.69057598837114,274.35710446509154,714
78895000,173.74949288539545,305.06307745608865,714
78900000,160.39672824253444,308.05167693424636,714
78905000,134.52193178683848,352.5819167593253,714
78910000,143.10775212024672,331.52748652544705,714
78915000,148.20529290743173,278.15603843584506,714
78920000,205.50090286737807,271.18413095933755,714
78925000,182.7140061258941,292.5305084634987,714
78930000,128.23235167241694,293.99323505722447,714
78935000,161.23968840403234,256.60011925623365,714
78940000,175.21485881454714,242.16713002338972,714
78945000,186.00265432563674,267.0476952626791,714
78950000,187.36094208946452,307.76923127609246,714
78955000,173.82374287604185,267.1443481882534,714
78960000,171.91728886001005,263.39801517928976,714
78965000,182.91105206356036,277.52047271160956,714
78970000,141.2079979359762,244.49654078278334,714
78975000,192.9288420632547,333.93883762126563,714
78980000,168.0955673890415,304.92978087502524,714
78985000,193.67649064681575,253.9424043895246,714
78990000,217.06846522276317,362.12435140515635,714
78995000,187.56526437095886,288.8776673074336,714
79000000,163.38106599542857,309.24093391386543,714
79005000,167.40677556035166,315.765771182481,714
79010000,178.46189047642815,315.26839406801423,714
79015000,138.63222974454646,199.3637357887432,714
79020000,179.04829513365507,294.7975941648072,714
79025000,154.8245312413294,253.77734103428284,714
79030000,127.34981045030182,260.8587015149399,714
79035000,155.76535774045624,300.3236229362768,714
79040000,132.9867741984514,363.9725278727919,714
79045000,176.58370299249466,242.89997231469536,714
79050000,195.03210953164302,273.1475548925644,714
79055000,176.45158357836846,282.38168517150956,714
79060000,212.33599570025797,275.6229651898369,714
79065000,181.1817957960578,251.78888636647267,714
79070000,184.2360760413415,274.8472420671033,714
79075000,168.57261326266675,302.00392772069114,714
79080000,178.92890563646222,338.18318192630153,714
79085000,184.4468379997504,301.68418591701374,714
79090000,160.27034817416902,286.0508578742886,714
79095000,190.01014450731975,293.13277844910965,714
79100000,183.4434304602502,294.72963037165925,714
79105000,158.47627568035773,268.5746904943762,714
79110000,166.6053982379768,351.7433967728689,714
79115000,183.8752831113648,271.00398392844676,714
79120000,210.30295266434402,282.73143335163445,714
79125000,132.81923371658587,275.20294635259506,714
79130000,196.13088876546044,320.1971505437696,714
79135000,174.65962265202694,366.9771110769798,714
79140000,179.02356331478197,300.5475071335252,714
79145000,216.06232815971688,366.32328091200594,714
79150000,160.85271774641964,253.54457857354657,714
79155000,155.62452613957925,303.1772296987059,714
79160000,187.11274041974275,315.2460401805623,714
79165000,180.1214189458027,275.5650135687374,714
79170000,208.7630347768729,306.29868062334157,714
79175000,167.0280611759453,294.1765108200853,714
79180000,167.6295540942908,286.73667710624574,714
79185000,170.80641726919052,332.25704282404325,714
79190000,188.27035089587832,243.8050910483731,714
79195000,157.5113077001685,302.92708572915365,714
79200000,219.78938092203228,343.00661140000403,714
79205000,157.5475532005885,307.4511392382366,714
79210000,159.72138221334802,256.90688246337606,714
79215000,184.54247975016563,307.752788106649,714
79220000,170.14320970077824,228.00321624255454,714
79225000,160.3222730889455,307.7969672897273,714
79230000,155.57617794261887,316.66575826299305,714
79235000,193.15689866821566,309.0322555600185,714
79240000,184.723433101624,331.2619232988774,714
79245000,181.67809432021642,256.5783516583551,714
79250000,161.99849995228226,340.40896239384455,714
79255000,182.8421068912218,375.2618908061614,714
79260000,169.75063270897078,300.24504876765866,714
79265000,237.844704874691,343.71121462177507,714
79270000,164.2110897228043,321.03762161245106,714
79275000,197.15418991823222,258.58336219972875,714
79280000,188.54116761141924,269.88033037470683,714
79285000,163.8178314985064,303.07239690468134,714
79290000,179.10353814028574,285.57316893517356,714
79295000,138.0359472374974,290.58683784093034,714
79300000,203.692975524614,358.3401020744919,714
79305000,176.30473913517406,294.06925357616814,714
79310000,220.17325239963372,289.75205369289637,714
79315000,213.18396319740594,357.15036520265994,714
79320000,159.73018734116164,305.5124213968692,714
79325000,170.86606811721637,268.3230099272316,714
79330000,162.08511693047646,330.1270101719279,714
79335000,208.53517488057898,301.3704134933771,714
79340000,171.79785829301002,259.0557355293764,714
79345000,207.1363210465438,323.35480571626755,714
79350000,195.01751337563013,256.0282900794006,714
79355000,180.75245426110067,269.0043187732181,714
79360000,148.41918289491772,296.84512774985996,714
79365000,161.27765607539087,281.7649291626207,714
79370000,182.81820385059117,277.2861871010698,714
79375000,269.04820360513315,332.705931390282,714
79380000,187.6763277689716,249.20216261718906,714
79385000,186.25384562280732,318.16581027692735,714
79390000,166.9110336804104,316.0251932525446,714
79395000,188.46953258769747,316.341971004247,714
79400000,186.65689827771632,331.6881584264543,714
79405000,174.30794859352827,271.56022185287105,714
79410000,179.68128220133013,306.8516849552707,714
79415000,154.9934473863758,301.0712554997451,714
79420000,150.14029038251795,273.97229337408527,714
79425000,156.92862410663818,294.2318146503598,714
79430000,167.64763469997024,285.78195341934486,714
79435000,159.2416731096173,298.06449439819755,714
79440000,206.33054946085798,298.4650518446274,714
79445000,172.10962449877076,281.19302625423313,714
79450000,217.66700590029,270.15491242318626,714
79455000,204.0998723172331,297.099285265832,714
79460000,158.33672160783505,267.2022059026093,714
79465000,189.59544567358617,319.1535518228485,714
79470000,176.88604223763926,324.7546180756101,714
79475000,174.39188986210206,302.0315288728642,714
79480000,180.7630632431801,228.43387488008685,714
79485000,122.77350381200802,277.95221294666976,714
79490000,172.34421649106056,270.71517877094396,714
79495000,165.28524163882062,347.22926107177307,714
79500000,184.93152287348792,310.15132850242173,714
79505000,144.38160275574933,272.1805912594007,714
79510000,184.79121752011739,288.84525793555906,714
79515000,173.690187007369,271.43221690223635,714
79520000,178.00389202031522,343.52030664788816,714
79525000,180.27769393496075,268.02634599010906,714
79530000,171.08775540382175,281.77372401024434,714
79535000,179.8252355343723,283.6083150856734,714
79540000,199.93009104707323,301.9505143355053,714
79545000,170.6686716940186,353.25169348267593,714
79550000,179.49865242220707,275.8141556948053,714
79555000,173.9214668623617,284.5636734372169,714
79560000,111.49912122187507,271.0231049274732,714
79565000,201.46738425565482,247.3464563257834,714
79570000,154.46372562134826,269.2909341685589,714
79575000,164.80889488903347,263.65028382474713,714
79580000,169.06937596135242,305.2002222091079,714
79585000,182.4382878972312,258.31182911975264,714
79590000,163.8247811185638,279.7145280055639,714
79595000,209.53762875967945,327.382996686872,714
79600000,197.44346082976926,268.1883249682897,714
79605000,159.61653158384402,263.55437472869016,714
79610000,192.0040098575552,350.8430983486763,714
79615000,164.6448590585037,300.6693672991852,714
79620000,157.20261825508769,280.27212284614933,714
79625000,176.88082926061423,267.96102950477746,714
79630000,187.22639278402283,322.50224306067986,714
79635000,187.4260854031814,246.24094504049236,714
79640000,189.79351672718082,324.86013177271144,714
79645000,180.99864943107562,334.3955829776611,714
79650000,133.11375576600656,284.8311298367118,714
79655000,157.26551534709762,278.131710930289,714
79660000,181.5501852999649,269.25814853113707,714
79665000,190.00025390246884,287.27263809995094,714
79670000,182.52938875579844,287.4668622483061,714
79675000,197.7681512168623,252.79417046750496,714
79680000,153.34492177284528,316.5265993587976,714
79685000,129.18603360999018,358.1206417169584,714
79690000,168.74912298082,272.9522723260467,714
79695000,158.6114921619419,297.4084689590646,714
79700000,153.5006676132211,361.0689397318932,714
79705000,212.36606605147722,299.55202142423195,714
79710000,150.63511484874212,294.9739403395132,714
79715000,184.0421188986076,283.88319431720913,714
79720000,188.2187905020982,345.3276005777519,714
79725000,150.56503503498433,255.29973110956166,714
79730000,183.22930531851827,293.60172776583767,714
79735000,168.82793928694647,314.5577013853317,714
79740000,165.2669246417789,291.49717049290336,714
79745000,160.00052726209793,314.1282335364262,714
79750000,175.7029872585892,319.4919441182876,714
79755000,222.95508683380888,337.16483433591446,714
79760000,176.18613592660768,240.78682539020804,714
79765000,165.82948987048155,296.32941301307557,714
79770000,219.84388819669056,306.9787706123083,714
79775000,201.18408977732258,336.5657389247058,714
79780000,208.2808016302032,265.3050141092623,714
79785000,173.87035012501053,345.6316841956867,714
79790000,185.34292968986077,308.9462022143893,714
79795000,224.25416414336487,332.861891643303,714
79800000,194.76148738144707,334.1003933275853,714
79805000,216.56562739003647,336.8801155413574,714
79810000,199.15484225986012,384.3597795195462,715
79815000,174.27467368387443,363.9695296289184,715
79820000,163.11423334166733,306.49215085565424,715
79825000,176.7866398026969,248.52524922758624,715
79830000,169.38102522852293,290.882661681338,715
79835000,159.92360125753942,271.5314564088927,715
79840000,203.6264080312804,251.42884985562574,715
79845000,166.27205301899255,264.17875458027265,715
79850000,179.71328955074839,290.431875379487,715
79855000,161.87987695121072,330.28002177947116,715
79860000,183.83029418209088,335.1538635364517,715
79865000,186.56875455406296,332.70635419515224,715
79870000,149.4686422443024,371.05881950800267,715
79875000,181.54656526266865,278.66455415866324,715
79880000,242.00276415789253,301.90943949146487,715
79885000,185.97487789220838,251.45137258626343,715
79890000,253.83642550157123,315.98741959273707,715
79895000,191.0474634547887,336.92010972126127,715
79900000,174.3820334550602,349.32274258966913,715
79905000,147.4502870571444,237.07717011273488,715
79910000,203.84520275987018,277.49088780305425,715
79915000,203.2117583095977,264.8232875748385,715
79920000,158.82759959082702,269.6128097015795,715
79925000,178.17847497106092,377.1289994751902,715
79930000,161.19438366547462,327.6418733769415,715
79935000,176.68155705392223,269.47177534788284,715
79940000,188.9390651893791,280.1071467729471,715
79945000,223.34196117291094,325.85787665094506,715
79950000,152.23609135272682,273.4435304175063,715
79955000,217.4021947150229,342.2104957771458,715
79960000,226.78748149121046,296.4890488378503,715
79965000,173.89543258673484,265.6450041768509,715
79970000,180.02996124613765,299.73562483046425,715
79975000,163.41351645123603,339.425539389522,715
79980000,189.94850702334574,273.0593566191005,715
79985000,195.38780284634797,339.4240551945069,715
79990000,194.6781593879639,345.10421852095294,715
79995000,175.55864629000922,294.7555840856736,715
80000000,194.52716814611813,357.7299281898394,715
80005000,167.90066400505893,250.0150001493422,715
80010000,152.68918226948708,305.0516324220468,715
80015000,152.1285951769795,309.81925100005844,715
80020000,174.4869885857257,320.8884150235357,715
80025000,174.14743446528686,304.77472099889053,715
80030000,166.24985192847612,274.1468932157508,715
80035000,198.01381961448647,320.03745638913813,715
80040000,214.35926946169343,296.5340673099056,715
80045000,161.69724648498104,380.1319586283724,715
80050000,170.43569686090876,310.43012100039573,715
80055000,206.59936502290248,329.2708918859987,715
80060000,208.1495680482125,288.2499036996045,715
80065000,195.21451433291418,304.4086393128142,715
80070000,197.57599369718318,224.40194379808977,715
80075000,206.29482837947134,365.27636542944157,715
80080000,152.00963008076866,294.3624903323262,715
80085000,171.97945435574698,290.4288846453924,715
80090000,209.83341262205883,296.16299920583685,715
80095000,202.80341759566846,354.4552949759498,715
80100000,165.97915055349455,340.96823426101633,715
80105000,200.1177550932908,358.2606980810906,715
80110000,205.80977103635462,314.8162594622605,715
80115000,191.8954828678691,287.7564714080046,715
80120000,145.20252279212792,262.2037778307651,715
80125000,151.5908085231986,333.14324560135407,715
80130000,148.65685725897922,256.72644310567364,715
80135000,203.56126117221723,251.9433146440216,715
80140000,150.84893702421311,312.3277294711391,715
80145000,160.42807621281733,267.1117425933713,715
80150000,189.649528144515,321.9663327109849,715
80155000,159.88784272336707,285.10452502466836,715
80160000,146.10110154577498,298.4368039362797,715
80165000,170.64750877600267,261.8364195417612,715
80170000,184.91352734917393,354.4110708606186,715
80175000,129.3725534130915,246.73307335927535,715
80180000,175.9823509469124,299.40654138916284,715
80185000,173.1263093209038,253.74467314025318,715
80190000,200.6906559697262,279.75425899823426,715
80195000,173.46934125675895,304.2112773390745,715
80200000,181.79877027677503,219.1256836057344,715
80205000,164.70183434825321,236.35987105856572,715
80210000,148.41885748132128,293.092606249139,715
80215000,190.21641028108928,303.09631289508917,715
80220000,211.51459294623547,257.4250781133556,715
80225000,190.2862276501879,277.6695867731905,715
80230000,135.98464390451542,306.8181596732174,715
80235000,176.05718459687108,366.93532464646273,715
80240000,165.68853665731683,243.49968096131698,715
80245000,177.51939361096325,312.6173394168772,715
80250000,152.3789032278895,309.5506545373906,715
80255000,169.05868645966146,315.2500270767295,715
80260000,192.48560040840653,244.56519382168693,715
80265000,213.44191985623684,275.9787374293587,715
80270000,154.07196259484002,326.17992637780304,715
80275000,210.92579017073942,298.33398276204764,715
80280000,157.67036672503707,241.52630311435775,715
80285000,182.13209946887318,306.4146704797717,715
80290000,180.24184157255516,319.1664235440373,715
80295000,153.50740749847498,290.6556991774129,715
80300000,164.9972249598989,323.87507399836136,715
80305000,176.73104500772234,305.1852683450266,715
80310000,155.7490287495749,299.0992132166655,715
80315000,196.68456646423905,344.2372578702199,715
80320000,188.2777273878443,269.8853211062928,715
80325000,187.3216505649096,268.1805843588178,715
80330000,199.28599671706667,308.61999285401976,715
80335000,186.07598084548866,318.6460382678189,715
80340000,194.49057693953858,314.476697367927,715
80345000,161.77163340298006,299.89110910496476,715
80350000,157.7403966817759,372.2437332058365,715
80355000,184.52332621757702,292.03919344994875,715
80360000,166.07197543617318,284.70209341877495,715
80365000,175.76906076615575,296.4114556643301,715
80370000,158.84382912968024,287.5196586344132,715
80375000,195.767263073427,276.86507939239976,715
80380000,154.0750559572007,284.07229509461,715
80385000,195.43007825802806,299.18733043435776,715
80390000,154.12469347698737,317.7135295114849,715
80395000,165.33723090994988,318.22071843603595,715
80400000,151.38991329082194,334.38669507379683,715
80405000,149.1702050641879,264.36545749252303,715
80410000,190.12158001423774,329.23477980300817,715
80415000,189.17192068606803,265.47307013308466,715
80420000,191.1022897878575,327.54510537359664,715
80425000,185.71173253990122,255.8466148282205,715
80430000,140.81797856997994,344.20224420953593,715
80435000,175.0659538756994,302.7154537655547,715
80440000,206.24773393694733,296.9557939602578,715
80445000,168.3990201579463,228.00781103791473,715
80450000,164.83485123215956,263.2778088786911,715
80455000,180.18382738343342,337.41320937662897,715
80460000,206.5109982259688,330.3106623001878,715
80465000,215.26417334238621,276.62918042975804,715
80470000,133.07271478923016,273.75186281768333,715
80475000,190.2059045142121,276.7775744171586,715
80480000,171.11182630665613,307.608817429769,715
80485000,189.88163889470698,301.98071704868386,715
80490000,164.99923856463866,329.5328511443141,715
80495000,202.22892642169543,252.28526083404563,715
80500000,167.81255788863018,317.6573325908595,715
80505000,167.8394437411583,292.7151189314955,715
80510000,209.83198235906696,276.7004501877358,715
80515000,136.2864361411669,325.7728766606973,715
80520000,212.58475468866658,337.67661011729655,715
80525000,187.55160503920325,300.68547596145027,715
80530000,193.4920882915581,238.73642407071415,715
80535000,183.4473223837468,281.0324338719458,715
80540000,166.44688532732712,286.6095988762219,715
80545000,203.8357330325867,321.8764949906883,715
80550000,138.13559280911372,268.4609563714992,715
80555000,174.23638947191816,305.4477265001286,715
80560000,159.64784631282504,236.14327369366288,715
80565000,166.4317519156612,305.10063254724736,715
80570000,199.22713426869404,236.1266318670695,715
80575000,178.66805920438645,277.1508319088027,715
80580000,124.03081329283664,298.9249998977535,715
80585000,182.52269240529304,284.18766584939056,715
80590000,182.13272032895384,283.6361780771269,715
80595000,209.8291552509989,334.8220797587741,715
80600000,156.18931896623548,265.6116150396253,715
80605000,178.56207915186195,358.7640915046014,715
80610000,194.0396058875681,272.65419188603136,715
80615000,168.1955272446657,315.287993332783,715
80620000,149.18186530558916,235.4530982201108,715
80625000,162.2416791704383,291.2404858778265,715
80630000,174.48477693854375,304.01848802998376,715
80635000,186.9652140984712,291.8698036600687,715
80640000,174.46853351227952,268.71277995323544,715
80645000,172.0071832478551,263.44717046086004,715
80650000,175.64204163688606,355.82150263413223,715
80655000,170.17436653847824,259.98966036084374,715
80660000,193.32713269840013,289.02676461159376,715
80665000,154.26122076418008,304.32013813883395,715
80670000,145.5704416421537,310.466001521813,715
80675000,170.9904217125948,389.32320432251083,715
80680000,199.8829455131886,282.3288067674805,715
80685000,188.0060979115209,306.6725392352782,715
80690000,170.57847698605877,268.8698542675095,715
80695000,168.80131654948204,309.69329869152955,715
80700000,175.33930694893039,314.60170287642615,715
80705000,229.46998474106906,257.42184256057385,715
80710000,164.11382698504397,265.4766888934175,715
80715000,137.726300537568,271.0756550780002,715
80720000,136.71781655430215,323.8194837237366,715
80725000,189.54856499947144,325.0014405486944,715
80730000,196.2360895011978,354.0487620710616,715
80735000,163.0852653063668,332.45544294746395,715
80740000,200.43380816984975,305.0793535716733,715
80745000,154.6259839802606,298.42561082084205,715
80750000,214.17695885202158,321.5935773308372,715
80755000,163.94287574923993,292.67701894169136,715
80760000,183.41755778646876,282.68352260928935,715
80765000,189.27169376564157,338.83011515528364,715
80770000,203.9877173029196,251.506069930574,715
80775000,187.52410506238215,307.5401274344577,715
80780000,168.5396449904126,240.03663099121474,715
80785000,177.06648648822804,296.6664283787406,715
80790000,187.97865327177072,264.3889471868284,715
80795000,220.6415380173194,311.48700046515756,715
80800000,187.24895582176237,310.3189401008569,715
80805000,181.3860810933635,280.9646447515815,715
80810000,164.46170399911296,261.07809654758915,715
80815000,209.68791732598743,315.77582730313014,715
80820000,195.12059616830825,280.5981462808125,715
80825000,184.48101274433415,259.2615790721594,715
80830000,160.1092597004202,307.6993044976335,715
80835000,171.50485939759017,315.71519013624845,715
80840000,168.50099476106263,233.39465710800775,715
80845000,186.60163549288296,295.6071394602879,715
80850000,195.67577103839724,326.38584034474235,715
80855000,161.0411223073295,311.4166085386362,715
80860000,181.98758429812173,330.4606781515174,715
80865000,206.42881060171788,301.2173107710555,715
80870000,202.79065054272186,313.5561790232621,715
80875000,205.6740889649021,350.8835943917134,715
80880000,212.806532115758,373.28855984671293,715
80885000,145.6002384119798,303.4475781368459,715
80890000,198.08201434291027,293.4070131850467,715
80895000,180.21264779596865,308.7096811012566,715
80900000,163.91511417673846,292.8264308997324,715
80905000,176.87533615196526,279.2873871613227,715
80910000,184.92285487083555,319.09203695882985,715
80915000,223.08703505729864,322.24486526518433,715
80920000,161.88516084466698,378.28685562741026,715
80925000,202.4483438057987,306.7461159233921,715
80930000,176.86918563160776,307.1320501777136,715
80935000,230.40378022186457,354.544435281335,715
80940000,155.69993009359553,384.12652852267996,715
80945000,190.54617708701338,350.1936653561052,715
80950000,135.18069988972226,287.9053765284524,715
80955000,178.35713143405277,265.4487261136522,715
80960000,196.2113017021138,241.02698298848236,715
80965000,175.59489227920085,387.14098777824654,715
80970000,181.80227824157345,283.05802228126925,715
80975000,211.3263654768136,263.9325269878477,715
80980000,162.62582070450725,309.3005453106289,715
80985000,177.1292144081763,362.71777494572547,715
80990000,182.35979915472026,272.836359322189,715
80995000,183.41310299562065,233.8543468134747,715
81000000,156.69812482739562,330.7206259205777,715
81005000,173.4158987659386,268.05321874376864,715
81010000,186.66302274747818,276.7595501471317,715
81015000,169.67314550647345,319.49527871539095,715
81020000,171.66344266804109,275.3634239790491,715
81025000,154.81222616046668,239.99057549304507,715
81030000,169.68451659704235,273.1659361122407,715
81035000,160.9251974531641,270.12208297600637,715
81040000,163.1013178970894,322.194922375903,715
81045000,174.0050752517254,278.6534943301081,715
81050000,170.37714324436,266.7867419424127,715
81055000,154.15970915001844,235.96987415162099,715
81060000,174.33230340310644,302.25109645942575,715
81065000,188.4405273810807,276.2075813250156,715
81070000,166.60040098839036,332.8208879535183,715
81075000,145.53724370603823,268.7744687746251,715
81080000,153.6424690635979,283.5625860070027,715
81085000,195.80260620413225,258.32212030031883,715
81090000,166.7773171558591,323.13966155656493,715
81095000,166.61859403266448,208.4964383131672,715
81100000,175.53103732795486,264.0447526931917,715
81105000,212.02180044481156,313.24638049550634,715
81110000,174.0252767649264,268.68744076716166,715
81115000,164.1974607302292,280.35158869904797,715
81120000,164.4074490419304,289.1212659425987,715
81125000,143.30952231502516,280.8469601259986,715
81130000,180.86071474990274,333.83413955602475,715
81135000,225.76480929610392,354.16519657080283,715
81140000,166.08479640178007,313.75291832833085,715
81145000,211.03132201568917,292.5551585475124,715
81150000,201.58654019808552,324.2879638157396,715
81155000,180.9112903184519,327.8599756539696,715
81160000,203.30239409342207,309.4681944764577,715
81165000,186.969381846546,275.8070138239711,715
81170000,186.90460737252263,264.96575185562426,715
81175000,194.8425409218943,269.9396985113722,715
81180000,215.9548087721856,287.85232282319845,715
81185000,207.26462975928933,269.00537036595796,715
81190000,234.56675995507476,271.98024565282395,715
81195000,130.62851356208142,286.1645407428092,715
81200000,170.6703465985727,306.4863211842647,715
81205000,171.42886351531862,283.5749743960567,715
81210000,186.0442460841752,338.11233161060625,715
81215000,168.59562923716638,260.5931645286887,715
81220000,182.61889896811874,376.33207799490987,715
81225000,144.12937316803152,360.5880946950389,715
81230000,171.86402621479186,279.6007317486447,715
81235000,183.01401628574263,299.80830528921086,715
81240000,178.7766015486467,283.8762714511062,715
81245000,172.5797974994836,294.6662408035135,715
81250000,172.01370540784782,297.5954392728008,715
81255000,162.4995544336975,356.1385203341152,715
81260000,173.40950057000865,248.8328677981244,715
81265000,223.50166560853995,309.01984996050055,715
81270000,187.74936886170087,281.15789269355514,715
81275000,190.94641209790473,327.2285296119422,715
81280000,205.64057143673804,282.73558731322913,715
81285000,204.18713222403613,309.1704257731578,715
81290000,188.85867250565218,262.6729521144885,715
81295000,173.17491775352,330.555687703386,715
81300000,169.36742188915537,236.386567220925,715
81305000,204.1793914259943,283.3480672703274,715
81310000,177.78526914153653,225.66487196398907,715
81315000,195.21977506239958,252.38638958143378,715
81320000,154.66800401275418,310.9927644045613,715
81325000,235.99229992896423,257.04677768949296,715
81330000,162.20948881127765,293.68749389223274,715
81335000,160.69423167698483,317.4696545978639,715
81340000,183.22206686202423,322.6927939825956,715
81345000,151.93837938238394,310.5277862794609,715
81350000,190.3402534934575,258.9659249374267,715
81355000,192.93004341597455,274.67049350333474,715
81360000,163.30489116060212,330.06654444016533,715
81365000,153.76854639373525,245.51419412084698,715
81370000,172.0894221422262,281.2308615649998,715
81375000,159.87237187544233,288.73564342275535,715
81380000,164.20282251850963,330.6522025634473,715
81385000,156.5640398136834,284.44571978583315,715
81390000,172.79079640856176,261.05205899877154,715
81395000,151.68631954454918,258.0403891856334,715
81400000,163.6471660308558,331.11022570133196,715
81405000,162.49006225193816,282.1521761471564,715
81410000,208.67582540519882,304.6224721661008,715
81415000,203.28669975642475,326.0331397180317,715
81420000,219.73899861074102,330.5913735894277,715
81425000,210.33760559901273,294.4095213577187,715
81430000,188.6157240356525,339.10016165143395,715
81435000,195.11625042714812,315.6281216564787,715
81440000,137.32662883468024,293.09687649526876,715
81445000,150.3400370809723,298.53574544627423,715
81450000,193.46424307194852,315.55027949523543,715
81455000,168.30447074955035,317.05641999918066,715
81460000,149.78414837303347,261.9274084722159,715
81465000,157.5625817350227,329.78112041449515,715
81470000,211.6084726080812,343.37753386386015,715
81475000,216.21733790591136,277.7229975260716,715
81480000,185.1458817424634,280.3723113599766,715
81485000,165.36053060395693,284.4689530943807,715
81490000,172.84862165503804,355.37612135265607,715
81495000,196.33736624618257,274.8807968676257,715
81500000,227.33460840153145,321.9355527702434,715
81505000,171.60279483566757,292.25473211037547,715
81510000,191.57867600820992,369.33517852604336,715
81515000,153.72007981864613,247.89591418652094,715
81520000,209.42744595328952,253.8002011977366,715
81525000,153.0497803954452,282.839286647586,715
81530000,184.5214848815855,290.692898065815,715
81535000,162.73864633166403,262.507053040437,715
81540000,193.83632569436293,236.83997065919314,715
81545000,164.8516080896787,267.2067250205889,715
81550000,147.6227620077146,359.1160186068081,715
81555000,193.5613866932395,305.451463231217,715
81560000,169.07384396172384,312.36642997850373,715
81565000,144.73107185830258,288.55163620911026,715
81570000,178.14479216183648,233.2098389110095,715
81575000,160.28146454849076,308.78435746221436,715
81580000,168.30030882248298,246.7814180901672,715
81585000,180.8811592487214,325.3321237258423,715
81590000,172.45563821932836,336.1222710602719,715
81595000,174.47006063940654,318.0275108989744,715
81600000,137.8576483160442,229.52647364740204,715
81605000,202.51913415507823,308.77359952105627,715
81610000,202.16537048043972,272.00027083561656,715
81615000,194.27573462141893,235.27792182935067,715
81620000,172.22002044615218,356.30101251553157,715
81625000,146.95300066081094,322.8241234256855,715
81630000,181.51087272176588,332.14587530593207,715
81635000,211.6912040344382,306.12547988288287,715
81640000,160.0917138038818,224.6021356300598,715
81645000,208.26406600780066,283.57218254018284,715
81650000,206.36474943669302,349.0004871638812,715
81655000,207.29353466339848,348.2711654290276,715
81660000,138.93335113527178,277.3278023589312,715
81665000,210.9130100241448,308.34842233289197,715
81670000,187.3252013945213,329.84580755120913,715
81675000,191.47409123879712,337.85475723716064,715
81680000,182.08206263058034,334.6531245856633,715
81685000,189.9005055448487,295.1374417216404,715
81690000,164.08809625771994,292.151520617742,715
81695000,180.55844258214512,442.41987418395126,715
81700000,169.91742358964197,290.3274487317648,715
81705000,150.36126747356346,306.4714153031729,715
81710000,162.91468591989434,212.9595238158507,715
81715000,179.1831942915761,279.318831839631,715
81720000,154.0743697281819,264.58161875578224,715
81725000,168.64317531300617,374.9668916397551,715
81730000,184.85863465304283,274.7011372125041,715
81735000,162.02047599895673,276.8047722169703,715
81740000,172.18682677706911,279.5663783713953,715
81745000,194.6727303748883,309.10575801082746,715
81750000,203.72419637493775,309.1406451429522,715
81755000,166.94035844733025,326.32142664175603,715
81760000,182.71868342656643,316.0921403185957,715
81765000,135.179249984741,309.1545375932414,715
81770000,168.39880134191554,277.3362811406449,715
81775000,198.43042031204962,257.6537152579591,715
81780000,179.787463759111,256.3012769884931,715
81785000,209.2586272564065,249.44565693323673,715
81790000,178.29702296127053,266.3077294342624,715
81795000,162.1992659328028,269.34665118755584,715
81800000,174.39492066184488,334.1846919847908,715
81805000,161.7817067372569,328.1052859730942,715
81810000,139.10693451487703,302.9095862514351,715
81815000,139.55351419717087,278.78822378740483,715
81820000,181.32344187762374,291.7746891400458,715
81825000,177.74551655052778,269.4050550239947,715
81830000,172.44094164369125,254.3217663391333,715
81835000,161.06470991372737,270.25447464057237,715
81840000,153.83716331704426,229.80014067433913,715
81845000,165.2113018602379,318.3481308593933,715
81850000,214.3603154396841,246.36284587849818,715
81855000,179.11790005197545,324.5261659766781,715
81860000,159.68328072255835,292.6277433777046,715
81865000,193.8180705600637,273.753203477911,715
81870000,163.29828571886688,301.6836166307121,715
81875000,135.23043871051078,316.48958380894516,715
81880000,115.50547864279274,291.91651925455517,715
81885000,158.27805458564123,295.8775907599372,715
81890000,208.4081078719785,343.69906362508436,715
81895000,137.2001018348837,333.96064856479285,715
81900000,184.66250227925866,288.9348824964188,715
81905000,157.8548019252018,321.7252306367114,715
81910000,215.81683744566539,289.5408374942032,715
81915000,193.56887410309338,350.0394471137184,715
81920000,170.7744134393291,286.0037374628071,715
81925000,150.11309933336992,305.51743072836854,715
81930000,183.20160136275706,243.78997593181424,715
81935000,179.55749079483405,280.62277886683756,715
81940000,164.4039102626008,305.5078644111487,715
81945000,155.83510142889193,311.18114805539955,715
81950000,150.92142714890258,296.63239982277497,715
81955000,174.94548522239728,406.0002739970886,715
81960000,201.76896294075055,299.9889833287052,715
81965000,167.37928871346662,283.45873472554905,715
81970000,152.84216699088287,319.59386782318893,715
81975000,167.14278861515754,298.65520422852046,715
81980000,189.52151336223022,300.35644178063836,715
81985000,188.13069661078978,287.10305399181357,715
81990000,176.34344071666166,320.79785081551074,715
81995000,160.62516646178474,275.2300447630098,715
82000000,153.12230865562773,264.50960126578855,715
82005000,180.8297642393175,275.2155573080025,715
82010000,224.8223604812753,319.2511879937829,715
82015000,160.7339628871791,315.3964726108958,715
82020000,170.66912651369717,280.968593959201,715
82025000,160.2173400274907,259.0027809760306,715
82030000,202.48962386262468,288.5461247613596,715
82035000,166.64875823722397,346.7454841486599,715
82040000,199.55522117997685,295.66855800569266,715
82045000,152.63892313382678,282.44519367194766,715
82050000,193.69116624315657,296.90615339912296,715
82055000,188.02942068047807,299.7619394421736,715
82060000,144.01517464727084,284.7114689678248,715
82065000,227.41607471641893,241.22234469329456,715
82070000,161.80790935596738,272.4406762048596,715
82075000,179.11252371693237,284.3657833611341,715
82080000,160.7129611286843,272.82822693493017,715
82085000,124.7044424891352,319.75935748807973,715
82090000,192.65019987722025,365.5727131825798,715
82095000,210.7813048393358,313.9616663787891,715
82100000,166.45987943609396,279.0214895708452,715
82105000,167.0516536049159,302.5259236711078,715
82110000,201.41838661936552,284.52889143276013,715
82115000,164.7789645351022,315.22372187303546,715
82120000,166.53129635686798,284.2497389411837,715
82125000,208.41277958217643,230.7335744290666,715
82130000,197.69026920787124,317.02140314358775,715
82135000,162.12856437181517,338.2386001119972,715
82140000,175.10085048459854,293.0284116204382,715
82145000,113.04627763402307,341.94502116441424,715
82150000,186.17181604015292,333.73091985273817,715
82155000,191.07479387174624,354.4967783561425,715
82160000,190.35660897964314,312.7334031481172,715
82165000,164.12717203831076,284.3317980030177,715
82170000,156.49910236610353,275.51739337788064,715
82175000,163.97403775854383,337.1697897364292,715
82180000,200.92144565112108,296.00205691278563,715
82185000,191.19076298767104,317.17952355748173,715
82190000,182.55821092545065,280.3056981532537,715
82195000,147.75896330516412,287.7652715595724,715
82200000,187.10311313138618,327.71123209754853,715
82205000,147.39503988104354,248.9628267028537,715
82210000,152.18316105982584,280.01979653643264,715
82215000,179.2498618575845,301.7872029931606,715
82220000,174.4995176684818,308.6836304212215,715
82225000,202.64996747278025,295.64626485782446,715
82230000,198.1608168290818,266.76983514279055,715
82235000,171.73155719465117,310.4564467731044,715
82240000,160.95430231303646,242.94496842008152,715
82245000,144.13694607676473,298.79052580560176,715
82250000,170.65696682900304,353.90566306329316,715
82255000,170.64896418906352,308.46075368481814,715
82260000,162.78827224420615,291.27068448733377,715
82265000,187.72951241064027,256.4942347206426,715
82270000,158.40570355947008,274.1582114403675,715
82275000,144.7425214756211,323.4618026169428,715
82280000,156.93747018897616,329.8606359003964,715
82285000,227.28277529887316,338.5620537553577,715
82290000,179.02103087628592,278.36399053280167,715
82295000,146.792668808144,251.7883473940542,716
82300000,170.01265430312634,345.0913995930541,716
82305000,164.43938379432964,311.36652232674896,716
82310000,153.13691090527203,291.74914809877737,716
82315000,162.16566081443364,295.27836320542906,716
82320000,145.7937872250231,302.35103095306795,716
82325000,181.4919903602838,320.39661061267105,716
82330000,152.44450014597254,269.71786792808734,716
82335000,142.5608761705128,238.6744191590108,716
82340000,136.064168711447,265.6957729270134,716
82345000,149.8841961111323,296.9315035970762,716
82350000,152.98762976622353,328.6044108952722,716
82355000,201.69654365777282,301.9070841331307,716
82360000,161.6812866075652,225.46106736678985,716
82365000,145.69172655969928,246.8145343816766,716
82370000,189.3081160621817,282.680419340002,716
82375000,167.81128363022864,262.5320795643304,716
82380000,182.40770499737482,340.8637558726627,716
82385000,180.1830036944283,310.9652676284146,716
82390000,209.0567324589168,336.2488849322543,716
82395000,187.5667451292212,305.69898684791644,716
82400000,138.70120331172274,288.055544408338,716
82405000,174.62019552030492,350.69036163693454,716
82410000,187.57421867539293,340.00509839305033,716
82415000,183.84213263804688,334.51033365591513,716
82420000,175.527578023607,312.4145741772495,716
82425000,191.14728397070218,371.32533071808615,716
82430000,185.8934932873331,233.44044476719455,716
82435000,181.56749195178716,277.6056178063455,716
82440000,185.00296051766946,290.98919494812253,716
82445000,168.6248128557689,269.5152039760187,716
82450000,173.26202034244773,311.10777581917523,716
82455000,197.51298637252606,296.61103524583865,716
82460000,196.5551023358646,336.55130793635385,716
82465000,221.62921378475343,291.08279544458657,716
82470000,151.90196201606452,270.7674734635597,716
82475000,165.28999152773503,328.79258329716345,716
82480000,200.98800906983476,324.90646048656333,716
82485000,208.4036645980295,362.09525446992313,716
82490000,212.21543345023997,311.31721259130694,716
82495000,134.2877480879421,265.42167588138534,716
82500000,161.6164144348494,358.3522639536991,716
82505000,157.77752058037575,329.3892412730302,716
82510000,192.95997451038417,317.9937174460553,716
82515000,180.77496687770625,286.78792138182405,716
82520000,209.04791868156184,313.856956500138,716
82525000,224.04907468948014,290.5885091327888,716
82530000,145.7228972717734,356.1789273662693,716
82535000,162.90415099941757,327.48245179622916,716
82540000,184.5117248620167,256.5765831992559,716
82545000,167.7110434053628,350.41312996945294,716
82550000,205.24946665338058,334.1480156121297,716
82555000,172.4847339977392,245.07019060128025,716
82560000,145.1870419636398,289.00203523490455,716
82565000,124.0518649753471,274.9115634378507,716
82570000,176.960830507309,320.006317947554,716
82575000,123.9387116835011,320.37050657223045,716
82580000,152.89392217033694,322.86220893562455,716
82585000,154.09158621223042,341.45093630248533,716
82590000,185.19541387710197,276.659270263723,716
82595000,199.21466520046357,287.30026656897405,716
82600000,178.5618453263546,397.11683852649406,716
82605000,168.26150067841223,288.1918446647414,716
82610000,144.12752751700268,272.46593974615473,716
82615000,174.2119776898729,277.34926494283707,716
82620000,161.1325150188281,318.1351489023908,716
82625000,170.71210336183668,349.85422171285467,716
82630000,180.49102303657597,299.18249635259053,716
82635000,209.06208796087137,280.9043372599688,716
82640000,173.01156640368416,250.7845541752689,716
82645000,168.3333942092829,257.6021027586922,716
82650000,169.68923022364538,282.34801445077653,716
82655000,173.619541553434,306.2921773867077,716
82660000,215.19938462753143,278.12508845618464,716
82665000,171.67100376687011,301.45379050865625,716
82670000,193.03707308872652,287.1817070125568,716
82675000,172.03368489211235,273.9532912356823,716
82680000,225.05625133541608,343.5298918189145,716
82685000,156.60311401177236,367.4729876629889,716
82690000,152.25696344745546,308.9391881345742,716
82695000,179.67997055229858,351.3425239605062,716
82700000,178.34376600447027,283.96302722058255,716
82705000,168.9884197375783,344.4881795219815,716
82710000,190.00497021886557,300.2815083648416,716
82715000,182.91367510077345,266.01278310075577,716
82720000,189.4126287255761,378.0040461447795,716
82725000,130.167098312725,247.83309227494337,716
82730000,183.00944306904532,279.3331626272828,716
82735000,215.9528075313278,252.53236440992927,716
82740000,200.53356376792314,250.94396485050197,716
82745000,199.7329673029686,364.86609524621514,716
82750000,167.55416267407804,297.88922361048856,716
82755000,154.70200094319353,268.34287903645145,716
82760000,164.42517738548207,320.19562699345335,716
82765000,159.61735343179444,341.4030383931605,716
82770000,187.23172266631397,282.301435664908,716
82775000,153.40029726611033,338.4727054799287,716
82780000,163.65814097165782,257.1043980530503,716
82785000,167.5381149869091,240.95380770916051,716
82790000,161.14140957751061,328.24823525253396,716
82795000,167.5981617865692,355.8850470525545,716
82800000,185.62723272695004,277.11550966203464,716
82805000,187.65301855610477,328.69103332456643,716
82810000,199.32903422677845,286.32337893634207,716
82815000,162.8441357607203,263.76600399368965,716
82820000,158.51340200117224,274.3168851641647,716
82825000,147.13747519352899,265.79599541620183,716
82830000,136.07479471816674,317.1223931695376,716
82835000,157.38789567793611,283.81074550759496,716
82840000,193.83125610528336,262.12480456792207,716
82845000,145.74238464750135,367.1328223141915,716
82850000,187.52584460195735,282.3432856309084,716
82855000,168.38952261180106,308.9738611784341,716
82860000,173.9337249082214,276.744040729221,716
82865000,186.88842003266026,288.91948450393744,716
82870000,182.97628607243985,240.0327956239822,716
82875000,205.27286139946972,280.1146710264805,716
82880000,173.18594533291864,312.8489684531187,716
82885000,192.6304805800843,311.7157111357975,716
82890000,194.0965616412582,324.66689020137676,716
82895000,252.60046353457722,364.2446622961993,716
82900000,183.78671668219408,336.96973078810413,716
82905000,183.99215173360287,270.13351296123363,716
82910000,162.7084026062258,334.937213765482,716
82915000,183.9313969526684,291.24248789306006,716
82920000,215.65306299042885,354.2504345790269,716
82925000,182.8980402994926,311.5556979259103,716
82930000,189.67520717905253,276.32015756866434,716
82935000,148.77327701907453,274.33024869617435,716
82940000,203.66648061562958,304.3624473140511,716
82945000,164.71796019456133,301.74351363511994,716
82950000,151.295500124867,277.4677158251994,716
82955000,209.21287990224545,297.1686351677259,716
82960000,225.88043066585985,316.9643061598655,716
82965000,163.26310859862897,286.0761963166183,716
82970000,167.00216041662728,307.38045230625016,716
82975000,146.72817930731387,339.0460291897067,716
82980000,164.6911157313954,303.27892291760395,716
82985000,206.74829062020086,249.01985001225646,716
82990000,188.29650294458844,307.52427495755666,716
82995000,162.00194532310684,242.8692825352912,716
83000000,197.60885222210487,298.62609605240624,716
83005000,185.21530132893898,316.7482588039741,716
83010000,211.29580772812935,343.3599683794301,716
83015000,152.68243691474606,267.2197011786743,716
83020000,175.99647745942326,279.9047411143115,716
83025000,222.9521663128371,282.13176005555005,716
83030000,180.55100454705286,294.6741418093542,716
83035000,178.23446218985737,311.0330596057621,716
83040000,159.19136430305582,256.63494673210033,716
83045000,171.42753363889872,261.8990133898208,716
83050000,160.6387727138348,278.8326688496184,716
83055000,136.4687855648395,309.31441373735584,716
83060000,175.4936975033777,270.6393438206189,716
83065000,186.65998814633133,346.8715316756004,716
83070000,188.04096460779527,333.5706308395866,716
83075000,189.65815035864009,339.8231629004291,716
83080000,142.510225503924,288.1184213554341,716
83085000,183.6400163038334,358.01752802182386,716
83090000,218.81087484989357,278.7878791414534,716
83095000,176.67293825738292,288.568985237153,716
83100000,168.03472578830997,332.9079695692036,716
83105000,223.73908432924688,366.7223455187957,716
83110000,166.94640957105247,335.5113009507335,716
83115000,161.26928795961237,315.40937694991504,716
83120000,151.3293742574951,301.46917383494497,716
83125000,186.44979056651854,290.8105072584764,716
83130000,163.7926416920728,304.1209941574752,716
83135000,121.29500501138075,289.8682465594668,716
83140000,137.70927575354244,286.2437173468908,716
83145000,187.53916196924678,286.1935361775845,716
83150000,157.03899465982056,345.90450628251506,716
83155000,150.89575173260928,272.1670178392774,716
83160000,197.03978054381608,321.71652605889756,716
83165000,181.58960471437055,325.35443274920897,716
83170000,173.6981209794933,279.8072112990815,716
83175000,168.413110435136,356.6205362678428,716
83180000,185.3501937638883,301.4305313979984,716
83185000,171.14194821477446,342.4997688001745,716
83190000,188.3805022227474,373.86578628988696,716
83195000,182.32593128168554,246.50243005504805,716
83200000,164.84571641823177,248.331119351902,716
83205000,181.9724954305598,286.59408187839,716
83210000,199.7691006739036,294.3564956361315,716
83215000,148.3818562242686,333.0729957436739,716
83220000,175.8290969529,348.20558212053834,716
83225000,203.37740136975373,294.9091954937761,716
83230000,156.59647453517297,325.14118187620153,716
83235000,145.41215793680863,241.89878851404083,716
83240000,173.61180120478855,256.8073968368303,716
83245000,215.38764837677206,289.80326242880955,716
83250000,176.5463879512358,301.81353438389345,716
83255000,171.72383953315938,319.27999475398593,716
83260000,189.8457947852155,278.4580967682486,716
83265000,151.02965006150401,323.73727047802595,716
83270000,195.3029789417467,293.0400864158649,716
83275000,176.41155051274163,338.01155228747655,716
83280000,143.99691938494925,300.24954268240356,716
83285000,196.19082940073827,270.58552902798533,716
83290000,177.86084581654467,311.6567986742671,716
83295000,172.28856721861547,330.67462510406705,716
83300000,186.04462083204433,308.5364581011709,716
83305000,165.23811636840313,341.5068849719094,716
83310000,191.43779261605997,286.5083276116387,716
83315000,185.2710374001398,250.25819208821264,716
83320000,164.0953743858512,287.9111512246873,716
83325000,180.8067207443249,276.3149181121374,716
83330000,167.89619278793265,322.2575777861846,716
83335000,166.9850884970428,274.2142058562107,716
83340000,185.9752839991062,298.2775664370276,716
83345000,193.2149628055178,362.4427992035524,716
83350000,188.8995775098604,336.90067677251443,716
83355000,174.35057670043503,288.12117598724217,716
83360000,207.29949667518918,304.51296355444475,716
83365000,217.89697927792335,325.2883762196035,716
83370000,179.80119235617926,350.74577715148047,716
83375000,142.91776126919834,258.1505390129895,716
83380000,196.63201082850676,296.4407982248681,716
83385000,174.5004288069648,259.00860718477156,716
83390000,159.51145104325647,232.7803244895108,716
83395000,150.6676688393462,324.7574262159694,716
83400000,150.44914155635848,232.19255780661996,716
83405000,187.24715544149382,347.5563758132875,716
83410000,163.56507968287173,370.9237586257193,716
83415000,141.7388625437154,265.7531034343655,716
83420000,167.25249986448705,245.1038731811136,716
83425000,164.60525333253597,282.0311168868885,716
83430000,184.35936186057802,360.3552061842553,716
83435000,175.6553294142066,338.5038513780473,716
83440000,153.8794293326207,276.385394348609,716
83445000,181.70345363188142,266.20402473162346,716
83450000,184.32242738674023,266.9682649266828,716
83455000,202.10632008554626,354.31492267765003,716
83460000,182.448205613416,287.3720119258267,716
83465000,190.4429819138054,306.7131149378988,716
83470000,126.07138082211733,255.38787905428333,716
83475000,157.0909927860684,339.0418010076405,716
83480000,133.80039723638026,296.1049518822942,716
83485000,174.7739657575502,256.74136267616916,716
83490000,156.37890303283777,272.40279194910835,716
83495000,178.96620434377328,362.41727203003376,716
83500000,199.00422676155125,298.0091580450061,716
83505000,165.2476818239124,284.1956897516989,716
83510000,199.16017971821995,264.85699727270725,716
83515000,171.33161311581298,295.68445358491175,716
83520000,205.39611654093667,299.0014971468889,716
83525000,157.30116599933766,286.4191427669164,716
83530000,194.68272281806503,236.81968633026372,716
83535000,185.78540685204175,289.0936300254447,716
83540000,162.75128776917256,292.2532998393145,716
83545000,164.77974444783354,274.63880641778087,716
83550000,165.30044542685903,335.5006513526379,716
83555000,193.08786971809764,326.24108401516844,716
83560000,156.2613997050991,255.43491886987835,716
83565000,167.77230917879103,298.17892389085506,716
83570000,210.01316645773898,329.6893144788052,716
83575000,155.38073435022926,309.0038352607841,716
83580000,163.51363927639918,302.78913801145603,716
83585000,176.0176163543161,303.6419135074991,716
83590000,179.1908217723341,216.68124599319017,716
83595000,173.7792475013846,373.2159125359316,716
83600000,186.84984229035433,310.07277039291455,716
83605000,177.81490202089162,274.1927020821819,716
83610000,163.02776366778218,278.6432535391115,716
83615000,158.98387190127656,266.1421869516966,716
83620000,158.2687810420739,314.43799919020205,716
83625000,169.96533983583984,259.4426766970473,716
83630000,206.39727542633725,257.6719165073531,716
83635000,174.16154490215393,314.4317259740505,716
83640000,210.70264003828083,333.7885836181683,716
83645000,154.44705853197857,360.2751337986918,716
83650000,184.42526083007377,347.8954502369064,716
83655000,185.3254238690956,324.0816764554479,716
83660000,189.2262984667485,299.50231506882085,716
83665000,141.13666850564934,289.36676679688395,716
83670000,181.1325061056863,364.5625312135981,716
83675000,189.44012799409782,317.5647126922602,716
83680000,161.55910318606954,317.1677608630698,716
83685000,138.21506476293288,292.13871078813315,716
83690000,213.55752003629684,309.28290644747017,716
83695000,128.62124264449798,291.83175918105695,716
83700000,168.69364211946643,323.4671253253454,716
83705000,162.69091462977434,344.56592454167605,716
83710000,133.45477157052346,250.7943978590527,716
83715000,172.80310986510688,364.85369642273673,716
83720000,200.5287284933471,251.4260714730841,716
83725000,196.06570550732636,366.61035715270856,716
83730000,163.03070054596887,245.12293641202763,716
83735000,178.2463361035889,274.40880073803197,716
83740000,193.84801183543627,274.99177282093615,716
83745000,169.90982477917368,326.6295243182127,716
83750000,229.75343733312644,296.170415560604,716
83755000,174.35624832181293,343.6730080440834,716
83760000,149.39067674128938,259.1111881098576,716
83765000,193.96401783471006,303.86613812609187,716
83770000,151.86541883961021,288.9312115837373,716
83775000,157.94830911003078,306.4310184099329,716
83780000,157.37735625320505,332.9273668571915,716
83785000,166.32925623180432,306.0520458604823,716
83790000,194.8857047821529,265.7657930389654,716
83795000,173.64436292465987,282.4346866020367,716
83800000,148.58968263398498,347.2308909204718,716
83805000,168.8883723246817,269.0777091761506,716
83810000,188.29518659519786,321.4779645260437,716
83815000,186.00605621256287,273.0609766023847,716
83820000,180.5086078665685,376.1160358196921,716
83825000,188.90948221145337,303.732537572542,716
83830000,180.98122582740277,241.56544926684333,716
83835000,164.69157570797915,308.953685531505,716
83840000,158.07999945296893,272.32846265476536,716
83845000,184.4892837907704,289.95072243720057,716
83850000,193.11769327712778,316.5059068335359,716
83855000,142.96777281345962,326.62056261486254,716
83860000,147.62218128781092,316.6127141290595,716
83865000,149.51702705626593,280.8084017691042,716
83870000,202.89449859533616,301.5672057875628,716
83875000,166.26540220873144,273.25865483728427,716
83880000,196.19695687084226,286.74205824218814,716
83885000,143.61636761415744,262.89550054709133,716
83890000,195.50007471694414,352.8200829710701,716
83895000,225.227881570262,285.260649415864,716
83900000,222.2864086387691,291.16108324710575,716
83905000,200.22315237266875,301.1560234314037,716
83910000,152.6316687088112,314.53891990751754,716
83915000,184.41753922964816,341.136930167067,716
83920000,175.40556978988425,268.35261595540976,716
83925000,190.80458182126887,277.3125612072537,716
83930000,175.15754558840678,239.46524859824876,716
83935000,143.20136590978794,304.44256913885516,716
83940000,187.1586991703434,317.0321214627873,716
83945000,180.2290226134365,308.256946995692,716
83950000,202.87569924943463,289.95750793934536,716
83955000,147.51014641390375,284.1184892630236,716
83960000,188.49551256737806,296.91071163856765,716
83965000,203.2540811227928,256.5869717748039,716
83970000,190.66433096465383,321.5336174467115,716
83975000,189.93196735829525,340.3256705612542,716
83980000,162.1267299123744,229.0183888682089,716
83985000,167.23957053059087,265.39336691531537,716
83990000,187.03001507789332,336.7881405951034,716
83995000,165.46183971065884,342.8022004748745,716
84000000,187.60845380141137,286.64342139764494,716
84005000,214.4258235869147,336.21085979963453,716
84010000,144.3335982605611,324.6818128117898,716
84015000,172.69380128939076,290.1300643273118,716
84020000,167.46831558830567,260.0957550923436,716
84025000,217.52821585179126,316.7552634274597,716
84030000,180.99145732798706,298.2645128647478,716
84035000,149.2413488735494,268.00883527910867,716
84040000,177.14117575723034,319.57087044514026,716
84045000,157.0516650393222,350.5576926758551,716
84050000,180.01928316553125,298.2432438982761,716
84055000,187.74482793068535,351.4288045219341,716
84060000,185.56241524874773,280.8984159759833,716
84065000,166.29544167648558,338.69675178020225,716
84070000,165.80631669153567,287.9489605853317,716
84075000,190.40277592925028,325.9415762020841,716
84080000,181.36374540781293,239.75984365351087,716
84085000,188.08922741793052,385.2498797425114,716
84090000,194.4240564960471,352.244814304256,716
84095000,204.41561425427273,296.3110627220857,716
84100000,179.5499421762265,282.54264508352355,716
84105000,164.69355435251745,266.0142304052445,716
84110000,184.19627388969818,296.4093760424846,716
84115000,185.57382651995218,299.4238976974491,716
84120000,188.3902023610674,276.4862483966982,716
84125000,152.93465668460126,323.86543486506844,716
84130000,175.68884012555228,319.46157712990066,716
84135000,141.18639816677464,292.94000435148814,716
84140000,158.43696373641652,305.9446564131197,716
84145000,151.58790423830223,287.11364277773436,716
84150000,209.74563009313388,368.3977150552179,716
84155000,180.01922183449346,299.1486115487518,716
84160000,172.60498574229308,270.14613997578687,716
84165000,159.77604689966583,265.19164534621046,716
84170000,179.24303337802587,299.34507116624604,716
84175000,179.6234706344627,239.49518571244704,716
84180000,144.3928615892522,327.4393930746708,716
84185000,186.57758600362084,252.00414908142045,716
84190000,154.20923208243124,320.99223009251773,716
84195000,175.09300160831938,274.219557111953,716
84200000,252.20673256750376,343.59400150752725,716
84205000,196.57943256269488,282.60553392775324,716
84210000,159.31781087690098,332.512026331215,716
84215000,176.63866179516774,299.6394996771932,716
84220000,183.8511752289174,253.57215114586046,716
84225000,184.39773156137753,298.3969256417735,716
84230000,181.71287342962103,304.4195667198708,716
84235000,159.53921427708968,267.3652725792101,716
84240000,191.68368307840893,281.1204925463537,716
84245000,177.5379815154026,332.7329480323929,716
84250000,164.24648270024366,283.54170258702806,716
84255000,180.53101922502597,308.4237755477301,716
84260000,164.759786992725,259.2507415441529,716
84265000,152.57646052217027,209.43511105072554,716
84270000,209.38640757386526,315.6865724000704,716
84275000,179.06323379505218,322.04203201420086,716
84280000,163.5329098517686,329.0914069313969,716
84285000,158.8833765605255,276.6378508784726,716
84290000,164.56233336070872,329.0066406905513,716
84295000,191.00457315708644,323.1871232897681,716
84300000,176.0001022115024,345.9527788761688,716
84305000,212.68034157757472,306.32115054541066,716
84310000,145.6810122465334,309.5037252364944,716
84315000,174.6504492779921,285.81599381863714,716
84320000,155.51081649856548,305.63925773248263,716
84325000,214.69298657815526,279.49239798752393,716
84330000,203.6567084753818,336.01625370191067,716
84335000,192.6560054761061,288.86196383309675,716
84340000,150.7532600602256,281.20906052682335,716
84345000,177.87456518986895,239.56185974835685,716
84350000,154.56600261083605,318.3275771198294,716
84355000,175.77955671597047,298.18762549374276,716
84360000,196.70831396934878,337.7854506968423,716
84365000,136.86855311244878,284.82581742164757,716
84370000,208.12943884940415,292.96658557974735,716
84375000,202.85607424505173,342.6166373208042,716
84380000,199.14206412041688,294.54090862108745,716
84385000,159.4521504288691,294.14214091913186,716
84390000,183.4087587915493,288.06578994638375,716
84395000,159.5841127331847,342.76084738730765,716
84400000,151.2421115658663,267.163131523402,716
84405000,202.46986358392328,287.07984932358124,716
84410000,183.42856664831467,302.3804979824255,716
84415000,182.83884301400064,276.5775761901156,716
84420000,198.6704737049728,325.7926250593837,716
84425000,162.65542850708945,293.0451261599194,716
84430000,212.37067317496812,313.30282797832945,716
84435000,173.81214317814658,313.38396486609554,716
84440000,188.65823110809978,305.29618088914253,716
84445000,194.20479783653178,305.9669780778306,716
84450000,215.6613989132744,280.76443351370233,716
84455000,166.4633712116223,287.1230305772335,716
84460000,175.73933271389342,318.5016078307364,716
84465000,184.93710647859746,277.5216603321139,716
84470000,169.62976331668102,317.00012263907706,716
84475000,209.916997281821,260.17663948232075,716
84480000,145.1493831430843,320.8424899480896,716
84485000,154.20075027292518,246.9556721288596,716
84490000,176.13707566687378,391.3148956207175,716
84495000,152.7471026783958,288.5287511044013,716
84500000,172.32697388923458,327.9128071181395,716
84505000,181.53632816249876,275.79872159080514,716
84510000,171.27612541653062,264.65891608627993,716
84515000,149.24843279022923,316.58211144687067,716
84520000,209.63325432882863,381.57427140134524,716
84525000,171.81082164993563,230.95245051328382,716
84530000,174.64104312184477,325.0147308184517,716
84535000,164.70234012365069,280.00748908584,716
84540000,218.49193383842413,344.37683102501177,716
84545000,199.93373781996374,293.46165272367637,716
84550000,198.4389103588081,305.72438330943527,716
84555000,197.76335964910768,305.6149923290497,716
84560000,208.9942133887621,312.9546687829738,716
84565000,150.68475121724722,314.5443431386747,716
84570000,171.94226225038233,311.6018283391579,716
84575000,188.68775554752796,362.39950075194577,716
84580000,163.34110183402512,177.81573302477267,716
84585000,175.7528661319248,276.191923252229,716
84590000,189.497909042078,227.6989475387378,716
84595000,165.77685665881523,278.5844069425877,716
84600000,192.6457818931486,338.98560177745554,716
84605000,170.14290824332687,306.866554239384,716
84610000,163.03914234539312,310.7379048365158,716
84615000,151.1284795225921,342.2218761020981,716
84620000,173.0211581560739,278.6376787639837,716
84625000,174.73691607997682,272.2189444220663,716
84630000,248.0891379108687,230.46472652603458,716
84635000,194.72560862977164,294.3637271180883,716
84640000,160.09996283357566,292.8008745733465,716
84645000,168.12971641170674,335.9943621268864,716
84650000,175.2826765575257,305.34200481406054,716
84655000,149.80309500820977,284.4262047917036,716
84660000,185.03440171860953,326.3202467830067,716
84665000,201.5940618609153,295.0916143729263,716
84670000,162.26369140805076,278.5033531988036,716
84675000,176.58824881732295,310.103944768348,716
84680000,161.61298749363627,246.5223448132046,716
84685000,178.87649865358142,264.13443274201285,716
84690000,160.7332872081158,277.9334756335583,716
84695000,185.95796698610275,332.4066094601393,716
84700000,183.86816827714102,286.97170115165676,716
84705000,180.8902947413332,315.49755631580496,716
84710000,202.27187040590272,275.66579115997285,716
84715000,145.5378317316829,324.0685444952079,716
84720000,225.61526130691416,271.5250485196753,716
84725000,168.61746816777455,277.6825847973179,716
84730000,174.39711258553876,283.72408273128354,716
84735000,132.77460571171977,276.1585366750094,716
84740000,186.7807566730994,308.735015447587,716
84745000,176.33325944591792,318.3705905522814,716
84750000,181.51002944028997,312.1005822912601,716
84755000,203.91640257636118,315.10276730089026,716
84760000,148.73147267278407,291.16209780547365,716
84765000,164.23729417016676,279.39593918918473,716
84770000,197.44022175660717,303.6258528542676,716
84775000,192.1722142989158,273.06787269970505,716
84780000,185.04909793665072,307.0649035173785,716
84785000,187.13197750014686,284.250265440305,716
84790000,176.67710733148306,283.79380828258354,716
84795000,224.29445632360017,360.0732205444746,716
84800000,146.34154139772713,275.57918663052686,716
84805000,179.2281373863183,286.1018610330576,716
84810000,139.66560417422062,288.299435796942,716
84815000,172.2749077663282,287.8343837898,716
84820000,165.56678825655206,289.91757468505324,716
84825000,162.83343990736876,282.66243731221425,716
84830000,210.96883585240926,242.50175206570194,716
84835000,157.46312694770134,318.3842321019948,716
84840000,204.14137884423172,317.8228940770952,716
84845000,229.1337516245085,270.5311475877535,716
84850000,142.23849080975018,325.89326102320393,716
84855000,209.7297552570253,321.9712173141351,716
84860000,186.14375137510225,314.7376924832726,716
84865000,190.37358423454302,266.2542934361968,716
84870000,164.82025473319456,273.9889139491787,716
84875000,208.62109852844057,278.16314178065386,716
84880000,214.6824259532979,318.59663095084267,716
84885000,188.03688372878094,300.14215698597474,716
84890000,176.76154985420504,290.05855479709965,716
84895000,191.90059020804443,302.4281467854257,716
84900000,193.99535565912407,253.90634991252904,716
84905000,157.81092795534485,278.5665715078827,716
84910000,160.53172952659241,279.442578077905,716
84915000,168.5336981875015,265.1164493035486,716
84920000,152.56132171486925,272.1607010975251,716
84925000,174.7864546054676,297.0267767865582,716
84930000,203.82344660395214,255.97077346069258,716
84935000,175.78538568532653,298.02878051363393,716
84940000,169.10037093595565,257.9998265871097,716
84945000,185.32296241568065,284.71819504230444,716
84950000,187.98804527301934,304.06199043495894,716
84955000,192.3762119201394,276.08734560967633,716
84960000,170.87256488801285,303.9714931065174,716
84965000,130.07282894998792,320.69857415884513,716
84970000,165.6987053315061,322.88655441238853,716
84975000,180.68195664984407,358.60158110536366,716
84980000,168.77457327647005,270.1606938774015,716
84985000,204.78533542929398,396.15865565507755,716
84990000,149.4558989047805,382.01158402061213,716
84995000,145.0202781378348,236.1494505303443,716
85000000,145.90451414962416,339.95422370855994,716
85005000,161.30264650928672,347.6834953507613,716
85010000,172.84722834672388,264.2528114901396,716
85015000,124.2418911743694,286.8230944788667,716
85020000,159.05799129439535,277.50747496035115,716
85025000,177.9385123586425,375.89106160149186,716
85030000,169.1878073806288,295.10017684680474,716
85035000,134.2782038458217,287.5407120521631,716
85040000,164.02725014136993,290.63981377422317,716
85045000,175.93150847964827,344.21868854184856,717
85050000,177.35347714992926,294.0602206481875,717
85055000,166.84557620644858,303.4633394802152,717
85060000,159.85119811374278,302.92141045884125,717
85065000,181.800066351278,335.61486909979385,717
85070000,178.20064526826658,294.79904622538845,717
85075000,202.2971493573004,311.7777623337445,717
85080000,183.2889961514273,248.84670280593795,717
85085000,194.1278725014478,292.65377733741,717
85090000,174.814406632881,272.4291373656634,717
85095000,170.16264125966984,282.4764152859464,717
85100000,175.7157960245025,298.95366533319344,717
85105000,193.79497864158824,282.5354734951968,717
85110000,180.01266408427486,332.2415055614642,717
85115000,153.81694351528154,262.7401612029371,717
85120000,186.5601605333396,238.07749192375317,717
85125000,187.95122651288995,300.27283085337524,717
85130000,178.14738455299437,366.1062532246626,717
85135000,145.7198512774736,292.999241274358,717
85140000,178.87239460699593,278.8831813978369,717
85145000,167.7579188147078,276.6737898406932,717
85150000,189.6307677315287,281.9279685932427,717
85155000,183.24593316113896,348.32199010444634,717
85160000,178.83833061690518,315.21820786559323,717
85165000,192.41227418833654,294.537155862879,717
85170000,162.55196504161583,326.4992948795459,717
85175000,185.36858533603134,314.8880813376353,717
85180000,185.80078882508184,301.68452947267707,717
85185000,191.24582150170892,247.65889309330726,717
85190000,193.21874653369198,305.6454867900985,717
85195000,141.72912620502947,281.3193995218087,717
85200000,178.60916023032547,262.7359860314664,717
85205000,148.1801462071097,242.90380352185883,717
85210000,150.0561424324096,292.54553592746055,717
85215000,175.52650830019456,307.82357308967016,717
85220000,207.85123081315163,323.20888092796145,717
85225000,188.4734478778779,320.1945142861906,717
85230000,190.29199683161593,286.41162923177455,717
85235000,205.08174171267086,297.5447325532854,717
85240000,162.3189190681788,282.5404298317034,717
85245000,228.0638994809193,346.91437150408944,717
85250000,177.13271130311395,297.5960357751451,717
85255000,189.1776707684986,304.6387030267014,717
85260000,155.69872687115046,260.29963391098244,717
85265000,180.74015776755684,272.5346862762048,717
85270000,177.7901550339536,299.678132663466,717
85275000,155.4948982921589,329.6580919071445,717
85280000,202.9096782846836,278.81944520820286,717
85285000,204.19152513417498,278.9825996039952,717
85290000,198.31014490534886,328.5950733179418,717
85295000,207.30007594999364,257.09277565176785,717
85300000,143.2268005150869,333.999344866339,717
85305000,209.53164484373698,340.79475449266766,717
85310000,169.76453585563164,306.7787182675292,717
85315000,142.80277099472943,289.7123966190486,717
85320000,162.52436181051226,307.314657778902,717
85325000,186.31376328215583,291.31067906887125,717
85330000,185.30705102751543,342.73585481325875,717
85335000,138.6368476872861,320.0172859867897,717
85340000,167.1862582398898,272.2565867399087,717
85345000,206.02939632789455,285.7915180154219,717
85350000,146.7083846628351,284.9805267613987,717
85355000,175.20675862786754,324.83781264484077,717
85360000,148.64387650867403,296.1799503443606,717
85365000,193.2775354470317,289.7144666802427,717
85370000,165.49311238447382,364.5306284997369,717
85375000,211.09020185800716,351.39425843713093,717
85380000,152.73264909519375,293.1857411871614,717
85385000,177.6061247448542,316.1796694150187,717
85390000,164.378277416593,269.6516035710888,717
85395000,158.68585955627688,327.76362923929804,717
85400000,182.8596111765415,304.1909027544935,717
85405000,151.8722746423652,273.06456429493284,717
85410000,208.37777502769612,321.59625261393234,717
85415000,180.34374513967995,369.43537808187114,717
85420000,184.60385380589884,286.6289873552961,717
85425000,155.2157119513272,333.7142803628323,717
85430000,165.00433977599107,237.58039820228652,717
85435000,197.29498010938173,237.74622830366022,717
85440000,155.44508711962806,300.87595979371804,717
85445000,161.1823702727472,293.62863907454135,717
85450000,175.15458896420802,274.3609189530286,717
85455000,151.1469611558236,300.25472578750316,717
85460000,209.54383014556268,384.317726662241,717
85465000,178.13241720230658,269.10703900509174,717
85470000,161.38236283875239,271.16069842480704,717
85475000,174.01016348156,277.3149493544799,717
85480000,157.32846075648595,258.4586943886423,717
85485000,194.8914825259551,299.9778965366522,717
85490000,152.3791526637302,357.8109981798498,717
85495000,177.25473344210184,321.2915659461489,717
85500000,170.46032079228408,294.8600993231996,717
85505000,181.89202332517718,335.2041342947516,717
85510000,157.70590630736748,342.0549456425087,717
85515000,192.7776523467325,351.5047956913359,717
85520000,193.44435482346898,299.7514323355722,717
85525000,208.11883981229252,278.29341572223973,717
85530000,200.7913690676026,346.24585617826546,717
85535000,190.74547355115863,318.29105057702714,717
85540000,159.04550934519673,314.48211418247575,717
85545000,190.2114763292547,280.382371584961,717
85550000,185.3601048824111,269.8798929582035,717
85555000,169.4452508382223,293.93561520368513,717
85560000,182.27950936927368,350.5681696275317,717
85565000,158.35992098864,317.8454400497857,717
85570000,204.4687188457261,289.8525071576798,717
85575000,191.70513582070288,294.08472458833523,717
85580000,172.30945323282702,351.8487833010135,717
85585000,176.55716574342054,331.91927259126396,717
85590000,211.0776293258076,293.24504704620773,717
85595000,200.76188380924256,419.4743835881873,717
85600000,166.2038333916936,316.89353100612647,717
85605000,175.04195310669297,319.16936482370323,717
85610000,198.97694994431055,325.72058925438165,717
85615000,192.3858829490124,290.73195482861814,717
85620000,197.0860326698744,278.8787311102582,717
85625000,177.60140293260312,309.9133682003762,717
85630000,184.0150975396372,317.47553548502367,717
85635000,157.786785158536,300.37582061476456,717
85640000,166.22173711982612,278.5166987763811,717
85645000,177.47079661564678,339.0451833980467,717
85650000,191.13802067434165,267.355294392875,717
85655000,173.91730058081592,315.91405654043456,717
85660000,219.48686376884058,374.0228975424562,717
85665000,198.09101750380358,246.9296196091896,717
85670000,140.120899245229,331.5762404267496,717
85675000,210.22438187394948,315.7980954046224,717
85680000,172.84398782648398,287.7266297202955,717
85685000,148.7192801421029,365.34988077337437,717
85690000,158.85226021964831,317.387184037189,717
85695000,174.81028675554484,279.4225153539736,717
85700000,144.5625802575508,257.14816433801724,717
85705000,141.00812515187175,273.2120446358331,717
85710000,144.12779135205628,281.4695102105071,717
85715000,155.66336168829267,321.24178604238153,717
85720000,162.39428638585326,265.6501584169035,717
85725000,203.9247263122502,318.98448269606854,717
85730000,209.00055892672586,297.1736016100728,717
85735000,160.94423206457589,279.11607485409445,717
85740000,170.79936954528893,330.2846220497253,717
85745000,196.5867576471584,324.32668547056505,717
85750000,232.27510410662782,311.13126657265013,717
85755000,175.93002734923965,284.59776713615975,717
85760000,178.773431652763,318.2475999233707,717
85765000,210.62382552377142,255.8570865299632,717
85770000,170.88180278667113,243.11435530820378,717
85775000,168.97386836348747,283.82776963112894,717
85780000,192.9873756169416,315.5101676433227,717
85785000,156.3602198285132,266.99929259927825,717
85790000,232.86081952609516,253.48874688236893,717
85795000,170.43544583544752,352.5996043080966,717
85800000,181.0618474739718,291.04379420321095,717
85805000,173.39498465302233,300.86761501426736,717
85810000,192.9202225262868,287.76274778969946,717
85815000,174.97808015366536,302.285651901377,717
85820000,176.27691815274483,333.57174019016014,717
85825000,128.93733356585363,252.04551979793493,717
85830000,169.32552388710116,340.4705453696983,717
85835000,172.18023091658102,274.335472212991,717
85840000,179.89531643853255,368.13141012790874,717
85845000,186.32370343321378,264.8731655093335,717
85850000,202.93580167545016,342.6317745459125,717
85855000,165.2530413441188,265.3287893763371,717
85860000,167.12031621884557,294.9655113828952,717
85865000,136.28424996517526,220.4570019039697,717
85870000,181.41183426312767,344.2788199106856,717
85875000,176.9618554614493,288.4989909726816,717
85880000,159.05923505665368,293.4893462599322,717
85885000,159.60352691466215,277.7998937922065,717
85890000,199.0204727046487,273.71687205708884,717
85895000,196.44893992696527,297.9036167759406,717
85900000,192.6206383999831,301.9791810651081,717
85905000,196.49498260406932,304.2950925422068,717
85910000,156.3302644237403,243.41394577951863,717
85915000,197.2886106735093,320.04285686876597,717
85920000,157.4364568155684,302.5187797805562,717
85925000,190.57595212453788,351.3861426936785,717
85930000,182.10410218941576,283.80604404832854,717
85935000,188.0023329884396,328.8188365350939,717
85940000,169.18748163521175,282.9141758483178,717
85945000,188.93365548585143,315.7337827473473,717
85950000,174.88749870661405,318.81996311789027,717
85955000,190.55483844471732,333.4533022908744,717
85960000,172.1438082985478,336.4789097185106,717
85965000,171.33349793996578,320.34578929516954,717
85970000,188.66398902099388,360.5259631534005,717
85975000,161.20023550298163,322.1239610776948,717
85980000,173.82669457161555,269.21365733276764,717
85985000,195.57121273918864,345.9227103519824,717
85990000,160.10302822794625,285.794004196755,717
85995000,210.52491252004134,287.5943626556212,717
86000000,174.05013376713026,286.7795387875215,717
86005000,138.86661625778913,301.73980935407366,717
86010000,165.63039343470342,267.02424400193473,717
86015000,214.14324399009385,304.4434039855921,717
86020000,159.12152827825997,289.85333244191565,717
86025000,164.90715811666587,255.21478547325967,717
86030000,205.65830446285457,295.5933419449334,717
86035000,206.6929802351481,302.68520686027745,717
86040000,138.9893288123642,313.7076863636035,717
86045000,204.95925624245115,310.0132961344074,717
86050000,167.72255706039874,316.45506132008524,717
86055000,180.26910040156463,302.8605005682941,717
86060000,180.14128436170932,258.04101617732795,717
86065000,161.7554836816702,291.2675121672369,717
86070000,190.275796791851,262.39352419953906,717
86075000,173.6975825218248,299.5893763518176,717
86080000,182.14332080080678,298.6670990163149,717
86085000,155.35831118568862,256.9525424662828,717
86090000,160.51270414093736,368.1531888435207,717
86095000,184.15641410946165,265.3282690631578,717
86100000,191.951864394762,287.6533783560255,717
86105000,155.38092161962487,237.03388140359917,717
86110000,181.66276306030647,301.01681251166565,717
86115000,169.74675603759036,325.696008104022,717
86120000,162.2227695118031,299.9830660945851,717
86125000,211.40358455392877,324.4022613907323,717
86130000,163.74893528351936,266.6158049467425,717
86135000,178.63634851808354,297.65399286983427,717
86140000,153.6724819708571,306.0200640281678,717
86145000,173.26889363451386,314.0709068036267,717
86150000,179.6870792653205,297.3475444901136,717
86155000,206.67257699180067,388.69913131009747,717
86160000,166.1857949334042,271.5599336336978,717
86165000,211.76413464080517,275.5109835908901,717
86170000,185.15187446320263,311.734911028581,717
86175000,170.1183588888368,251.34292553250322,717
86180000,152.75983979933963,257.02615896965386,717
86185000,205.54735689990108,326.54964161283664,717
86190000,168.9287727981051,271.81264180786906,717
86195000,173.20450401130702,261.0545974375624,717
86200000,227.6256463490148,348.1484092193034,717
86205000,184.8999470447725,318.53175223148963,717
86210000,179.13391000158592,300.5843350537552,717
86215000,187.90609375962566,370.5157076828568,717
86220000,162.2311393187229,328.57540179980504,717
86225000,204.5783149236559,286.90540121821846,717
86230000,200.3513707273462,294.76466723773507,717
86235000,184.00634333201182,289.71795764710333,717
86240000,192.92480355548815,350.704941275678,717
86245000,158.2826596608427,255.41852081545113,717
86250000,164.209672178293,267.28674108657543,717
86255000,193.26529640788456,306.66681595105035,717
86260000,147.90266528423453,279.55420579516226,717
86265000,160.99815604885328,293.0013159187031,717
86270000,146.05400878139744,333.9817962958097,717
86275000,179.16669761927415,362.4628740279438,717
86280000,151.13415127157614,282.16987023976753,717
86285000,178.930826091271,270.52056846685434,717
86290000,230.75361933977743,330.26312569454166,717
86295000,174.88154511086282,306.9341908841943,717
86300000,175.11272545530306,255.41186653484453,717
86305000,146.08279128322698,361.3686923595234,717
86310000,141.01236026561986,315.1156419928561,717
86315000,178.19012117504104,298.9628351782055,717
86320000,170.23709807271834,278.18667357588953,717
86325000,180.3823382894427,292.8503574541722,717
86330000,140.40891868781975,323.6372238672864,717
86335000,201.07430047027975,257.1821695610532,717
86340000,207.07725239732144,344.16613745913975,717
86345000,169.69232813530436,251.90023038766685,717
86350000,155.71996124403816,259.84175262159437,717
86355000,147.95985252427838,312.28746425399254,717
86360000,167.2458127831174,249.1290143161533,717
86365000,141.77570307465146,370.95229904365664,717
86370000,194.3075328346805,370.82218681410205,717
86375000,184.78011275394363,264.5766824224232,717
86380000,190.2514741828611,326.5093445669918,717
86385000,181.77747122826074,330.9384569469246,717
86390000,163.21458162144748,265.62726450228394,717
86395000,158.6111529359022,325.97050382964875,717
86400000,139.7834668373518,308.8361827758496,717
86405000,175.54871724133807,314.13180670685233,717
86410000,170.81058284017084,337.0126792882889,717
86415000,149.98702728203858,234.42142357145295,717
86420000,157.73417092704827,308.684186497239,717
86425000,182.25893833118522,360.9589956850934,717
86430000,221.3780895654039,289.4190626481245,717
86435000,152.30518376088577,365.56541889132603,717
86440000,163.10735702835186,285.83679009151524,717
86445000,169.52253727051806,339.5661795472582,717
86450000,174.50756767754982,270.5444630181241,717
86455000,198.23993986017567,264.8764258276678,717
86460000,172.51008615839052,274.2003421174954,717
86465000,189.55614395025114,309.49013850774736,717
86470000,148.8126353713779,269.0150600609186,717
86475000,188.49568542626292,263.3340247305361,717
86480000,188.24301193495512,374.41909535089843,717
86485000,202.93466821474516,380.81887846588165,717
86490000,192.52478573387333,319.1414390593426,717
86495000,164.8641739056443,333.0131370156771,717
86500000,185.95311204815323,313.562727985113,717
86505000,217.9828369325508,265.6223538697163,717
86510000,169.07285814927764,365.2577015701158,717
86515000,169.194329201487,337.2790779707909,717
86520000,161.11225755470886,306.4437552893114,717
86525000,184.65096770900777,315.0150338373611,717
86530000,160.78501752776134,305.9329228501853,717
86535000,194.48639410384882,247.79419224618508,717
86540000,174.8666929960056,328.42378687381193,717
86545000,164.42418356770946,293.183504248813,717
86550000,189.747761625296,315.400281072772,717
86555000,165.6143111890615,307.2188159463693,717
86560000,155.6557270773206,320.6628113599773,717
86565000,151.7378661690122,325.2775405377188,717
86570000,194.05023639254725,322.1795531030575,717
86575000,162.9115221572392,287.42354436725157,717
86580000,198.4093493134954,279.686630189012,717
86585000,174.1676003216249,304.1809739936213,717
86590000,179.68685230034185,350.53343234467417,717
86595000,143.55011641397982,328.3814128881013,717
86600000,175.7668828292907,337.49596872482954,717
86605000,169.98399378082738,255.35424847905108,717
86610000,176.61591986143583,325.618139542716,717
86615000,216.28021770667291,299.7112585375596,717
86620000,147.54286682119044,284.1794650174073,717
86625000,189.63652086849729,288.7630109282475,717
86630000,206.02590364833515,342.3455570520966,717
86635000,157.3291783671856,261.92920506584073,717
86640000,147.76963438869572,274.026029856316,717
86645000,202.06446300970597,372.3182540139577,717
86650000,185.97571150439398,256.30892096966494,717
86655000,170.21734261719757,334.6796672503328,717
86660000,191.77885352680997,285.6502939130019,717
86665000,172.63911083227632,256.7535903005052,717
86670000,174.1756035259716,300.90400963280064,717
86675000,176.15009191119464,263.5971587226949,717
86680000,165.04817365083525,274.2322864857118,717
86685000,164.18300626326996,215.407145295545,717
86690000,203.49610254072476,302.04642532483666,717
86695000,140.65937069699802,276.37302005047655,717
86700000,157.32615691193035,244.7598090123875,717
86705000,151.373266260678,281.8519918455766,717
86710000,182.03056873376997,264.6275673360488,717
86715000,175.26164357825263,306.1671626003011,717
86720000,205.0890024725006,304.63797972929535,717
86725000,175.4389028622763,357.50762581773927,717
86730000,200.52456397939193,331.4510793319427,717
86735000,163.80373388172876,280.306998611345,717
86740000,158.5370458554118,289.9729340962309,717
86745000,196.63761285884547,228.6933452869237,717
86750000,202.38702320043376,350.6422571889551,717
86755000,158.22753085733572,308.35450758505885,717
86760000,203.8273114262456,328.1603325494658,717
86765000,163.07257520946385,362.560848147307,717
86770000,184.49188212268015,263.039551090218,717
86775000,171.39974824557882,305.37812950579445,717
86780000,171.22377092624905,323.22321487213543,717
86785000,153.4235667462353,259.0643671812487,717
86790000,160.6168614426856,335.571039551656,717
86795000,196.2611397607411,259.87767507748106,717
86800000,172.33162941128228,280.00549062029876,717
86805000,165.78194785761337,330.2669483037589,717
86810000,183.964672248448,356.7105479192019,717
86815000,182.42458476382916,305.318609989259,717
86820000,183.32116611800996,264.08774707018546,717
86825000,189.11876141417764,283.8735868956452,717
86830000,152.0904466749828,272.966032084355,717
86835000,131.1458566029779,350.9340428607526,717
86840000,166.95520611705348,301.95122543452203,717
86845000,164.1582515329616,351.49135688211084,717
86850000,167.55368626237663,279.2940345857414,717
86855000,150.21765157039943,314.12797033646916,717
86860000,166.7640729161701,290.089513813724,717
86865000,176.13618200462057,323.70836096270455,717
86870000,144.90111848528372,291.74880359598814,717
86875000,166.085421013741,323.23648840693096,717
86880000,203.37920183310936,302.10615721245364,717
86885000,184.558223147149,234.61728904460998,717
86890000,166.3518457781155,312.5189896587216,717
86895000,195.21233648300068,283.9406341646442,717
86900000,171.43320964370986,313.95064990944246,717
86905000,168.90371898171387,309.38431899988854,717
86910000,171.3612468422797,357.3547327122199,717
86915000,140.6544949692271,275.5313736835673,717
86920000,187.3721931111376,285.82206541535004,717
86925000,238.03796858734535,264.2836256081462,717
86930000,171.80831815318336,233.6278042052758,717
86935000,163.7461608802273,347.88754371273103,717
86940000,171.49368955197795,284.69993788643416,717
86945000,149.04699047231307,311.5011562519645,717
86950000,213.82031326533246,333.4046785051782,717
86955000,171.48819799657156,335.81888504257233,717
86960000,143.05629965090463,339.15922796242626,717
86965000,136.70883252386645,254.6029601761316,717
86970000,209.8198384212214,283.54361102383336,717
86975000,222.55138024564405,316.876747837613,717
86980000,160.63377788170584,251.10644970991726,717
86985000,179.90716681478415,271.0791956966653,717
86990000,161.95368431434565,286.5898112229379,717
86995000,212.50242310956517,287.14658729321417,717
87000000,170.54894858760696,304.81389182761654,717
87005000,216.59356933272994,345.84430543844394,717
87010000,180.05522801243058,289.13707862365516,717
87015000,224.87386847472828,378.6217645814764,717
87020000,165.45479603301476,296.1300179933249,717
87025000,166.09312419835504,263.2089111135346,717
87030000,205.95498346906794,301.18144115697123,717
87035000,146.63759801836324,270.0624675063098,717
87040000,167.54805663937495,314.7338413465222,717
87045000,179.37465551091037,297.3227495497819,717
87050000,175.03310602880268,322.34438333128384,717
87055000,186.68460374661908,320.3409274526659,717
87060000,128.48067253049197,312.93819178692985,717
87065000,208.67168187802173,311.30668722053247,717
87070000,165.71531441749576,284.28166085329633,717
87075000,162.01409181613644,277.55437907800564,717
87080000,167.43316185373598,356.26151072504723,717
87085000,189.00592736275289,325.06415343762006,717
87090000,155.23605811450062,315.2624783331498,717
87095000,213.29817170365368,296.54450291456186,717
87100000,190.64886194266086,269.0063053305976,717
87105000,170.4657731842304,306.49447485320326,717
87110000,136.17138257596275,331.25737473413704,717
87115000,190.2472658071077,374.63630937352207,717
87120000,174.07542560709226,340.8934167219637,717
87125000,161.0777615154548,340.44364869215593,717
87130000,171.5068744261704,261.8879283528546,717
87135000,209.92593616020662,289.98037567118183,717
87140000,187.93940879860753,305.1592143851827,717
87145000,207.8902308247524,344.4636120995357,717
87150000,216.22296725043512,314.50072428047264,717
87155000,174.8638693469353,339.1407831828573,717
87160000,149.56116175619053,309.2093621066961,717
87165000,189.01893871777764,289.33792415869175,717
87170000,187.13334984346835,306.46942842142556,717
87175000,210.75219414115813,302.71125321035555,717
87180000,192.38285985813386,353.94218080153735,717
87185000,177.02918513582966,262.9898484419913,717
87190000,169.0905095952854,367.3333156144988,717
87195000,194.71292975000168,297.62715686705934,717
87200000,163.0442928300449,378.795992606136,717
87205000,183.05010765885257,304.3964854486551,717
87210000,164.8444678704785,284.47266677202157,717
87215000,185.1690563579357,318.73790527602614,717
87220000,165.42420285022732,333.93737255895235,717
87225000,177.7055155569625,353.05193868111246,717
87230000,162.3955520728192,365.2889485755709,717
87235000,181.27614431831628,296.68590586434544,717
87240000,201.87646409134186,281.4990637664728,717
87245000,204.31112879534712,257.0085625972965,717
87250000,186.80672471923876,345.4385456375125,717
87255000,173.34309053780188,305.53242188844115,717
87260000,142.4028218603246,302.11568849424793,717
87265000,203.90876126040337,329.6565663667692,717
87270000,143.1555693719994,324.1253487293142,717
87275000,167.8446294812098,300.22374089839394,717
87280000,165.53330747569643,249.3353380708233,717
87285000,164.1958808646319,304.55889129622557,717
87290000,204.3060660139406,262.92799803062536,717
87295000,221.99723793535136,349.4416773802671,717
87300000,195.17302445190563,270.4847867620922,717
87305000,131.71702308313405,327.0557256568882,717
87310000,153.871881257659,249.96391124656117,717
87315000,171.72258397306192,310.1948605198215,717
87320000,181.71166044038245,296.41772490600385,717
87325000,155.43290079095578,278.24498602280227,717
87330000,214.21623265882633,311.43979410163865,717
87335000,178.93216985864834,285.3007126008289,717
87340000,198.01860259277385,358.10145392490125,717
87345000,157.56373764402704,245.08718745065985,717
87350000,192.75162745984775,311.7231568407285,717
87355000,189.03340903436558,306.0536098415341,717
87360000,172.23035561583188,332.3848257214592,717
87365000,195.33349749405076,312.48815672288987,717
87370000,189.55143578361574,324.09909342777,717
87375000,192.6062671195101,258.58797032652876,717
87380000,203.64336492705135,369.964406104638,717
87385000,186.6157252772816,332.48008409308136,717
87390000,142.23932801372692,296.27607337045583,717
87395000,162.6505088738887,274.2437445464677,717
87400000,171.5131281743848,284.5329519182158,717
87405000,168.08144598019547,319.9416579536422,717
87410000,165.55534221114843,278.98545033790765,717
87415000,179.22822702568737,307.17229903410527,717
87420000,170.0057318001476,283.18867609277385,717
87425000,167.80836383015628,278.42670618959727,717
87430000,180.1673470318889,328.6439293731783,717
87435000,158.2333625057474,291.57280214912066,717
87440000,166.64367627779546,276.91882284304944,717
87445000,190.99358415045288,282.3180489636348,717
87450000,147.82608286825902,303.9416962217957,717
87455000,189.1508585536812,283.9792114561851,717
87460000,210.13180436181563,331.75056625384707,717
87465000,208.17443208337093,296.28318430587,717
87470000,202.35184496572805,351.78883800242534,717
87475000,187.98665533953576,272.7846215243009,717
87480000,192.6184528125212,272.3290520187367,717
87485000,192.5793589447451,279.9209307393355,717
87490000,183.3516086102285,330.7098952846244,717
87495000,188.4167985287906,256.0488946004357,717
87500000,196.77776851776872,283.0682175961617,717
87505000,151.52667991802093,307.55101257077513,717
87510000,176.7972332037078,289.31983947648183,717
87515000,145.61157371574456,290.4211129902538,717
87520000,136.16294853248158,337.3381746588842,717
87525000,163.74413749664595,306.9998701297228,717
87530000,186.7035860053087,267.6999255876689,717
87535000,143.75155620860505,283.4704786033881,717
87540000,177.81528239718483,312.22053286824865,717
87545000,180.01914728175396,295.45680069675524,717
87550000,131.1707644767144,227.02884710938505,717
87555000,173.260494060738,270.6394652951417,717
87560000,125.7096526636775,325.07671878792297,717
87565000,187.2207433298233,286.56611762440343,717
87570000,149.82953770181481,295.49629809258124,717
87575000,193.1767969505746,252.88861106994392,717
87580000,193.79786215355648,289.631120476053,717
87585000,170.27385196447835,291.1727901252221,717
87590000,242.56565783004535,313.7912476479846,717
87595000,187.81106382402305,249.33489935149316,717
87600000,161.38142919676048,297.8082266467316,717
87605000,172.0044578186319,293.5739751906286,717
87610000,170.67415425591832,291.18500505492204,717
87615000,184.56144071684497,302.2338339018379,717
87620000,190.34975055735055,248.37895460677854,717
87625000,161.71866466789888,284.0832602771946,717
87630000,152.81480111475574,294.4113968680716,717
87635000,175.48737056878525,361.4103630319515,717
87640000,142.1152426396639,295.165696173405,717
87645000,190.62340594084972,294.4853681352269,717
87650000,159.11744668560488,317.8549375835837,717
87655000,182.18664450925183,300.8767144231659,717
87660000,158.5408107564454,378.52845122685693,717
87665000,172.78837990475182,335.859454661152,717
87670000,167.56675081331832,269.40095765449337,717
87675000,159.75861082778675,340.4728808040674,717
87680000,210.49815158599012,258.0905676313729,717
87685000,162.73781415268866,353.42185096691725,717
87690000,173.34703981305182,339.16350910132957,717
87695000,167.87948466488575,291.30177263771986,717
87700000,230.13584285870047,322.2275912175171,717
87705000,184.03980895423155,278.89646789183536,717
87710000,213.4757251299975,328.0524050460891,717
87715000,225.10070472012183,279.62415289788674,717
87720000,157.09707296727,279.5793255518474,717
87725000,187.84984646221423,275.243848374332,717
87730000,171.2004854430369,292.92669803925185,717
87735000,251.48515747331155,328.4444660172738,717
87740000,157.22858561242825,286.3927674649639,717
87745000,170.17400688513604,288.4803778789301,717
87750000,178.64049317347926,312.88495604071454,717
87755000,182.33741312715188,313.7787120044812,717
87760000,177.06540241417966,223.87032346056327,717
87765000,201.17216500163707,306.19835279440576,717
87770000,180.37923780611504,378.73792999677386,717
87775000,174.11922231654407,282.93518080677524,717
87780000,160.84176755017444,267.18159397298024,717
87785000,153.6776608363701,321.4799617870403,717
87790000,168.0913837508761,303.1962745063422,717
87795000,163.3697850216838,286.4483184410845,717
87800000,157.80415670807153,280.053504782997,717
87805000,167.02275100458704,304.6164397132515,717
87810000,140.09593102373006,256.5515957189661,717
87815000,187.16828756363338,374.1920380380435,717
87820000,183.65687684623748,286.7281145781667,717
87825000,191.17215816987087,341.92423642418765,717
87830000,177.0773415414658,287.780637423957,717
87835000,188.74842617869385,314.7119373630461,717
87840000,180.59626514506132,257.2558783135873,717
87845000,144.46200193424082,346.93516010387106,717
87850000,184.51664860946434,286.1919353939067,717
87855000,181.529368224127,305.91609952571673,717
87860000,198.2749605801129,297.324382254659,717
87865000,187.46090329201596,284.54008940896125,717
87870000,180.29967648329813,339.5321940531905,717
87875000,172.3537211063113,252.89301943629837,717
87880000,189.1512604065798,307.97065245668966,717
87885000,134.51426546248706,354.05580243668544,717
87890000,152.51538319244847,294.590718154971,717
87895000,151.10493257637773,291.69532677738,717
87900000,176.95988615277366,371.030255292988,717
87905000,186.17208871820444,358.3116552804879,717
87910000,190.4854692080045,406.9800370234992,717
87915000,174.90249281852192,302.37945804583825,717
87920000,168.01346303343874,356.7113850125217,717
87925000,188.0001531594411,244.38885271506575,717
87930000,219.57524013117032,345.9864679697615,717
87935000,191.3631491076612,298.32387672482054,718
87940000,171.3746736590474,296.93746063352006,718
87945000,165.86264194021885,336.26974594511955,718
87950000,187.57106957426777,288.02159216238925,718
87955000,155.85069523375924,301.9412280339089,718
87960000,191.62923772917367,401.54437872573953,718
87965000,165.7014929400445,347.74678306371885,718
87970000,183.30742017434838,352.75088033720647,718
87975000,206.73904577139245,282.0760218188071,718
87980000,160.16067501306424,318.96153226575893,718
87985000,178.135661786549,273.25310201860975,718
87990000,185.31654018084754,313.36994351131966,718
87995000,199.2039533921982,295.43329446558954,718
88000000,124.00655963366734,279.85767777452503,718
88005000,160.32196831693494,274.51347383158634,718
88010000,174.92840919927093,260.2192083082741,718
88015000,186.236433422847,326.6079488502944,718
88020000,149.8948872396882,301.4327138539061,718
88025000,206.05019314567684,306.7490396995431,718
88030000,167.39754088842895,341.23484108317274,718
88035000,180.24334223600596,237.70494393638216,718
88040000,158.03618817085462,331.5456550586743,718
88045000,187.76279071943824,350.1493960774447,718
88050000,132.44654101229767,318.7263193633265,718
88055000,168.74135019542848,277.29730351538495,718
88060000,190.31534166775157,323.28506833339924,718
88065000,165.42797758795692,330.5513618686515,718
88070000,148.98423640644864,292.90111346015703,718
88075000,167.65097120266623,363.0281850534799,718
88080000,186.04062808124922,317.3374497947266,718
88085000,162.88570439082258,348.7747314824941,718
88090000,144.16094032063594,305.0493279484318,718
88095000,168.14396102760062,275.7797961916331,718
88100000,182.68619543696258,263.9689932543728,718
88105000,183.68520485387288,315.295270655005,718
88110000,199.38892160415395,343.7470206518591,718
88115000,222.02084745295713,332.16719343624237,718
88120000,195.32125775806358,247.80604291781955,718
88125000,178.23159277652337,258.0519860027898,718
88130000,203.27895667547514,340.4067285554583,718
88135000,181.97529793364833,315.26656682306646,718
88140000,147.2196647837317,280.29411585222044,718
88145000,194.36636927377538,322.19338828339124,718
88150000,167.8916887097178,347.657919033497,718
88155000,182.38172901832763,269.70642434558977,718
88160000,162.5581760658008,324.5533552567801,718
88165000,164.0452371238926,268.2576735331143,718
88170000,148.81532558723376,268.7189686485863,718
88175000,205.61223494442325,318.6067485602552,718
88180000,207.40458377181884,259.613446197407,718
88185000,198.00303868657153,306.80819245800046,718
88190000,176.59509091208503,356.8869144738696,718
88195000,161.66778448015594,285.96821981739777,718
88200000,169.96833115822287,350.30157195145756,718
88205000,173.5326973098329,330.91284546905774,718
88210000,159.33705391284025,364.03171103096804,718
88215000,151.77164526927018,289.7457458319547,718
88220000,168.89205953680099,298.3422676729805,718
88225000,194.31137490954586,280.47345328014785,718
88230000,160.38181738624436,339.191913417911,718
88235000,147.13285481527745,284.76448277751945,718
88240000,161.39859959677244,288.2636317833815,718
88245000,166.16088911510164,274.13958095235927,718
88250000,171.5531545630592,265.7810342977233,718
88255000,159.24632694870104,278.6784404564455,718
88260000,193.67383856853678,355.35206701696126,718
88265000,203.60148101654013,299.42521335575094,718
88270000,165.69543880865876,280.1003694948873,718
88275000,183.34885743866852,251.18694401495785,718
88280000,180.93858298881435,350.51291359839985,718
88285000,158.9090077833434,291.6569431906093,718
88290000,190.33722698498428,349.23941776016966,718
88295000,175.13681469161793,304.24072490338165,718
88300000,173.714782125854,314.40644890538204,718
88305000,148.6958563592267,305.8557245776019,718
88310000,163.41589320616066,312.7327333948244,718
88315000,158.605086543741,283.4091226188783,718
88320000,179.7658180073989,290.35474356541823,718
88325000,190.63584074769668,276.08517954385405,718
88330000,195.2340679937137,338.9105030143203,718
88335000,181.48939947424236,299.06357157389226,718
88340000,178.6577457158693,339.5228482027539,718
88345000,176.94894893801535,290.4392536425643,718
88350000,174.48997086049067,313.5309408496334,718
88355000,171.87013515080463,276.7928064369059,718
88360000,189.9616396889614,308.9037309698508,718
88365000,180.7088761969845,320.3780213171693,718
88370000,159.2862553712965,214.28041118686687,718
88375000,182.37058635768608,379.79570380640246,718
88380000,198.4556943457029,291.9976830960397,718
88385000,150.27564077049715,284.13253128013343,718
88390000,172.93470917178715,289.1294552177878,718
88395000,186.47326768102417,295.4782949374812,718
88400000,178.33128408872565,310.72964713356083,718
88405000,189.1394410105999,287.1941443823776,718
88410000,141.24973388975081,345.3230476892536,718
88415000,229.3176696538681,326.5121858951097,718
88420000,173.25168218742562,293.6922448008585,718
88425000,211.20713854074822,301.9019004956531,718
88430000,162.3771156718467,211.15676887889464,718
88435000,161.5091013479711,207.3674709282655,718
88440000,218.05766549354956,314.3881177552664,718
88445000,186.6018052660964,285.27793012933756,718
88450000,179.36819033608842,376.17818040885066,718
88455000,189.96362241593695,305.65878528858497,718
88460000,160.97284101184357,326.17460876312214,718
88465000,176.0278809776897,341.5646742111353,718
88470000,196.34442246930143,268.39133874172967,718
88475000,141.553426553114,331.59614462323265,718
88480000,170.0016504394986,216.67888347099276,718
88485000,171.93228621994362,256.3952157675404,718
88490000,190.16022718583926,207.92892115428054,718
88495000,192.57587026801554,329.4165848427301,718
88500000,172.36203552523116,341.2961171268979,718
88505000,180.6363458411978,332.98820246230866,718
88510000,215.42924057042188,292.2118430372641,718
88515000,164.4259022771037,339.96979247147993,718
88520000,158.91794572527039,232.6732894311863,718
88525000,189.47551002597876,380.7614672735142,718
88530000,201.93316553494373,343.82876350661013,718
88535000,182.75375951169826,351.7045861894833,718
88540000,174.32417144076672,263.41753132283594,718
88545000,199.37310813655947,289.6679844712137,718
88550000,187.656776750314,335.07661496674996,718
88555000,199.7945092667369,270.1502294113301,718
88560000,174.03420583940428,299.5088236767457,718
88565000,179.29694620934848,317.5746897343513,718
88570000,194.9251840963051,284.9236798672097,718
88575000,188.71734453042114,318.0480019334078,718
88580000,171.79695230501048,272.8037896472654,718
88585000,186.15919563876696,320.97490270835505,718
88590000,230.40751693284943,311.6870062093399,718
88595000,172.15822549959393,188.4081858648453,718
88600000,165.3145425681445,319.89268024348297,718
88605000,188.00573114752714,302.54565668192015,718
88610000,234.54934599547423,314.0800130873506,718
88615000,159.90322777020478,335.11490776540865,718
88620000,168.5335131897994,309.0000468376287,718
88625000,169.81516989790325,287.11123927441474,718
88630000,133.88294805612765,230.73116844620782,718
88635000,160.79075198204106,275.8532434992988,718
88640000,175.52247451135335,330.0357933432575,718
88645000,178.7034757966263,312.5994521172145,718
88650000,163.70928674664546,312.60263075953293,718
88655000,179.11351830528972,244.3091630756814,718
88660000,167.51443149770128,243.3612829389557,718
88665000,200.87583835598713,353.27179372716455,718
88670000,138.5588353255716,282.8723362528868,718
88675000,171.93984614781812,306.9463819815165,718
88680000,159.69460025487464,339.47569558702776,718
88685000,152.98614128865813,268.67485787108455,718
88690000,183.7180949424272,283.3474485784994,718
88695000,168.43532041013998,320.8471200489449,718
88700000,169.989198827451,314.8089438568128,718
88705000,116.90644733947397,263.15746857437114,718
88710000,133.51879820341412,320.2151648272089,718
88715000,174.66214640957244,303.31892207840417,718
88720000,197.9466488027083,319.7997551513994,718
88725000,160.45071867576655,350.60241831296076,718
88730000,171.50530909194006,337.8857631451618,718
88735000,147.80934719579105,287.51693471718465,718
88740000,185.26283424356444,317.5861229779668,718
88745000,196.60481824136593,311.2730990580543,718
88750000,154.60073465918134,245.9924937194642,718
88755000,182.7599373814945,340.8404854631932,718
88760000,227.50055548231282,305.95769907070513,718
88765000,167.49300056223353,336.382470950959,718
88770000,186.59783391077414,367.36095598445763,718
88775000,185.10706996004393,305.61986114381193,718
88780000,161.07146922461277,334.87225527305384,718
88785000,197.93658133667284,273.770572811179,718
88790000,138.82892823616493,354.2941846543743,718
88795000,157.17894210686353,275.774485173449,718
88800000,176.40006567919897,285.2810473393282,718
88805000,156.99573695653206,254.53820144596673,718
88810000,162.77029660278112,248.67778186842756,718
88815000,192.6919257603073,336.9121775474356,718
88820000,176.51160094917805,274.45566673965317,718
88825000,179.32131253638192,296.39406131533417,718
88830000,161.58147888413586,333.75905153354,718
88835000,174.31305418552705,283.50483039229573,718
88840000,167.5855336203675,201.56932881149888,718
88845000,207.61159633209687,398.12688198787725,718
88850000,200.07906761029642,282.07543201666897,718
88855000,171.10623469473342,286.0478052973694,718
88860000,164.53583029838637,359.5288402508588,718
88865000,125.69004215597221,294.10444954715877,718
88870000,179.85775565707837,338.40627447815086,718
88875000,169.2271533340793,310.79476163423936,718
88880000,163.69765613343822,340.21467233003,718
88885000,137.3117572359142,306.5522254196497,718
88890000,159.5094631512972,345.5078966002606,718
88895000,231.7373670182075,262.7096682658445,718
88900000,174.96303219470693,254.5854336435826,718
88905000,182.3194888715673,258.6171229987983,718
88910000,178.4372311877163,312.4418737685885,718
88915000,141.5288051896955,275.22737117749364,718
88920000,173.0052591084916,299.7940444958653,718
88925000,169.88929404079806,268.8150192924487,718
88930000,184.39453999807597,286.5626252658588,718
88935000,142.63823380528646,260.1180936825353,718
88940000,143.42961609827557,263.25080181072894,718
88945000,191.80188952690088,263.93476976068206,718
88950000,169.68678789538606,273.57769447396635,718
88955000,163.61026426086636,321.9049407929666,718
88960000,198.5698664545229,316.64721900148174,718
88965000,182.80785163402464,307.6299289822553,718
88970000,214.73322218093466,328.97286441209485,718
88975000,165.79943948046355,297.7160816223705,718
88980000,144.49614649988752,306.08745095798616,718
88985000,172.2259914056238,276.4798958126451,718
88990000,171.09238962064646,302.8855636501088,718
88995000,156.96050637514864,215.47353596655623,718
89000000,152.64861726644364,375.6851657587448,718
89005000,178.42771698238838,310.71763990680705,718
89010000,145.78301752228174,369.3629241492022,718
89015000,170.8529822061172,276.62789811485493,718
89020000,146.97263619482518,309.7357201974113,718
89025000,166.17231491016014,262.4585869921211,718
89030000,178.40410308527052,344.40935941552345,718
89035000,151.22195098810525,300.3915212319331,718
89040000,205.88405715739708,270.4798753310046,718
89045000,169.61461530729622,286.21692790988567,718
89050000,197.1859091185161,290.8624923995023,718
89055000,177.56930870086603,312.2671628483441,718
89060000,194.90170620909234,302.2077092067928,718
89065000,170.4524072578158,293.92875671376476,718
89070000,168.15763607913448,275.31998205203877,718
89075000,174.2164731797256,312.93370030731774,718
89080000,178.24973072800938,308.50794603790575,718
89085000,231.70366299476316,299.3218242705481,718
89090000,177.3389951971451,355.94772674326686,718
89095000,196.19067606415956,358.41531077562325,718
89100000,134.66697129586112,273.5912001644747,718
89105000,193.65899531126496,314.9884107133721,718
89110000,160.37256398307312,293.6396845855151,718
89115000,183.67797663364942,310.72860356785253,718
89120000,166.88801523093633,272.12433553093217,718
89125000,150.1043293696181,340.9495258224194,718
89130000,173.42879148920917,376.4063395096391,718
89135000,179.7744837923525,318.90991471182446,718
89140000,172.03652538900522,211.00196599396202,718
89145000,128.74762726561457,257.6992434720217,718
89150000,144.04749499977507,345.57381195658417,718
89155000,143.3208510110303,272.91907727581315,718
89160000,178.22550374087496,313.4548703869874,718
89165000,149.840288417513,301.6739507461949,718
89170000,217.4093031826025,274.7717857802463,718
89175000,171.54934251069196,279.6143696217716,718
89180000,142.3971740855494,282.84541655100196,718
89185000,167.44306469211173,318.236377492344,718
89190000,227.94455057205192,264.02595324171847,718
89195000,185.41461991726894,336.46583697119297,718
89200000,169.78640926877887,299.20513193109974,718
89205000,186.93870856481152,253.04164270276286,718
89210000,192.15973421336662,290.3827516692582,718
89215000,193.50861502362955,354.31049232718607,718
89220000,163.43782366357033,298.05452891537163,718
89225000,167.85859391481688,350.24790255885875,718
89230000,187.41716322988157,273.2287469230602,718
89235000,121.81905383678746,262.5579611163271,718
89240000,193.1499825593064,307.7832012801948,718
89245000,143.40879735301394,275.5986442789439,718
89250000,179.71363635254883,315.4526296374491,718
89255000,163.35732116900815,378.70620060737895,718
89260000,195.36748878340597,341.32767203835954,718
89265000,175.92960692858676,272.72364502574965,718
89270000,164.54858102996866,244.86006699533823,718
89275000,187.11726601096743,290.8537488506751,718
89280000,178.297278004416,273.05095679876246,718
89285000,195.25499763782284,236.94317975221858,718
89290000,179.64358205334804,278.5374021388176,718
89295000,174.6601237570838,313.62610096612315,718
89300000,174.5744409943292,252.28371087453655,718
89305000,211.21493823296893,300.2898082280554,718
89310000,190.25041111463867,313.9978579225545,718
89315000,142.120912519302,263.6318564088947,718
89320000,146.7140483780536,327.99644466684504,718
89325000,145.29997530924305,295.3150094395941,718
89330000,186.32755384339853,319.48289827563167,718
89335000,152.3036169990421,255.9097150595096,718
89340000,196.94235635914134,286.7479033917048,718
89345000,177.37198992729796,298.4909849201579,718
89350000,186.1270097095943,370.81691373998746,718
89355000,185.80946435102,258.36758046337195,718
89360000,173.86897896068714,293.40167433904276,718
89365000,159.69455705930676,247.70562249704088,718
89370000,218.12808202379748,374.2622094717392,718
89375000,142.4769928330752,303.29195622664065,718
89380000,195.9389014870112,275.38870510220477,718
89385000,156.67701881974514,253.03406333943062,718
89390000,182.73561303034927,304.00677674161517,718
89395000,142.71199120016,279.89254676247157,718
89400000,172.46343614924834,256.8471683955221,718
89405000,146.26470723138326,285.17802145857513,718
89410000,174.04497496273706,331.2608250288768,718
89415000,176.45089709976907,353.82165443827415,718
89420000,164.67969993630828,275.33596595921694,718
89425000,165.9190635397271,300.50442358114117,718
89430000,157.19841553116575,283.80209440317236,718
89435000,161.38006248132655,358.50936705394747,718
89440000,172.11472527361926,283.5879550018041,718
89445000,140.8968863601528,302.6630118146766,718
89450000,157.21354491098117,267.215262042359,718
89455000,171.56684883124552,343.1475396675871,718
89460000,164.42673016982394,286.2649116293522,718
89465000,218.16671667181367,280.46896646743636,718
89470000,154.2271605062857,265.3334026825317,718
89475000,165.18349023882342,319.382108520016,718
89480000,154.06572266296882,306.7744405726128,718
89485000,167.71191516316577,334.5815862092616,718
89490000,161.23296240128124,293.47423740183547,718
89495000,194.1830502130842,266.70136432154237,718
89500000,162.53381866872468,278.76390459547446,718
89505000,175.21796300464192,275.8120337478608,718
89510000,166.61210630448454,340.107104971966,718
89515000,217.43401073166075,341.8489177343624,718
89520000,172.19382691575157,356.14553114524205,718
89525000,177.42222904427385,284.08866058402106,718
89530000,154.08072006844438,323.44297275236903,718
89535000,155.50928793753138,299.52896189467776,718
89540000,140.62427519750912,313.2127652289189,718
89545000,165.68586698324475,279.52357626904126,718
89550000,167.24505314871774,281.6886275205288,718
89555000,169.53316259023808,264.52760156021964,718
89560000,138.64306005896862,260.1690454913426,718
89565000,163.9988734121298,274.36499972286794,718
89570000,189.12297095430048,315.5373352128616,718
89575000,194.13519439686814,320.04267272891485,718
89580000,147.652332104228,327.4578933250581,718
89585000,186.7016623168949,255.94126074548728,718
89590000,191.20852063820604,308.8346060537326,718
89595000,163.66276763458598,274.11919773378827,718
89600000,183.29796742642208,253.26091592537287,718
89605000,186.9556064735148,291.5577279886038,718
89610000,177.53210692351706,293.5665919008954,718
89615000,167.2677270260096,293.43922193523446,718
89620000,151.52353335209168,316.22683206775315,718
89625000,180.07170855478813,287.29318206792607,718
89630000,168.3414737354777,276.57760303046945,718
89635000,202.16540940635417,341.1507649305297,718
89640000,155.49367355275044,285.2840490873591,718
89645000,160.72445040144666,321.9681191040554,718
89650000,164.56129611636732,282.11558584171866,718
89655000,220.79488553905657,265.1897377330891,718
89660000,211.22594508718456,351.0619601599939,718
89665000,174.1068317894947,254.35169658887492,718
89670000,179.33125881481462,331.00600225703454,718
89675000,164.8851694734968,284.09028043570726,718
89680000,223.72384162304309,258.3292793811876,718
89685000,159.6396046138533,308.14589379925974,718
89690000,172.96759736441868,282.3630828713912,718
89695000,207.24399311654813,315.87854580294265,718
89700000,179.60875495529064,326.10831107188034,718
89705000,166.19352164766525,283.8879760859817,718
89710000,137.2304720192437,300.9067786911631,718
89715000,190.60310050098377,319.5452455789502,718
89720000,228.6658130548504,305.4795610082533,718
89725000,168.6945964315397,297.8071652348519,718
89730000,159.2042852100812,262.5821951946471,718
89735000,198.05790621978483,266.5462653819161,718
89740000,190.59451793131524,254.80476613778114,718
89745000,147.1805711406805,253.527725781824,718
89750000,202.1420589667945,267.99075539276714,718
89755000,130.81930311163754,262.06758253243623,718
89760000,196.23966177757788,345.86031359319884,718
89765000,204.98888953613064,255.29548458706557,718
89770000,215.02447190666723,278.1772045540505,718
89775000,225.61801165579567,324.4315940780152,718
89780000,161.8455892524357,322.11364705810416,718
89785000,151.95627449297808,292.2515819938986,718
89790000,167.32285793680052,257.15018214210914,718
89795000,185.1705370988452,255.2774106043652,718
89800000,198.34420987452668,332.57195843235155,718
89805000,176.83432253068398,319.6835173546857,718
89810000,158.8237435980208,368.80870848105866,718
89815000,177.17282066396632,270.87410024085233,718
89820000,203.23259642636927,295.73378887532783,718
89825000,194.47364827080582,274.8046878472359,718
89830000,190.3411293806677,312.1550958466506,718
89835000,149.08442893171406,258.4496145777798,718
89840000,162.69277977533957,287.9865682867247,718
89845000,179.17222825299027,316.98638902479746,718
89850000,208.62038448793436,302.9966983196306,718
89855000,211.56983517845075,380.1415925115515,718
89860000,202.95416226662368,278.39020671484883,718
89865000,134.01789810183826,270.5852663323746,718
89870000,185.09236221645165,267.5484219760315,718
89875000,193.52098074455364,269.83930647402144,718
89880000,234.1265942338682,253.01209338398428,718
89885000,138.6375922959969,292.98015925887347,718
89890000,187.81039464038037,271.41404548698756,718
89895000,166.61071087876397,258.03659867618296,718
89900000,191.5207583470246,300.2191727377678,718
89905000,169.92933272445455,360.5692496334289,718
89910000,175.86350572672123,285.5958253054545,718
89915000,143.03941031777242,270.09652392652555,718
89920000,181.88756118885868,306.29418287070683,718
89925000,210.8726200937001,249.13659359909641,718
89930000,172.37162220412836,338.8401458887962,718
89935000,121.3796825839818,315.5964712643183,718
89940000,205.98471039238555,308.85194790857093,718
89945000,168.94741312257165,343.6902120965476,718
89950000,195.96018599295883,283.52451598870226,718
89955000,134.7941798402449,264.71332617610966,718
89960000,172.95663027018736,387.6023799096759,718
89965000,166.90229847696676,330.6995191661908,718
89970000,187.1153887124747,324.0892368748498,718
89975000,175.73035205519415,336.73414430896673,718
89980000,198.92557039572603,315.4093730509968,718
89985000,144.30713321236954,294.0478544833496,718
89990000,166.43768973394143,274.61034017713024,718
89995000,205.66300652978953,221.32631936822358,718
90000000,179.3423450004016,278.86329776589315,718
90005000,168.3689089868706,282.5810298725383,718
90010000,203.76842962952654,298.077085539368,718
90015000,148.92447184533196,335.74482388254745,718
90020000,186.56757203967493,298.06516817308307,718
90025000,199.07954305371823,351.16337539486636,718
90030000,180.87856370946074,277.7445892021172,718
90035000,166.27579148589732,279.1164934083526,718
90040000,203.43478686199688,337.4131186711223,718
90045000,187.04617545552708,320.8738853036244,718
90050000,166.60957922016414,288.89934307727094,718
90055000,157.6590498856736,315.88624717147104,718
90060000,175.61656199803127,295.6046684506601,718
90065000,169.3433863914155,347.08738089161557,718
90070000,172.68057640621026,250.26911683464982,718
90075000,185.45306379870755,274.12245221045936,718
90080000,160.41210374498365,243.4229290095811,718
90085000,163.23297567990187,266.06375252078,718
90090000,204.24260397085908,310.1172390139526,718
90095000,169.14977526084476,306.9014713173449,718
90100000,199.48996475337555,303.4324795698635,718
90105000,154.2657008676603,324.19877249364407,718
90110000,158.2995036494591,328.3825679551894,718
90115000,182.91904245042366,261.80901260361975,718
90120000,184.31569841816898,285.13304196755547,718
90125000,186.67906176819295,256.15726477059883,718
90130000,166.26790029288335,290.33773293753313,718
90135000,200.19330011558537,333.3324804559381,718
90140000,132.47865635490925,269.4151201804783,718
90145000,160.05398533507025,331.07706393049386,718
90150000,190.48709334702215,297.14503705092574,718
90155000,179.9083858741519,264.6848542941986,718
90160000,208.35743678260255,302.93766608085053,718
90165000,184.401477614784,372.2672890088965,718
90170000,188.22372885697416,279.94738105687964,718
90175000,166.31722693810553,293.7148052068842,718
90180000,162.2511085694503,345.3756919856594,718
90185000,159.06772622047765,257.88902685202794,718
90190000,175.19823855519607,296.3657434862042,718
90195000,172.6678927736135,317.93009578555893,718
90200000,181.36312665823715,314.4180300397265,718
90205000,156.95704235953215,312.9121666135214,718
90210000,192.3785340517209,274.8043093001543,718
90215000,157.82983548032362,253.29920660516046,718
90220000,192.3688377850921,335.9093818098587,718
90225000,190.66939916452353,304.3349384818395,718
90230000,209.20914489301705,268.0630111476059,718
90235000,168.9114039504254,279.08312054624474,718
90240000,157.04151575893215,297.47288358931746,718
90245000,182.89679511619548,332.89402549014466,718
90250000,212.4870566461731,314.7408895107018,718
90255000,208.7912266357547,295.25726289974654,718
90260000,199.01994132314326,314.1643525248282,718
90265000,174.38274691509707,324.12318081522557,718
90270000,166.09348292898574,260.8067326240001,718
90275000,172.54833610511668,398.60214626201326,718
90280000,157.78133190736395,274.1473893910244,718
90285000,159.8722702957331,256.8575467649866,718
90290000,191.4034487099273,345.90908192434944,718
90295000,154.38859614386925,264.8753350614452,718
90300000,195.33960168945686,330.58341171675977,718
90305000,189.3660800822273,234.02290411982798,718
90310000,155.5411802630383,308.9691030097145,718
90315000,188.45974558271428,280.9900628754422,718
90320000,186.83641532789517,308.6556752825784,718
90325000,175.41949572850922,320.9220292875719,718
90330000,164.53818134948688,295.0993150923725,718
90335000,179.1164573018515,308.3391209859162,718
90340000,209.56214306762186,351.1136701814868,718
90345000,186.6513517705405,250.81071042369928,718
90350000,241.01186536085663,277.6595429751015,718
90355000,156.36100004411003,298.2068862108891,718
90360000,190.14670768359477,262.116438049807,718
90365000,175.04957892036617,318.03588050569834,718
90370000,145.7686817007779,301.2258094677573,718
90375000,187.34110311583865,225.42102942063508,718
90380000,177.1595567726941,261.9073838261953,718
90385000,199.01196462757355,313.31125499780927,718
90390000,180.00856621944877,261.4615010874331,718
90395000,201.45605293398984,335.0609683015969,718
90400000,143.09052630700026,381.39906716125984,718
90405000,181.0417750883997,327.90396245714857,718
90410000,181.13592333200302,288.62118243023934,718
90415000,159.3828818002266,324.6417717228275,718
90420000,150.23816201235596,274.78249828045244,718
90425000,166.84443604713687,295.9880117136141,718
90430000,167.76084121646278,334.88492361798933,718
90435000,160.87611126559742,307.512231928981,718
90440000,185.45538644898042,335.5938579176436,718
90445000,205.01770248853197,288.76693737915366,718
90450000,166.422208924789,310.66860886107094,718
90455000,194.76276429760483,334.3745971458149,718
90460000,162.9129942293805,273.4768703701503,718
90465000,179.97435709547764,342.82166936311324,718
90470000,224.02358808941648,231.4719505299525,718
90475000,177.23937517550542,294.31906332719694,718
90480000,166.70451273065876,304.05189724740814,718
90485000,172.28845121586403,331.0435894127796,718
90490000,143.5612552734385,258.5008423954977,718
90495000,165.88340082859187,302.5485590911382,718
90500000,194.92247345306023,298.14782003791333,718
90505000,185.93963143357462,285.2178827893395,718
90510000,137.34618098799584,311.5292994110461,718
90515000,181.55149112983293,254.36824806995196,718
90520000,146.08462891959613,282.7482371667692,718
90525000,153.94785340437096,324.6273719585866,718
90530000,150.20837754187335,283.72639821244246,718
90535000,203.10559657901476,359.0793690345812,718
90540000,187.21963375786555,384.69837848104396,718
90545000,147.5739388570732,304.2763646587912,718
90550000,132.94179376787596,272.3069873775698,718
90555000,169.01375259254016,264.40169691029325,718
90560000,160.57545972314077,290.83187778800203,718
90565000,173.01898295617715,333.345944902608,718
90570000,170.0240048356143,305.4707693628523,718
90575000,133.92185331797552,355.03290980336305,718
90580000,190.1963319203079,377.03752843729717,718
90585000,165.9651665114711,287.3796820722063,718
90590000,156.67265992510377,313.09649445924333,718
90595000,162.47351703200277,334.439230916892,718
90600000,149.54208961818924,296.08216901626383,718
90605000,184.40354179380122,317.56473228131455,718
90610000,181.06885790003122,314.42976911168125,718
90615000,216.0675667585926,275.37960496222473,718
90620000,162.51793274122178,319.907381747668,718
90625000,161.59974408757813,306.6794386423119,718
90630000,175.7032747741144,261.73563452314863,718
90635000,189.67063022299251,251.63964338214473,718
90640000,174.73758060866285,280.51839037417557,718
90645000,146.75590905417732,293.21303858712076,718
90650000,153.58369173800685,254.87439575374177,718
90655000,141.82507617006104,332.6255694496185,718
90660000,184.5680198047928,328.28561100117605,718
90665000,176.45861628856375,240.66709177618299,718
90670000,176.58593482540846,304.5639235822344,718
90675000,196.50596280388356,353.6189672344811,718
90680000,200.9735695740619,377.2454300108717,718
90685000,159.50354900391844,285.38613387714094,718
90690000,159.3262731833269,375.5165078776557,718
90695000,211.69574655414996,271.51705321213666,718
90700000,182.38825598309845,367.4303713608686,718
90705000,197.46727734557908,364.1225214831018,718
90710000,216.4640003067726,393.0347779834952,718
90715000,171.1162303172561,304.88205382911116,718
90720000,172.26036194172463,252.35252230771314,718
90725000,164.28298979514523,316.3320469411086,718
90730000,144.10614433710828,324.3716146678125,718
90735000,174.86245758743723,313.7043772521649,718
90740000,179.5234926232806,291.1121418198816,718
90745000,182.4243126232407,328.2472597630783,718
90750000,158.00956092539582,264.64802715865176,718
90755000,193.17677057495794,313.6944165122745,718
90760000,139.85867869299406,259.1653974989549,718
90765000,208.16892505223734,290.36582996705613,718
90770000,181.67930531740373,260.81797754368904,718
90775000,188.90842166567586,297.26067569476675,718
90780000,223.36794938018394,319.1554953742768,718
90785000,179.30090464702138,299.6364740036272,718
90790000,205.6130571319554,311.8794558292215,718
90795000,195.29985758008175,341.64843451764114,718
90800000,213.9430117861942,304.1811462948599,718
90805000,183.83164156349537,328.85832850521984,718
90810000,206.01057877719543,251.40734695136214,718
90815000,142.33942131582046,312.9937533314105,718
90820000,154.7428493144167,309.9880006019369,718
90825000,195.85483127791548,307.86017596620394,718
90830000,188.5118088905344,332.6444192074519,718
90835000,140.72640516423382,285.3854766603462,718
90840000,186.93450751073576,329.2219615065842,718
90845000,189.39933326877076,338.1834315963997,718
90850000,193.89204679883568,324.62283283296233,718
90855000,130.6511118274001,247.2696812785271,718
90860000,187.1194270348813,332.8687166149778,718
90865000,174.81315990949528,362.5102590995983,718
90870000,182.95326810106224,287.55220565821156,718
90875000,178.7805553782327,350.95693133156885,718
90880000,194.50790381634687,336.0620324248443,718
90885000,156.0007311653022,269.5017947316669,718
90890000,188.5992272592466,319.2775232518526,718
90895000,192.90703986860396,256.9735937527001,718
90900000,178.28703335853325,301.33989780151694,718
90905000,168.9512783798761,313.0334902587153,718
90910000,183.81887555933946,347.9682595490369,718
90915000,195.06651961032694,315.0439351725006,718
90920000,159.3294767160455,267.6423308145696,718
90925000,160.9965375159456,337.04707687852925,718
90930000,171.96967416511558,276.95902223111756,718
90935000,174.1265614129409,334.55626926224147,718
90940000,145.18883764798173,310.8177357356836,718
90945000,190.5620359069525,295.0452229209108,719
90950000,219.60202843797498,276.696658422326,719
90955000,163.38522963087934,315.4815048530873,719
90960000,161.68188001235592,281.68158121165885,719
90965000,148.33707199578478,280.6039860270755,719
90970000,166.88109823682115,291.9204457948066,719
90975000,184.51879451064235,335.2330455127125,719
90980000,177.91411938792479,348.4449516224519,719
90985000,195.42677409609294,259.685117682935,719
90990000,180.9760753560322,287.5162110484925,719
90995000,164.71678431364023,359.8003470026678,719
91000000,157.10588825062845,332.91492631324985,719
91005000,172.05116322850932,246.51822973563785,719
91010000,204.1833493987406,291.96871264390467,719
91015000,210.3224806693886,275.80324192560215,719
91020000,156.35432031789549,283.99282992800545,719
91025000,191.5307738418546,301.5851295154675,719
91030000,158.56019922561077,247.37913699441097,719
91035000,172.6718475353622,301.4941166904274,719
91040000,181.4067354149832,348.15183668389386,719
91045000,176.48384009620096,284.7900609255952,719
91050000,162.84034616573913,391.5934251492768,719
91055000,186.62663532195796,335.6500306114779,719
91060000,172.93873645646698,210.93559023616336,719
91065000,159.84777547508543,332.79931153688483,719
91070000,167.8100956190741,328.8466521113046,719
91075000,180.92748897561802,307.7403218284265,719
91080000,171.9331258822083,347.84825690622057,719
91085000,182.26582069425797,307.4807515111825,719
91090000,183.14230559979427,316.40281219487053,719
91095000,207.74591873016243,285.4206549029411,719
91100000,169.25010012291975,294.52107641976824,719
91105000,169.69187949642114,335.78602000944005,719
91110000,183.6748685601518,282.0154623217849,719
91115000,173.4466995679171,323.31603844840964,719
91120000,178.38690827714413,338.3969570681905,719
91125000,177.40637330777972,284.536783336458,719
91130000,200.3490954277252,298.7762043169399,719
91135000,234.40181234305527,300.4474749828057,719
91140000,171.2017857704098,265.4893421606503,719
91145000,179.9580721827297,236.80128416979827,719
91150000,217.45811496854463,302.7969754063206,719
91155000,200.85385161120422,344.9250163960948,719
91160000,210.0744400955108,266.6776445895441,719
91165000,146.39136463102858,254.4052909134753,719
91170000,200.73409471690044,319.7079969680589,719
91175000,172.48685790762505,286.40545693609164,719
91180000,173.95888367767284,290.2933785476986,719
91185000,168.43531435659227,290.43082420683044,719
91190000,136.75152318033432,315.2613657758501,719
91195000,201.37294888893882,332.82501987328686,719
91200000,197.23747882874852,257.96561033784224,719
91205000,168.15490125988816,271.27385700392955,719
91210000,126.55768543141164,268.0586001726751,719
91215000,177.7907419011048,309.1600646329479,719
91220000,199.42513185028443,290.8187384736257,719
91225000,190.1784037696942,326.85095236531834,719
91230000,171.99339608869937,297.4851443251743,719
91235000,170.32991373913035,293.1603351737361,719
91240000,172.99413993528452,255.620613438154,719
91245000,160.57264644451018,358.9457306311985,719
91250000,167.3358989990201,322.1910113422599,719
91255000,189.95006661382777,328.0873047365044,719
91260000,199.2652522461679,288.5930155751251,719
91265000,138.49989823908183,291.73302623335957,719
91270000,192.97026719166297,282.92439381451,719
91275000,160.44749712868315,257.18962797334586,719
91280000,160.80576275098886,311.3837038012518,719
91285000,200.3724404594477,295.5589914198219,719
91290000,157.57774154948123,313.54266666272724,719
91295000,188.94757984713172,273.1115836145706,719
91300000,195.17437560774525,338.9466991316454,719
91305000,168.9898608029549,321.95211740811,719
91310000,185.05988548939484,330.3054478173929,719
91315000,150.2384308539925,315.4363670069226,719
91320000,182.3252048195129,365.9183362557732,719
91325000,170.92858033391957,279.8682535344861,719
91330000,198.83759992202428,274.71455441398683,719
91335000,160.73015457199418,283.6532246480283,719
91340000,198.6266736723047,292.64612977503214,719
91345000,206.70823723462075,284.164604740254,719
91350000,153.98825304983492,274.7669501460827,719
91355000,190.7789488159261,295.49220495913727,719
91360000,172.75096498940258,262.78512360730656,719
91365000,193.0751966666754,309.2227931898583,719
91370000,205.5544789606105,302.39448989812206,719
91375000,185.2646074806388,314.98139105182594,719
91380000,193.40068779979896,295.460589515332,719
91385000,174.98767756875483,368.5883366428631,719
91390000,190.0242734991882,313.6398688953526,719
91395000,204.1810723330549,339.3618558820256,719
91400000,192.5177161504053,323.29117752331575,719
91405000,194.84884161455597,263.8484260781627,719
91410000,201.98611723835256,337.82762651731576,719
91415000,179.76005853418621,291.6068023276977,719
91420000,171.8690326644721,283.3543234038247,719
91425000,176.22809676641725,293.81752562291103,719
91430000,201.44308272246894,337.5272049093167,719
91435000,179.8034809203862,317.1501677835411,719
91440000,153.8847997851185,308.7241789159786,719
91445000,210.8752180962129,292.77168118191514,719
91450000,141.1456722303588,309.78338762720534,719
91455000,166.32535961337388,299.94343363452555,719
91460000,165.93417254444856,306.16764444807933,719
91465000,147.39322248569977,227.05021128973553,719
91470000,130.57255184380443,272.856894473969,719
91475000,222.44925971841477,324.1063851020481,719
91480000,184.19603631169286,324.96519769474065,719
91485000,194.68937305304448,317.0164741828507,719
91490000,185.25730794363,289.72713970370756,719
91495000,142.28101008803293,325.37241553659203,719
91500000,207.13130397139898,317.6676660543675,719
91505000,152.47592717404504,278.89476288045694,719
91510000,180.52657330670516,293.5627869475176,719
91515000,195.755778383248,318.7982297086281,719
91520000,198.63391765158232,274.499220434178,719
91525000,183.68402876390445,325.9843529147248,719
91530000,166.91403909935363,331.07345183324276,719
91535000,173.31077828200148,292.4687084200742,719
91540000,180.4500940859989,332.54822271487836,719
91545000,179.53500056818754,231.05817740658998,719
91550000,147.0403062040562,254.6784576182706,719
91555000,201.41078742667878,259.7820817908204,719
91560000,140.5077987249631,378.82696333863055,719
91565000,159.32137692022377,314.05925761663366,719
91570000,189.31161136209468,239.89139509181226,719
91575000,185.2011216573951,308.6712283545914,719
91580000,181.10243038708032,293.1161901464473,719
91585000,185.01560772649896,378.1128584746367,719
91590000,174.51894061753399,237.94018871010823,719
91595000,154.66528249651478,295.37882087311647,719
91600000,148.20523164196848,276.40110591118423,719
91605000,201.88571253113298,317.41407313087444,719
91610000,166.2485429265253,289.19174607687575,719
91615000,143.92793586680128,298.184526507963,719
91620000,149.9848216372341,264.1570709439363,719
91625000,169.68413927479068,279.8772784881191,719
91630000,168.73131422309947,281.35396136181083,719
91635000,133.33908937004307,381.5104106961071,719
91640000,186.0703966180286,249.38100558233089,719
91645000,164.60746070364792,345.63820929974395,719
91650000,152.47226136147364,301.3964893529117,719
91655000,181.75137818230664,345.32819470811944,719
91660000,186.92617531204354,301.3185017108814,719
91665000,160.95873622477743,335.3489080433073,719
91670000,187.83105368381456,351.41948936836656,719
91675000,167.84744569993697,343.70425227795266,719
91680000,205.53595271176422,317.30299666702723,719
91685000,155.5152919022169,262.8642666688007,719
91690000,193.96673015447902,259.5868785584815,719
91695000,199.87246594752636,270.90161392345397,719
91700000,169.39118046803694,283.9148325043239,719
91705000,181.4904489086359,313.39417310034594,719
91710000,173.77669778259704,259.6833729152581,719
91715000,172.78292767456756,301.5237675874735,719
91720000,194.32898365346333,216.47193993585705,719
91725000,156.7706908740089,315.21231573843016,719
91730000,170.7808230594548,279.60754073572724,719
91735000,188.79304269067353,293.9350780223906,719
91740000,221.57123552392625,308.5993216538524,719
91745000,174.36005209458412,363.47327152202325,719
91750000,210.7457605969693,375.92633838158065,719
91755000,145.03456218728272,358.51777654307,719
91760000,175.5041182267797,309.6405948057636,719
91765000,171.9258486403865,265.19554164217493,719
91770000,147.2043880011431,280.46057288332855,719
91775000,140.4131283498965,265.5482685939029,719
91780000,165.76339269163944,266.77308930488897,719
91785000,139.81566170995745,300.3955857119323,719
91790000,206.0837264960577,333.96231425037894,719
91795000,185.054594387677,312.56495101357064,719
91800000,201.00068049950386,280.04105211950406,719
91805000,159.2616990881187,388.42692297494125,719
91810000,177.8019990726042,324.65291691337285,719
91815000,190.93162657148872,273.60207271394677,719
91820000,200.78986349595917,276.76468347024854,719
91825000,156.4172291866074,239.12346110776258,719
91830000,156.1231096219483,311.0777805827372,719
91835000,156.49825972000053,274.78825396957393,719
91840000,160.8812019883785,323.8007872344069,719
91845000,157.4367043466827,318.6238994422166,719
91850000,174.83745455390465,409.8969878813933,719
91855000,195.98842939226165,312.9001537745963,719
91860000,189.8721098580964,382.08155497038035,719
91865000,153.8051089827158,318.16751186470975,719
91870000,168.27580723162677,214.4657291596021,719
91875000,185.40683948976775,274.697420428856,719
91880000,208.04295921691676,297.9919897201981,719
91885000,174.6869705166203,203.1225790438863,719
91890000,181.0590125651455,358.36316184835124,719
91895000,141.7632427849855,265.3247244718967,719
91900000,180.81601597507787,235.33998074516302,719
91905000,211.51653976504414,271.12914052683647,719
91910000,192.27489946688058,263.8850721577381,719
91915000,211.23788162702968,276.40008761724096,719
91920000,190.4658760814934,311.85956840624397,719
91925000,188.6625878234922,267.93097292844783,719
91930000,156.70171111684817,325.17491021712027,719
91935000,146.99222422972448,217.85482706841304,719
91940000,154.2468296694727,231.76153043254033,719
91945000,190.2809686237904,370.02715494063915,719
91950000,159.9960782700477,297.68666869467097,719
91955000,168.02912502540465,316.97008790939077,719
91960000,182.10981506820994,325.7370726406427,719
91965000,199.463176881199,351.7733223447731,719
91970000,158.22646059868703,278.08785565916463,719
91975000,187.88307415106127,355.7727889595491,719
91980000,145.01877181638872,266.5585798174921,719
91985000,166.66280186480856,291.3068379453388,719
91990000,162.43478226029433,262.3982888722544,719
91995000,178.97592679673045,282.0813453455089,719
92000000,240.1329926507532,328.32231047249684,719
92005000,187.16643375441933,307.3090674208012,719
92010000,146.06431884374481,328.70636119714266,719
92015000,131.82247524508927,325.2205949209304,719
92020000,176.48411217505733,320.7094313064889,719
92025000,213.12443502048959,395.2336738360849,719
92030000,165.8964479451232,310.1093275187901,719
92035000,175.81880534057933,320.9812923920993,719
92040000,187.1237893150104,303.5675855642821,719
92045000,174.06082835974553,240.27338730093535,719
92050000,200.98375338959778,312.65430069224294,719
92055000,208.51385901949837,299.582035145016,719
92060000,173.68389624874268,313.3424333203672,719
92065000,191.02169375906163,266.84819936858474,719
92070000,139.0762632089301,311.68914062355384,719
92075000,196.46969349466553,262.6689747591753,719
92080000,186.0061450910824,254.12342863206848,719
92085000,165.32827150527402,277.0773005047953,719
92090000,172.8379365235688,322.57250803138623,719
92095000,189.6482141812904,370.24080593265546,719
92100000,140.49748181466032,304.64769003146534,719
92105000,176.82230928112563,223.64532485646924,719
92110000,173.59214642591138,213.7494761819439,719
92115000,178.68731699465027,288.35527061367475,719
92120000,159.60284053901324,280.5490750072353,719
92125000,124.03740427124096,258.4991196005127,719
92130000,145.85238361661868,309.6697693693841,719
92135000,185.91374285307435,281.90806017602193,719
92140000,170.37656119146686,282.9051633414122,719
92145000,174.42264147892178,386.29013770819955,719
92150000,180.9548760532599,304.02929114906885,719
92155000,218.1477473369579,365.1255080594673,719
92160000,167.59340629062453,359.9101992715447,719
92165000,179.05470510007189,318.85463520554816,719
92170000,207.05579948611987,266.8429317479219,719
92175000,188.96188412766008,246.86449197323057,719
92180000,151.79652407623868,320.3093756234824,719
92185000,166.7855193497667,337.1375879165835,719
92190000,150.49647692262718,277.072172305481,719
92195000,172.66159983517903,280.33008709066735,719
92200000,164.6111318530007,245.19684421076326,719
92205000,170.74418266207743,266.771378830579,719
92210000,179.2951386638091,328.6135597072417,719
92215000,164.88138942678648,240.80131063760737,719
92220000,130.62025986140898,306.68165668129524,719
92225000,151.08432787799504,327.967631309865,719
92230000,132.73552060606215,292.50325472426465,719
92235000,142.6683016489582,287.78341279418964,719
92240000,155.95732314757421,301.9038055248282,719
92245000,142.07354342378272,288.64590293258505,719
92250000,193.8516415596222,365.3408765094071,719
92255000,175.515762647085,269.2801519089573,719
92260000,225.67433388960274,316.8200494328775,719
92265000,174.10247425733215,298.2837951284222,719
92270000,173.62576051445384,286.2145013581551,719
92275000,178.10938239562105,305.69314530527646,719
92280000,190.85673088497325,329.8962360360115,719
92285000,199.27794962405602,333.40518986778477,719
92290000,106.53130257151935,310.66198385202864,719
92295000,204.99259351564814,316.62014022598265,719
92300000,211.15364209481822,281.5308845784867,719
92305000,151.9543409765877,313.3280538652451,719
92310000,179.28512503662247,290.6256131430303,719
92315000,186.1662980278613,335.1278681331972,719
92320000,140.6631784618554,313.48587712957107,719
92325000,185.21153516866363,373.11399868242825,719
92330000,203.92260338821694,374.5273342004434,719
92335000,177.36617341502716,282.2239362814731,719
92340000,184.91116718511287,308.5674584281653,719
92345000,176.46539967433887,331.93180043925406,719
92350000,196.15217666236734,248.10969720625314,719
92355000,155.81488754202414,280.18464787825724,719
92360000,189.88297958672285,252.05889192078874,719
92365000,141.99578274393903,283.1995927608096,719
92370000,164.70639298320552,349.0762701137143,719
92375000,166.95288022525537,285.7472990353663,719
92380000,182.43084130080632,331.86799389093363,719
92385000,183.29960048427847,309.6847268723645,719
92390000,169.97474180213388,268.6561722467266,719
92395000,145.2633420044034,229.47201861905674,719
92400000,167.10218947626615,309.3585893789927,719
92405000,171.22626381438596,334.20221650368137,719
92410000,196.52716254853482,266.52567794196085,719
92415000,151.2032926454414,286.006052260125,719
92420000,177.52099304471892,359.0484372831736,719
92425000,198.75856118690896,339.35806529367073,719
92430000,207.97501531234093,318.08496551576604,719
92435000,169.49562791494873,274.63306411751284,719
92440000,177.31527038257673,280.149974624133,719
92445000,181.36879117822687,256.85266502983774,719
92450000,130.19676209466843,304.5004271519047,719
92455000,160.927429458641,278.12124601014216,719
92460000,170.0316009665406,315.2203193766281,719
92465000,134.3636308155904,278.9858717556738,719
92470000,197.98981035070352,324.1843001441522,719
92475000,123.3778731771335,262.2909672174549,719
92480000,194.5528046491078,248.760359169245,719
92485000,204.38367374639083,318.5362645030548,719
92490000,139.64098928710638,289.58495325858684,719
92495000,193.2775936068137,331.76520513741076,719
92500000,192.73574497995992,323.56693841189013,719
92505000,192.33354676247646,367.94214864687234,719
92510000,156.85359673849894,310.48395245798883,719
92515000,175.28438788279124,230.9615879675654,719
92520000,181.3031267885568,269.6751774642918,719
92525000,164.26071687211044,292.6588772385995,719
92530000,186.02136655948797,304.8284216069349,719
92535000,179.61095752976408,305.39447652232366,719
92540000,227.1013188050956,334.399718432545,719
92545000,201.23964820530807,298.89262977549123,719
92550000,170.08245230872092,343.3110164907406,719
92555000,169.94769867263804,286.5479638080982,719
92560000,178.23650624968602,303.8723172751986,719
92565000,166.15829441671897,265.6569926746908,719
92570000,167.36254209473196,304.2559602991092,719
92575000,213.9915885894663,305.7931337827402,719
92580000,171.94334194115365,302.37724585704694,719
92585000,184.5907068352233,266.0132949573258,719
92590000,225.4648923649571,244.7635074735446,719
92595000,168.28389291238875,269.4913794636609,719
92600000,191.10544940000378,313.21740731181995,719
92605000,200.96953592350474,314.9560395051368,719
92610000,141.28460693537025,328.9522675300715,719
92615000,171.65149056377544,268.30472724435083,719
92620000,201.6679956545585,356.4932471930747,719
92625000,153.302622151256,243.87247758643286,719
92630000,181.8875794439786,390.1216085002222,719
92635000,199.35747939998274,310.971702593743,719
92640000,209.70679788597505,328.00922064082624,719
92645000,188.35904183532716,288.8943781605875,719
92650000,177.54822201624557,328.49740479449804,719
92655000,183.3380154680353,324.27695586938484,719
92660000,193.2606952431584,293.1071049791337,719
92665000,235.90308268506723,300.9381169259025,719
92670000,159.31692993154064,266.59865851582,719
92675000,176.1622095562225,279.4151050069445,719
92680000,189.3558365149742,397.61651073845115,719
92685000,189.4594820114945,346.57510937804227,719
92690000,162.30700241873487,334.6605379546707,719
92695000,178.72215656167157,298.28787143868175,719
92700000,141.9297188807447,323.8527296113021,719
92705000,143.80475047505325,256.2508232601334,719
92710000,141.85309880111453,225.3884704693505,719
92715000,163.21629860699196,360.13344411528345,719
92720000,181.75672430197926,262.52546060352915,719
92725000,172.2052761125261,236.8835363518653,719
92730000,180.96602177290802,318.50034694546065,719
92735000,169.81573523992785,288.3968979607229,719
92740000,188.52337157827176,303.5533624191053,719
92745000,182.3358301330888,269.0435487192527,719
92750000,172.25515320444504,255.3865633275657,719
92755000,169.58727943765874,248.61041305787768,719
92760000,165.845581526543,325.469580316311,719
92765000,197.7883588461281,296.60062440545147,719
92770000,169.3470978709364,283.7593250260309,719
92775000,199.44771147456456,291.71665300233883,719
92780000,163.11008546153585,311.10992360708167,719
92785000,172.99428888862641,289.2947051620392,719
92790000,151.18374868359325,238.1014011762712,719
92795000,157.4671967835917,328.8545612331486,719
92800000,193.43883537517732,287.3511284980568,719
92805000,216.08895742896368,315.87342886446925,719
92810000,167.35688031991202,292.4529690399267,719
92815000,188.4646271408347,327.30726752885056,719
92820000,189.23707460767088,355.93666919013026,719
92825000,175.2294859588151,351.1289994359598,719
92830000,188.15006509984926,334.7248143763023,719
92835000,189.23480199252148,282.34788118482936,719
92840000,193.47271427078692,229.9412515998314,719
92845000,169.17810168447932,281.74818219976044,719
92850000,182.67281302704006,314.18380232625157,719
92855000,162.7412885573521,250.66977986683486,719
92860000,133.67116406282875,294.0844438677662,719
92865000,152.8280856035037,306.59844208733415,719
92870000,162.91144958528744,231.48905908232618,719
92875000,191.85590943458033,269.1284246806098,719
92880000,181.08842320472095,298.0693967793951,719
92885000,149.78737866292218,299.5430730735688,719
92890000,220.93854749883806,359.6945493514004,719
92895000,162.71385135433331,250.76319350871086,719
92900000,165.91410049966157,326.0860738450607,719
92905000,151.88453839403184,321.2148794868016,719
92910000,128.4955282924095,324.86172498674676,719
92915000,194.82334781141026,308.47926195506733,719
92920000,229.7465942457841,313.22020670927986,719
92925000,157.97252375657493,225.4713300416089,719
92930000,171.624402568789,258.7263100645192,719
92935000,192.31287181425506,274.5467367430956,719
92940000,154.47738729683937,347.3585766708108,719
92945000,196.96434827595166,335.7658537339378,719
92950000,140.24951701499143,265.52128728299215,719
92955000,197.92610205239714,235.15408667594772,719
92960000,190.21341746697948,290.30664979614505,719
92965000,219.4774807121738,241.58524031743886,719
92970000,173.8283950373025,328.417891869393,719
92975000,142.9288871625954,292.2923936304226,719
92980000,212.14315343116655,297.4132527387802,719
92985000,178.7180421503252,323.9361815324472,719
92990000,181.10664464772748,227.96001482321773,719
92995000,241.38490608842767,333.342123746039,719
93000000,175.70927331988412,249.69136938085384,719
93005000,160.50652037555437,281.04961432156716,719
93010000,142.8323705259415,258.8603999002577,719
93015000,149.1153452909785,334.6895943906714,719
93020000,211.5427913587871,315.4961453485296,719
93025000,208.04190951388293,286.130727495875,719
93030000,203.4347871757861,335.4465702084744,719
93035000,210.98559205096308,266.194554271086,719
93040000,168.51804962212105,291.1106942295836,719
93045000,159.93455381219277,292.3203793555442,719
93050000,191.87928992496234,285.91670398516965,719
93055000,167.29749673867673,308.8554506083962,719
93060000,167.55413157762393,318.3150203017617,719
93065000,149.8189775724576,286.37838071061105,719
93070000,163.28055336565103,280.57553240511623,719
93075000,169.57233130423435,275.23621260138833,719
93080000,173.96119258178666,237.02170281753922,719
93085000,164.21852938707076,321.42226040174756,719
93090000,164.6851512607587,274.3845623095742,719
93095000,172.71665609334772,325.92924871760164,719
93100000,217.53658327822382,265.6081293352338,719
93105000,168.75569605236876,270.36104332111773,719
93110000,182.43310487369615,283.64331031744894,719
93115000,167.4649701528852,255.13755944070277,719
93120000,154.13328043356165,356.2887748455677,719
93125000,215.00760628253968,306.8721090507292,719
93130000,193.79869059776857,310.2557364013253,719
93135000,183.49330223734313,260.30860376200906,719
93140000,163.97584212495798,285.47168035040113,719
93145000,165.5880109550778,272.2938279561573,719
93150000,211.30580692834613,290.0420947999936,719
93155000,167.00490553247636,322.63830203387454,719
93160000,157.35372323510333,272.9733544435695,719
93165000,185.92610739217469,262.4543873322885,719
93170000,187.99129731765117,368.6771746226029,719
93175000,183.53618546769633,285.59372007312425,719
93180000,185.27364702971798,360.655010517772,719
93185000,185.4242268101487,285.150090339852,719
93190000,212.9883472562233,309.2985080462633,719
93195000,155.013251314074,293.1204583416342,719
93200000,174.40916075313572,277.9849432258145,719
93205000,205.07641516251437,318.64738758257687,719
93210000,157.88848577200312,220.3324288019809,719
93215000,165.9089210484044,314.16173091978726,719
93220000,184.5092602938626,285.4248362979716,719
93225000,177.00974296418036,288.79145715092847,719
93230000,185.2756534105387,298.6629675478993,719
93235000,131.7562882658076,264.3186743697886,719
93240000,219.88498420511345,280.521873668666,719
93245000,158.92255671692183,346.9631381816696,719
93250000,170.46609578974835,276.3827036440979,719
93255000,181.39095105059945,302.6087785762797,719
93260000,147.76426618263136,257.23742627175784,719
93265000,153.86778156567732,327.20202570401807,719
93270000,208.36563605754307,299.6497588649518,719
93275000,153.1589221946882,273.6321664924676,719
93280000,184.7771199514212,310.6995974710174,719
93285000,156.940096729056,294.1868622983712,719
93290000,202.82558368394527,247.63704652389916,719
93295000,156.9649107131866,299.48574123849266,719
93300000,146.47846937204275,245.7591284339983,719
93305000,162.69453969665332,240.1741186665057,719
93310000,170.2653593050451,332.885717035099,719
93315000,158.86821705775725,293.19718075884225,719
93320000,167.25648017293804,313.76300463952595,719
93325000,213.81226448933472,234.8737725312775,719
93330000,195.80308964749602,236.58136084012705,719
93335000,192.08650252389063,331.5251209550385,719
93340000,148.8815827859616,292.8275330960246,719
93345000,163.10788400601749,311.71579751633317,719
93350000,157.22774313365878,316.8256274372247,719
93355000,141.84824580666202,326.7125090698667,719
93360000,201.6850299046714,302.79512270857225,719
93365000,185.56985533534262,252.18709221791053,719
93370000,178.44648948893243,299.79535225100005,719
93375000,166.18634230207851,355.37890868886444,719
93380000,171.93370739371844,253.04803004694705,719
93385000,176.0008679167722,300.80350309363416,719
93390000,208.58665799604142,384.2338405658659,719
93395000,189.82631276930096,328.0425374733027,719
93400000,151.10204513691085,300.7362802804827,719
93405000,211.1531993872506,281.1695524746677,719
93410000,218.3028390026805,296.4379299347103,719
93415000,223.66610769685064,284.6996731062125,719
93420000,171.9265180609078,309.1737779817495,719
93425000,175.76118355252444,271.10121467629426,719
93430000,179.55692584499835,233.0111263369046,719
93435000,173.00383555879344,334.6937676531647,719
93440000,178.79561388978402,294.3048409426791,719
93445000,145.83905194822006,292.5546904746475,719
93450000,171.13673812638996,328.333439732619,719
93455000,168.0863314349141,293.3389439479672,719
93460000,169.50481124270348,276.32205110344574,719
93465000,162.0786453507443,333.6487871837323,719
93470000,197.55669853071902,307.59257422283787,719
93475000,163.50888847465413,265.59288360700407,719
93480000,170.21577136500093,342.6735432501879,719
93485000,181.5848911849528,263.3156586476319,719
93490000,169.22458687182717,273.0557509955074,719
93495000,181.28751662007897,299.24616056017874,719
93500000,171.8519095724819,287.9704014771448,719
93505000,165.9059857817377,277.6654629659116,719
93510000,155.3195810237809,281.0570028192905,719
93515000,164.47734210424704,233.9323548631628,719
93520000,211.23718138522358,315.89689445668,719
93525000,185.68225427867205,351.92639895838124,719
93530000,187.17610744001962,385.7454537777111,719
93535000,200.36563733870986,335.7247979738631,719
93540000,179.1871604123254,282.8624905382655,719
93545000,163.9299513102386,269.2219274604912,719
93550000,159.68786696279489,290.68999047777874,719
93555000,202.39728139009813,252.26374201506934,719
93560000,159.3803011803981,288.9532912881451,719
93565000,160.18904358204458,277.1136455791116,719
93570000,191.87572397389712,349.172083748955,719
93575000,192.25887741448435,340.32995199676105,719
93580000,194.95499013957195,355.4362630670969,719
93585000,161.98917479948364,352.3209130657327,719
93590000,228.25573950603925,264.46030651084317,719
93595000,180.8100928289936,283.4944775092008,719
93600000,185.38482468696702,275.0272382124862,719
93605000,195.44600622147658,293.19853339440704,719
93610000,144.9981819818237,275.5384100152103,719
93615000,177.89792998771048,281.59586863122416,719
93620000,153.72651649006053,303.46806271425567,719
93625000,187.98142888405297,239.174006787691,719
93630000,178.23254686751392,282.805529676675,719
93635000,227.9953090435455,247.67294859024423,719
93640000,218.05074074593614,271.881166294997,719
93645000,174.837958669487,288.476845547088,719
93650000,162.10837879184177,298.7321628492316,719
93655000,209.71171448658117,301.79410912257174,719
93660000,185.50644020017936,283.20890430725353,719
93665000,186.33627871813638,318.9966550573523,719
93670000,160.02907892162023,305.36267046403674,719
93675000,155.79857497493853,237.29764674384847,719
93680000,167.62789439724017,280.46650377501277,719
93685000,197.73343719688074,280.8765038787119,719
93690000,194.65294397761295,274.82655986775035,719
93695000,171.89068224291128,283.80001880053453,719
93700000,171.3009477553994,271.8846399866724,719
93705000,171.93972228279696,338.9612954743643,719
93710000,185.4266005972176,322.62216584710785,719
93715000,179.79625712056904,328.4976430762935,719
93720000,139.49777450437458,330.63330338340756,719
93725000,165.65376244821869,224.26363416483443,719
93730000,208.18763589749057,280.9167794256406,719
93735000,155.1636031172573,349.17911014058393,719
93740000,159.9936446936429,262.7830095296761,719
93745000,149.36498209974158,278.2860562424333,719
93750000,137.63941320965878,320.3413308321873,719
93755000,164.55168806721707,309.9074721042516,719
93760000,196.89552020256343,322.2508093565304,719
93765000,179.18794066250126,251.8891740716714,719
93770000,157.98616495425975,261.90862853822756,719
93775000,160.9812593264548,274.80848450298015,719
93780000,171.83307589728474,246.3854314391822,719
93785000,149.7571727159395,259.1833947553087,719
93790000,200.25928295186495,321.42473129968266,719
93795000,198.33921796302636,281.57331669112244,719
93800000,190.01212205059062,370.1663109740237,719
93805000,174.5961633869164,328.29883517152393,719
93810000,167.34712955705444,280.815164033498,719
93815000,160.59123474769126,288.00927497032944,719
93820000,217.85807187007677,333.4730703835607,719
93825000,179.2300674716028,262.4608202709059,719
93830000,237.14959592662882,282.1953934802342,719
93835000,167.0996252369219,328.0792553309426,719
93840000,197.37238499283046,325.7400793863564,719
93845000,194.75206417403,287.89562205931134,719
93850000,208.33415012013154,382.5679833431522,719
93855000,180.83812435117346,334.7479147932157,719
93860000,154.77036042511082,296.1974585512061,719
93865000,130.28991469292632,269.2388410730786,719
93870000,163.85475810790683,272.997584830763,719
93875000,188.15515946328756,287.42581219436,719
93880000,139.84760063340568,336.59331591564137,719
93885000,151.01581719204069,315.83284561061214,719
93890000,147.94078096320368,296.0772200129903,719
93895000,154.00237037027372,291.5698118644687,719
93900000,203.03325982828255,207.41966718653168,719
93905000,174.96564681368952,234.38531707680923,719
93910000,212.7423984426545,375.573652094177,719
93915000,149.20229731529483,297.76445935798955,719
93920000,204.91105869383833,283.3006658905419,719
93925000,184.94594429781552,283.08476750641034,719
93930000,187.6011936168626,309.8432627418861,719
93935000,194.04745470992515,285.86055353964196,719
93940000,152.3334843696805,302.4281147172716,719
93945000,137.03734624064145,339.64008219475346,719
93950000,213.44038286133627,309.25719466502363,719
93955000,161.70251207538757,301.2523440157445,719
93960000,144.0012263259432,243.01579263700052,719
93965000,160.0419343913087,299.6402896348629,719
93970000,180.30570300930222,304.9262821367179,719
93975000,206.34559359762812,341.47980103591095,719
93980000,180.01908520499344,271.6457435830196,719
93985000,184.40315335230568,307.0298145097938,719
93990000,180.9579071016738,327.5309188812706,719
93995000,222.0583919668548,315.17488420242194,719
94000000,170.45731529259848,241.7432281083429,719
94005000,173.84541356556701,336.746674228887,719
94010000,194.4592480249669,300.7626512074856,719
94015000,162.30563150292235,286.54318163845664,719
94020000,177.55896303377304,312.7361455731587,719
94025000,181.2075288498378,281.1306650256761,719
94030000,132.79271364475173,281.2643725430868,719
94035000,144.38052458744636,311.2069346837434,719
94040000,165.7833694934901,250.93847485628478,719
94045000,170.88647589160246,338.35240013765684,719
94050000,163.26217492255296,358.56195855386324,719
94055000,193.55237425795477,359.06364036853034,719
94060000,167.69575669428735,258.6291640781069,719
94065000,186.54008699705366,303.86177612745615,719
94070000,247.46884597879927,349.72423593559364,719
94075000,138.09254802246122,312.88727754724937,719
94080000,181.4510444070431,267.5903837508844,719
94085000,167.64047096044138,316.725506138208,719
94090000,172.7727338595647,294.5846956196114,719
94095000,157.50048431679468,292.7398604785123,719
94100000,206.76618229034202,343.24732960652835,719
94105000,177.24804118460517,306.85850895674827,719
94110000,146.7106385652637,352.64762410106334,719
94115000,174.2242716875111,234.72590064215973,719
94120000,223.6659878542323,249.69269799563398,719
94125000,143.2307001835861,340.80319945878773,719
94130000,202.4700353966403,324.8162422294713,719
94135000,158.98369876517646,273.32216016786,719
94140000,175.6242338967676,313.43257093491724,719
94145000,162.56056603609863,263.7668997742925,719
94150000,154.5041560365639,298.97396182065785,719
94155000,149.77590391100483,245.63284690973305,719
94160000,201.59751466336348,317.5142737521132,719
94165000,190.1528164706281,249.01430010112028,719
94170000,184.811910510875,318.8363268549905,719
94175000,198.66586230613748,362.7762459276402,719
94180000,160.18288696736903,366.06946479239076,719
94185000,169.4887444775719,292.3293215216148,719
94190000,208.21410145412807,292.7596186948304,719
94195000,175.33100038131752,349.50905248957775,719
94200000,191.89946665854805,293.87491655981137,719
94205000,188.92469289350632,306.95848951298154,719
94210000,174.44252481014865,311.02693105473264,719
94215000,176.63236545126787,265.4995527009431,719
94220000,167.68364811347334,301.2251203321277,719
94225000,178.47220846760635,347.1580838193207,719
94230000,182.62943064842312,289.4154161407052,719
94235000,191.320522674444,340.75396825308894,719
94240000,192.3907140277695,302.27152727308885,719
94245000,198.9158705708625,271.53858104509186,719
94250000,172.0809087783618,299.96071663617397,719
94255000,167.3417160046132,285.17046756422246,719
94260000,246.19168738164262,269.9772219169107,719
94265000,180.16220862254357,289.19151637053903,719
94270000,201.42485733806203,270.9565511626986,719
94275000,153.78024531643644,304.65505060293316,719
94280000,130.37297060324596,291.70776499857874,719
94285000,236.14659145814042,316.18019557401215,719
94290000,168.17010521026816,247.73759522896023,719
94295000,176.51560795856196,303.1472464656751,719
94300000,212.9637243088059,288.84466596800576,719
94305000,177.50033588706614,318.07329123790674,719
94310000,165.20530679574838,283.62622690317704,719
94315000,180.86619085605648,282.7192990310306,719
94320000,169.91520409995402,263.28969617473246,719
94325000,162.24068347553336,288.7385921513798,719
94330000,174.2044894872211,318.87125908002565,719
94335000,225.29764464500022,269.55353696617067,719
94340000,206.6525741634179,301.7771378358432,719
94345000,176.36330416725775,279.4185663802864,719
94350000,139.2174270493794,309.926787808402,719
94355000,204.95613202748444,333.33820420815357,719
94360000,151.63414483722195,246.86513596758698,719
94365000,163.7618168219606,293.0319556324735,719
94370000,169.20117013222068,284.93969309006417,719
94375000,194.7044985120475,327.67483319842285,719
94380000,189.5884899432932,288.87593699268825,719
94385000,189.76044790408906,313.91733399509883,719
94390000,215.4570257235803,274.4461526879986,719
94395000,187.08422984801336,361.4515385867694,719
94400000,178.40517580034003,289.1274975668558,719
94405000,148.67356921429058,342.45359534226793,719
94410000,152.41386613572016,304.1890575054882,719
94415000,193.95640187863103,308.73279502915096,719
94420000,177.2613473384567,327.8262386138674,719
94425000,175.9189418774388,271.6504677589256,719
94430000,144.67853036071065,366.36806573942084,719
94435000,182.83439772413712,314.40129362492223,719
94440000,200.12983917004232,235.14372012526445,719
94445000,191.534096397648,312.4273669047663,719
94450000,200.29705658497315,328.20880933589024,719
94455000,188.7354285869911,317.95026796948804,719
94460000,210.36588173656747,367.1436902177287,719
94465000,192.28261505474092,358.0730596437733,719
94470000,162.15908794357827,284.68868525967406,719
94475000,173.4603318713846,287.63612442822085,719
94480000,197.60042081258425,286.26520065663675,719
94485000,217.79753028059983,278.5233765278034,719
94490000,155.21798360997238,311.88545694296596,719
94495000,137.01192163179132,294.6686547260676,719
94500000,180.27490508157615,309.68284542648496,719
94505000,164.56965003374904,286.72936934924735,719
94510000,191.69127148167289,309.78427217982426,719
94515000,201.19446175749687,267.8224717486977,719
94520000,165.25305755897165,275.34759231678265,719
94525000,205.41372085730168,303.983297611853,719
94530000,147.49410465397457,310.09892840280344,719
94535000,182.6181729481132,319.8881510079061,719
94540000,188.87576033131322,357.0923490474244,719
94545000,170.1517320916273,306.15062102022205,719
94550000,185.81241662339124,398.6031029282394,719
94555000,170.66582631494757,269.41680401264784,719
94560000,192.8704411927946,321.22348393212894,719
94565000,178.00123026925556,261.11681417786065,719
94570000,170.41715860571907,251.46354682828053,719
94575000,166.64509941577361,287.36057913288073,719
94580000,176.4931890997887,261.03343583109535,719
94585000,187.85990481375458,296.84232586889607,719
94590000,143.38025467735162,275.1366457285076,719
94595000,182.41869298026845,327.044446472617,719
94600000,218.10487568142648,274.8549706132045,719
94605000,178.73729885158832,301.4008714468575,719
94610000,174.26473442674654,280.2519127827407,719
94615000,220.42074796641913,255.42244304191064,719
94620000,191.34063375869533,295.6989937532403,719
94625000,177.25578180471678,360.1542987591329,719
94630000,152.78204198502308,290.1450412765516,719
94635000,165.63139927634143,308.2877946078765,719
94640000,160.31942597954094,296.9633865743723,719
94645000,146.26922731321886,341.1338924431218,719
94650000,195.44796622173848,272.4102089253327,719
94655000,179.23095858366227,332.7865074881433,719
94660000,165.62198726446175,258.3192066518411,719
94665000,201.7673757995501,311.8933815112849,719
94670000,147.75584189068675,284.71100002261454,719
94675000,187.1090291479221,282.82698967311336,719
94680000,198.0128237421332,309.7427191868988,719
94685000,155.56305434045046,320.7665962621995,719
94690000,159.45072473129528,311.1636667256692,719
94695000,195.45628117454802,264.22105384662814,719
94700000,201.0183277366014,301.810783659698,719
94705000,150.02591514205702,319.39594829832185,719
94710000,165.78434899283263,270.15886560269144,719
94715000,157.44255303791408,322.2100493407022,719
94720000,192.57526593095758,294.3519547628225,719
94725000,157.227622560361,274.42986462479143,719
94730000,192.62229674020543,300.0767422305502,719
94735000,191.38693180970787,269.61763918029965,719
94740000,168.97313402448222,303.4909845931484,719
94745000,162.84903049486263,304.0936835524911,719
94750000,142.02858670911596,274.0378290332955,719
94755000,182.00450296664266,310.9812192333457,719
94760000,221.97772602101432,314.4507554018701,719
94765000,183.32647839990466,313.4797878013871,719
94770000,187.43528697531613,286.10313878655757,719
94775000,168.7240989362379,287.2348227316887,719
94780000,149.12467771672033,246.90511650785126,719
94785000,124.21579484960449,368.1030262707316,719
94790000,158.45165303303833,293.12930077983765,720
94795000,189.05798715610612,286.7853086876342,720
94800000,149.3428006629972,296.0862527965658,720
94805000,152.1411724427965,264.4554709051293,720
94810000,165.15542054826074,289.2644235073217,720
94815000,236.77898371096063,282.09641880959265,720
94820000,158.04061644771843,345.6311027785139,720
94825000,149.73598485413999,263.09559553449253,720
94830000,187.99763163534752,325.17150469648243,720
94835000,165.58606257181896,260.83258094149534,720
94840000,169.34943471415315,266.4519049564471,720
94845000,191.35908076454774,313.7869632078192,720
94850000,159.64155268062038,254.75696923237706,720
94855000,164.0957143374365,267.1284161833707,720
94860000,193.89735149222116,376.5711301976164,720
94865000,183.38507215346104,310.0070532692741,720
94870000,192.11118016473358,331.166458895733,720
94875000,184.89538076933366,280.56314346593956,720
94880000,147.55270139253741,246.02849982162584,720
94885000,183.7247281790585,316.9768544759502,720
94890000,170.29792025470942,305.1543663218278,720
94895000,174.62566226736047,263.2009151366258,720
94900000,140.7561482594472,348.64213994731455,720
94905000,183.03045361226626,272.8052271582468,720
94910000,146.96412457012175,263.603167697924,720
94915000,171.8130153600914,236.56938288706138,720
94920000,161.45854316776862,328.21586865505964,720
94925000,184.94358639649644,303.8483805631627,720
94930000,205.26450288234892,363.84608489616755,720
94935000,184.74037418684313,297.03261349249385,720
94940000,150.11845102261591,281.8782178991496,720
94945000,155.09485348589158,266.90939024959135,720
94950000,185.4797358842821,335.77455131396607,720
94955000,164.2460594528318,313.1826447289494,720
94960000,154.13666941652184,283.1469526732141,720
94965000,202.7947076976782,317.5217733323127,720
94970000,162.93768191178873,301.2993096939694,720
94975000,181.0117110344143,278.07815295867954,720
94980000,226.02312373424076,341.1568495164459,720
94985000,180.12647013022902,265.42962559273735,720
94990000,159.41025617254263,326.5533279133157,720
94995000,169.93202754306068,311.74804384965114,720
95000000,149.4947750338,286.0858979695005,720
95005000,152.79316700299333,290.5041929412074,720
95010000,180.25795247910986,345.01378183302745,720
95015000,182.83175849180458,334.2491417073559,720
95020000,184.91008128552915,330.93489440564946,720
95025000,163.00262949079448,299.80145334234004,720
95030000,171.6952989399594,277.6091801001267,720
95035000,197.83095459283052,305.3049779059062,720
95040000,156.7223452617624,347.8421184409139,720
95045000,171.2506593156876,313.93922316003034,720
95050000,155.30464093303115,285.80294921276794,720
95055000,159.2095744069662,242.4028996325151,720
95060000,189.57296409434457,389.7361825798056,720
95065000,191.76780232152794,266.7021493911032,720
95070000,163.9741200091403,319.4728729365094,720
95075000,171.8740745160419,312.3854914759504,720
95080000,183.70653348522256,361.75496422104624,720
95085000,170.75782192918223,327.4180134535638,720
95090000,156.92191288228088,269.3166956906066,720
95095000,160.30897161312186,304.7041656929649,720
95100000,170.47332452309632,307.09318600406624,720
95105000,178.88819272432812,260.7075853664409,720
95110000,195.9946534859279,314.58606633086606,720
95115000,195.59498269270668,313.395418903702,720
95120000,156.72588975468807,314.4481561198525,720
95125000,190.34603931676844,285.6181835313641,720
95130000,225.08735228506038,333.80023628111957,720
95135000,134.97232790553056,346.10853322620517,720
95140000,191.81510312841726,347.8974017619402,720
95145000,151.5696427473023,246.95033141799198,720
95150000,172.80929311910276,269.58364951425256,720
95155000,151.29192032860317,271.20481837529434,720
95160000,166.90455019663455,260.83094719783736,720
95165000,146.40761195956577,312.4971222650586,720
95170000,165.75193190366383,273.82840876070037,720
95175000,116.22176146360175,290.00289705560095,720
95180000,174.82840076490942,303.58894552416035,720
95185000,180.13402930006643,319.5256207926187,720
95190000,195.90728060976335,360.84227673354246,720
95195000,172.51075883850237,360.7922369334181,720
95200000,149.98009754181646,211.66828607075675,720
95205000,183.83331119965095,359.87693335054337,720
95210000,153.59481002706013,321.74625701004754,720
95215000,148.0198794793597,294.03775277217295,720
95220000,182.31664504667933,260.952589957116,720
95225000,204.27507586365832,249.7963895517674,720
95230000,206.52773554406255,268.383256479911,720
95235000,178.3971393407284,314.5389070324448,720
95240000,169.63559941031062,282.0280260152108,720
95245000,181.99191141632744,341.4751585654163,720
95250000,189.37023216786977,289.69897913082144,720
95255000,175.93299138677384,280.41622522796774,720
95260000,170.17624201810773,299.07320171257874,720
95265000,150.9007612204568,359.2740463613197,720
95270000,189.22650650957894,330.8509290372258,720
95275000,171.23753328002687,257.86339377043254,720
95280000,225.3037468607352,348.81009523154796,720
95285000,128.38030409728017,276.51036772190105,720
95290000,209.6540644778004,317.42327122699726,720
95295000,185.3687809739759,311.2105553787291,720
95300000,149.10153087285258,389.4343708193732,720
95305000,153.6916257119581,365.9477339642864,720
95310000,131.43186742874525,261.1811130005492,720
95315000,161.6586307468475,249.0094453968831,720
95320000,186.35673586866602,319.50371153335345,720
95325000,146.39226922119946,315.6403331563926,720
95330000,178.51588793000943,317.1202145529037,720
95335000,157.04274720202275,271.29006965035035,720
95340000,178.37528375279197,397.276239769622,720
95345000,158.94900906145028,300.0198741307563,720
95350000,164.32625399375678,312.498530009378,720
95355000,171.29155936300367,291.1038203523971,720
95360000,177.13410474904418,294.4480649940476,720
95365000,189.68968933105268,273.4139796657378,720
95370000,159.71388896271114,246.44345243890538,720
95375000,213.13752716880026,265.4510819924291,720
95380000,155.94025893824443,271.35265250930627,720
95385000,167.4897595858387,342.9077794643889,720
95390000,198.76648690847534,287.2672040693874,720
95395000,197.66675018678313,273.48800714077794,720
95400000,177.7079956732569,297.2631473389514,720
95405000,176.7904959520224,272.2753224006471,720
95410000,218.48039257057678,243.7192678274984,720
95415000,213.2742064414752,305.4073230676237,720
95420000,182.60580084498898,303.5749257875253,720
95425000,162.3125596225621,315.6338715149661,720
95430000,184.62847197696186,359.5445800217222,720
95435000,169.49955173084905,312.17109677705935,720
95440000,141.4604406438918,323.34511595172756,720
95445000,173.05771641719744,253.53566903597113,720
95450000,168.60301070480517,306.01285205301326,720
95455000,179.42813103541013,306.7090069564588,720
95460000,190.74078003114496,255.21380316703912,720
95465000,208.7876861255814,288.96499000824326,720
95470000,138.38096434873736,297.47819624787854,720
95475000,189.0535662192883,325.1112044871757,720
95480000,165.14710165402374,328.57411689078765,720
95485000,161.70760999639768,246.56692866697247,720
95490000,158.1987475418466,285.2978380186231,720
95495000,165.84840672457756,274.41252330001686,720
95500000,170.02006643464046,286.9475938174302,720
95505000,228.9256674820229,279.11171572473495,720
95510000,195.13259310217057,375.70800467926097,720
95515000,176.6052270154598,283.7545821656623,720
95520000,153.14777064899025,274.45188054198996,720
95525000,167.57377340665008,300.45580232428733,720
95530000,145.94641827934407,311.61164936974995,720
95535000,169.49333395882178,307.76985287655265,720
95540000,198.5861219336692,260.1802793717783,720
95545000,193.49817467402838,313.11224031821354,720
95550000,171.44035626966257,317.1734129826691,720
95555000,196.65183646014566,315.5054683198055,720
95560000,207.10145568161664,354.1778631884306,720
95565000,177.30083676400932,331.24565261327297,720
95570000,159.35967732104504,302.7634668219817,720
95575000,157.93328608759805,244.2017669422744,720
95580000,203.55606297977116,312.76716425852055,720
95585000,189.60421065562116,309.94936387848367,720
95590000,177.79110891283673,283.87488707975405,720
95595000,158.61278292719794,310.5188151717463,720
95600000,206.7836176162681,240.08539164448982,720
95605000,177.39841222308743,267.4482933792009,720
95610000,189.268576972527,321.4109840145156,720
95615000,187.5228005320663,384.92117290847915,720
95620000,187.31925506647502,316.7057120435903,720
95625000,156.7996469652166,301.10219336885456,720
95630000,216.96482705820904,245.50803736663192,720
95635000,164.5810668170668,351.40515529948044,720
95640000,129.984616688424,237.04664336105893,720
95645000,131.82802241404434,334.70910629515157,720
95650000,159.22601239605234,315.210479058386,720
95655000,211.78645829728356,294.6422882055795,720
95660000,205.13024803242783,346.1726796296197,720
95665000,211.6328765217503,296.2146119423561,720
95670000,200.67513708728157,302.50626342217396,720
95675000,143.9651641232799,328.7515248109625,720
95680000,159.9809825564325,304.0994767699421,720
95685000,196.741780859741,254.61412490573494,720
95690000,162.5198172672145,260.5223090913498,720
95695000,202.14166625102462,389.92808927316406,720
95700000,164.31386499800294,254.04788417690366,720
95705000,187.89525587381118,314.51609690975283,720
95710000,186.92663561436473,294.27316692748724,720
95715000,160.35403760994944,318.4790479114977,720
95720000,177.58838203969367,345.8757275834428,720
95725000,183.37801327282148,326.68404047296195,720
95730000,152.1317299752078,299.04837835840283,720
95735000,172.4663359948057,270.5504246895858,720
95740000,154.71781168649534,293.0561004429285,720
95745000,153.86006821605042,303.36418796789496,720
95750000,174.51384001506887,262.28614857817274,720
95755000,197.79032855840353,363.1404713329573,720
95760000,147.9424660678361,313.5071151604063,720
95765000,216.50445909833252,306.42970039544053,720
95770000,215.88739696078298,317.85634066232166,720
95775000,211.40611524394978,292.4417442525038,720
95780000,138.67561873146394,333.1046065166312,720
95785000,188.49548760918228,384.74642698970496,720
95790000,152.28651662898483,292.55538300053155,720
95795000,204.33340509403865,339.3643008840932,720
95800000,170.48772802741993,320.0503620535103,720
95805000,125.75572877347365,318.7787825583713,720
95810000,176.02873388594048,353.5065874325427,720
95815000,154.67869877369984,250.35491324658764,720
95820000,177.00724446327473,342.94139463038476,720
95825000,156.1746406196604,315.3290772025157,720
95830000,184.736828989289,271.9239984057987,720
95835000,188.8352280998091,294.66154915078647,720
95840000,172.62098947591954,320.36698176025055,720
95845000,142.10601590844036,342.4613120560948,720
95850000,197.10423524842383,384.7283392025997,720
95855000,178.50831099873776,315.84590591324536,720
95860000,148.5462787768992,324.0808280721738,720
95865000,143.82285831878002,302.8221504459267,720
95870000,162.6765592793241,321.7469547772815,720
95875000,168.55636641523307,323.1913391150887,720
95880000,225.02398413874295,267.02399771488587,720
95885000,156.77252054839434,263.5655181059092,720
95890000,168.6403902984183,345.82622041916795,720
95895000,158.13381945606648,295.25705525243035,720
95900000,159.04045283329577,279.80531229234975,720
95905000,185.22592745486003,277.52976456665795,720
95910000,192.89528581150225,293.2348520589747,720
95915000,169.30368938910624,358.27295566643267,720
95920000,196.66586076054142,371.95556762291,720
95925000,195.9593254555359,307.84616251628,720
95930000,162.17734616059803,340.9486243645853,720
95935000,184.05987506529254,288.4503335359329,720
95940000,182.02177448074644,313.56769284274367,720
95945000,176.83349307980788,338.3228796840983,720
95950000,201.9770496150076,308.63264501105516,720
95955000,154.99790384374126,268.7939041030115,720
95960000,152.40995516813933,289.1858145276839,720
95965000,208.5995848178006,381.2695355956268,720
95970000,173.59612977988985,308.5739872295121,720
95975000,213.15859586073145,302.58637665306566,720
95980000,167.35070072356936,258.25045711585943,720
95985000,168.76162063331645,328.16857998350173,720
95990000,154.61038822557722,273.28336633755964,720
95995000,182.97519445425544,377.1654437993663,720
96000000,208.33528172079687,263.669158121759,720
96005000,160.61722743383004,315.2151271236683,720
96010000,187.3359426542563,263.69134255380845,720
96015000,175.77504652927357,267.3969018768335,720
96020000,164.46704071587862,341.9604683376996,720
96025000,204.19440300314494,330.1468452139586,720
96030000,164.66076933070295,258.15339400539165,720
96035000,196.61994144940877,305.34217680461165,720
96040000,193.8571023746451,279.8487487962802,720
96045000,148.9896092300605,302.3582205928297,720
96050000,175.31797253650075,260.1925956346274,720
96055000,194.79086226874267,329.9779159372598,720
96060000,157.77023512126178,291.0170949797768,720
96065000,170.63012482539017,312.1599178578588,720
96070000,174.90846824255382,290.6905391576673,720
96075000,175.40341667729072,317.0795481617075,720
96080000,142.96587142436024,297.18258760670363,720
96085000,177.5910942321037,295.11023774205916,720
96090000,175.60442255384498,337.28375651760115,720
96095000,158.4573074730214,280.5172762349666,720
96100000,231.1634521471427,377.76733963577385,720
96105000,192.02735337824188,301.0886267578841,720
96110000,181.6328281074708,270.1763335651193,720
96115000,183.1505160449022,279.9582761613583,720
96120000,218.64339351064064,314.8199846540847,720
96125000,223.68900368774118,261.1655538247014,720
96130000,166.40794960335123,286.8192980103752,720
96135000,192.06126854146962,383.5229012906408,720
96140000,188.61111583922474,323.84174706747564,720
96145000,158.0647896048806,332.44688202049844,720
96150000,180.6218693307361,254.72599359053,720
96155000,183.8950980504084,324.3064869514566,720
96160000,142.84172376299904,237.84336927500914,720
96165000,166.7588278434979,318.0418025790582,720
96170000,176.2311477500953,295.5677489679272,720
96175000,181.84433532719748,293.91225132706984,720
96180000,212.87246290744622,292.3624506696448,720
96185000,176.23053805650903,320.79483200839934,720
96190000,169.9359252709242,332.77650663944485,720
96195000,150.19790396729317,299.36636021446793,720
96200000,162.7465589666328,249.86474345891355,720
96205000,156.17889565684249,294.03012272085584,720
96210000,187.7151646211317,339.8950911450037,720
96215000,194.96605808001777,333.03185669172535,720
96220000,158.98115218362665,329.8127137749819,720
96225000,204.28170538828527,351.2108614309031,720
96230000,173.65217848413,304.1410519421625,720
96235000,173.47752554103997,323.3530793313092,720
96240000,212.15641931141414,337.20341352500037,720
96245000,170.45345916778606,293.7170755692801,720
96250000,155.04389884396033,236.4202384646356,720
96255000,164.91900257245425,270.779699344578,720
96260000,198.73882304192543,295.808503353734,720
96265000,161.25898102454303,296.21344024280324,720
96270000,208.86065170000808,300.1594759451321,720
96275000,182.51600726743735,306.5971745234635,720
96280000,166.72473469252645,287.9605782637557,720
96285000,188.2680981527449,240.43599424127606,720
96290000,180.30699627297344,385.67947760368065,720
96295000,188.76770156969556,262.9539539768588,720
96300000,225.94324686649924,381.9237568692174,720
96305000,156.7789266117093,301.2559841912056,720
96310000,175.7754340531431,302.03827501745184,720
96315000,181.0222525295683,331.0988256686675,720
96320000,191.72191811612043,232.697340888029,720
96325000,154.66922482474376,268.42060080575465,720
96330000,142.3345276552857,303.98541285365224,720
96335000,156.9166953929603,240.41677572421113,720
96340000,148.4902396892425,283.23346636285953,720
96345000,203.11417740594277,305.94373051596244,720
96350000,181.65925260505415,326.0401376289729,720
96355000,194.0395055658132,345.6285887272179,720
96360000,190.01001490800004,252.91698630529135,720
96365000,194.0018732433017,300.3978278754619,720
96370000,196.1462687431443,297.5146190650305,720
96375000,169.4265393394375,301.43706469158235,720
96380000,172.82925715740265,367.3867162008823,720
96385000,147.15100654729045,280.6948285579482,720
96390000,154.07883898688468,289.78918842290204,720
96395000,194.1768771218249,320.9269279294774,720
96400000,160.35744151357414,265.70001000309713,720
96405000,199.7927495675172,289.60033149504017,720
96410000,179.24341195551375,306.6239410391061,720
96415000,166.21323579036533,309.7605495004705,720
96420000,166.69542309363553,371.1312064905455,720
96425000,197.2506471946885,274.2939875470174,720
96430000,155.27257794533574,344.76945331067583,720
96435000,161.9356430573212,233.06233028457393,720
96440000,181.56816273417658,357.4067172706928,720
96445000,169.61088956585326,304.41243597099555,720
96450000,180.57856267263224,267.2156253351737,720
96455000,196.49932067762538,302.9441330908552,720
96460000,140.68053658780804,273.3500430470173,720
96465000,128.66471780586045,315.86670508474316,720
96470000,202.14727622898118,385.55114862921306,720
96475000,169.90076892595235,255.66749540406892,720
96480000,172.80990582429507,269.3515796624268,720
96485000,186.89664980607347,293.25985795262346,720
96490000,183.39348636128753,287.1849742775846,720
96495000,168.41536431420505,321.09154487019055,720
96500000,185.41401634457432,324.24461995189046,720
96505000,176.819894565671,327.22018277961695,720
96510000,157.22298239528098,293.3377520512782,720
96515000,189.4738864950257,258.551344937546,720
96520000,153.20881555650345,297.9673049709554,720
96525000,176.85200292279228,378.1428122547607,720
96530000,170.86076549816036,278.5600502606999,720
96535000,174.06182148324297,291.3210886209585,720
96540000,189.68747744425718,322.56559950541225,720
96545000,201.57127481112963,298.5985671532341,720
96550000,146.03243708435858,279.24291630875325,719
96555000,160.86320422850775,326.681509254732,719
96560000,166.3208773914433,256.3006609207495,719
96565000,206.93932603176154,336.986788240385,719
96570000,219.86144960101657,264.7792538582993,719
96575000,160.6847388868775,321.98638999358104,719
96580000,179.55204081424196,263.1956159534975,719
96585000,220.81710363486303,275.81395475322256,719
96590000,215.88012672304976,307.79780296515577,719
96595000,163.95606144810498,366.7268458759979,719
96600000,193.70384529379223,320.649986387511,719
96605000,126.91110229877735,307.44689317437195,719
96610000,195.95540419532966,364.9634222216903,719
96615000,177.3312917207842,284.29755954346376,719
96620000,189.80338079573198,317.57243013413176,719
96625000,170.52340293660282,348.7442004306616,719
96630000,156.5560323415603,277.9899568103596,719
96635000,229.67448814238617,338.1277522307152,719
96640000,182.0616005511392,258.1191302015517,719
96645000,199.40482391359342,344.83834323718764,719
96650000,226.54583475653797,312.26442438045314,719
96655000,192.70786332917783,368.12329827189143,719
96660000,199.1832111322363,293.01271175219273,719
96665000,126.08978301566711,286.07848102780304,719
96670000,157.9887574711118,270.52831698312383,719
96675000,173.1838965993384,318.27884309205126,719
96680000,164.08858729149807,321.6731979219022,719
96685000,189.7920584624345,292.45132238958604,719
96690000,162.48638639865564,258.0243283239799,719
96695000,209.91076983778908,270.42775528414575,719
96700000,165.4279768958501,285.33956485795574,719
96705000,143.8702874324651,259.0037330011387,719
96710000,186.92161709249072,296.9024586564381,719
96715000,168.27143585504282,307.4245938321105,719
96720000,224.3529952861697,295.68781035191296,719
96725000,162.93255230947295,300.39668369779906,719
96730000,166.10382758826742,382.93981775889506,719
96735000,156.9291020748956,323.3878745546212,719
96740000,187.83239564126427,332.94847704470715,719
96745000,205.38203538011757,343.83386865242977,719
96750000,153.52402647265592,295.53904296731463,719
96755000,192.17129925809175,358.7759835058272,719
96760000,196.70066563415867,279.07588896112605,719
96765000,171.62076344364073,347.07545493444417,719
96770000,184.26540836145566,300.74432892682955,719
96775000,188.57794242043062,367.90242854189205,719
96780000,166.1915018742477,325.72501049915064,719
96785000,202.60750748681977,224.91985555235303,719
96790000,189.128071033552,341.5719821131115,719
96795000,162.82698398799283,295.9044571478594,719
96800000,180.9553863764799,284.53069561800027,719
96805000,187.54780473338192,348.22020632304174,719
96810000,152.53168295804264,315.34903848627465,719
96815000,194.0267387492921,264.0836840126848,719
96820000,183.19871388552892,342.90655571606356,719
96825000,212.81510110092978,328.42432882228616,719
96830000,208.1952395991608,376.9874063065881,719
96835000,203.71425687480593,317.18709964682216,719
96840000,212.24994953242154,315.3607972714271,719
96845000,168.1518270769716,240.30810198213578,719
96850000,164.90989135054576,292.73045474766207,719
96855000,136.7355433847351,318.6148195995369,719
96860000,153.83923509364183,242.02415795258656,719
96865000,202.61805682952223,277.78045394133125,719
96870000,186.79872076608115,325.65321031807633,719
96875000,174.91467076932662,277.81965880229126,719
96880000,175.00522693824539,307.94617472671484,719
96885000,214.51394459796535,250.6632385275343,719
96890000,168.64454351866044,309.9210548903413,719
96895000,134.48738260930563,248.9719077910667,719
96900000,131.5624849878919,334.5601346899181,719
96905000,195.0170037022593,270.26306419753746,719
96910000,190.90187003103597,287.2060836206877,719
96915000,159.84085900206506,312.32312782207885,719
96920000,167.46966243973225,300.96974806157584,719
96925000,144.52330162860048,251.95412903541148,719
96930000,218.24715074327167,312.00448573498596,719
96935000,162.11203733772498,312.12353628453656,719
96940000,201.20070964427194,309.36675799441855,719
96945000,213.47247581890784,347.87988549612805,719
96950000,144.4768235769783,281.4319557985897,719
96955000,144.03318738510666,286.67503530591915,719
96960000,206.23627189677114,304.7991045087006,719
96965000,193.1771323923333,291.94746693089763,719
96970000,150.70969018859688,279.7744451658175,719
96975000,179.73008543311354,355.0386410477836,719
96980000,149.88338000142338,230.1388077678643,719
96985000,162.81873696971653,321.36166352202866,719
96990000,170.1219507908259,285.14519920463647,719
96995000,174.12235004013408,295.9076772425182,719
97000000,147.98846242686704,220.17385836862545,719
97005000,178.6426116187046,277.117317956912,719
97010000,156.99837811991648,225.67230243146156,719
97015000,163.27110641652402,224.1870137917824,719
97020000,170.3759471651772,244.75348733735262,719
97025000,154.33448279100594,257.7217719238315,719
97030000,163.34074531573106,250.59589464235327,719
97035000,194.95287458858226,294.35840696221356,719
97040000,169.82269296900068,303.9734195843638,719
97045000,157.21307087014085,301.6288992721658,719
97050000,126.34911980083994,253.73951943821342,719
97055000,163.6471748346645,282.15813236257765,719
97060000,179.2354288836033,297.5853642106532,719
97065000,165.33812764542117,284.75632940060325,719
97070000,173.42974157607432,353.7273483171148,719
97075000,200.89886314945812,292.02945930405116,719
97080000,160.65589459508763,305.35609926759145,719
97085000,163.02039950603188,342.0012417071781,719
97090000,190.81074376173032,277.4728668705082,719
97095000,169.5195694172004,344.53380264509525,719
97100000,147.7094099077883,308.62041602684906,719
97105000,177.8321978085938,309.9554102947369,719
97110000,190.21341603334164,370.33993243574963,719
97115000,142.51853988908135,286.29519279701503,719
97120000,152.70238306201833,287.420284534241,719
97125000,194.6379906906099,314.0102695429607,719
97130000,176.52136687578235,318.36090420863974,719
97135000,145.85709793562938,362.52249030824015,719
97140000,188.0478572910716,369.3569153202,719
97145000,188.82553565698296,251.26372352711059,719
97150000,142.61796738158287,274.1404982083453,719
97155000,171.96821096503857,320.3766653166999,719
97160000,181.3404394778835,288.55306328465764,719
97165000,158.409702339991,326.72966828432294,719
97170000,178.68379353528002,324.61368833264515,719
97175000,175.78367119134114,322.18905132896197,719
97180000,194.26349848435478,315.66807773461767,719
97185000,191.43541265394867,287.24981235460484,719
97190000,173.01743347251752,291.15948804250326,719
97195000,171.7101752186191,236.4396740732072,719
97200000,174.92424535339663,340.1816603021459,719
97205000,167.4369591705185,310.19153065006856,719
97210000,190.25277520058992,295.17487423804613,719
97215000,191.5482886457495,227.17554214930414,719
97220000,188.40645963476246,317.4370620990142,719
97225000,183.2207635572603,314.5565306269581,719
97230000,213.3682316516537,349.36782427876403,719
97235000,173.7738454579753,329.36601017485765,719
97240000,233.5512251274129,292.6376580370485,719
97245000,235.5331988487595,284.9712302492863,719
97250000,159.7568537882657,279.11383687787384,719
97255000,187.16224501557028,279.6322954416456,719
97260000,178.99256632438664,373.47936585641736,719
97265000,170.10394987353558,357.05053039633304,719
97270000,165.5715934515862,313.5079815976508,719
97275000,176.3187018895905,308.78659296584084,719
97280000,174.26310971345893,255.19909159311737,719
97285000,186.20535580148905,311.37696673608417,719
97290000,195.375539046032,306.87280567446726,719
97295000,172.66808532551303,311.6215000401665,719
97300000,191.97713946087617,274.27924110537134,719
97305000,210.16830931499138,267.5727346432154,719
97310000,165.54875964529288,255.47025376799564,719
97315000,154.0783493087172,265.97916940479337,719
97320000,192.9231528891542,275.1523365326392,719
97325000,198.42983447806898,336.2312434278473,719
97330000,198.39009358107023,309.8762233801419,719
97335000,166.3800916001941,271.3754677755376,719
97340000,208.92542962333312,326.21751133042994,719
97345000,169.9631637025113,307.1811512907658,719
97350000,184.96172188750666,306.94156029922584,719
97355000,133.23902673938494,308.2085621945753,719
97360000,167.13164539628642,329.91886277783584,719
97365000,168.47588507977065,296.12254409787647,719
97370000,166.17394847657744,296.37732240668345,719
97375000,163.00081413848326,280.29941642240493,719
97380000,188.61749587715087,292.4776468094696,719
97385000,194.44362649173547,328.9726396859472,719
97390000,163.64515736842688,245.71098957468223,719
97395000,205.6422828650588,297.1798047946591,719
97400000,152.341811722749,291.37573190932426,719
97405000,191.62771196173458,343.6037857630319,719
97410000,172.78015094700444,291.94537200853915,719
97415000,184.74981329961025,315.9705220360314,719
97420000,191.1659001762886,299.7399945257185,719
97425000,152.73765908803102,332.82499974993317,719
97430000,163.14838413365362,320.5673211855675,719
97435000,184.0930245559412,249.4186394686147,719
97440000,180.27388217862327,267.56609292753063,719
97445000,173.27516005255248,287.7781899003876,719
97450000,173.6410072926751,280.96330183746335,719
97455000,226.68052738074067,320.75600025816783,719
97460000,179.94070802653937,313.9448134082965,719
97465000,193.95644523671666,318.12027389417733,719
97470000,150.5515562370138,274.19837428136583,719
97475000,203.251104694699,286.80301131225286,719
97480000,174.5849430710843,284.72338875773335,719
97485000,164.38917699782942,281.4817903860144,719
97490000,149.322759985606,325.23857446097406,719
97495000,169.73753046446518,300.26264827290214,719
97500000,170.75278682283457,306.0952670587894,719
97505000,192.73091705341895,331.86584594985766,719
97510000,170.74613374111584,237.43983784182447,719
97515000,175.33200322443767,294.9484562619369,719
97520000,180.08799685666233,286.7985983042368,719
97525000,209.18448392690104,296.98918801210834,719
97530000,168.92500811432282,317.8410843294281,719
97535000,177.95080256974006,266.7655122007254,719
97540000,187.51029614388895,285.92890015708764,719
97545000,190.2985804841931,280.78387818540426,719
97550000,188.07571560725924,301.7629396618089,719
97555000,192.28671542379928,270.95497477162985,719
97560000,189.34250490022845,292.04060975784625,719
97565000,149.99303485580444,391.1140441626943,719
97570000,163.02161975445665,263.04818782540195,719
97575000,171.8613059772481,253.82401697296402,719
97580000,180.65548779288812,269.64797571621267,719
97585000,191.36730274034127,303.2439413870284,719
97590000,196.50587763077218,296.78967218808435,719
97595000,147.6495145084095,284.39884448782425,719
97600000,205.12360197935584,309.8412460814025,719
97605000,203.69420233804766,285.9156508112922,719
97610000,145.4677920377586,258.0799299498941,719
97615000,201.99909901882572,311.2835465976976,719
97620000,207.10409815447773,283.93029747772187,719
97625000,152.21313212818433,321.74215030286575,719
97630000,190.0632151800434,270.314638251149,719
97635000,138.54612056341233,327.54173709789967,719
97640000,148.58147519428397,218.49149245066715,719
97645000,164.06618814874344,273.5495203954694,719
97650000,180.56347465000275,313.9913652197577,719
97655000,189.91783500625903,348.56470770991376,719
97660000,147.90195686310264,294.4966127492112,719
97665000,166.04080504135527,272.80774542047476,719
97670000,203.84136003922032,308.1107879423749,719
97675000,146.08145375481232,308.8124174254863,719
97680000,168.05479778479838,317.0166285001429,719
97685000,206.158760286484,321.8281813789881,719
97690000,171.69771774979588,311.7894123366388,719
97695000,168.27141555698208,275.377242588756,719
97700000,178.28482141237782,300.821102031394,719
97705000,190.88194924920663,239.75047437404962,719
97710000,210.45137339732307,322.5083709501613,719
97715000,178.91060488547927,321.0826699962936,719
97720000,154.05489486298504,297.1591635759003,719
97725000,170.1699140681239,295.7256456431369,719
97730000,178.89617706939183,334.9837493392291,719
97735000,161.39254177383367,338.9800551444616,719
97740000,181.31502447333634,270.56252406237616,718
97745000,186.87325514250765,287.5985101317475,718
97750000,186.66833693581796,335.66721062753504,718
97755000,189.23919701119806,336.4453487182861,718
97760000,155.11783595833788,329.4183775802407,718
97765000,173.6633427367909,279.82201377348423,718
97770000,187.67261131416882,289.14871339272594,718
97775000,166.17380564401068,285.4997789360255,718
97780000,155.130134976389,250.9661588994798,718
97785000,162.19541684396523,335.3473245257344,718
97790000,177.0242280530797,329.8514658290784,718
97795000,208.13296917728323,255.57751065683416,718
97800000,154.26088362071343,263.51355634957616,718
97805000,154.9138863262708,289.36881561738375,718
97810000,159.93222032236866,330.8934238608528,718
97815000,186.14976290418537,288.156580285339,718
97820000,175.58231318938522,336.9433533736534,718
97825000,233.3904668463138,288.13699513274923,718
97830000,158.85791693921172,346.25372036419617,718
97835000,154.71254627605097,312.28622087755656,718
97840000,206.67566906866205,260.372312323727,718
97845000,150.54786095361234,257.21384494475546,718
97850000,170.68710279037518,351.92494538284774,718
97855000,153.27809042665154,326.2010307587229,718
97860000,157.93623032180886,322.712096920113,718
97865000,162.76505159336818,360.02675973280816,718
97870000,163.75482641568624,285.939528711486,718
97875000,186.81766787405766,366.2604228176339,718
97880000,168.2152193527471,306.5130591197309,718
97885000,199.750398612455,259.62723331579724,718
97890000,161.10461329721429,302.4178874870257,718
97895000,209.04853030913105,281.35730373785094,718
97900000,151.7263118305954,254.40469904880842,718
97905000,166.67739398810642,295.099715718643,718
97910000,160.1746770434502,225.16778401107263,718
97915000,231.92864352067264,278.9443238752718,718
97920000,151.26287269777214,317.8045772987746,718
97925000,183.61075684035174,306.53503489533813,718
97930000,144.50620130095584,260.8740691721074,718
97935000,164.7694776578418,279.8559399957312,718
97940000,219.95227639952395,364.04821877112295,718
97945000,158.93213186385535,246.71156892617773,718
97950000,214.3531360924974,358.8134147457646,718
97955000,159.24127585519864,269.7034567840421,718
97960000,162.70237811716288,251.81407382924442,718
97965000,195.42091493163042,377.4976149915824,718
97970000,196.9665140819495,304.58613797272073,718
97975000,220.89177727087824,366.17727790895947,718
97980000,175.7545378552366,291.614360897578,718
97985000,125.49765862778668,299.8001796398299,718
97990000,149.37191309424324,274.4516055847644,718
97995000,161.69534484653926,292.175771758409,718
98000000,196.28812768748722,351.75890289395284,718
98005000,171.95518675643916,305.2875640768936,718
98010000,193.06734330233851,326.45998725030984,718
98015000,163.4359517707182,277.2174958819911,718
98020000,152.33575795134425,333.9893682570483,718
98025000,147.10998964451116,261.74317699469196,718
98030000,136.63613931556748,354.4304414246065,718
98035000,176.26334506818833,342.4903681998537,718
98040000,186.63403206243458,272.2874355422477,718
98045000,181.78800419528937,298.194358919064,718
98050000,192.74350417025533,276.0864715389024,718
98055000,178.60445966177525,397.5388833169072,718
98060000,219.2742034882764,299.33876049876557,718
98065000,193.2127141934787,352.7945826851145,718
98070000,151.52098424880234,285.72035474496556,718
98075000,153.6120925097422,286.07201977159735,718
98080000,179.07745880889013,286.8972498158524,718
98085000,204.62669490944978,297.7176465024091,718
98090000,167.82244753477974,308.61742675279726,718
98095000,147.03845247581236,243.54701384873587,718
98100000,151.87769613534306,308.11110421391777,718
98105000,148.18335111977254,274.83486358342003,718
98110000,192.37464288684336,338.9165066753725,718
98115000,198.19506461281404,328.71569325826323,718
98120000,163.40387871972263,259.4305872821034,718
98125000,160.90011437246787,325.0112756446687,718
98130000,147.07595758340008,308.26717997623007,718
98135000,156.714516144052,250.00028525091074,718
98140000,182.42834529827417,314.73213311789135,718
98145000,226.44300787894272,303.07720813047797,718
98150000,166.82011236698122,282.50992494463844,718
98155000,185.60570789400583,307.77782533962073,718
98160000,199.14160950695327,355.3325953762771,718
98165000,200.65202552575533,318.80089473924284,718
98170000,185.74029893292354,306.78329994396313,718
98175000,165.09842288995037,310.7523982677531,718
98180000,153.30733080790114,265.8544488241923,718
98185000,164.1568754666206,331.82428388124,718
98190000,162.46991782404274,295.786574935563,718
98195000,156.35149992599796,291.06758497924665,718
98200000,181.3024816913715,281.29823766909107,718
98205000,161.68981902980414,273.70044847096256,718
98210000,163.26617335533243,281.172539674726,718
98215000,167.48141506423613,356.767402127068,718
98220000,197.52179592356924,309.8070973054986,718
98225000,204.54117915845185,332.28490923155584,718
98230000,209.7178018867826,317.9574888417353,718
98235000,196.4359747678764,271.0647599732255,718
98240000,180.88214901590675,262.03648574371795,718
98245000,159.31401412998864,320.7186733463527,718
98250000,136.12747568322166,216.36480141204117,718
98255000,156.91855997870763,358.3398036297207,718
98260000,160.68034497664672,278.59887842359603,718
98265000,139.60238018801195,270.14466820666956,718
98270000,172.36689402838226,284.90911229304567,718
98275000,207.07186649841856,339.702572423173,718
98280000,175.1179707305093,333.60864962004865,718
98285000,153.83128307840215,282.9089299600093,718
98290000,153.75000529264287,261.2339331933773,718
98295000,188.29588516912426,273.2542496738457,718
98300000,161.928012085234,293.46634951964523,718
98305000,188.669226460847,232.27606312925113,718
98310000,186.12594118429985,301.63949665546045,718
98315000,165.6591472671761,348.83849714164705,718
98320000,194.06438846527232,398.63020145269866,718
98325000,206.61905663374088,304.30194956364056,718
98330000,191.21104441478548,286.08394651749813,718
98335000,168.43744357920792,278.2003047151289,718
98340000,172.94515183779214,256.3711343315668,718
98345000,180.68394897414194,326.45777550149626,718
98350000,139.41463567361836,320.27325155646787,718
98355000,159.6786319676142,259.5129282222045,718
98360000,176.93862865897822,269.4690260151021,718
98365000,146.81148235920574,354.39322049702184,718
98370000,187.4237547916107,317.01462920959005,718
98375000,145.71432393086775,272.67318542925636,718
98380000,168.45438763263624,247.9529776799122,718
98385000,175.85070485125848,336.79363966773417,718
98390000,205.0854012602662,329.49479944547124,718
98395000,163.61469807809817,279.6394416718975,718
98400000,171.43912974098936,254.76455044274184,718
98405000,172.21682442536803,227.801792168039,718
98410000,178.52486591934402,371.44342792593596,718
98415000,177.76898319443288,278.01550641913616,718
98420000,177.73061287452035,287.8178177778014,718
98425000,224.5802764631386,282.21445148761075,718
98430000,172.1634826829857,308.7216834838031,718
98435000,190.840477817605,334.84980690062065,718
98440000,176.31359495411343,244.61474994327847,718
98445000,137.65769342557593,305.16628851949446,718
98450000,163.18624368274448,289.02318195077396,718
98455000,163.09740734763403,297.1275102355247,718
98460000,150.4497123346181,359.7825130151024,718
98465000,189.5872460619922,232.17567697297852,718
98470000,188.14010116992856,284.90179096522945,718
98475000,144.69691996039882,218.95598161566951,718
98480000,167.13646722531806,246.5858335169582,718
98485000,147.65230484445277,265.0197371657891,718
98490000,200.79690029304274,296.3818093386516,718
98495000,178.98850177416102,313.04446825557926,718
98500000,166.38057466663903,342.16537633330785,718
98505000,229.03081593111062,309.43180036146094,718
98510000,139.37323061462416,223.80772836227737,718
98515000,130.48103925357518,298.2035854777261,718
98520000,219.9670449571194,323.9824766536164,718
98525000,177.65658943356192,272.68449739604887,718
98530000,146.92260893997923,268.2181896929891,718
98535000,165.63660511520743,243.88928666561426,718
98540000,188.22792724356822,281.5876869530166,718
98545000,175.68396259396602,334.7803477726542,718
98550000,149.05937799995797,283.1178021565876,718
98555000,162.01477307690502,265.71523390533946,718
98560000,161.90578190802822,242.88372725297276,718
98565000,177.1832819201015,281.3933954788028,718
98570000,183.02474365586687,303.28630841203164,718
98575000,197.16852210267612,296.98746620904825,718
98580000,170.35300114744078,269.1665084366781,718
98585000,171.56348972463877,311.35533757795145,718
98590000,200.1133573017582,353.71935630832564,718
98595000,172.41224638582207,303.48283259278685,718
98600000,180.75845709702688,298.68811955189466,718
98605000,138.04378096315074,244.33361660947335,718
98610000,171.468095805163,274.73696338992005,718
98615000,154.72808739096115,307.1606461969342,718
98620000,212.97446820844357,312.067780311575,718
98625000,129.5627979429682,321.3660563938497,718
98630000,178.63715349587622,316.1867527067084,718
98635000,171.2323191364957,287.1116607074078,718
98640000,169.21907589123768,327.51532032833,718
98645000,161.7002879908548,265.7089695494769,718
98650000,188.98328930935605,318.9642313060658,718
98655000,206.72973952783167,300.30407473679884,718
98660000,140.16438529665493,324.3438158749753,718
98665000,151.33146232345828,291.6787837725509,718
98670000,186.05853563529575,256.9486621270081,718
98675000,224.65431873822612,357.42570318924516,718
98680000,196.83139390090855,326.03911348841825,718
98685000,146.86446111209534,314.2684152392645,718
98690000,196.51698269785746,321.6415900200317,718
98695000,209.25983818284107,375.46380733912144,718
98700000,178.86248613061466,284.7884681834704,718
98705000,167.6972061426945,295.97082007923876,718
98710000,209.34141045070996,292.1174343339335,718
98715000,191.28791467725574,310.9947577536325,718
98720000,171.9036562561392,304.6496380892632,718
98725000,180.92605994728873,315.59831783034286,718
98730000,165.16222513748014,311.52246634787997,718
98735000,155.85998737417003,256.832999961959,718
98740000,152.43047683573985,326.44897902144317,718
98745000,183.71831343588127,309.54827733999826,718
98750000,201.69642561399942,326.34187967885225,718
98755000,132.250129988525,296.5908238183213,718
98760000,193.14408482192718,276.38570345657337,718
98765000,168.60602050759206,308.07062414185043,718
98770000,186.87979607629126,252.1885314968305,718
98775000,133.97163126166427,349.5200724462663,718
98780000,211.2434054629198,261.48867560091406,718
98785000,163.56565982164392,289.0870597625271,718
98790000,175.32888456588736,288.26960858564155,718
98795000,168.26807929592616,328.88632163772803,718
98800000,189.68876081200676,283.020406462278,718
98805000,183.61343294575565,264.6015431104899,718
98810000,202.9381279264971,311.14512137405825,718
98815000,168.7875706513976,279.45581338261934,718
98820000,169.64129038899355,368.1132965093199,718
98825000,180.19641386810127,291.34388002662985,718
98830000,201.59499878072273,300.89492605462453,718
98835000,188.99900365169987,285.0574372046372,718
98840000,176.35145316035064,277.9606173011133,718
98845000,197.12221393078903,295.2376015560419,718
98850000,170.3320413598483,307.5841683276698,718
98855000,142.7269963947667,344.22227657866665,718
98860000,159.18881233936247,331.0001946797728,718
98865000,157.00922850435654,237.2450178697006,718
98870000,187.16826432844178,300.01295920986087,718
98875000,192.8237168817972,262.3669703548872,718
98880000,164.31172457998272,279.6039488155148,718
98885000,180.2642069231273,268.1355225656567,718
98890000,175.4582911978996,330.5338148118563,718
98895000,191.19062495897091,297.06964780180135,718
98900000,161.25550637978148,262.163302712951,718
98905000,182.5814952400483,297.3675037799015,718
98910000,156.31431955953252,325.97699920885026,718
98915000,122.91150559918516,307.96057005924183,718
98920000,197.60581266642544,337.906512519842,718
98925000,161.03831557402768,282.8945195843582,718
98930000,195.11420217923853,265.8936607829913,718
98935000,208.83951501840755,272.65646375805346,718
98940000,172.73815776705842,307.81679946077406,718
98945000,139.72862402743087,241.10704707037237,718
98950000,152.69119042343686,260.2643963867186,718
98955000,198.98240133183896,305.1791834289138,718
98960000,166.44054051620768,327.50715693160106,718
98965000,200.25189210332323,295.90879805869304,718
98970000,217.77584444540219,309.5607745646737,718
98975000,199.5621971191773,328.23030086640154,717
98980000,171.83655925555212,351.35119493890835,717
98985000,143.4573958096563,304.0708077133818,717
98990000,158.57480707151458,270.23564083931734,717
98995000,153.77194805631805,230.36344717666708,717
99000000,155.9421657929207,268.7515778644367,717
99005000,185.05389219253598,262.99029401331654,717
99010000,174.55387239059638,288.5665820664855,717
99015000,146.75057052781312,370.1612508711953,717
99020000,191.20544190039394,278.3986085260595,717
99025000,178.5378798392381,303.24273186562885,717
99030000,168.97623048290512,218.5949043088351,717
99035000,186.3291277916782,302.4002645214486,717
99040000,171.69942252355978,267.34224129530065,717
99045000,135.82583839030775,298.7452926958702,717
99050000,162.87344103509253,258.5514468623823,717
99055000,221.37083562317622,298.74008370621306,717
99060000,184.11129198097214,316.0842645306049,717
99065000,147.58750923055936,270.1821359136913,717
99070000,181.51776137233009,312.0006369157351,717
99075000,165.19821315162667,322.6672869393398,717
99080000,181.5959639972679,276.46882293072866,717
99085000,172.6854783284272,245.10701335031482,717
99090000,171.2493277379014,291.4594622622271,717
99095000,161.52585529995577,315.7463796175278,717
99100000,148.25399698572485,318.422823639162,717
99105000,201.85416105122684,244.68032776632086,717
99110000,198.07305718782663,308.0586391920174,717
99115000,191.24298585229133,417.5986441250954,717
99120000,182.49807274234703,341.2718973448205,717
99125000,184.3000089134483,274.4296334650374,717
99130000,155.8506254889129,358.4653517185319,717
99135000,156.95499051257485,402.6718359299788,717
99140000,178.31733294424524,294.29158121732235,717
99145000,194.69874111565912,303.1913776498255,717
99150000,201.7171040725149,227.91142681435733,717
99155000,214.83614086436762,302.14436706453756,717
99160000,150.9255390146969,241.5880472699705,717
99165000,220.92553763279076,320.0381257903558,717
99170000,172.32093710568404,243.92797108054742,717
99175000,153.85742501725395,267.50283749455326,717
99180000,152.2053023172005,288.0278360684307,717
99185000,193.38389972035978,343.19114640808374,717
99190000,152.99464355738263,314.7592870612808,717
99195000,190.8000486435842,309.4083822106758,717
99200000,173.42401972835543,316.69175849617136,717
99205000,132.6290964571309,301.74094180312255,717
99210000,177.25041257412286,336.00080430268946,717
99215000,188.22359188482645,294.6733099104661,717
99220000,172.62922266470974,290.3695430476404,717
99225000,151.53389233009,340.73089491888743,717
99230000,217.2763796990505,343.35931015717864,717
99235000,140.83447631424295,325.6995143023626,717
99240000,190.198965763434,373.76422278076507,717
99245000,172.8194383761703,278.4015280076648,717
99250000,183.07013132107204,373.51330654382525,717
99255000,219.56100358836517,332.5112524875545,717
99260000,158.8387170048023,338.15031829208635,717
99265000,169.93482826677115,260.6134173369725,717
99270000,154.15523069939286,248.66810650833463,717
99275000,154.22657489148781,255.5490245543921,717
99280000,168.04028541268087,259.0975554114369,717
99285000,135.0351233450254,397.5907105983093,717
99290000,216.04757762201092,235.43454781906826,717
99295000,157.3960333706818,310.4880115715539,717
99300000,154.22399562510228,269.0139561705823,717
99305000,162.1098730554051,356.6313944165282,717
99310000,197.93783900674055,282.86792610342013,717
99315000,202.69369265659188,268.3210466353869,717
99320000,171.0102389571608,297.0768171614105,717
99325000,176.51245445459622,290.5978739252836,717
99330000,218.1949343093581,317.2017314680189,717
99335000,165.4768095667542,343.6741607619062,717
99340000,165.96042317674775,329.32324381682776,717
99345000,137.05176709716122,292.1193242234806,717
99350000,201.17858006302941,301.281899538142,717
99355000,192.29459574913915,262.04606170048044,717
99360000,177.01107844472327,278.6051420973229,717
99365000,206.26442973406446,342.5458840921534,717
99370000,158.12534277402122,316.42421048479883,717
99375000,180.90819693640645,293.10170172134104,717
99380000,167.94420734176492,251.19417466465194,717
99385000,176.02530146753293,280.195997012108,717
99390000,186.80269616613134,310.05507069228287,717
99395000,178.30380444514904,257.2604567522835,717
99400000,170.70240114081048,330.0557201483885,717
99405000,181.50329143216203,274.3295064841795,717
99410000,178.52004984889714,293.5544218409205,717
99415000,168.1558659664783,257.8542725706853,717
99420000,176.480830840021,336.13545500593204,717
99425000,239.2821801276011,337.5502808320831,717
99430000,162.21291011450057,296.14623029964554,717
99435000,154.34435736359114,357.263738803559,717
99440000,157.74071948684298,355.0501985552653,717
99445000,160.09617561297435,273.261887429026,717
99450000,162.04331798068108,323.6982040454386,717
99455000,190.65995499965848,295.37082688807,717
99460000,187.18912239711213,273.310791836871,717
99465000,175.17047255183948,301.65852077794705,717
99470000,163.00837492002557,302.72473279054407,717
99475000,168.13908845838284,315.9458055136726,717
99480000,161.77338105834284,296.4041904812337,717
99485000,181.1223889455242,292.83832073002725,717
99490000,177.91999553257932,303.8584621124651,717
99495000,159.48636783134003,293.5402897972459,717
99500000,162.3537787832909,307.83262243349327,717
99505000,161.96192265646394,298.0361196162245,717
99510000,162.64980059438628,303.72241411457185,717
99515000,179.21785414850376,296.9330123795253,717
99520000,163.28761443729246,326.855613580884,717
99525000,190.92705782273623,248.5008079720519,717
99530000,174.58907962025805,309.2262930593034,717
99535000,193.17002499713928,284.1531580620073,717
99540000,174.39842898742577,259.7658439868375,717
99545000,189.11306075353056,274.3980891124332,717
99550000,217.4094571478005,366.0581088658512,717
99555000,155.90195827521146,263.65719363343464,717
99560000,146.01478300027168,257.0696538506365,717
99565000,186.60242329542695,345.781750977652,717
99570000,180.16887735202266,314.7880212070079,717
99575000,184.91844832245724,277.4554711435897,717
99580000,176.1778344275171,289.6515805431309,717
99585000,181.4706136053112,264.5499450425301,717
99590000,166.50949937376706,290.90101444765634,717
99595000,171.3699033824339,292.7357218436155,717
99600000,200.77192653325963,304.87095796882363,717
99605000,201.6695847889383,280.221295853429,717
99610000,166.93357958702416,325.1905372782105,717
99615000,170.93582977048564,321.13203113471025,717
99620000,193.45056060805842,298.0723080726271,717
99625000,158.31819579701622,286.33799673369265,717
99630000,179.63655366736964,309.3172509560082,717
99635000,189.51741180740163,275.36011530372167,717
99640000,157.22621369851163,313.8554940605166,717
99645000,197.68804201176854,319.1946809359106,717
99650000,164.06387306189947,293.5021965305302,717
99655000,151.99000807061782,316.76974710799414,717
99660000,195.40886264281346,284.0645175741051,717
99665000,223.55920078989186,261.71632004745567,717
99670000,180.13919413692074,281.2366553260599,717
99675000,141.9669080303384,265.9593790954666,717
99680000,163.6707661804794,302.66474354411343,717
99685000,139.39490981583424,319.55143792942965,717
99690000,164.18580128517988,242.452176175052,717
99695000,201.3194599547104,349.2658766257126,717
99700000,194.2664649522986,224.71791938303738,717
99705000,155.76372668462423,279.76258513059753,717
99710000,146.51406882379013,354.12005031839396,717
99715000,172.35956258748357,361.17686077592555,717
99720000,157.92597972294527,328.6193588780347,717
99725000,145.14924255143865,338.28450258044967,717
99730000,143.93022183011192,277.6230248373323,717
99735000,163.03445934299256,353.66982508102393,717
99740000,188.5522085792229,236.54983002897887,717
99745000,196.58125582264157,241.02989905565843,717
99750000,156.5231850043619,270.2415727222118,717
99755000,176.2757077517227,292.73531750910894,717
99760000,153.94590694430119,372.6254788863416,717
99765000,188.8953130942962,243.6381368430041,717
99770000,174.89512199371472,346.37917361327806,717
99775000,161.92635218724436,285.48952857854823,717
99780000,179.02984633674086,318.2337512062969,717
99785000,199.3627914644889,309.7402267550832,717
99790000,170.72451167945547,305.19760674837534,717
99795000,153.53046499526826,253.83087003153025,717
99800000,204.94082734951706,272.5579948370004,717
99805000,191.10428446519393,305.49645289573675,717
99810000,174.1676920793849,306.1028375712848,717
99815000,210.5353539937484,354.59590686777875,717
99820000,148.5588803501925,253.03125445940344,717
99825000,173.0587596170274,355.1586944629581,717
99830000,181.18580569376962,293.46875125818315,717
99835000,179.3151609524584,306.8500563098443,717
99840000,162.2282992975614,231.35011854797284,717
99845000,162.59116813345548,282.21607533398515,717
99850000,188.346923767287,384.6822999605744,717
99855000,167.35812935858087,267.87013934546394,717
99860000,193.08762149110677,294.0141639441783,717
99865000,164.4832117809936,293.32255773737336,717
99870000,144.7541098687003,261.4858071790974,717
99875000,189.8891860257407,272.12116910598337,717
99880000,199.12249280051955,312.41743265305837,717
99885000,184.61869026217656,307.1894663784418,717
99890000,154.60081799509803,307.46786031108127,717
99895000,166.3352033416065,351.96562303485916,717
99900000,134.68176020264724,369.2022804106904,717
99905000,151.87502638638833,328.9504176336495,717
99910000,193.83164449860806,294.81107819385915,717
99915000,188.9797948288381,276.92410904724886,717
99920000,154.77766524992245,264.68154598509636,717
99925000,161.2137301973069,309.1988377505154,717
99930000,201.5936184884589,306.97896690823626,717
99935000,205.404511960425,343.74859490806625,717
99940000,173.91581189631694,322.2617089668942,717
99945000,182.2754979741328,337.7548416955084,717
99950000,174.27372480069417,299.55812921689375,717
99955000,201.3116856547701,329.59599180042096,717
99960000,176.41209528658115,356.36967514737825,717
99965000,173.48600747386456,305.35430785342277,717
99970000,173.7009407169295,214.1879734929092,717
99975000,177.0244465026227,306.87961381406467,717
99980000,176.54265544479253,337.9785435587742,717
99985000,174.58677028125007,340.62204540259125,717
99990000,157.5587865749695,305.3536799673467,717
99995000,185.35354914243717,249.52716349143074,717
100000000,139.30265040612602,291.3092610832538,717
