#"Step","Potential Energy (kJ/mole)","Temperature (K)","Speed (ns/day)"
5000,197.3158526383415,327.3444431872381,0
10000,180.8295140982653,295.7702835973194,510
15000,208.4337471161166,334.994503130872,496
20000,158.69053743480242,268.1351643843606,485
25000,206.4564041714792,276.5903975178348,485
30000,165.94254414903043,301.5304948124465,484
35000,178.4471674854636,322.52450646387854,487
40000,170.12547575093674,339.9065946257162,487
45000,179.78371857397406,299.78941764029565,488
50000,194.1727221488875,326.92182028145135,486
55000,189.43084384779678,297.74031750044986,487
60000,209.38018581669803,319.96402898743906,488
65000,212.5000872392144,369.20314396508513,487
70000,201.2571723717579,250.1030087940038,488
75000,134.34529024723534,367.43978621470416,487
80000,197.58877307830892,323.03128725551096,488
85000,195.4159148856862,278.80901191548173,489
90000,176.45598037724702,279.28032298591046,490
95000,171.31466724600804,266.13257331019724,490
100000,133.01509869270186,278.116360316775,490
105000,172.33180142026606,352.11500809465997,491
110000,131.28635527489442,352.8474490657121,492
115000,161.00075632415212,341.1573588072216,492
120000,167.8480895179369,320.0951832888699,493
125000,190.97016923238203,375.17038534955884,494
130000,152.69663513166498,286.7446028812535,496
135000,157.42998288134964,289.1748754697628,496
140000,176.8092342871572,339.5105872607171,497
145000,153.83937254120087,355.7713936260045,498
150000,191.88554647770007,311.4053751269526,499
155000,143.06966262752593,262.5878723504086,499
160000,203.83509600361205,343.0165943309261,500
165000,177.81752184950577,330.5454313723839,500
170000,195.66494097129137,281.1010337974151,500
175000,169.20784665669544,246.51086992580912,500
180000,210.2025234075437,285.5629116528994,500
185000,166.8186235102982,331.2027962180344,500
190000,169.74503766885329,347.3522915324555,501
195000,176.178341035264,324.8639638697893,501
200000,153.42533483941014,362.2785360464842,501
205000,205.72638740423014,310.70437226686585,501
210000,159.32450793480723,278.58815523515784,502
215000,174.549172246949,292.6726989028204,502
220000,161.46318873533298,314.84019608429514,502
225000,159.03796377281705,256.95624735289215,503
230000,186.72858083620397,362.1332997303585,502
235000,195.72445638272043,313.7230458671559,502
240000,188.95228961052987,285.48937265409006,502
245000,186.53932807698394,299.42204798296615,502
250000,180.71955504359462,310.47146725346107,501
255000,156.16237636381604,266.9496072747945,501
260000,171.81587748828645,297.290387842495,501
265000,213.70676976245028,239.4646880515938,501
270000,257.72563190584947,320.0269573846888,501
275000,175.3597291522589,243.36206590659006,501
280000,173.79057786769113,310.7705727529497,501
285000,199.6610715075182,349.8617273736782,501
290000,213.66752365548308,349.2711767845348,501
295000,183.18061491488513,264.082942641998,501
300000,181.98817878473005,343.13529412851346,502
305000,170.28407606980048,297.77020139927737,502
310000,182.9605429398594,321.57200133352296,503
315000,152.0754638171269,279.0245207039941,503
320000,203.70034389171948,322.0622196403579,504
325000,155.94180840800422,253.48284169515577,504
330000,151.8688771542928,281.87543305078384,504
335000,148.57622616402145,277.61076233358625,505
340000,172.49906306864898,304.13622438352814,505
345000,200.2366861555655,334.5477478541026,505
350000,182.6923561455724,281.0975691741594,505
355000,195.77962788587269,318.4849447664194,505
360000,152.60659409153865,278.02070388295624,504
365000,176.21334491082587,231.98219718046295,504
370000,164.63893880926392,272.2749874427632,504
375000,157.13198572232594,288.7386852167097,504
380000,206.39250810019072,273.873213729687,504
385000,201.09577194679426,277.77391754126785,503
390000,146.68840436885924,282.4460503392211,503
395000,160.90188428761348,286.9399158572903,503
400000,187.57275886690294,260.5173634369041,503
405000,149.4224900248756,320.470771829788,503
410000,174.28950533234985,323.18365818970796,502
415000,146.20231758225881,294.4753229138433,502
420000,155.06110424378477,348.142713110369,502
425000,192.73778915672662,336.91961450429307,501
430000,167.36929131651357,300.3620454951027,501
435000,145.0571863613227,282.1739542666457,501
440000,170.377188914186,273.9074924044701,501
445000,156.6286250824644,250.9334776906709,501
450000,190.09726114395707,272.5739647057347,501
455000,168.99452352533055,256.27846779596507,501
460000,182.35387092942585,349.16684685663006,500
465000,183.8807218005945,244.30076678536295,500
470000,175.92289058387118,249.6642479838502,500
475000,175.41053663422963,298.9083372773523,500
480000,197.57463466953322,298.3197390516637,500
485000,181.3213281391902,299.4423497519554,500
490000,169.25886657475732,285.6061006137663,500
495000,199.06032325284926,281.01364200237504,500
500000,140.29400063970317,334.40984177597454,500
505000,204.26990031834882,281.6849925331752,500
510000,172.11034645051487,302.64740917856733,500
515000,194.67948570287356,279.81067936024095,500
520000,146.448914831271,365.64143931643486,499
525000,173.59749970021224,316.41208492409714,499
530000,156.91270974090406,262.97327017430587,499
535000,154.690080465589,231.61069303530763,499
540000,176.67389139488697,274.1931797572772,499
545000,200.51292885104476,268.53781016277526,499
550000,168.09124029462626,280.28950641212714,499
555000,153.88006551584073,229.33138157969097,499
560000,168.9858733887948,272.1727259358445,499
565000,203.08169925106932,300.6414004829156,499
570000,172.84573824506495,288.3366326398515,499
575000,162.97759531503058,304.5995210800428,499
580000,195.4445102079949,321.9337303987122,499
585000,213.48359095500857,279.0504457580383,499
590000,176.65725498388397,349.11943360029454,498
595000,203.9253494186379,236.9524989846956,498
600000,207.35070126134303,373.7840835211019,498
605000,175.0485277838855,279.8104631901585,498
610000,160.32299629946698,239.3247667294196,498
615000,195.75372168250908,293.75468097405724,498
620000,169.80096139997138,337.0728297614259,498
625000,190.6313377702413,330.2205929898168,498
630000,196.8820560456007,297.50669189546954,498
635000,171.86175094036625,351.5040506902037,498
640000,173.58169704168375,244.25042912273608,498
645000,159.26006799368776,306.6202317060048,498
650000,185.31412928034817,271.1835770098836,499
655000,191.505656705744,318.0533923464059,499
660000,191.51520336364499,304.1518891696116,499
665000,168.7322187185109,258.3091487795316,499
670000,166.32908301007495,310.34565245998505,499
675000,186.53667080571424,261.3447775173825,499
680000,177.13862664019942,298.53211200654295,499
685000,199.82795804117293,278.0020117120833,499
690000,142.3099564151001,316.7370747604618,499
695000,195.63922406762651,327.8732001268395,499
700000,174.5150283984967,262.65544173784673,499
705000,177.0768972930664,266.4106652444882,499
710000,173.92550948555876,330.0494532103581,499
715000,164.66080345670727,342.28669813609895,499
720000,178.46350013530414,351.0633806193453,499
725000,158.30905361383032,282.1537196196556,499
730000,196.64964775034233,295.79709764196946,499
735000,146.51677439877398,284.8762130989475,499
740000,180.3868852730153,265.91785756421467,499
745000,243.34101411617291,303.8760928156167,499
750000,183.19001036075167,284.98820688619423,499
755000,218.92676161308367,336.6902586233934,499
760000,174.41263673038185,360.21682646080063,499
765000,180.56935791222836,309.0580554709072,499
770000,133.7352835662728,312.62420514074455,499
775000,166.43020791166109,356.20517861657476,499
780000,200.22626454481957,288.76864909558736,499
785000,189.15784019356397,272.67080002099965,499
790000,165.28867207714225,307.4628437894126,499
795000,162.67356954318268,326.8927244051315,499
800000,171.14564432829647,290.2731235173585,499
805000,178.61396354745924,205.75894776705528,499
810000,197.07472040907442,323.3035584834098,499
815000,185.8888267500764,252.54833742161637,499
820000,139.16889148211357,267.45335613957656,499
825000,187.64691084172753,294.9317781482145,499
830000,189.67299762054162,291.67389960584075,499
835000,160.9834660384713,312.93676500423334,499
840000,161.26655841820582,289.03519774073976,499
845000,137.2950297924906,344.51434586908414,499
850000,188.3977611455431,346.1872309874942,498
855000,180.32967061498462,339.4158009128235,498
860000,189.95318692907716,276.62333883616674,499
865000,214.5173168964496,332.5258329384123,499
870000,171.13066040889592,352.01683803620415,499
875000,206.37874846567004,286.8325961689927,499
880000,181.88262585019697,257.35278549891314,499
885000,166.20234744418534,284.51894556319246,499
890000,161.18847920855615,308.85243499879465,500
895000,159.35177002685063,256.17678291858806,500
900000,195.93939204726604,311.64749547063343,500
905000,170.17674372515927,283.6724630083446,500
910000,197.35857007245065,342.41874921694057,500
915000,170.44383348121684,299.93583115671976,500
920000,234.66769308868282,347.4907490999373,500
925000,156.35078894206836,267.49740228812215,500
930000,160.9819202610012,308.42131434262717,500
935000,145.49642832505776,285.64527658049207,500
940000,167.94904439925406,376.82871279947403,500
945000,200.5818173730898,362.0119752387585,500
950000,179.12034134786774,256.42115288998303,500
955000,158.2806910619171,323.005828566021,500
960000,153.1581406981017,323.85432007911965,500
965000,161.65581353100617,255.62524174460665,500
970000,167.20598277583204,302.4866982992763,500
975000,170.05085504072005,261.3031706136569,500
980000,178.88243621615948,315.0057279078256,500
985000,192.38184017829798,320.3050034956421,499
990000,200.53210317659665,306.41481133139644,499
995000,176.34936569301763,306.8899998675492,499
1000000,171.57311539768295,307.2191868108087,499
1005000,179.76836687487645,257.1961622520131,499
1010000,160.01312463133644,317.31398145586957,499
1015000,186.66192512596183,262.8699089308467,499
1020000,150.6932833104577,374.80028791453276,499
1025000,182.86791949275647,282.5270684017949,499
1030000,181.92989247800313,298.6529525733673,499
1035000,198.06287413225454,356.39329956316163,499
1040000,177.5316969671213,294.44790489948144,499
1045000,186.07576034788357,261.59234480435157,499
1050000,169.40968137530274,348.3782583919491,499
1055000,156.02271001635424,278.9914144012662,499
1060000,185.3724365403429,336.9081284571275,499
1065000,181.84391652710607,300.4226261932042,498
1070000,204.63337835683984,228.37773604190087,498
1075000,211.26523933822403,325.54296514715423,498
1080000,149.34750202836386,301.1058526465346,498
1085000,168.4781497743139,332.77521973239755,498
1090000,122.48940751571308,246.85266565387752,498
1095000,171.3889285505436,370.8374626183965,498
1100000,171.80854653760736,288.75470632181754,498
1105000,178.93120279695196,307.84490750881946,498
1110000,159.9509383895393,355.661497407118,498
1115000,174.64912548443948,289.55886452650344,498
1120000,166.58175039840685,326.2151496437749,498
1125000,182.7644128481263,331.7248420664434,498
1130000,148.56523312630532,300.7717085289259,498
1135000,203.89602397882734,255.12199292738984,498
1140000,187.3953977861951,300.75496696494145,498
1145000,211.75295203185019,302.98699883732377,498
1150000,216.69497908066313,321.9793355840027,498
1155000,160.00445248773792,327.46050096202583,498
1160000,209.57277481310672,316.92672308853065,498
1165000,202.3856344235529,290.21597748984385,498
1170000,169.55679134195253,290.7640154010317,498
1175000,174.3805974155648,309.7125719555009,498
1180000,183.50874929220245,325.0875656067065,498
1185000,200.51559772194497,271.9924929939609,498
1190000,161.67570902423532,308.1890921523306,498
1195000,141.4868863901859,286.9459315102662,498
1200000,228.9509444882714,279.2829089060045,498
1205000,167.2918930525206,245.37909554093892,498
1210000,140.0347348451843,306.98958304915266,498
1215000,198.9406648201851,271.4939543292376,498
1220000,160.72290656228728,256.87344453084404,498
1225000,161.85732668871333,300.1049336821921,498
1230000,163.05482336392487,274.83410663212743,498
1235000,202.28986692918775,380.511405796447,498
1240000,145.52573817361318,311.2650401884275,498
1245000,193.77972392874207,303.9899744389597,498
1250000,187.8126325422557,269.55212267135533,498
1255000,201.7910346558475,299.06304635919327,498
1260000,150.791292505941,256.17128138449203,498
1265000,172.02863249823372,254.63885292006427,498
1270000,210.82816474224782,283.4061015727763,498
1275000,151.28603714001048,270.77876429973077,498
1280000,158.59015405944663,246.12782540164264,498
1285000,179.00080894894805,376.14624581630443,498
1290000,197.62467845512128,294.92584446137664,498
1295000,168.00308704863176,318.99933138572067,498
1300000,167.6127103041493,292.2432595504765,498
1305000,163.06681360963003,313.6765734648533,498
1310000,160.8230348788761,295.88474116893735,498
1315000,174.36379104953366,363.5060523594189,498
1320000,135.00036828957872,344.1655781392654,498
1325000,210.09414034624228,223.7125865361914,498
1330000,156.3525376511548,328.03445924182637,498
1335000,162.83223185190863,303.9512644356309,498
1340000,161.13041075328485,318.52858573821305,498
1345000,176.22276511876672,313.53456520600827,498
1350000,190.83716454044614,280.6033527536051,498
1355000,181.96321878890527,301.8830718822451,499
1360000,166.57372149308802,268.0082581833042,498
1365000,160.88839565442015,327.050347650094,498
1370000,157.7392629238903,299.1719985082821,498
1375000,168.66954430271562,305.97606203089316,498
1380000,149.4024689194213,290.92140800955883,498
1385000,200.60582427493588,326.47957265239233,498
1390000,189.90049664440508,293.77102381423236,498
1395000,169.02497234025503,339.43370114534116,498
1400000,194.16320605890192,281.26572930190156,498
1405000,184.55675142004242,259.61579489478606,498
1410000,185.44432505381874,312.756560899134,498
1415000,149.987686989055,310.37426497372087,498
1420000,175.808860374803,344.7461258196982,498
1425000,207.15844953138637,272.8781938825618,498
1430000,236.25880139459497,327.6146255974751,499
1435000,161.9741794351802,297.87764275885365,499
1440000,151.58651661002594,289.46586905616675,499
1445000,181.34731597299594,313.82525985097186,499
1450000,153.2790669224549,292.65401206129656,499
1455000,190.62702399274738,253.60412978326434,499
1460000,175.59870482182524,260.3528734277672,499
1465000,151.69904041768305,247.50859048169283,499
1470000,137.00184243032368,328.9529041263459,499
1475000,153.72928505574058,280.7672735038426,499
1480000,176.40617557188406,331.9767725162904,499
1485000,187.29672016422242,359.67088763314166,499
1490000,181.85121473858308,298.4848718578898,499
1495000,199.6121172227401,362.7427812209793,499
1500000,160.79867617163902,299.3037580627613,499
1505000,156.14006348775385,328.08469420700993,499
1510000,180.48201270117795,319.910725505668,499
1515000,179.67598756500064,297.57184538881006,499
1520000,211.6445239470502,301.6470000082843,499
1525000,174.1184439268315,301.46647813309426,499
1530000,161.74162114089657,283.76791277364754,499
1535000,219.94120192681487,339.8458471287473,499
1540000,198.65051506610703,283.7394660259244,499
1545000,198.32661275444522,328.67504977892514,499
1550000,166.98872092415564,311.1088706510738,498
1555000,159.6643264290734,330.9196652148998,499
1560000,186.3712338168321,303.63582958081497,499
1565000,175.9097732041366,333.0432333217376,498
1570000,182.19645664990247,326.19586369528787,498
1575000,199.60647473489695,292.79869179231645,498
1580000,182.09374444160386,232.44100311398486,498
1585000,164.48064008110717,311.0441833250096,498
1590000,163.6638588427583,282.3382880405332,498
1595000,175.3967046480399,336.0676963490416,498
1600000,146.40443875899726,309.4506612171492,498
1605000,150.17917277685845,333.0009629825086,498
1610000,149.9751622606091,314.86355346036544,498
1615000,197.9299451364924,279.513920430182,498
1620000,196.9458230268636,264.0970093832289,498
1625000,159.55741412927458,311.01738676414186,498
1630000,202.79484148601523,250.47247652844996,498
1635000,163.40307921253824,254.14048266101346,498
1640000,178.63630284719648,224.4957333575252,498
1645000,178.88995182077903,275.3668012610158,498
1650000,173.71429212905235,357.9829905405289,498
1655000,169.3095442666421,273.2753351149106,498
1660000,166.86140214396545,312.10294783655297,498
1665000,222.51537688548547,330.3866060110014,498
1670000,171.6660534491055,268.48216823092105,498
1675000,197.80274250036288,328.0690065885275,498
1680000,156.24054483652992,347.2818523481078,498
1685000,175.8030795847419,310.73951975892936,498
1690000,173.7645958123562,336.4153668399623,498
1695000,149.39358342217858,326.04256993501883,498
1700000,199.26789546760054,294.11191652251586,498
1705000,147.38145675361645,317.00584431224763,498
1710000,214.76940695833767,305.09079542994914,498
1715000,149.5446985081581,262.9300054412746,498
1720000,152.87148593884712,297.96447638208167,498
1725000,185.85169791516498,322.13775472559666,498
1730000,193.83031362522047,312.7907252982161,498
1735000,176.6357185211849,329.9008978808419,498
1740000,181.99553429594758,275.9936178485526,498
1745000,225.47743595027634,392.8325088955586,498
1750000,202.35067866521592,348.4871160368677,498
1755000,226.06555188954238,276.85823616543524,498
1760000,157.8027260874407,268.47927647571305,498
1765000,188.9634445429485,283.6114893213556,498
1770000,198.27370683880935,310.76997416480407,498
1775000,132.62954648627078,322.895102510127,498
1780000,192.794347157205,301.1688203494695,498
1785000,171.352042482798,300.28222590196816,498
1790000,201.42713197610485,292.08691581472226,498
1795000,158.88709262261492,245.5792525777951,498
1800000,175.64570902015961,265.4062307735545,498
1805000,174.34813574936754,350.71763077138337,498
1810000,175.22275691981872,286.25330845128326,498
1815000,215.9117864043042,309.07423648986287,498
1820000,188.76793436471493,377.57697732764626,498
1825000,153.44689797748032,308.5319407943178,498
1830000,207.29783609683224,210.05561022118087,498
1835000,173.22241919747202,332.2252173872541,498
1840000,195.45578201354712,283.9359002218838,498
1845000,190.25405888475368,289.3952752227552,498
1850000,144.2315918114404,316.17544757164853,498
1855000,182.77086546937048,263.7818031276756,498
1860000,194.71633577658406,295.765872222523,498
1865000,132.95984985634328,293.18329141217083,498
1870000,211.72171223604911,283.74897527976475,498
1875000,176.51135810831283,275.4949477916903,498
1880000,214.2543860417954,322.14768932973465,498
1885000,161.06452924063518,336.67159506772214,498
1890000,217.52477506615438,298.28334043862316,498
1895000,145.45506914517304,276.54694835306185,498
1900000,155.41692393008688,320.07509476142985,498
1905000,170.80007705417498,243.5763270704741,498
1910000,186.3213456968334,277.8021273371231,498
1915000,180.611244423399,253.95569403574393,498
1920000,200.9694442467506,291.2411125551429,498
1925000,167.59743634535917,337.62200427942935,498
1930000,172.39036541896957,328.79034460609824,498
1935000,172.95116580925043,332.4022237492339,498
1940000,181.82556862207178,289.86278630435777,498
1945000,195.59168464889024,327.223611176234,498
1950000,170.95188620561865,312.49160523082446,498
1955000,216.9851645892458,295.3416743232733,498
1960000,153.7300047182393,335.8459468411179,498
1965000,138.47067031188462,290.10997268189,498
1970000,230.86394096128984,311.44268059370546,498
1975000,194.7881198431722,283.52692549386194,498
1980000,174.02963024591747,335.29792905181125,498
1985000,142.59534407639487,310.66127822036526,498
1990000,151.7647526106767,299.08695930102294,498
1995000,199.67837050794319,264.45451820565347,498
2000000,156.25333468196075,267.4244431351128,498
2005000,212.01493619934638,320.94606356848675,498
2010000,135.69263584926756,244.98320559162786,498
2015000,190.05621596979944,332.20201885709963,498
2020000,140.53697533054412,307.7410098369538,498
2025000,170.78454951065135,303.58467066301677,498
2030000,165.74688378798197,304.5035390910354,498
2035000,174.59108412839495,311.7635605341845,498
2040000,175.4879956790811,316.45423637921965,498
2045000,164.80133113630114,317.59680910513646,498
2050000,192.141954224825,291.68070513696887,498
2055000,162.41424836024026,275.4076650198104,498
2060000,165.25799178259967,242.93088518444748,498
2065000,186.60137666744384,244.58763117530899,498
2070000,184.58163780078706,279.74470782161194,498
2075000,175.24544882748168,291.5045375637375,498
2080000,176.86529133515864,301.6404246585174,498
2085000,186.53378715845133,336.4399474352322,498
2090000,228.54235809699514,280.567150841619,498
2095000,166.03091613295422,313.3961102947056,498
2100000,201.00834314197158,336.3895291604561,498
2105000,160.99951119488793,294.3672713160771,498
2110000,178.97730953754964,238.23289416902077,498
2115000,201.60322021922653,385.53077188253224,498
2120000,149.38248836196905,222.03757910665072,498
2125000,146.13652795890602,312.87546007074036,498
2130000,167.25709644910796,313.0815570546782,498
2135000,152.0347349345293,303.335037791682,498
2140000,144.54534587583,292.79396693949786,498
2145000,188.6620196424632,285.1303393620212,498
2150000,168.19550538937523,232.54328312326828,498
2155000,189.54605717436604,255.0222672630556,498
2160000,163.97558244322357,339.4979588284742,498
2165000,167.62255406319014,282.6096772536864,498
2170000,158.09701832235314,266.8321617260238,498
2175000,160.83199450322255,306.97829186669355,498
2180000,214.5899496465397,299.8560998145135,498
2185000,218.46933054774962,266.7474184801786,498
2190000,172.61262258612228,320.4105311212811,498
2195000,145.2744910845124,303.06094600653387,498
2200000,189.38018977661395,337.62275344155654,498
2205000,180.64152970515048,267.97720889005564,498
2210000,158.26504439278136,310.656486680695,498
2215000,150.12250316080963,268.54198556430885,498
2220000,143.74016487100107,292.013319322195,498
2225000,172.91690898045908,315.04156283303485,498
2230000,143.51768340785117,321.4131820845269,499
2235000,134.89595865758693,307.3452143311925,499
2240000,172.90662908668065,326.1003529108944,499
2245000,174.34952752286577,264.68426451087146,499
2250000,196.94175931302223,301.635908367498,499
2255000,162.43716906105718,327.6092144618702,498
2260000,193.05704729682262,260.1518908627072,498
2265000,201.18519170759774,312.77556447120196,498
2270000,168.41883881939808,317.06972621067297,498
2275000,158.00704248312962,311.740903417248,498
2280000,186.5618139592265,292.2293183920149,498
2285000,157.22138774911218,299.0036417535424,498
2290000,157.17928546311092,293.0157292916712,498
2295000,172.94561686479176,303.3195394641965,498
2300000,175.71870198596227,333.9333114296653,498
2305000,159.36927829420534,325.7492700310955,498
2310000,167.78360086778204,364.66808600382706,498
2315000,192.1977513752969,266.5443435838854,498
2320000,173.77562432649037,289.5868554824346,498
2325000,157.96929572021241,284.21219016357395,498
2330000,188.94832286553483,280.41773153633596,498
2335000,184.03013066524494,272.18455108775777,498
2340000,176.65563925707366,308.8449177998527,498
2345000,185.24540508169528,272.47876211652226,498
2350000,137.83705186267045,243.88460603835043,498
2355000,205.7123630062457,349.07381142016385,498
2360000,162.72113716957395,260.8825196750928,498
2365000,175.92708791961994,312.2348255834312,498
2370000,199.17251358073503,316.8594643771579,498
2375000,182.68237431388246,392.6624643386184,498
2380000,175.59608060109366,282.1901989942037,498
2385000,144.3889648323005,265.18032750314205,498
2390000,158.21767664433943,278.5298177443741,498
2395000,139.66916986305182,297.7697127647386,498
2400000,156.94610330864944,332.75187274868824,498
2405000,130.2635199450083,283.31540471357397,498
2410000,170.683434085533,279.6658511789185,498
2415000,164.29847134681262,310.6735263173252,498
2420000,141.7341988513178,275.11242650502646,498
2425000,137.85441784719507,298.15186194605303,498
2430000,154.1166189069593,327.7129069332105,498
2435000,186.2895392929059,279.57287567038065,498
2440000,175.73659963605368,294.8260980306455,498
2445000,171.74192161355967,310.9111091181228,498
2450000,219.45342419914076,327.0762534276491,498
2455000,167.88221280045437,312.53509477933255,498
2460000,193.5689443328634,373.41627356970025,498
2465000,206.00242104548215,301.84965643367013,498
2470000,172.5725861987626,307.1975063366568,498
2475000,166.64295658739113,285.68416003438625,498
2480000,163.6895732228938,325.2670279616919,498
2485000,204.90675549611433,250.37996464051403,498
2490000,179.23786759623934,309.177537332868,498
2495000,151.77578384855508,324.3158516606245,498
2500000,167.36841565390105,378.59940408558845,498
2505000,177.46144730094912,306.4147559949745,498
2510000,159.8119609782637,313.59651687668736,498
2515000,182.87171451666362,255.41271384187797,498
2520000,175.4363316280595,303.61808940027936,498
2525000,155.77486928878855,293.80377344048344,498
2530000,215.02407672990947,349.09293069363923,498
2535000,177.52382493821474,278.8715818874966,498
2540000,176.32041743838676,291.42447505044,498
2545000,183.42779528253604,316.33229891059455,498
2550000,151.50818829092822,266.7847120200399,498
2555000,184.86897352561144,255.0737017336228,498
2560000,155.0965305366069,311.0370613258069,498
2565000,179.51323191470686,260.8555911010212,498
2570000,176.62451195635006,324.56780339500244,498
2575000,161.2792943751703,289.16208870949396,498
2580000,162.52775881612357,322.15156988504333,498
2585000,176.9605121234351,288.63113441099046,498
2590000,146.6653225643708,275.6566243407142,498
2595000,150.24891220626986,294.88016975279584,498
2600000,186.3641176997416,248.0623931139507,498
2605000,192.61943581472974,342.9844257864154,498
2610000,158.94804676888526,287.5701814203298,498
2615000,186.17248713263368,358.4073717569394,498
2620000,144.20312498658825,347.2189856251533,498
2625000,202.4129032365648,333.71150584831906,498
2630000,186.8524927532143,271.51188595063326,498
2635000,149.78217530198924,289.17076093013634,498
2640000,160.15031818435452,254.853742325443,498
2645000,135.32133289399926,315.2487002619434,498
2650000,183.49200457014325,301.00103192086084,498
2655000,171.0669124151139,364.3958923308049,498
2660000,202.36787968731474,323.9621033242452,498
2665000,156.5625880300545,287.6558001514467,498
2670000,175.91966147961807,276.19685600438817,498
2675000,161.6299788503126,274.26960369600573,498
2680000,173.14975957109783,342.9392581315289,498
2685000,171.1158019341535,296.2813667850622,498
2690000,197.91526904917788,332.62422539778123,498
2695000,159.79374909664892,364.8845534678829,498
2700000,157.11320557508344,300.5561701970681,498
2705000,149.85450087504063,263.26104881243236,498
2710000,186.4583535256838,300.857695327303,498
2715000,178.0426666267199,299.87354521742014,498
2720000,136.61707179819305,286.6301695553465,498
2725000,163.13339343745918,241.6296525006068,498
2730000,177.30534969559136,253.05670828516247,498
2735000,167.60633479221823,315.16193197890806,498
2740000,185.80592992082907,297.8571454371397,498
2745000,140.85147979981537,282.9226270164053,498
2750000,208.12211059493097,310.30823847052466,498
2755000,176.65119861723224,323.594274902883,498
2760000,180.42934773434075,308.9994628084948,498
2765000,163.30291728667365,287.51673543418343,498
2770000,174.7640683183788,320.54039740344496,498
2775000,169.63539199649847,300.9085376233419,498
2780000,148.9259493722863,327.4949531865601,498
2785000,169.06703363810095,286.4455268317307,498
2790000,198.15403884191807,312.5819729536408,498
2795000,190.50335829190126,339.0524140112681,498
2800000,190.87628962809347,299.25392255671875,498
2805000,195.82083838037425,273.23176160252035,498
2810000,161.1434589149445,267.66608243381364,498
2815000,140.4512409564798,325.14765200432726,498
2820000,168.2190761371815,321.5685507459204,498
2825000,198.18830738720504,348.88718507672263,498
2830000,158.92794147662661,299.7448185331453,498
2835000,174.9289876848278,297.18489559952405,498
2840000,143.22704259102014,269.76946215485765,498
2845000,179.36160825826283,323.69722210911954,498
2850000,166.08543151296755,268.84946115454335,498
2855000,137.55064802635323,289.657768582763,498
2860000,177.57254105286017,286.3380773585048,498
2865000,200.9663816612461,320.952540511764,498
2870000,159.0303280351714,347.37772685272415,498
2875000,177.67110383574982,336.91586479843863,498
2880000,162.18220551560282,258.65802224418724,498
2885000,175.07539991304446,301.47987361276313,498
2890000,182.0661024018072,261.1124255972901,498
2895000,166.93019856672325,277.8479664187052,498
2900000,141.44035259455396,354.45643657230426,498
2905000,175.03802995893136,303.63711957906514,498
2910000,178.58065991436675,293.20307065208766,498
2915000,151.53724534005198,284.8091621364584,498
2920000,178.7430789636594,261.1189025765776,498
2925000,167.8723309952695,349.0065861717446,498
2930000,172.0708841910785,348.8854036985968,498
2935000,190.94817558439905,308.8231767810524,498
2940000,201.6593134875364,349.14357983225506,498
2945000,163.62745211610684,317.8059262763199,498
2950000,190.5274692283785,308.37023454942283,498
2955000,179.6730027834597,335.28730211902996,498
2960000,176.00398142188203,264.4357284542357,498
2965000,168.50310824480073,250.71376087039954,498
2970000,167.00440239113846,304.38903292325745,498
2975000,209.62349808597963,296.4406037048523,498
2980000,170.0319188081901,306.23141334133066,498
2985000,163.60359033737458,315.201362735327,498
2990000,210.11338815426882,335.4941971025952,498
2995000,155.37037564575675,355.5111959039326,498
3000000,181.1275480869116,279.4072230691727,497
3005000,176.2504948005586,279.00256057398445,497
3010000,196.83517321607636,273.26742848505734,498
3015000,164.77021261312962,290.4007705542334,498
3020000,184.57687913570788,215.5326476099572,498
3025000,179.19974171242714,275.7211310081159,498
3030000,154.9807243872369,329.54071271770306,498
3035000,128.51607844755563,286.7692177036485,498
3040000,201.86445019136073,361.9642739203781,498
3045000,181.82050626914005,252.8775963338093,498
3050000,156.05979777141283,259.9821928400479,498
3055000,201.86503907150245,295.4999719760821,498
3060000,156.90930733352153,298.47191791817676,498
3065000,175.0454028312892,236.31311185112895,498
3070000,188.6228133785409,327.23541357758523,498
3075000,171.53823816075325,244.7937682936749,498
3080000,167.13216432079335,300.11194745630985,498
3085000,173.11709395824323,314.2456567483959,498
3090000,184.2061931076666,281.5437046055455,498
3095000,175.37403563592926,300.04707718324886,498
3100000,166.3866757280721,305.07136760400016,498
3105000,139.71019853103132,320.07459593368907,498
3110000,227.45361889517764,352.5055385151624,498
3115000,202.65581308678185,321.9900011664334,498
3120000,180.00143701399608,262.82419447802585,498
3125000,190.07766197960245,284.42937459706724,498
3130000,176.31175574763654,346.4222524466965,498
3135000,205.99219686451752,330.8929841268969,498
3140000,183.24986410167205,329.84019995616967,498
3145000,160.69651232050083,361.65472605404136,498
3150000,166.025249186566,324.8070746970745,498
3155000,173.33013981349671,265.9621065379292,498
3160000,196.35322657347476,287.4263293659488,498
3165000,197.40934031472068,252.54612629714234,498
3170000,161.0322668690809,288.32032557470785,498
3175000,157.55130500706917,327.1757103494137,498
3180000,172.464721455857,353.14037555338126,498
3185000,173.74038215357058,289.4431988167267,498
3190000,163.3093534097949,319.4833846296677,498
3195000,172.9002792086198,284.04329419608047,498
3200000,156.11289288198978,291.0631860123912,498
3205000,146.5281198780459,285.12815261975305,498
3210000,140.69749659871349,241.70586406276414,498
3215000,195.77893943464028,280.2721203143431,498
3220000,149.88249969948347,367.22357441217076,498
3225000,164.89909350457165,329.35517677773004,498
3230000,166.83478817634926,330.001766168683,498
3235000,207.42338711991238,359.3747643797478,498
3240000,194.91715064076703,288.50828563480655,498
3245000,155.65338414220346,365.79288078473564,498
3250000,172.8083036852261,273.389775993051,498
3255000,191.28639194569408,350.46470794580716,498
3260000,177.14422691273742,275.61030102911093,498
3265000,151.09058109095577,345.17930226535685,498
3270000,203.08558731793798,312.3619466390208,498
3275000,166.05300217023137,302.7482599012979,498
3280000,144.81952914833963,251.8025425581435,498
3285000,188.1289851445413,287.01273240810207,498
3290000,206.65831539945438,241.25771512955214,498
3295000,170.69095436496102,284.8885113619504,498
3300000,170.75739972991974,259.58153074316596,498
3305000,198.2107406293036,261.27225596936324,498
3310000,161.3254955075213,321.4038267141124,498
3315000,169.1095089077134,286.79060234666076,498
3320000,203.32625680104817,276.19442527611363,498
3325000,185.01782596681053,308.7147704842121,498
3330000,187.3370387886524,266.96805035020236,498
3335000,187.81767105757382,297.94052563001156,498
3340000,176.36287090061563,324.30012481956453,498
3345000,176.812198774009,226.46479471621237,498
3350000,225.8824988854159,282.12326576581097,498
3355000,155.696442545148,316.77600859226914,498
3360000,230.49943703771208,313.0429972258982,498
3365000,172.6215940344101,328.1881419395059,498
3370000,159.76785185933204,336.454326573861,498
3375000,154.1975447257566,296.7864660998593,498
3380000,156.97394996378804,324.56996328933474,498
3385000,222.90888893079736,292.44821303107335,498
3390000,148.83028038311463,343.373787524316,498
3395000,131.3567277105768,288.7239561296975,498
3400000,186.31707975756441,245.50857699380944,498
3405000,199.10137072880565,241.07868673707708,498
3410000,198.96564523996048,218.7891987795263,498
3415000,194.14255568384735,321.1644932068569,498
3420000,183.17630952574655,367.2705550127406,498
3425000,169.29165703950056,291.43080934328077,498
3430000,140.33013936993376,270.8656043270188,498
3435000,183.975429209685,323.47064721086673,498
3440000,160.97979003360038,317.2971398333877,498
3445000,152.8341220140455,350.22058121918644,498
3450000,141.43618703829006,300.71535315380174,498
3455000,170.71878333496733,267.0546899899495,498
3460000,185.01639651633505,217.8549719100437,498
3465000,173.57560824364296,302.9318972638377,498
3470000,222.5978152212181,317.4724545429455,498
3475000,177.3668681698979,306.3661168870798,498
3480000,169.72020901405782,340.62159208160955,498
3485000,167.22479708794822,268.45107269616943,498
3490000,183.2028051945179,332.52175738487483,498
3495000,179.70350396053223,314.14205405563087,498
3500000,163.93704952374566,316.86550718858666,498
3505000,180.644460257358,297.68773704048516,498
3510000,159.75075925560705,305.64621976605304,498
3515000,187.4549823651263,270.32576440124905,498
3520000,166.8817209071095,303.4019728532475,498
3525000,132.99384932194485,293.9793697419025,498
3530000,188.3019056323944,288.01581668404447,498
3535000,173.1913425832188,289.9011541828708,498
3540000,184.3461754945808,325.29986743274293,498
3545000,162.79475926289672,299.1968027509126,498
3550000,175.54642537904937,317.57796890983906,498
3555000,172.56066463274263,247.00314761781723,498
3560000,185.54572439431905,294.76835410170605,498
3565000,183.78167381065452,326.8305287953493,498
3570000,144.3999706150906,259.09018810281964,498
3575000,158.01108317268046,332.98072101527634,498
3580000,187.6859629953645,278.82683284231496,498
3585000,201.81836692362165,235.32218621577186,498
3590000,143.69611355165802,317.76569412097547,498
3595000,184.26194582158323,376.66988829712443,498
3600000,219.8171664298352,352.592086123319,498
3605000,163.06270292049297,239.56492482080006,498
3610000,202.08676161050744,355.18039725612164,498
3615000,204.31382921836484,263.5930724993797,498
3620000,170.02872954417586,318.75808077877326,498
3625000,161.01691144851975,271.94340978743276,498
3630000,170.9282160767188,335.8291638285476,498
3635000,161.76777937816675,293.53863391139555,498
3640000,178.6707169049544,310.3682935080543,498
3645000,197.70093141190304,245.5718820585347,498
3650000,148.88399630734725,287.66604118946844,498
3655000,157.78997483913187,319.93417862324833,498
3660000,149.79481816853382,299.92748211865586,498
3665000,160.02286550897318,239.41509491565824,498
3670000,160.30629075830518,260.1898800520462,498
3675000,194.00355349196712,304.7717612964445,498
3680000,200.59862906761165,333.79512946920806,498
3685000,196.51399297163817,274.49512036683427,498
3690000,199.4329627184447,253.1669678242408,498
3695000,139.19181882750692,266.2462913742763,498
3700000,174.18303149293735,306.33951213757285,498
3705000,192.23499985722214,392.62138354932694,498
3710000,178.89008558500336,359.3139016083257,498
3715000,160.71931144709833,263.7469434554256,498
3720000,181.32092325830274,268.7053128511971,498
3725000,197.17702098792134,253.43842933675126,498
3730000,177.10397457617518,369.9585441845659,498
3735000,203.72522784482004,276.17207714457487,498
3740000,203.28121467849863,332.44347118600035,498
3745000,176.9247724509531,258.88762712930384,498
3750000,188.79460747754587,278.2502568791224,498
3755000,156.83332713681534,327.9201466723909,498
3760000,143.74031075984797,309.73179200572343,498
3765000,148.35642554116694,280.1809940587753,498
3770000,207.17916044053328,308.51811156484814,498
3775000,164.16723346037531,296.1761127565062,498
3780000,134.4800078712026,284.1201184826285,498
3785000,203.36260589196397,327.6850897295121,498
3790000,155.50240017286458,365.1648428129622,498
3795000,187.769713513502,291.4032561040327,498
3800000,197.83602999834983,339.3818291024839,498
3805000,153.40754814333522,369.0323509961173,498
3810000,154.6097025337291,276.5337584575924,498
3815000,176.49533529217663,275.90035941499224,498
3820000,171.96894965987786,205.0548571406019,498
3825000,161.08351600380882,243.07857923195243,498
3830000,195.500294245907,278.643064811677,498
3835000,164.58001956104252,311.17084152367926,498
3840000,160.01767974407386,265.1502496193007,498
3845000,191.42940584619805,229.97144228971183,498
3850000,159.50098231658598,326.760333147443,498
3855000,197.56402791888058,242.37688649247082,498
3860000,163.08580364524673,250.73815851858245,498
3865000,221.56678057781826,259.97068440021695,498
3870000,158.2157543055052,315.1314352848391,498
3875000,161.40616937524553,285.63393343464884,498
3880000,205.11183158003317,317.23944648380547,498
3885000,193.719735941308,273.2512604778044,498
3890000,129.8532620221711,283.8161454037545,498
3895000,148.96111117327172,304.1887984889459,498
3900000,199.1827086542096,248.41880641482132,498
3905000,163.5072727897153,275.87638262435803,498
3910000,168.80907459813454,315.0264769735498,498
3915000,185.11786066138933,263.128075226916,498
3920000,182.5136770972477,282.38962599749243,498
3925000,138.6892589350677,261.1521848419371,498
3930000,156.9296282278456,255.12576561302475,498
3935000,181.15595082989273,261.8454070405886,498
3940000,170.5770481859303,316.7790349781076,498
3945000,172.20161769745204,289.15658442171286,498
3950000,225.44701259109462,311.63751530218,498
3955000,168.68277126593645,290.51888874721584,498
3960000,183.6685102160349,303.11759349418395,498
3965000,174.67050507762565,291.34587137899223,498
3970000,200.07612326696292,303.8419829792513,498
3975000,138.2496602660507,261.1575656102053,498
3980000,178.1976563808296,274.74840101397467,498
3985000,152.7981231565181,318.4738095554702,498
3990000,149.09400416569645,285.8289592255628,498
3995000,184.4497678128548,384.75665563121333,498
4000000,169.4084826097097,310.4169146815846,498
4005000,166.3494903285247,253.1696221737368,498
4010000,148.23865157928893,314.76774494600716,498
4015000,135.74788926601695,273.93268280909234,498
4020000,240.01784448709972,296.02974512128554,498
4025000,186.75370059565793,260.14834325029904,498
4030000,178.3184209123223,327.5637357941241,498
4035000,171.7420083071113,281.1893450641726,498
4040000,152.31601479117808,318.3358740394492,498
4045000,184.8128776911537,300.4558576928909,498
4050000,234.29017527173272,271.4704356259218,498
4055000,202.62745905105695,302.0333970782949,498
4060000,138.57454738481175,337.31027296199557,498
4065000,153.91146251335564,253.77877949558558,498
4070000,170.9795287323871,337.19812933954626,498
4075000,193.07382356285814,329.778864767648,498
4080000,187.48550601382277,318.79301195168847,498
4085000,176.45217416886862,299.43855005822024,498
4090000,178.19330915213723,357.504394889427,498
4095000,164.2260780262836,236.32693646592546,498
4100000,165.41428159364295,374.2525848208952,498
4105000,199.7052439732751,309.1629895375112,498
4110000,192.17830796106364,270.9745381285952,498
4115000,167.3034236130675,335.5687308723657,498
4120000,174.18996119808452,315.24111209096054,498
4125000,179.8508640332062,371.8121424781434,498
4130000,184.31944392029564,330.9505046731774,497
4135000,199.72966341142794,314.39498559304894,497
4140000,198.06824652440932,304.2798074442006,498
4145000,157.26904586718075,282.11569000188314,498
4150000,135.1389076909607,232.5416495383003,498
4155000,154.77413038727113,332.26813926269244,498
4160000,214.14991277970282,354.9384980833351,498
4165000,174.142173558965,319.6623736726016,498
4170000,165.68201397481144,327.2082172438001,498
4175000,171.37337098507925,315.1339263710753,498
4180000,183.69399408427546,274.7572684080834,498
4185000,132.06343233341835,278.85705838436905,498
4190000,147.27523861305085,329.28661708108586,498
4195000,187.5113225471022,283.9005472164092,498
4200000,174.79843713019787,315.15333450689553,498
4205000,187.22307426733846,290.2060096231366,498
4210000,188.59434220846185,318.51130342946146,498
4215000,172.20174826992653,292.05481263030106,498
4220000,207.56781863154353,225.13844937231815,498
4225000,178.57321791404337,283.4794739787692,498
4230000,149.2929667279469,322.4558547705309,498
4235000,155.70476434331803,243.97352503167738,498
4240000,171.5307168591363,336.5496783201658,498
4245000,198.14156930300388,294.55728644670023,498
4250000,182.19701810311244,323.0382400606217,498
4255000,172.07852551358818,299.1075246590367,498
4260000,196.91194766879897,264.00512832764576,498
4265000,173.2361386405364,280.5709161324143,498
4270000,164.05995887353527,280.4270364471987,498
4275000,197.0392204138493,297.3193672472038,498
4280000,140.15460309556252,235.0457017473776,498
4285000,174.45346117610015,297.05263438974816,498
4290000,167.8077993937501,275.810776790469,498
4295000,204.14862738633119,267.3078002093512,498
4300000,178.60457145492796,247.26839139363287,498
4305000,186.43087259042275,284.9847898458921,498
4310000,210.05630320727914,279.92701207949403,498
4315000,203.51262178989882,285.34737337200767,498
4320000,150.72922821517574,317.1778640511268,498
4325000,159.7408170535672,258.8196594568757,498
4330000,170.10221408790235,348.9264674193129,498
4335000,162.8005080859651,389.97026522875365,498
4340000,189.73016539229295,287.6244628484533,498
4345000,171.17569220659726,273.3865304507795,498
4350000,227.66935333503136,326.867081128608,498
4355000,164.21925136048478,297.2214049667436,498
4360000,182.2758396526232,295.5403194736034,498
4365000,182.48642290213292,285.81680831088454,498
4370000,157.24759532069825,309.44426500127327,498
4375000,152.63510213255128,278.67832295699924,498
4380000,145.08340603366094,330.38026039295283,498
4385000,173.47908567759166,293.2679791779004,498
4390000,154.73682333566194,275.19264020612854,498
4395000,179.67563757641673,291.0846816972051,498
4400000,188.01133923854945,283.3607477377956,498
4405000,185.90337297753842,300.2034794531635,498
4410000,155.89870282173183,279.45650554079157,498
4415000,200.9821743217603,315.82443274425793,498
4420000,184.27109296336772,314.63463036030896,498
4425000,179.69215909977495,348.53214218383283,498
4430000,146.475917076182,245.16856206126886,498
4435000,183.16067242608034,348.6043908243744,498
4440000,232.0880217575768,298.9527884599171,498
4445000,174.62282727556126,250.6497118342026,498
4450000,204.4700543936519,287.51503255734474,498
4455000,134.48602746085936,277.0844712091085,498
4460000,178.57521992126212,285.44115422059735,498
4465000,201.00466166891476,222.8649894320017,498
4470000,187.95439854344244,282.47521134753157,498
4475000,182.7770315336459,229.47208987515242,498
4480000,167.11074091168481,315.15329189986295,498
4485000,205.6374644019204,323.92219782691285,498
4490000,198.23429290835645,362.52609525318115,498
4495000,194.50956411792026,279.3872701200263,498
4500000,196.81576367603537,291.6345462178985,498
4505000,153.4570657617152,276.8882549473877,498
4510000,149.2703111585975,271.3241571364576,498
4515000,189.31796053285095,256.30864561267964,498
4520000,215.82172898517337,360.6738863250645,498
4525000,157.46662539523837,323.3957416627037,498
4530000,175.84360991433257,274.2708326130523,498
4535000,197.39304898849392,340.56413411493844,498
4540000,168.90835020226007,320.67028916368463,498
4545000,152.74477043301366,272.9847634882698,498
4550000,190.4116256994887,237.45662307023576,498
4555000,138.95846948746515,274.3502992159925,498
4560000,170.2939630509733,301.3042403401736,498
4565000,193.32501250271423,306.08256829233716,498
4570000,199.23272749965201,298.5865195642242,498
4575000,155.21484950259477,295.43812493745526,498
4580000,156.17114872309782,280.1175551913307,498
4585000,136.61095442409905,262.9102939368972,498
4590000,174.28871372230367,244.12666026225082,498
4595000,183.66071414402901,317.0105016271532,498
4600000,151.63751699046492,325.576164980371,498
4605000,170.37716736064243,261.48550977313874,498
4610000,158.44979534794533,330.79941267482104,498
4615000,153.70098249269978,329.6317260031799,498
4620000,204.66613974449498,277.7999114109586,498
4625000,170.87442129903212,264.42206227203053,498
4630000,180.18188952915204,322.77980729233883,498
4635000,201.2637931712171,311.1339068103268,498
4640000,164.21398405067066,242.26942309951374,498
4645000,173.79378366852296,292.272524078533,498
4650000,176.72519663563526,253.98669903945142,498
4655000,186.4165052691833,294.06967654770955,498
4660000,198.7381679743094,333.9750023131911,498
4665000,243.9486318954125,325.3915639968697,498
4670000,166.92013259158608,263.80217853649816,498
4675000,155.98357019071003,317.13909989878823,498
4680000,176.56727821233667,269.4708023722026,498
4685000,143.27698138385728,279.3062537944529,498
4690000,167.90097157091236,353.92236295153566,498
4695000,191.07976416215703,294.44688048042616,498
4700000,152.53241600483477,293.32905465286143,498
4705000,187.11100577540316,285.4288782472178,498
4710000,221.19383707932107,276.56951017222707,498
4715000,170.3666037671278,298.5205133210815,497
4720000,157.14255445911297,353.87792582397486,497
4725000,224.6757281363144,356.09787549283766,497
4730000,150.6344897726904,248.50965404761342,498
4735000,164.40455063691314,296.1716596964301,498
4740000,184.92647668913008,264.7802471644511,498
4745000,160.87794196601905,321.0437873603897,498
4750000,153.85255217512062,281.2801960293515,498
4755000,174.7408507784535,263.1413431208294,498
4760000,195.38547948191476,293.13784088213436,498
4765000,187.22925196001262,304.93144969888755,498
4770000,196.93414927071882,272.18526096472857,498
4775000,174.862782630293,378.3705457763816,498
4780000,160.3556473562728,297.99419369557137,498
4785000,228.2758615380889,280.0852046323913,498
4790000,178.54980903703088,301.12364090620025,498
4795000,201.25496671293755,300.4709907204209,498
4800000,148.95931134883776,254.55868603908453,498
4805000,159.84566151538516,346.58603180695457,498
4810000,209.99372744835844,281.5368569891304,498
4815000,160.83989048225135,231.55678822636239,498
4820000,189.60947651630855,321.12915972544437,498
4825000,219.16427094004487,285.01235721671975,498
4830000,188.19489860606197,262.54858237185437,498
4835000,188.69832610185523,341.0802055576761,498
4840000,177.86434016189673,288.8585619095654,498
4845000,165.1275914669265,331.1445749300269,498
4850000,163.1655519773263,296.9073308529043,498
4855000,189.01319662282717,279.77114524515827,498
4860000,173.7786199602673,286.6656344432214,498
4865000,177.0706794376048,283.1976836276472,498
4870000,143.33171469133322,268.29142930335365,498
4875000,183.1358753787234,336.4790243715201,498
4880000,143.56496406453311,296.1389048999391,498
4885000,203.81655443270927,284.464135681636,498
4890000,167.15602877551723,286.3272013888455,498
4895000,164.50547774809937,327.44940217792373,498
4900000,169.52317513651417,357.3803824571433,498
4905000,170.30358120467136,280.0066598871839,498
4910000,181.28966724589012,378.48339519971904,498
4915000,179.49193093174577,283.0695936886032,498
4920000,142.91341787641463,317.37325535658215,498
4925000,162.72427938046667,246.54456384404764,497
4930000,142.73028929087823,325.2031353445408,497
4935000,146.527255464452,304.91162078892745,497
4940000,165.28917464414778,263.8584009777291,497
4945000,184.70036305450472,314.1261811513264,497
4950000,165.35289957249887,291.88270830146496,497
4955000,203.13319558166455,308.9268290478497,497
4960000,166.43220222107985,272.33718201928747,497
4965000,209.11919373684267,349.8968856893831,497
4970000,146.58940087580572,244.50047482501463,497
4975000,167.3559630567253,265.97439447976336,497
4980000,164.07205720783705,272.0522525280421,497
4985000,216.13635755983623,316.5134078311609,497
4990000,167.71225662949254,335.0712714466548,497
4995000,199.98988801139316,333.5131109380202,497
5000000,190.10404405163914,294.40784309092027,497
5005000,189.2731797456705,272.95344826040713,497
5010000,192.76544833815237,263.2338576139763,497
5015000,179.692494570845,332.2126018604671,497
5020000,161.3306599176729,334.5932294115608,497
5025000,228.30105634237108,279.3042200605624,497
5030000,175.6740266642476,269.02970135495104,497
5035000,173.73065722217936,254.36484413179005,497
5040000,180.96022523972007,300.59522157317224,497
5045000,147.89373046876693,273.47660305899666,497
5050000,173.66865090538397,316.39443657269754,497
5055000,189.20246841588832,292.02335267654985,497
5060000,219.75795502773832,300.0132655579891,497
5065000,196.48635639419587,302.15056523189116,497
5070000,199.33519733969567,255.68540016266346,497
5075000,183.8627371640187,270.80859947855294,497
5080000,159.4347631263358,297.3365363749715,497
5085000,170.23953651001327,374.06332417368964,497
5090000,205.69403236790313,256.22480634204766,497
5095000,204.94551141648094,289.414300032289,497
5100000,198.09817561987975,302.0471381744605,497
5105000,174.82672084446028,360.92091610001086,497
5110000,186.34122803170294,233.0681089625198,497
5115000,152.16634678449302,286.3121021729517,497
5120000,162.2459337420476,368.8930912341789,497
5125000,139.8563542012128,272.37155406253896,497
5130000,152.11481743031692,242.509148109578,497
5135000,149.27300017823922,306.1786962980277,497
5140000,172.54302639427158,292.87778881202473,497
5145000,176.22676814497768,384.39805077435,497
5150000,180.2608126280365,290.329015938525,497
5155000,183.93434354120924,261.01899110700185,497
5160000,149.2806616832392,288.2570078498117,497
5165000,139.30410320435604,323.29575242052266,497
5170000,148.06406703720458,358.64358073310825,497
5175000,195.2780783011707,260.666032751712,497
5180000,186.01784883569402,345.11448028562864,497
5185000,184.48930113596853,293.04924168132965,497
5190000,178.52276369278837,292.196100945433,497
5195000,206.32925969914743,330.2766171763066,497
5200000,167.11867347488047,321.3368714236273,497
5205000,183.4810384051691,292.77278783647597,497
5210000,158.6638923056684,284.2436338081431,497
5215000,167.41714306944058,326.76699409200234,497
5220000,182.7717243557764,289.31535350420734,497
5225000,190.05711887728833,325.2663328489962,497
5230000,156.17896548814383,290.62784353453657,497
5235000,181.45885274203232,261.3537074723378,497
5240000,132.00051156094005,300.1890277476784,497
5245000,170.50369598780597,288.77011819886775,497
5250000,165.17752465384282,314.0260490243869,497
5255000,218.60795458112702,304.5552011978726,497
5260000,208.96657344260308,251.11774613483078,497
5265000,161.31685053488118,252.10632491393088,497
5270000,157.12460335945516,313.56520236140045,497
5275000,196.68557425756478,249.14022399668696,497
5280000,214.16775427320442,388.98582032107635,497
5285000,186.00548488809895,328.5667279926065,497
5290000,143.99044086086218,271.11454114275887,497
5295000,167.42303981767358,311.2439766418611,497
5300000,157.037008283974,322.13085924191563,497
5305000,120.54653493946235,313.4435897173994,497
5310000,174.51805848062298,274.22373994542835,497
5315000,173.79005707287888,368.3712888876364,497
5320000,153.27534461712145,268.1369605713402,497
5325000,146.49651085049317,285.9618034094217,497
5330000,184.93982790161346,321.71606971490274,497
5335000,201.35344008443698,284.165795139005,497
5340000,184.8910942826063,336.12978529388073,497
5345000,163.47683494910274,260.1869826754572,497
5350000,175.75450156718742,279.4306538599429,497
5355000,188.9627853808778,271.24031298356107,497
5360000,176.80178155180064,354.1804356756633,497
5365000,184.14115834007566,302.34677547695316,497
5370000,144.3289422695314,320.7114347257354,497
5375000,176.3860732037046,332.7912750128403,497
5380000,229.03221835316396,303.1300695448964,497
5385000,189.9476241168608,307.7234344216247,497
5390000,132.5619835575726,267.53239864288344,497
5395000,178.14340732529678,330.82708381111075,497
5400000,150.72055114000338,285.8447610463678,497
5405000,168.50928821988538,330.7888881346972,497
5410000,171.1174244702618,313.1695340758406,496
5415000,130.72304876126606,290.8890949225097,496
5420000,145.17269953585938,320.3929001441618,496
5425000,176.50396102369848,293.6858395632799,496
5430000,168.53850883737712,276.0032807103903,496
5435000,147.2043420414721,263.4581444595888,496
5440000,172.12462462610324,350.2300433592238,496
5445000,160.93551721064824,308.8830190387046,496
5450000,190.2687018816888,314.2070790411495,496
5455000,192.59589190999696,314.91662430704287,496
5460000,167.51020105635845,320.55658976920904,496
5465000,190.41850955043924,296.1543075838605,496
5470000,141.30921722537465,301.11022711285364,496
5475000,183.4662764299812,337.0613774808066,496
5480000,138.86838338362787,270.5232644225309,496
5485000,188.5030640510488,290.5775625992942,496
5490000,156.6437575526469,274.62453006979194,496
5495000,189.17162944019336,299.2426483879176,496
5500000,188.76816539276106,384.99193259267577,496
5505000,164.5256799198905,235.67546644912517,496
5510000,201.59488171955994,260.8217077485427,496
5515000,206.49056055038446,344.1991965086384,496
5520000,179.97047404181055,307.0299117405834,496
5525000,215.68037286166714,287.2973007731247,496
5530000,159.38648526558214,323.144119588411,496
5535000,143.7907152438739,318.93979537789164,496
5540000,190.07960100372918,290.53858923247,496
5545000,214.14991000980123,335.1408406656802,496
5550000,203.9260772711958,232.34775982488986,495
5555000,174.95012761595555,332.97213264609275,495
5560000,185.98229378161062,233.24980761855102,495
5565000,185.47983040526563,273.5012482552716,495
5570000,154.48668742811606,323.4648248972824,495
5575000,182.17418830696042,328.2254492080589,495
5580000,193.69136116281032,252.30032753541977,495
5585000,196.7785382822299,353.009041099256,495
5590000,167.9462199025588,328.68726809359526,495
5595000,170.51755452460662,325.6385456639064,495
5600000,194.42332636805043,287.02010940295787,495
5605000,165.14354217607507,260.92082886726485,495
5610000,149.0964709512821,308.6413030537117,495
5615000,174.75892051374083,315.41423859199193,495
5620000,180.60719130445395,289.0992439297496,495
5625000,173.2062075146978,270.96960761062746,495
5630000,160.53056339104774,258.8778313086283,495
5635000,151.45476761026796,283.4728469569872,495
5640000,196.55816145529602,310.2487024985722,495
5645000,182.42867643390923,314.94326968420285,495
5650000,167.08240682650208,343.34872891144977,495
5655000,120.40956794328079,278.50025549644084,495
5660000,164.07481263199287,285.56709402256314,495
5665000,161.56554359057643,353.487048122268,495
5670000,184.74316496392555,340.8255515740027,494
5675000,177.37232873806101,321.20272578215776,494
5680000,132.31082307462034,286.59814408434573,494
5685000,176.32479756104007,241.60113187877576,494
5690000,145.1965227662156,281.9815241330025,494
5695000,206.33065123360572,316.47649256940053,494
5700000,161.2428942145503,251.7838828747619,494
5705000,208.83396389264578,292.95085876542316,494
5710000,189.61891156382987,290.1635770739516,494
5715000,139.8602513591272,288.97070860619215,494
5720000,169.78008614755112,307.7898190607548,494
5725000,147.75431574341798,285.6335386510695,494
5730000,174.96375763398154,292.8544682043271,494
5735000,178.72300313555087,351.1807541536216,494
5740000,250.3788710947917,312.2070490797967,494
5745000,178.93234069940058,329.23559953666347,494
5750000,205.21348112844646,329.40166786065794,494
5755000,195.4627022519332,269.896312342654,494
5760000,236.42920164411152,295.94691020269596,494
5765000,185.8722972109819,263.29157218635686,494
5770000,155.2033223584197,297.4718570654416,494
5775000,169.7954559444989,287.04083262315766,494
5780000,175.71193518532877,337.1177424898932,494
5785000,196.67580449726938,324.08446087735126,494
5790000,144.48743145351753,262.05017882793817,494
5795000,163.44126873095587,315.03590769498373,494
5800000,148.42056046106126,248.9552121755138,493
5805000,152.40479951972534,341.32682840132725,493
5810000,159.33817194887052,282.04743352563696,493
5815000,195.68178441734796,319.0613810245822,493
5820000,163.02516575327832,308.63282551481115,493
5825000,178.60804701849676,345.39279629216844,493
5830000,178.9840476985107,347.1992786870392,493
5835000,190.58338128201652,251.28114347255215,493
5840000,159.17619004750156,316.7630854149246,493
5845000,183.47458715518633,362.8345508313825,493
5850000,150.72837213739794,323.76434569680987,493
5855000,182.42685582011435,258.9826124468632,493
5860000,179.33110461821687,255.87483370676333,493
5865000,152.14797592680605,275.32062109229685,493
5870000,194.78259305117564,290.22645404204064,493
5875000,194.46298058103451,296.72004829253353,493
5880000,153.98189560613312,307.1350258411845,493
5885000,178.12034990273938,335.0576645073961,493
5890000,171.22530014177283,299.33319580089864,493
5895000,177.01118411065232,276.90335074778733,493
5900000,171.89481230059124,294.8820733018184,493
5905000,177.06725059834443,273.96920108338765,493
5910000,133.62631849886694,318.6799765665798,493
5915000,150.53852819356405,352.5228211935225,493
5920000,172.28297861591238,309.54292818609787,493
5925000,196.86490235694438,397.2125758887315,493
5930000,138.81482323270865,353.6404184172883,493
5935000,168.67644626794782,314.56023294291026,493
5940000,179.95729563390464,364.5828399633148,493
5945000,183.1671795626954,340.98074510115015,493
5950000,150.94956958732013,314.9480798935468,493
5955000,188.35183980076536,289.3729254427289,493
5960000,203.1397326130539,330.28516419416667,493
5965000,169.7329286548784,311.4067438999624,493
5970000,210.58836736845498,397.3051449065241,493
5975000,196.00482859535978,291.087775997345,493
5980000,200.20921421765792,282.5123565144643,493
5985000,197.27182300967914,280.8856490250913,493
5990000,141.61653553805328,287.3229235079844,493
5995000,209.8256453027472,306.3954996037579,493
6000000,150.25188049840852,330.39742974513547,492
6005000,175.5047496629438,279.170004907538,492
6010000,161.0864713799043,301.7181741426486,492
6015000,161.45750076639445,297.60708508052255,492
6020000,199.25597377585783,280.8850443981988,492
6025000,142.1315137895311,268.49710583727204,492
6030000,242.61069190183173,335.3219539885174,492
6035000,174.94187216418982,263.39247818931136,492
6040000,194.21740939198435,268.68213872443266,492
6045000,173.56467896771116,340.22697263203423,492
6050000,171.91182498647746,284.659423809801,492
6055000,203.53857478452474,306.78528089409747,492
6060000,161.09316124214052,321.0844045417359,492
6065000,142.96180383609723,325.6716878564843,492
6070000,224.31632104181642,312.420338358431,492
6075000,158.50506139264343,262.2247279931171,492
6080000,161.53249945681046,323.2686617107815,492
6085000,191.49525401698702,293.9416261240554,492
6090000,140.49932959250438,329.34089992183146,492
6095000,155.01249851567127,296.86754031159484,492
6100000,175.36614252737976,309.26064554542353,492
6105000,137.8902347787207,276.7017826406248,492
6110000,164.1576096674421,252.97369318097856,492
6115000,147.38821733462933,258.5659501677036,492
6120000,178.34316914088842,278.38912217996506,491
6125000,178.47017832368104,336.83185005782855,491
6130000,184.38217443887163,270.78993365107493,491
6135000,164.88922232121897,279.1844950805185,491
6140000,135.48213790588878,276.96668104727337,491
6145000,150.37107659483837,322.23729424546246,491
6150000,232.56316664595377,322.9507002756456,491
6155000,174.5977762049989,351.9776133211264,491
6160000,199.22570898335871,288.7307819195377,491
6165000,167.12782373894336,260.24311812700364,491
6170000,167.4820098522037,258.5666152886324,491
6175000,187.43256814222391,314.50594046395713,491
6180000,164.51917507313615,327.34449728138276,491
6185000,201.5604648736582,283.5316140844325,491
6190000,169.46414575294006,282.5990093877431,491
6195000,156.030820680958,322.1530452308563,491
6200000,144.78272400879789,315.53966464845297,491
6205000,177.16232285288112,253.1589187369832,491
6210000,210.62888052885455,272.4532957471182,491
6215000,180.31335105553478,240.7320513833346,491
6220000,193.09008093742565,326.9096516677227,491
6225000,205.14046830680834,317.8312340601212,491
6230000,160.0562950635316,349.5273109246802,491
6235000,181.9935711219906,280.99200489249614,491
6240000,225.36089732822717,299.05320532320985,491
6245000,152.5120219187847,247.89236274771795,491
6250000,125.8078073573646,311.30157563465775,490
6255000,164.32009276590102,300.3479560891477,490
6260000,156.07619568667914,270.97182645000595,490
6265000,202.6669485037223,257.0229937782218,490
6270000,143.33957886999403,365.6201590147754,490
6275000,139.8130758027567,293.2855753104434,490
6280000,156.57604202029358,286.96030183841384,490
6285000,157.16960432325848,269.5499353396669,490
6290000,161.66906838055485,363.71188141465865,490
6295000,158.49036983534427,328.82612575517436,490
6300000,158.092884313405,302.0582545101723,490
6305000,162.67612733368992,281.9575036333407,490
6310000,193.4373976191305,276.5558630866321,490
6315000,189.68294578274515,265.7433547927462,490
6320000,160.97833450020337,279.5773696794103,490
6325000,192.68044436916352,320.8811291886601,490
6330000,161.25767740953808,380.9820233718759,490
6335000,176.622734714925,297.11398797540403,490
6340000,161.2408607206551,266.763536711338,490
6345000,197.7674044279319,299.9034398294573,490
6350000,208.71670093149515,305.67403207864413,490
6355000,202.59818238212037,323.9896075763902,490
6360000,212.13828300896103,229.05086559939747,490
6365000,152.33586704796878,279.25565294957505,490
6370000,162.48155087143596,339.3846141640995,490
6375000,187.28705431295487,287.60592210590966,490
6380000,196.4019825109517,310.2133845944064,490
6385000,170.948399886965,315.58144232897865,490
6390000,170.3217732556573,324.3509423240674,490
6395000,150.99987169980523,293.42026063806617,490
6400000,168.90580523595278,262.06220337917813,490
6405000,177.62489090160048,309.4048836313221,490
6410000,148.7786897715372,319.00724303067256,490
6415000,231.24078313643543,277.67594962283073,490
6420000,154.5220110366128,302.4581014389568,490
6425000,176.5557702816686,289.6089759155242,490
6430000,176.99619413101072,309.37652225128926,490
6435000,211.5438972223104,295.10992460575966,490
6440000,151.82861278657305,269.4414387471217,490
6445000,193.02653492367133,334.78127561273953,490
6450000,182.8947668516533,338.56350716097927,490
6455000,161.5711416466822,277.3144748612939,489
6460000,185.5978380698419,326.58598940039906,489
6465000,153.82772222925826,296.33896094531764,489
6470000,182.51119254004146,285.298501362022,489
6475000,203.8761219020095,255.14091423112544,489
6480000,225.61165851097482,346.5754816152146,489
6485000,152.60642544204174,275.65116650117494,489
6490000,169.5803297158783,309.0424111897367,489
6495000,161.73893485831468,240.74020896801164,489
6500000,139.18399001555352,306.5749789098731,489
6505000,224.1003154075229,310.52358023076505,489
6510000,193.91525183042057,335.43106063605177,489
6515000,166.72141448812155,307.76806240118157,489
6520000,135.68503663423206,252.40342764313567,489
6525000,178.87403587172912,277.7384165381552,489
6530000,181.93681913524003,263.72262145706844,489
6535000,180.34631878795975,306.712986212787,489
6540000,200.1888310602783,299.6669579895422,489
6545000,157.57323659853378,291.3985334680372,489
6550000,189.698186863701,273.2234478655512,489
6555000,181.3874326773796,323.7314626660893,489
6560000,204.9757180622891,289.4413115449317,489
6565000,188.40949609600253,295.14201918279133,489
6570000,178.0229725875851,308.1372805697492,489
6575000,206.45490151331927,228.65301377986526,489
6580000,193.44419089167388,315.69990536410984,489
6585000,187.03224497328299,307.38212087824087,489
6590000,189.8898989396616,289.7503204164939,489
6595000,196.98322269620556,296.3122618404144,489
6600000,207.5819541008035,274.13334212069225,489
6605000,193.76992979186937,293.1115610035124,489
6610000,198.37085880210367,313.9828287058418,489
6615000,199.62340526264012,396.0443303702792,489
6620000,164.65472929132062,244.67651086447137,489
6625000,179.0393134106819,350.66970067181467,489
6630000,182.98653795012245,259.4315170824768,489
6635000,194.91520220372942,245.4387127485689,489
6640000,157.91476948378698,322.84118408360723,489
6645000,172.3637310663483,372.5083460211764,489
6650000,179.19348033821797,255.62189606498563,489
6655000,186.39396305661938,331.1266367930776,488
6660000,166.55499630368,320.55609005054407,488
6665000,200.67297107338177,310.42561287100705,488
6670000,167.25319618286196,353.7030764221414,488
6675000,172.1377624090535,253.53721649327332,488
6680000,218.56240798594894,360.13478294917314,488
6685000,170.09857007723514,349.0019172109072,488
6690000,198.7390115709798,300.15909135781794,488
6695000,210.51215493419718,302.48800075072063,488
6700000,216.31017865761675,400.57913510951596,488
6705000,161.53669829916086,315.5823058304411,488
6710000,192.58316342341567,272.2740575605496,488
6715000,200.04259882811854,254.8102167077726,488
6720000,177.5323683135316,290.66506065517285,488
6725000,183.63921546128307,315.4497175834393,488
6730000,189.1706509592947,335.43505990060424,488
6735000,183.9549542259489,314.5241916902921,488
6740000,173.66732665651992,288.75240175004103,488
6745000,214.61234972126894,309.34686596339577,488
6750000,191.05142424683595,276.4169037974264,488
6755000,163.63401488433794,379.29994983017775,488
6760000,175.5845353123866,331.878664561065,488
6765000,149.76691696467233,275.9750790567804,488
6770000,201.48841483240037,320.0397955935171,488
6775000,213.32389485854625,299.58980756309955,488
6780000,189.37224002685207,316.7605412975535,488
6785000,156.13669146521414,312.38732956248555,488
6790000,168.96727284239887,351.30001770088745,488
6795000,201.3458235843659,352.803247895445,488
6800000,209.5664200859917,294.99735675850394,488
6805000,170.897110609778,287.4015710627841,488
6810000,198.7834250139999,344.47009237156374,487
6815000,179.98620925744265,289.7351508245137,487
6820000,240.92155378038012,310.0916383682636,487
6825000,177.9834435033016,319.3453939257845,487
6830000,172.65079055602286,320.1390688884187,487
6835000,198.48793203128756,276.9649345049231,487
6840000,167.5158086498934,275.404040005071,487
6845000,186.96648823499888,278.92115658615955,487
6850000,163.7888639747983,289.2381974809656,487
6855000,161.17277317795669,256.79530106719585,487
6860000,194.06409915814757,267.3879956543179,487
6865000,152.23015211716503,305.3149314732586,487
6870000,191.06867695614022,335.7390675606922,487
6875000,171.47657372348888,342.2640004285393,487
6880000,176.9417177659278,298.75848693325776,487
6885000,184.78088858615882,277.5716378187608,487
6890000,161.62800001876457,295.94289007677116,487
6895000,156.0082583012226,299.0636028647654,487
6900000,171.70618951978855,284.0754629039993,487
6905000,156.51392207587355,299.94467691980304,487
6910000,178.74666097310208,278.66172367884207,487
6915000,199.89649681944098,298.7668694787866,487
6920000,210.71765729254034,328.76742051333815,487
6925000,164.0478951838856,252.14880649308517,487
6930000,154.4099365382067,250.76311550197576,487
6935000,206.78463053186016,378.2264279736831,487
6940000,183.24379481627477,285.94079876525484,487
6945000,159.87414467827728,294.1905335305123,487
6950000,155.09288009970223,296.3407168326089,487
6955000,147.79097236268026,265.9103391788749,487
6960000,192.4275183786533,331.5807850450542,487
6965000,170.2804906369726,318.3723020124817,487
6970000,207.58497279341913,299.9304508555423,487
6975000,156.41633571905882,300.2573086141103,487
6980000,196.92014628059792,299.9719225309698,487
6985000,172.0392248554257,314.74828331285704,487
6990000,183.9335388524474,287.2173527633451,487
6995000,150.9245013917853,305.69465010474255,487
7000000,225.38100664565914,273.6107111671862,487
7005000,193.0996581983691,321.2663187286112,487
7010000,197.65297454445607,308.480335924781,487
7015000,171.87568356038616,301.8790437724037,486
7020000,193.78602953588307,375.5708447547015,486
7025000,190.20678080288872,336.8348618856823,486
7030000,169.51449639055477,293.2741873352474,486
7035000,180.1387730743367,257.14385721636006,486
7040000,205.8124528909462,262.8857084468258,486
7045000,163.88909121832341,266.9498162741038,486
7050000,165.8413979267997,264.0682168954373,486
7055000,159.72219761362274,304.62787959065645,486
7060000,182.82252591733808,338.78022622023906,486
7065000,185.10805358015872,331.64945378376876,486
7070000,168.2702372065497,253.15324635710596,486
7075000,162.90231916152698,251.23948675558793,486
7080000,161.30486338193998,324.7173210504122,486
7085000,146.65034974661955,331.76379648610146,486
7090000,200.2588903912993,289.59443836412936,486
7095000,186.61698505726147,283.2870844674897,486
7100000,192.7261577910359,357.60034859286134,486
7105000,150.54620033073354,311.59883670159513,486
7110000,163.31855019269807,322.3799590137646,486
7115000,152.40496747050912,305.43905006148907,486
7120000,192.40250345911855,342.66440694508015,486
7125000,164.39827868193305,303.72780061127065,486
7130000,190.66539020364525,251.80323763709882,486
7135000,151.92342650938406,322.8076644828504,486
7140000,166.42562514544935,264.6873263876158,486
7145000,186.6683549072318,313.03656621975216,486
7150000,162.06194842295076,320.6131660197514,486
7155000,183.73232344388148,311.8583048094195,486
7160000,162.41280493740584,271.1282313668371,486
7165000,183.91603472580388,282.7855294801901,486
7170000,191.95809023971503,225.11501301174653,486
7175000,134.39623815095203,292.0245483976197,486
7180000,152.05460246004685,283.8013380392759,486
7185000,163.003694752672,265.00841877962364,486
7190000,208.97867594958765,323.2848636306984,486
7195000,189.05460490543766,304.9835361320718,486
7200000,227.7963465469358,315.0196491941618,486
7205000,176.96980130506572,269.18208744770254,486
7210000,186.00726220398937,300.00522743629745,486
7215000,189.3816100198918,319.1724213187191,486
7220000,177.79573026754002,342.8809457054619,486
7225000,184.50991466776156,302.8023887684855,486
7230000,176.26692125801497,277.7147551430694,486
7235000,167.29254744500687,338.6669195163088,486
7240000,197.72307514120575,323.97744795318755,486
7245000,154.98168390319555,303.89745149003005,486
7250000,187.96324438811143,260.5649652196288,486
7255000,152.30096364118384,296.5718672736893,486
7260000,173.00927648117883,248.18138036565398,485
7265000,175.32829331346232,272.26771534401735,485
7270000,190.91483846742145,308.49360344635716,485
7275000,179.6830569196164,307.31298383813447,485
7280000,185.13518942809966,267.5145152899941,485
7285000,179.75039482045474,233.60434138378872,485
7290000,177.7016373389685,314.94299431452606,485
7295000,190.84680986727224,327.331320909523,485
7300000,182.73491999980763,290.15422342688544,485
7305000,152.03887819849862,293.3610162515495,485
7310000,145.19936605431892,290.8692428768568,485
7315000,168.1801669508159,288.83346423289123,485
7320000,181.18499113091903,213.3206897512249,485
7325000,187.2118196808577,298.7084062620983,485
7330000,165.67540264802625,263.81171550673184,485
7335000,150.78968678814027,225.38862528474002,485
7340000,188.50696800965306,295.5493312580257,485
7345000,165.43830760268256,278.29578323533485,485
7350000,182.107177481358,322.5175817398886,485
7355000,209.95750386901793,283.78101850739466,485
7360000,162.5730125490167,297.643667560589,485
7365000,158.17453056058608,303.84476752201664,485
7370000,171.02678295005273,346.439036836703,485
7375000,141.81990493455527,351.5735791780658,485
7380000,136.0396901019439,283.0769752172261,485
7385000,172.46645778380412,292.09771915416616,485
7390000,164.53161055095154,291.31977329598027,485
7395000,168.94757229598986,251.489688278422,485
7400000,153.83517114056102,339.0272347382428,485
7405000,165.84774717815344,271.59240115405635,485
7410000,200.82877697424496,361.9318836359375,485
7415000,175.20406394386043,327.4413603843293,485
7420000,156.24647803121408,307.2238934258738,485
7425000,159.61136789175228,374.148477103284,485
7430000,154.21463057261815,274.8814022560796,485
7435000,162.713220942743,327.42622318113615,485
7440000,158.9043180416275,317.6013457270543,485
7445000,199.27356684887297,270.28392853409395,485
7450000,187.40495648586136,348.85725092057476,485
7455000,165.68602231709843,346.04135350431346,485
7460000,201.20833346490565,317.6869941763373,485
7465000,195.11708093680062,276.1055128560809,485
7470000,177.86003016919886,290.9524207479793,485
7475000,138.27632152939495,284.62470894953583,485
7480000,192.3586676144672,276.11031222064804,485
7485000,159.72025105867814,307.8801125843606,485
7490000,164.07042067259857,281.00834822014906,485
7495000,183.56769313139736,281.05048664331264,485
7500000,171.23522645584933,199.62337081138344,484
7505000,169.88670141177298,287.84436059103643,484
7510000,183.6768189039935,359.4795547617374,484
7515000,174.7798404680845,309.92177017902975,484
7520000,206.6717970219884,258.5884992812132,484
7525000,171.9514557997907,265.8893927423466,484
7530000,156.84874011770606,316.62948360730695,484
7535000,179.67568553535253,317.7166708534708,484
7540000,204.70948604972082,360.2265756457277,484
7545000,150.38225357559304,333.6457786537146,484
7550000,213.98567062007274,340.3727006179515,484
7555000,170.24755702796557,256.40487386287623,484
7560000,223.81758603182342,362.5334740768249,484
7565000,179.3732208934222,300.29230978450505,484
7570000,188.34793726285594,295.1924366258811,484
7575000,161.87159606116305,266.27311076109726,484
7580000,191.3318012030118,348.7852919500979,484
7585000,195.29772531045114,302.73943435240636,484
7590000,159.47536765111607,277.63944453120337,484
7595000,158.48657732881338,268.428961491045,484
7600000,153.32363480737905,270.72035548166133,484
7605000,153.57791303010134,232.51010430979602,484
7610000,188.43761096323706,332.5943011659823,484
7615000,182.6403179897276,329.19188430730173,484
7620000,202.08837906755645,228.48981937563292,484
7625000,179.11459365788372,295.24674854201305,484
7630000,195.49624253900447,303.69655539054713,484
7635000,170.40704280496226,250.11332613448207,484
7640000,195.84114131857248,306.8941068700708,484
7645000,177.59024671119906,336.924607804057,484
7650000,162.93250397137876,311.5064747319206,484
7655000,207.08941627536458,290.5778661112534,484
7660000,161.24938945038153,255.8581705431468,484
7665000,169.91547046119467,287.01785142990843,484
7670000,168.50425017037426,346.0744464140313,484
7675000,192.0914334960075,287.24248408969544,484
7680000,201.3622556115039,289.5541023169243,484
7685000,204.83822316258048,291.32200064888355,484
7690000,194.9821870225039,315.07766596825644,484
7695000,182.908263824055,254.14241838375128,484
7700000,168.1542052230698,233.9606365885505,484
7705000,155.699519304634,293.94934520670796,484
7710000,191.8928587282487,310.15321995836734,483
7715000,159.0271093790253,298.62556732371786,483
7720000,169.84392110142798,318.14720181174505,483
7725000,167.03550979708757,250.8814370368186,483
7730000,196.80591777924755,298.9698730792608,483
7735000,167.16203793840435,335.94730149270816,483
7740000,130.5317966027567,229.44286560804903,483
7745000,143.63522800385292,323.1157634642648,483
7750000,175.01051342950245,270.72273889578,483
7755000,215.99438682198112,261.2376424150727,483
7760000,173.13345818573248,257.7889677614601,483
7765000,191.62332143599653,315.46731536195034,483
7770000,195.73473183088527,277.3656464211135,483
7775000,184.04171081557618,298.3070908482845,483
7780000,194.38368585130155,313.4451415792398,483
7785000,212.92131272338304,351.577133897963,483
7790000,156.2772284295943,261.53596056491364,483
7795000,201.83197956998472,288.6732331273161,483
7800000,165.1357934801853,296.6211736481683,483
7805000,167.81812507003937,315.3443874302361,483
7810000,161.46619376415856,319.4902984799691,483
7815000,172.6812175449957,256.8756698854358,483
7820000,182.69689869986865,332.135003121935,483
7825000,149.9043541968597,258.09895147905706,483
7830000,154.2748299000794,261.836187533993,483
7835000,194.12490791910577,298.7140757259374,483
7840000,159.5604315877845,277.8961583557106,483
7845000,155.89244569601215,320.33198305792666,483
7850000,199.00079884693906,302.6426478854921,483
7855000,200.61690861130032,307.25872209413444,483
7860000,168.87479460911257,279.827351417835,483
7865000,205.20438824786422,270.24896102088263,483
7870000,204.1578497422528,273.43736600824633,483
7875000,193.3622536114759,299.0693563360859,483
7880000,144.6592560280685,273.3139389465167,483
7885000,148.06961446029456,282.20967241173446,483
7890000,194.37988619443303,275.57873972615323,483
7895000,177.61314272667764,300.63973998479025,483
7900000,181.9628846491612,301.3610307451443,483
7905000,191.5993102092069,270.3588804474462,483
7910000,176.90397270464086,313.12458942862435,483
7915000,189.6310877172671,273.2754196872052,483
7920000,173.13812974773865,314.9851055039089,483
7925000,148.76497844393862,388.64463749583024,483
7930000,146.4664384763133,299.9031546555655,483
7935000,184.73748764805342,332.0158589292165,483
7940000,176.9452058035627,235.75082917975297,483
7945000,175.92622843732843,344.70773103123696,483
7950000,140.66264784677347,297.3728437544292,483
7955000,217.20889127328212,329.1315543363565,483
7960000,176.21488530577983,272.9683728412618,483
7965000,153.08210207061205,334.10455294364505,483
7970000,185.3032467613285,278.76665395564896,483
7975000,161.2705075083418,321.20883805603256,483
7980000,228.76202207373004,304.7241761700142,483
7985000,189.53629304720366,340.8578399696956,483
7990000,176.03017208570952,287.0468630204419,483
7995000,161.77938119162448,297.3010701058376,483
8000000,161.68789032669983,226.3893265810443,483
8005000,193.43164206458255,268.33932435335066,483
8010000,155.55368052619633,319.37476395461067,483
8015000,191.36598103418652,329.3354821098303,483
8020000,174.36195457544113,304.40529259234665,482
8025000,177.71787532271816,301.63939736178315,482
8030000,160.2586374689604,322.80788110177167,482
8035000,181.34438394034004,300.55964545885297,482
8040000,175.43574646727933,370.18293729754186,482
8045000,199.6536390550892,365.16832846216863,482
8050000,166.8936745508468,380.0069346886442,482
8055000,185.55637190243652,301.7127615315915,482
8060000,180.1819213638277,272.9066489814765,482
8065000,176.555870279089,296.50022286944716,482
8070000,165.02738802008741,286.94978360929633,482
8075000,231.2731023112376,348.9573401807177,482
8080000,200.569968818549,266.82310900573344,482
8085000,193.02789824295422,302.49558098344284,482
8090000,132.3950764375291,259.70052830417677,482
8095000,186.1412915633479,306.5557363625919,482
8100000,181.69757428226578,349.62956616754,482
8105000,178.37706282826738,273.2919676759272,482
8110000,177.46223707990777,292.89088684875804,482
8115000,177.53821003153942,296.4220009969206,482
8120000,186.3266804742354,380.4131756067336,482
8125000,166.07814492450012,335.94361510408044,482
8130000,213.8718077517772,333.39702704899497,482
8135000,170.34400594237022,337.84519656785824,482
8140000,151.2451422189236,303.82756781619855,482
8145000,176.61198154155906,284.27602293725187,482
8150000,165.7828370797453,252.0275238762451,482
8155000,155.91656035975433,215.7466750911517,482
8160000,167.95177249860805,302.9917558522459,482
8165000,190.73950845298842,347.49712148298795,482
8170000,172.23127124779123,300.5444803822906,482
8175000,187.00018448935708,304.1760627259039,482
8180000,213.17524007946514,239.9959903287063,482
8185000,211.07282303685315,225.7527260577237,482
8190000,156.97322402784133,298.8872495338779,482
8195000,138.28049899925915,323.7616770941363,482
8200000,159.44682432182697,325.25535919374454,482
8205000,174.13135037506441,333.58522437943975,482
8210000,212.95090438031863,323.9457273775689,482
8215000,186.01528279706577,251.11156959580282,482
8220000,166.73956255646274,273.64380892373117,482
8225000,202.47875890858293,330.9263959312314,482
8230000,200.8794089747386,226.31680596869134,482
8235000,158.5918818893268,341.70073673964396,482
8240000,169.87569841185177,349.46449270304504,482
8245000,155.57621211261653,260.9731605123132,482
8250000,186.31395773019682,290.17023052883843,482
8255000,185.90421371751162,331.5648054348435,481
8260000,191.600494823855,303.4092189207238,481
8265000,191.39360206760847,293.3604362051529,481
8270000,208.79772425614559,294.4951599776228,481
8275000,152.9435752250189,281.4778330883705,481
8280000,183.15712774844854,259.1150984196347,481
8285000,173.04586179258982,326.50369464280175,481
8290000,137.72373712519138,292.3514862643401,481
8295000,169.60046942170368,296.27813085509433,481
8300000,205.25331596183986,274.9441281449257,481
8305000,201.46386338954557,383.94512738373015,481
8310000,166.14712065834797,370.1908835670344,481
8315000,158.0069114397466,259.79856726168157,481
8320000,147.54653808405624,297.24253392935054,481
8325000,156.49151965621283,331.0732472341222,481
8330000,167.24112268208142,274.19138116097065,481
8335000,144.16542337445827,329.05889432046536,481
8340000,200.66220338108798,295.49848430285755,481
8345000,185.58710348909725,385.9171837211935,481
8350000,164.95802211716685,329.79475589081363,481
8355000,184.38704133456673,287.547208614367,481
8360000,160.25534491570227,292.9350894933132,481
8365000,165.90868583115892,317.1020335183225,481
8370000,181.73345417007187,296.71330447621744,481
8375000,171.22332740755147,355.52851626440804,481
8380000,165.40796765023208,305.3910255902108,481
8385000,161.26353590685017,256.85231179535356,481
8390000,146.62114448131643,296.52632062351336,481
8395000,192.04460087971628,269.2473450714973,481
8400000,167.36845294166153,308.9428453870203,481
8405000,191.04863698293659,275.5240551388061,481
8410000,191.13096176929122,277.9611360542859,481
8415000,191.6377769871259,305.1012633085465,481
8420000,185.61137355688584,285.51613205319296,481
8425000,185.19607803709178,313.5490183873465,481
8430000,207.5105853856393,300.9633064099308,481
8435000,190.68975934761545,312.9552282011545,481
8440000,162.43420151202287,302.42234747534565,481
8445000,145.24331366931344,315.5699143355164,481
8450000,185.39355882580307,281.8892978958549,481
8455000,199.0299149198902,313.5169842199946,481
8460000,158.67063757939061,337.6938939560518,481
8465000,191.35592812446424,295.77214204552683,481
8470000,207.73753576455653,276.4966282878198,481
8475000,194.9131762737805,318.2902524710656,481
8480000,162.10753315687464,270.26767608012807,481
8485000,178.75487402466726,294.38863372786705,481
8490000,220.8714071638987,324.5215797254842,481
8495000,211.3929316817429,265.43369838381903,481
8500000,159.78642910222055,275.9612733379506,481
8505000,159.96388653001185,274.8904085672757,481
8510000,146.95028948128382,326.5814480952981,481
8515000,144.74951792062836,294.9318006507491,481
8520000,179.20251186476503,260.52812552362735,481
8525000,161.53427862639342,314.0015971345021,481
8530000,147.97313291196912,363.16406498785904,481
8535000,163.27888624471058,285.94059728863624,481
8540000,172.5606429172253,239.6156559767748,481
8545000,176.61312690715246,269.8465613229963,481
8550000,226.05010909972103,318.9582102531119,481
8555000,167.62692462128496,337.575114505198,481
8560000,147.70586506280205,258.9727769275353,481
8565000,163.16694576623854,305.3100747503931,481
8570000,187.93153871577385,303.0975287252755,481
8575000,151.91953036903814,283.9081593354619,481
8580000,199.34355818845955,319.45767791309873,481
8585000,188.9843653304632,291.7741506343046,481
8590000,174.0024234423299,295.2325934040799,481
8595000,151.18618969846915,340.8377776059391,481
8600000,159.9479566827563,329.5862051529211,481
8605000,196.65447048058053,368.2188907352809,481
8610000,169.75098359071993,279.64105273078695,481
8615000,181.1653289152721,266.3408444851795,480
8620000,149.7899286011311,262.117605844468,480
8625000,173.29065424107486,269.8424948315741,480
8630000,161.2553086263302,260.78219662288996,480
8635000,179.7606834579669,308.12547984379574,480
8640000,142.98721377912645,292.2101341518393,480
8645000,185.9751005408157,298.2770162808135,480
8650000,189.91642238616248,336.29057910055496,480
8655000,179.37145558968652,301.6763375802448,480
8660000,186.3267546512351,301.6582899799704,480
8665000,174.89561545262822,284.87369061287757,480
8670000,202.5445067531493,309.58435681925863,480
8675000,156.3207254911806,270.63731515684145,480
8680000,176.5073974429489,259.4363586268249,480
8685000,209.71907682927113,350.6930932225136,480
8690000,176.42791734077466,320.5856744098408,480
8695000,174.14950979577245,309.8563467518284,480
8700000,178.60980101517083,348.4238432007203,480
8705000,180.45619871952178,339.2677122837428,480
8710000,194.28939866536902,344.8125927934558,480
8715000,175.07455639457868,299.85629010896895,480
8720000,181.85143439492646,313.73455692923295,480
8725000,144.4549749070243,263.5484431432568,480
8730000,156.23262023012558,338.9793061159973,480
8735000,199.31866640427072,304.8488119750586,480
8740000,204.91083634521448,337.5233725602853,480
8745000,208.78999399120295,290.8145673766649,480
8750000,210.40789826961137,276.90489402435577,480
8755000,174.89574040639866,366.6553756369017,480
8760000,159.06256468131735,251.73341031352902,480
8765000,167.2809715195639,257.59023220625824,480
8770000,163.81102299460187,352.79176417357536,480
8775000,170.02092168126376,260.14779611129455,480
8780000,141.47058574051533,300.0686888439308,480
8785000,186.67967843284413,298.5641596335489,480
8790000,199.27704873126024,357.59466462933915,480
8795000,143.71287176167795,288.8359238849463,480
8800000,171.11889190022276,311.5258283151565,480
8805000,196.5890453391236,343.76310858610333,480
8810000,184.70615803746634,318.91625967585276,480
8815000,189.30742060995465,290.7981491719192,480
8820000,205.75339697963506,303.28923809863505,480
8825000,163.4064191148223,320.72579281032415,480
8830000,141.51686260508714,327.2898570474946,480
8835000,188.65542446929106,267.826486414979,480
8840000,229.27694040936365,316.4175142336222,480
8845000,163.46549118148673,365.49593456778115,480
8850000,157.08872571610138,368.868292443429,480
8855000,175.40593987643842,329.89051270408265,480
8860000,232.9737101513898,353.20979584906854,480
8865000,154.05267724307672,299.49835248688345,480
8870000,188.7356629741961,296.7639171384289,479
8875000,178.6638074128635,301.8986875016622,479
8880000,168.48765823082164,208.6116663922977,479
8885000,148.52176884322682,324.6371023536376,479
8890000,162.0049627788417,307.26758388280405,479
8895000,182.97978267340014,284.7483887692323,479
8900000,177.5491649932133,289.16844994873776,479
8905000,182.24498575725215,299.35597899861835,479
8910000,198.97302640180317,250.06902268499175,479
8915000,160.25224818238266,352.5443906493197,479
8920000,194.21669274425875,317.3643195601095,479
8925000,172.51169035048446,325.6815658703214,479
8930000,159.86881258193435,390.6773454386145,479
8935000,163.3464210650561,273.25704316403045,479
8940000,200.18576472349258,305.0986954899126,479
8945000,175.04447253778665,374.0605460159958,479
8950000,167.81682695986805,327.020553828256,479
8955000,187.80280585053796,334.32526323355853,479
8960000,158.80440724973536,265.1014979138668,479
8965000,191.853667349016,277.479445730075,479
8970000,174.97936367532665,323.26771751088995,479
8975000,171.08928401573002,281.86381027766646,479
8980000,180.20269722898934,252.49677212804318,479
8985000,194.75021271898444,345.6843015990515,479
8990000,151.5631086259132,304.81222884956105,479
8995000,190.9980495203757,295.5687681447684,479
9000000,192.0606501973576,268.80726882114203,479
9005000,173.07454272798117,278.59469120502433,479
9010000,184.7060929497833,254.25620407635162,479
9015000,203.70736347434772,291.2437368888209,479
9020000,160.8639233347152,332.56804189786,479
9025000,160.84747209399262,301.01592228571593,479
9030000,180.20872323356792,288.7545146009776,479
9035000,213.00613594635314,316.0569361789196,479
9040000,182.7370521481009,330.60943021380047,479
9045000,161.45339041299903,324.3182634911257,479
9050000,171.29918199689635,275.4340568833255,479
9055000,207.96158934825456,336.7272005421447,479
9060000,163.3642193397102,244.850413217536,479
9065000,186.6097076973795,343.5384837577665,479
9070000,186.88937183067077,302.0656535745773,479
9075000,217.42766360778077,296.79679001710235,479
9080000,179.36595100999955,235.97486392129562,479
9085000,171.93081323743615,249.50458909942972,479
9090000,158.7166753350877,260.2962216642124,479
9095000,194.26604891308398,268.56806321962137,479
9100000,177.40175218060745,356.2621231520709,479
9105000,168.93901057073606,325.7423490736161,479
9110000,169.482736426644,286.3929046270511,479
9115000,195.7862574116363,348.4913888884172,479
9120000,168.52436570491065,281.4503511386575,479
9125000,158.76535558216906,254.41497276546588,479
9130000,175.6885319134684,314.7414254949505,479
9135000,148.88812140805976,280.89062818984166,479
9140000,161.27648608527394,284.3325922358095,479
9145000,184.24945833885246,279.896093902292,479
9150000,179.41597920749894,304.62916835618154,479
9155000,139.48857086355835,271.60588983212335,479
9160000,173.31583072851174,347.56016558774064,479
9165000,171.2817832228242,287.8224201800619,479
9170000,166.59904975240866,299.2004992018349,479
9175000,142.36771118394506,274.2667331443446,479
9180000,161.33897403167967,259.12364495333935,479
9185000,184.00131667704585,319.3211183252134,479
9190000,122.25959403179493,267.9961006274911,479
9195000,149.55884024389718,309.4982518467134,479
9200000,158.8202662989747,371.6429020972997,479
9205000,160.1196678013175,253.8201977135552,479
9210000,150.50825008205646,231.888205245042,479
9215000,149.21709413616225,302.8325318556296,479
9220000,182.18106647495094,233.8478835501054,479
9225000,190.67794344861338,349.9068849587635,479
9230000,168.38271558070568,319.21919289984044,479
9235000,203.62605874646752,253.95200584972926,479
9240000,128.51563358417135,262.80504872953054,479
9245000,146.9440672686471,337.19422936055304,479
9250000,175.99503242407076,249.34585046453824,479
9255000,178.42416598525875,315.0254897304651,479
9260000,163.72811861210076,259.1157833121702,479
9265000,148.1117235016834,298.07651085151815,479
9270000,220.24502798154538,314.3067277586456,479
9275000,161.3871087274357,359.4269411424532,479
9280000,179.98604061116174,291.6559797299939,479
9285000,129.4639636325653,294.8034953875308,479
9290000,188.67033901234242,291.87031131712666,479
9295000,168.10273033701148,263.1031756323179,479
9300000,214.91808414186744,263.1175345643378,479
9305000,157.62673354720312,315.9650013061081,479
9310000,199.21710020228286,340.064479702285,479
9315000,181.1227152077255,326.8938974220535,478
9320000,187.71323587445988,332.5224711655436,478
9325000,185.1230368187788,324.1854302806424,478
9330000,156.48906292854517,247.8334808078592,478
9335000,181.87323589541168,289.98779344207185,478
9340000,160.5591122140002,313.4507559336872,478
9345000,143.02661804514443,309.3522556945747,478
9350000,143.20340078719966,313.22068547627873,478
9355000,140.1377750066889,303.1113678980201,478
9360000,195.7224901317263,365.0767670668137,478
9365000,213.21682930548985,325.3607081929139,478
9370000,191.45949646383022,290.58962063081464,478
9375000,164.18588089680446,327.6088674472439,478
9380000,179.52977507016442,335.113897575743,478
9385000,172.22301471774054,308.84047546570196,478
9390000,172.19633786016243,262.1698623777245,478
9395000,173.43908065507176,297.4778784668533,478
9400000,177.25315016850558,270.82759789844357,478
9405000,178.34505614910685,292.39621851690384,478
9410000,192.42275587139997,320.73097402399463,478
9415000,165.134150215134,283.82616215097306,478
9420000,161.3676214070919,348.6368397032384,478
9425000,168.09906220604645,338.72552719437056,478
9430000,178.17920399602602,301.2233820065341,478
9435000,161.63420109294066,279.48226086402946,478
9440000,187.93733515284868,241.38658832632098,478
9445000,184.4203936777956,345.54259537576297,478
9450000,119.93347148086127,289.4568209537252,478
9455000,203.66064820939926,305.33960251320553,478
9460000,201.45313855178293,337.50010630740445,478
9465000,155.6342912017931,268.5287499731224,478
9470000,155.57361918979763,335.940177551954,478
9475000,184.8483248912694,281.94804067966476,478
9480000,177.19122083481605,313.03697165010846,478
9485000,179.22849382086363,319.0387451472946,478
9490000,170.36451687623506,305.8620542374269,478
9495000,163.6837782480125,317.54096312668446,478
9500000,179.67191399594142,315.66412599430953,478
9505000,171.27920694075323,350.8853426460227,478
9510000,179.29791810510488,385.779734006751,478
9515000,189.52353612443434,320.6630268384076,478
9520000,196.44523829419228,237.89214679046893,478
9525000,175.57595594836695,325.92394308839613,478
9530000,176.67338138984314,355.12193290387137,478
9535000,189.16952054644128,341.09963351540137,478
9540000,141.9135225240712,310.08024313821676,478
9545000,166.98875770849403,356.79086052157396,478
9550000,126.5217303506785,382.7709358062984,478
9555000,195.5296611348403,293.8435404293342,478
9560000,213.23164896317397,351.4789469109322,478
9565000,135.07970691931493,318.89820324921936,478
9570000,172.74176442835665,301.25779688690244,478
9575000,196.4603138252154,288.8221061823311,478
9580000,133.93704008843807,289.3973959709925,478
9585000,206.5650563514037,332.23515480765417,478
9590000,195.12381813176748,256.77853585592976,478
9595000,168.78749205661978,286.16970152873427,478
9600000,138.76363509622968,284.52967157567656,478
9605000,194.7437847697963,332.6705511011633,478
9610000,162.6280007701762,286.0114559646885,478
9615000,144.37334342993663,355.9943273670838,478
9620000,212.19496352460885,314.58830674131207,478
9625000,182.6787250920775,261.048176104967,478
9630000,163.41288068567619,238.91395509997227,478
9635000,224.9796093428548,308.75743138656594,478
9640000,161.00837715419388,306.09176960139115,478
9645000,169.2618570856925,346.2419900481905,478
9650000,203.66416142460028,287.52072220486144,478
9655000,163.22806326730023,295.4418506999146,478
9660000,214.70673344211895,293.5286963450775,478
9665000,170.5697211017537,374.09455285755183,478
9670000,168.0102359437258,303.21828920660107,478
9675000,165.46924972066938,324.15808212401726,478
9680000,189.2087318921101,292.6020567321134,478
9685000,160.43614109469164,237.7755578050562,478
9690000,183.938606889449,282.32087486684816,478
9695000,187.64940956306336,244.65587635399643,478
9700000,145.09309339513575,289.82491853163776,478
9705000,198.64819803422552,286.8503538527237,478
9710000,162.4805247328898,231.6356049472421,478
9715000,190.08890302491395,269.94458659163803,478
9720000,176.81694393938665,293.2304445028015,478
9725000,176.84951538227435,312.59413253930063,478
9730000,171.3090968007771,317.9727003100242,478
9735000,183.2078729084696,360.8130095770323,478
9740000,178.90476606590056,306.17250253918667,478
9745000,186.73520728773397,249.54466563787415,478
9750000,197.66441732941388,295.61481261251936,478
9755000,179.04887954816638,348.2150412529041,478
9760000,173.22192199012432,324.5794507320595,478
9765000,176.2704214606727,315.0838618338706,478
9770000,153.18720906662566,342.8272451175458,477
9775000,167.46000589414186,283.8501955253893,477
9780000,174.56101872964044,282.0035445147406,477
9785000,189.50408402051164,303.05436609029164,477
9790000,169.87007232521796,300.1516157360372,477
9795000,189.67492670109988,258.54600615812797,477
9800000,192.7533468394154,360.85902955205023,477
9805000,176.29627595912544,288.65910578765,477
9810000,202.6341702753768,306.41091972378456,477
9815000,158.4102142459644,261.81476078438493,477
9820000,178.90513511628734,298.86129771047246,477
9825000,189.51602770816802,295.1084172085989,477
9830000,207.49271277009942,258.4000231948745,477
9835000,168.67511380237158,359.23298837352826,477
9840000,182.11902696578568,319.83735063458226,477
9845000,170.6790754770862,253.76784869273789,477
9850000,203.51953168566038,265.83736588784086,477
9855000,182.2347658989048,239.53324364862107,477
9860000,180.21307072454505,299.5837044036867,477
9865000,172.9852460987929,315.6002921744741,477
9870000,180.9973679715839,300.6302495643403,477
9875000,183.60609643855557,332.19532176438287,477
9880000,165.6059885551624,270.174502712967,477
9885000,153.96517845871531,313.3688532201237,477
9890000,177.31717296719768,316.81273427973366,477
9895000,173.896633211575,232.4518462507831,477
9900000,167.69735044290212,254.68692454069182,477
9905000,188.34934162278287,257.3062387193135,477
9910000,248.21691126678363,227.12035581291642,477
9915000,186.17996414348838,256.9079366071551,477
9920000,175.41363787443484,321.1759552639696,477
9925000,138.96493907447763,308.5288105819129,477
9930000,205.7628907810716,282.40078776867574,477
9935000,188.8886383187085,346.2370197550186,477
9940000,177.2926637301423,347.55658983204654,477
9945000,183.15658577418438,306.6644112860245,477
9950000,200.52630939879944,333.1388724630392,477
9955000,150.22968724266428,256.91036444208424,477
9960000,192.6188662991958,278.2325117310688,477
9965000,175.14123328331246,324.7750335341778,477
9970000,197.0313315067436,333.78908047489165,477
9975000,168.63386665100842,305.24458735035586,477
9980000,209.3988331430792,338.97550615203886,477
9985000,172.8760937857934,221.64926452028377,477
9990000,196.0426045891628,252.73736170089978,477
9995000,240.57793665266865,281.428660062562,477
10000000,189.7058878294506,247.24266790937256,477
10005000,190.89236747997202,338.7259599408648,477
10010000,211.30024359029932,257.1581751940496,477
10015000,183.56271804814747,283.82583962991527,477
10020000,135.76495685504642,278.8796007768873,477
10025000,191.32845772695006,317.1671759045284,477
10030000,229.33780357131442,261.79326558211966,477
10035000,158.17456659302698,312.0702319369123,477
10040000,182.04373894879555,360.89710283151885,477
10045000,150.45977935452612,340.24226742957427,477
10050000,163.98903840272035,321.51560121359574,477
10055000,164.38720972827483,364.17331101092265,477
10060000,168.9251562274802,319.7716185677704,477
10065000,171.92318161282273,276.13793537178583,477
10070000,183.40010164319548,300.9764732722928,477
10075000,195.094389237762,263.90788059444185,477
10080000,191.83227566612112,339.3456007396788,477
10085000,150.72267603051552,259.86791727633187,477
10090000,165.87507720215928,343.70961667111516,477
10095000,186.9398647898133,284.29996411308383,477
10100000,174.70464823957457,356.8767902838491,477
10105000,163.15653376540962,318.2575519754878,476
10110000,166.3366519792349,255.4865427993339,476
10115000,185.779529182109,307.8340209980988,476
10120000,202.02346670853169,313.0514475395007,476
10125000,207.84001097149064,382.55580160440746,476
10130000,200.64232115350026,353.666106409655,476
10135000,207.45986661390083,333.3094254307007,476
10140000,169.43591265444223,237.79503888314898,476
10145000,147.68120383656154,292.03400889273297,476
10150000,197.0661377682194,300.0460274566629,476
10155000,170.15196378277744,292.72014445559154,476
10160000,193.34904894865664,257.5387091764473,476
10165000,172.3517791374583,264.5480232469913,476
10170000,158.10289689669727,292.9750808820362,476
10175000,169.6264266288245,354.1656391842751,476
10180000,188.3392491829034,317.89628270484076,476
10185000,219.3202994052103,297.4203334895949,476
10190000,181.28200622444203,316.2982285783081,476
10195000,186.70819939842107,338.10752921302793,476
10200000,180.49127745418744,323.6006747720771,476
10205000,182.1773872014135,307.0544683188387,476
10210000,155.12282429054613,292.80305397013063,476
10215000,196.6141118014383,297.01901435097903,476
10220000,218.03886928380373,243.81783938741697,476
10225000,162.31201399219165,367.09081183238555,476
10230000,181.94087460829462,354.7960463973899,476
10235000,145.5469255993132,272.4924942074157,476
10240000,172.3982095484512,305.9387836905191,476
10245000,152.1555458484448,280.6182880223729,476
10250000,155.0744389223511,282.4905745269765,476
10255000,148.15698100227397,354.37501893847275,476
10260000,212.80464763498946,292.6352220997071,476
10265000,201.1775907609557,257.1302391838603,476
10270000,172.63385852811092,363.559149112345,476
10275000,196.54538569747416,289.1928228174676,476
10280000,163.60361886781837,315.5444981882335,476
10285000,164.66877787792552,302.72397074642504,476
10290000,216.76478142850405,362.62120569844916,476
10295000,196.38815328108623,253.28639356440047,476
10300000,206.9481999245816,322.0601379348478,476
10305000,167.61664026760513,203.4381662854573,476
10310000,170.43381636797798,299.2816371708592,476
10315000,131.52116751778607,360.99564502900387,476
10320000,167.45750200491753,271.7782465657066,476
10325000,152.71766471291804,274.9663837543332,476
10330000,180.36918896509172,315.0789477902904,476
10335000,204.86888020313486,234.43359623594313,476
10340000,172.62325345319803,364.2214758708584,476
10345000,175.82148146722704,320.0745918646185,476
10350000,199.0783566540575,277.3808253058447,476
10355000,164.6135932003359,229.29323565617452,476
10360000,186.60668019637419,260.9893059801396,476
10365000,186.97406354066018,275.7987045316352,476
10370000,161.8157170208977,279.59724323465775,476
10375000,149.67000799765037,322.7384428771303,476
10380000,165.60503684024187,263.40897916238396,476
10385000,136.75044907535826,270.89640594202615,476
10390000,171.7643646670312,296.25990754234726,476
10395000,166.76977124039536,277.14043988353916,476
10400000,203.10257820506342,377.7669401414998,476
10405000,158.42155551999915,232.15769656294896,476
10410000,181.37323432249335,229.36168874514505,476
10415000,184.6915951255548,261.5700838513318,476
10420000,187.94934951711699,311.25726126446705,476
10425000,155.10059149790516,290.5175285484104,476
10430000,178.61697332954935,335.581772888029,476
10435000,170.13292750156165,278.35670240367216,476
10440000,123.80593611015678,320.2007741033874,476
10445000,176.6555696940218,257.9432594206467,476
10450000,166.92587256587635,279.9491668195562,476
10455000,160.2589479973969,241.93875607909308,476
10460000,122.11864111138283,300.01383858387226,476
10465000,160.2002674315012,341.03751628667135,476
10470000,156.2026752158009,318.2608753441052,476
10475000,146.88273901517448,237.57203859387099,476
10480000,152.11892451821134,245.30097615402138,476
10485000,169.96157027631338,276.50026218201276,476
10490000,171.93409066745082,287.21574350685495,476
10495000,161.98570172101313,292.14688553852545,476
10500000,169.89965224313596,360.58520017585397,476
10505000,179.12032549886433,244.8630634456608,476
10510000,198.52510224519946,348.18597679708296,476
10515000,166.61069723329868,286.2685343677343,476
10520000,196.2056124416625,287.66215773619217,476
10525000,180.39099246714287,300.29342316385873,476
10530000,199.97520617252383,246.761012810376,476
10535000,179.14344131005873,268.69973440956727,476
10540000,174.4862213493111,305.3282752936346,476
10545000,174.88694307621282,312.05165075064184,476
10550000,176.78958958054233,265.43709179460797,476
10555000,177.37630960077252,311.0684108598355,476
10560000,181.98788253661058,371.47797095805424,476
10565000,161.51751917426816,268.4640785435304,476
10570000,193.8720846659504,373.8782623610895,475
10575000,161.10816805267115,232.3020418529591,475
10580000,152.17142318291135,358.1813983275825,475
10585000,204.90618574508198,307.6557889641151,475
10590000,160.47419045287,264.34036102669546,475
10595000,149.08052334905054,223.7747694313483,475
10600000,155.24832931680362,333.16604506990427,475
10605000,163.33004603262717,291.294009083028,475
10610000,151.23455413625243,290.2201066751524,475
10615000,173.3960525162334,318.57639747413646,475
10620000,176.21439021785983,352.7137142865441,475
10625000,175.9947986757267,298.14508800630864,475
10630000,158.90838018711253,289.86537900257946,475
10635000,162.43674628716994,272.2816517438705,475
10640000,185.63430548363482,268.8063831224634,475
10645000,169.33014711258153,304.42998132064974,475
10650000,145.3172245037711,373.1139178402339,475
10655000,224.1505725780756,361.9771918624768,475
10660000,169.57778909959887,310.0822203490517,475
10665000,175.160970075812,325.2334179189686,475
10670000,222.39597738680573,378.0662797134712,475
10675000,182.87834627752753,273.77240617276516,475
10680000,159.38901357837642,227.06520730057042,475
10685000,166.94907756128111,324.5948576628874,475
10690000,187.2416095052821,274.39119226707993,475
10695000,218.74108190734546,336.0241630688763,475
10700000,163.0057260162437,309.6317854282296,475
10705000,195.08801507997254,330.96783401725247,475
10710000,172.00894497954997,341.7722239579345,475
10715000,191.6420278023796,363.7418448227951,475
10720000,167.5357744238823,227.65381093387998,475
10725000,135.5544506504638,252.77689119362884,475
10730000,205.23196820678348,253.76077336400726,475
10735000,189.13527621782717,337.7999786661822,475
10740000,167.65879510214282,262.44648597748073,475
10745000,164.93516596566013,338.72346026879967,475
10750000,157.23928337291596,297.9215945830448,475
10755000,205.61227218783813,285.70446473355395,475
10760000,175.07567414132438,280.41486403933715,475
10765000,200.51470738723705,318.4888183384269,475
10770000,183.5878979785091,320.1520051023844,475
10775000,153.60684879800272,262.50789626794995,475
10780000,198.99899775985364,296.9428508027765,475
10785000,168.8629927678117,330.9589544270914,475
10790000,231.56185281878214,339.59614669698965,475
10795000,188.42429174813196,392.48046135249933,475
10800000,192.5074115825369,286.5884120975737,475
10805000,148.63817141481235,300.48817302290905,475
10810000,195.6153560652527,265.6243377402147,475
10815000,149.32083368786596,285.17604133778485,475
10820000,201.42736368062822,283.57610931414916,475
10825000,149.45228509810462,315.7389536681197,475
10830000,188.53003389688007,350.02704429448164,475
10835000,180.81515768230378,337.4499803431174,475
10840000,173.38997271117472,287.4766479411037,475
10845000,160.40486972044226,304.2778825744357,475
10850000,162.825321413334,310.65795562116654,475
10855000,184.93081734324235,231.02797551566647,475
10860000,174.4811933861246,257.56553375478643,475
10865000,151.99396820431917,296.01897951993124,475
10870000,163.07376359287292,296.99780138357755,475
10875000,149.9523597249807,305.6562232325491,475
10880000,178.97559486558728,228.48985580909084,475
10885000,186.83537548933037,319.29494608358397,475
10890000,175.67300847814911,331.1152307316417,475
10895000,169.6992925736991,298.17930646408456,475
10900000,143.0763166471136,269.3925164424484,475
10905000,177.91994539148672,283.47654736104244,475
10910000,179.43586689827018,338.6836147280193,475
10915000,151.25899977082008,266.4048830438013,475
10920000,191.18430518328947,290.6834117454093,475
10925000,161.42733775392185,322.156286158595,475
10930000,183.56081755340725,256.21217529981357,475
10935000,199.24850866259254,307.52956845814356,475
10940000,161.377941448745,276.3722243433871,475
10945000,182.49213702881866,298.4640981882434,475
10950000,176.1565820685804,339.5534268857723,475
10955000,155.44753340236647,252.06084699966718,475
10960000,188.2093072241792,310.11516786708165,475
10965000,185.999009803918,286.02021968497445,475
10970000,162.26515420349236,239.7237654394414,475
10975000,185.85897218175126,325.91266064129456,475
10980000,181.0876652968384,271.3647995168301,475
10985000,176.88028600050043,356.63244431519416,475
10990000,154.56257455518235,269.91922864897657,475
10995000,180.65539212689913,277.9144687450809,475
11000000,178.69533945904737,245.9189553467937,475
11005000,178.79216811044984,403.16907058620797,475
11010000,131.8938301173229,293.22732759184817,475
11015000,183.5690318797296,206.72435543870864,475
11020000,150.39195874072783,280.3075681103863,475
11025000,202.27442491288042,266.0400999323129,475
11030000,229.59035690800476,306.0626247932998,475
11035000,163.6375884090927,399.7275030258797,475
11040000,183.98648805660918,270.82976325283494,475
11045000,135.1192447000658,308.0212135220439,475
11050000,214.42560584360297,307.22133014029015,475
11055000,176.27766217980715,284.6949843285193,475
11060000,170.83068227567773,333.8558857978599,475
11065000,157.52550298769899,305.7551116570023,475
11070000,202.13331474979398,245.07856203370835,475
11075000,166.67029601524132,323.1651793294951,474
11080000,192.0179236121396,290.94623356513324,474
11085000,160.62453568706945,306.82403649667725,474
11090000,193.51139439745722,256.16679579024253,474
11095000,178.916515615846,326.27977561309575,474
11100000,167.167698892176,296.7846919854699,474
11105000,167.88138710014587,310.52058114971163,474
11110000,231.69030176914427,372.2629869322563,474
11115000,189.37816843800326,297.9800795411192,474
11120000,153.79449366000964,327.0250607598342,474
11125000,171.82456439241776,309.61238658675643,474
11130000,151.1565221710645,325.42621740542455,474
11135000,173.56474757919037,291.2035471520105,474
11140000,167.02858864571238,291.99858562561286,474
11145000,163.6570904556489,313.80345389612285,474
11150000,186.2411426874845,255.24833542978286,474
11155000,213.29270761682977,281.5375463095519,474
11160000,184.95689247465296,304.04473652828034,474
11165000,162.48944372595068,349.65842414531716,474
11170000,159.1420966063034,313.31546913555997,474
11175000,161.28061247395462,302.830187019211,474
11180000,201.449829813422,357.61236319106524,474
11185000,197.6671928013537,264.4719941964788,474
11190000,185.3054776179604,304.2473531081506,474
11195000,190.53737453433916,218.12360949077046,474
11200000,170.1226561882462,340.62364043193134,474
11205000,140.92441804676525,321.7312915395682,474
11210000,164.0127785437721,321.30743093837646,474
11215000,220.26939077641902,380.73000094599854,474
11220000,178.51835351251904,330.30500825452395,474
11225000,183.30199391872694,299.44171441867843,474
11230000,173.6167917384125,314.0726739743073,474
11235000,159.92867879235715,304.0849202548178,474
11240000,173.69212690318727,318.80251813584704,474
11245000,151.2726470293937,288.10905637305444,474
11250000,216.440447344054,331.17835373246527,474
11255000,176.18537101341235,306.6890195910658,474
11260000,182.09818052127565,363.18656465923266,474
11265000,213.83978729761412,325.7929984913463,474
11270000,192.3632074118088,325.6363208038624,474
11275000,152.09534133449094,265.85879545249577,474
11280000,168.1331080978589,310.6361216011273,474
11285000,169.71951727449675,277.22618965572184,474
11290000,221.93125508426232,331.91969962613604,474
11295000,232.0553493371367,300.5378755230472,474
11300000,172.08071476643715,270.04243981680605,474
11305000,207.30126747581707,302.29787665716856,474
11310000,179.3133882106409,278.8233139411123,474
11315000,179.98553986181906,352.9432528681091,474
11320000,190.05494977106068,312.04883246734437,474
11325000,163.84037192618396,264.48655823428976,474
11330000,149.92438364117004,346.1046957861652,474
11335000,140.93130047560015,357.5575885023013,474
11340000,180.92334679959015,321.35636143323364,474
11345000,173.50066095023257,376.76532067238213,474
11350000,175.1121547371444,302.88833599796277,474
11355000,157.06306765344993,363.43308462678687,474
11360000,173.81233800763584,346.949328306643,474
11365000,206.4182119137009,282.86296355955204,474
11370000,170.42290625355295,335.1395538234185,474
11375000,166.07534588495537,247.7569285178664,474
11380000,162.6966496260695,287.2536234425884,474
11385000,168.96397337869115,293.9815726400924,474
11390000,171.32720082349448,297.3124730439729,474
11395000,131.92075124597807,274.8992525833008,474
11400000,161.08174017495554,289.0517349682448,474
11405000,183.0188518529494,334.7055414526269,474
11410000,144.73019154097588,327.22874819822067,474
11415000,192.29432182268843,269.8634954732799,474
11420000,211.27186820963487,276.36149755583335,474
11425000,157.39691744877987,287.2269807155237,474
11430000,172.80157021772706,313.06334752799427,474
11435000,202.9729878984582,367.09038201259597,474
11440000,148.6721200333174,270.62655052586564,474
11445000,178.26156193863832,284.15280176232363,474
11450000,145.90692731585196,280.0268829607637,474
11455000,140.11969206361522,319.39508561600064,474
11460000,180.80374074124668,298.2318753185614,474
11465000,179.80870818612226,264.6589332813989,474
11470000,194.33893406192766,345.5088095006495,474
11475000,198.00785058894505,242.74607283333748,474
11480000,168.32758567659175,248.17879184979097,474
11485000,181.28653131424073,289.21418190951044,474
11490000,178.70057635438542,345.1026065818186,474
11495000,181.95615171982175,345.2982046168762,474
11500000,220.84615864818394,276.6617755849752,474
11505000,168.65251218506117,279.77330314871614,474
11510000,145.05271825433334,267.2705832917056,474
11515000,147.2682814496304,307.430412757101,474
11520000,161.11037447805043,395.71641076657716,474
11525000,182.27335417801947,308.9201520388461,474
11530000,137.68530416969355,286.8737956996389,474
11535000,170.73762299944482,334.13977450160047,474
11540000,174.5658845182238,259.15021599805954,474
11545000,191.55347524510213,306.9393473066866,474
11550000,143.48786598244018,318.20550068226964,474
11555000,179.26406110496072,294.22737725476054,474
11560000,206.5853535756814,290.1347778189142,474
11565000,142.61836596299392,384.50574786801064,474
11570000,186.36406247013142,347.9014591774246,474
11575000,205.0591985128323,341.3755763779021,474
11580000,188.6024096114635,270.5714822887676,474
11585000,169.1949740185643,371.81496026547643,474
11590000,134.37472322756125,275.9583541995955,474
11595000,150.84167028027724,288.81159343388697,474
11600000,183.02023838966,316.4767929568566,474
11605000,204.8637502241292,265.28647588796986,474
11610000,162.70960055482269,241.4977495356424,474
11615000,141.0758279585927,268.02190621733405,474
11620000,193.7686940903869,339.0350671686762,474
11625000,177.79713004399815,272.1361913283041,474
11630000,170.04125157906577,252.8031179236966,474
11635000,148.88533768081962,312.2244347812709,474
11640000,197.28283852740293,337.389857461107,474
11645000,161.9690066317143,337.72905109324614,474
11650000,156.57338837817696,299.78442733292155,474
11655000,169.5724112128503,239.91844368160895,474
11660000,195.206920941698,304.77622175431543,473
11665000,160.5112847343962,271.98479177402186,473
11670000,182.37246024295612,306.47169781395525,473
11675000,200.2818212074006,290.86412390503335,473
11680000,156.8790483339659,220.6136727120215,473
11685000,208.1604155054643,264.7681073880567,473
11690000,215.47490527525753,340.4384523111688,473
11695000,142.93880436662832,277.9907557675993,473
11700000,178.7091652266723,338.80819074771614,473
11705000,180.6703244259289,343.3250791874756,473
11710000,153.7124587958805,281.0214400703245,473
11715000,189.9474657355673,307.70201577444806,473
11720000,165.5366337860051,304.8715308386922,473
11725000,174.98890267759325,349.8147953662556,473
11730000,185.97128655621282,312.07170028529237,473
11735000,147.70418200521883,281.19690532646274,473
11740000,164.35136984427405,292.65667165861527,473
11745000,171.73172800497684,271.2832034655993,473
11750000,172.9615873633419,323.6867653064053,473
11755000,163.9438148817548,310.3721383195915,473
11760000,162.60044601793072,337.5508140768726,473
11765000,142.2489562698479,314.57017663325996,473
11770000,172.47277992809148,253.68669271052224,473
11775000,172.44126773447073,300.367714440806,473
11780000,193.1610268861692,289.02399303862205,473
11785000,130.80915076506528,333.4933545620998,473
11790000,140.51538280872745,335.04417635404434,473
11795000,171.036575615556,340.0100562013541,473
11800000,168.36491098676825,335.46991421430175,473
11805000,142.1661260466825,245.42260271969855,473
11810000,186.15800755467853,269.07534989984504,473
11815000,186.53384255477604,287.8748727143172,473
11820000,224.4939331236919,339.1266971701431,473
11825000,163.94900709704498,305.11120251963064,473
11830000,172.77623295814752,315.08385840730557,473
11835000,167.03104311141843,286.60648499736305,473
11840000,168.42051387104573,307.56153165298724,473
11845000,180.88488953267654,344.425477413914,473
11850000,192.58504627162952,257.36129983057094,473
11855000,142.40746427897565,273.6210661599583,473
11860000,140.9276400791257,349.32214062542914,473
11865000,145.48838505796704,269.31618229500026,473
11870000,146.20091596482732,293.20341860206275,473
11875000,156.90655159368262,365.76629528671566,473
11880000,151.37552087465104,288.2205723133915,473
11885000,187.2158160074702,298.2668165924855,473
11890000,180.97255926775995,359.2018377464577,473
11895000,168.85469556233238,301.278090804331,473
11900000,197.41275489540277,359.17496126793696,473
11905000,152.17407137346336,302.7592338068753,473
11910000,172.58214968879915,296.4014590219156,473
11915000,173.076864379547,271.72334355080056,473
11920000,179.47252199599993,273.8370508784601,473
11925000,149.6822957288206,361.7460294343941,473
11930000,163.87020208116328,299.7709261801122,473
11935000,169.2182096767635,320.55862837566167,473
11940000,171.26948215705883,283.92036215280484,473
11945000,150.80267152133104,286.02390688276347,473
11950000,180.7780583269988,293.97279883206625,473
11955000,161.2334119858539,324.6051443557707,473
11960000,149.59442488896934,346.1820192859471,473
11965000,198.33551990533252,353.97246514546794,473
11970000,180.8916376676567,320.46540665646023,473
11975000,205.90094613579603,282.89566287266103,473
11980000,189.3287020992157,259.0128778460853,473
11985000,148.30608576332526,293.9976513941309,473
11990000,173.1159796611015,279.4582425911131,473
11995000,177.6228100406388,382.96069934208697,473
12000000,217.46064971684928,305.71754113258726,473
12005000,150.90538550811132,317.3756182836763,473
12010000,134.58947829370481,271.6664333002099,473
12015000,191.39741879393492,334.06069424084967,473
12020000,164.26202742793595,290.31154552827445,473
12025000,145.12012212031695,309.60901382344474,473
12030000,173.07397565743656,238.53329336291202,473
12035000,209.09436170223253,326.209441661396,473
12040000,196.42225945161687,340.40929132472405,473
12045000,138.0918442166414,293.9429311124494,473
12050000,159.1043064402956,340.3045643425675,473
12055000,153.84899657670422,287.9261467704466,473
12060000,194.4399882619451,358.69418943443054,473
12065000,159.00597589251842,297.0920810484105,473
12070000,187.0252050883387,281.52137016442106,473
12075000,172.2233586347383,282.00741673904326,473
12080000,174.77303382684477,276.10743479113944,473
12085000,187.10462194667917,329.8707780887972,473
12090000,126.73907977011056,297.9490430747174,473
12095000,237.8391705733135,343.6983092883106,473
12100000,184.39511107487291,312.7924021829465,473
12105000,172.20088002776436,342.8969255648264,473
12110000,161.06894538034675,290.3993330783331,473
12115000,179.73088895857683,305.29643369511564,473
12120000,174.65596061907613,313.43461567683056,473
12125000,158.0935737480717,294.66718009940337,473
12130000,174.9270210146866,302.8939510786787,473
12135000,178.75925499966823,273.96119224608753,473
12140000,202.48842009720312,343.6438114409392,473
12145000,149.4837082042153,298.8251821694422,473
12150000,125.30161034447552,302.2131465287657,473
12155000,131.14408405735497,254.4307124955711,473
12160000,150.8985801107394,312.2850823704522,473
12165000,142.84047065326132,346.14298929860564,473
12170000,181.4662048581849,303.1569228169484,473
12175000,214.7215277256044,274.9599128324002,473
12180000,186.75438751421294,307.0864896347264,473
12185000,168.4439870033813,283.1057734004026,473
12190000,162.72164121124774,309.61872976228983,473
12195000,215.489280156691,289.358923545276,473
12200000,212.40690192845966,329.6228814819942,473
12205000,184.79172229754278,294.9439769281512,473
12210000,150.69492109976477,319.15440192079,473
12215000,141.06443143669563,332.1224763128538,473
12220000,187.61642711648346,309.7300199274609,473
12225000,181.40795163443264,331.6033460411986,473
12230000,183.41573105848624,298.17337641953475,473
12235000,171.76709058544282,270.07996187363165,473
12240000,188.1477299490222,305.7038337087485,473
12245000,198.69761149154917,336.62508649265635,472
12250000,193.34526577979034,298.57492051454193,472
12255000,193.0416962269193,320.5041078538125,472
12260000,157.45137848509313,275.2876237415789,472
12265000,151.15049872186376,276.4501467352457,472
12270000,199.15808984636564,332.5053426396582,472
12275000,209.14039846184926,296.2824753271281,472
12280000,199.0004398281592,245.33465996588106,472
12285000,188.0621643485961,263.93477469196233,472
12290000,143.4072540683859,286.85613911017697,472
12295000,167.6672153616609,263.3648436488691,472
12300000,162.1339992297247,260.7159908031841,472
12305000,163.1982474854487,337.8843302652922,472
12310000,170.46149531239826,312.1307279830822,472
12315000,136.35971854935667,239.4331497250978,472
12320000,168.09112305717224,300.1808206952869,472
12325000,158.06090956678597,315.0357785089509,472
12330000,158.1105175168485,246.1842191086781,472
12335000,215.2568794576882,265.1706620802463,472
12340000,152.0108652804046,318.7516924103345,472
12345000,172.40315617072704,303.3797678859519,472
12350000,177.76033127533947,325.0315627680475,472
12355000,192.11056312816697,309.4978408105809,472
12360000,185.04549871776408,273.79250413506753,472
12365000,171.47705861416003,336.7550338636522,472
12370000,198.0736448370471,305.76976343409206,472
12375000,190.91992051877136,352.9002550574662,472
12380000,170.92833054047043,366.37866408605913,472
12385000,171.4954673071199,282.6128151456797,472
12390000,166.66072111709383,275.1707024587566,472
12395000,186.46665781905872,328.2893133966879,472
12400000,180.01357062744665,334.83493278872396,472
12405000,160.907700040578,326.12514070574065,472
12410000,187.3879441222684,348.04277191847905,472
12415000,166.58337462161433,340.3729429997518,472
12420000,155.60082657395463,294.0899975347055,472
12425000,134.2199018911677,283.4222660724848,472
12430000,189.83626603277756,342.0549894456527,472
12435000,193.3912504917907,295.7590083522653,472
12440000,162.0441688752645,258.00459964422413,472
12445000,193.50092218588105,325.67651602707036,472
12450000,162.26799294831568,283.8376465532382,472
12455000,144.8886463611894,348.98313529051234,472
12460000,193.561734830118,251.32344288620746,472
12465000,151.15716358973467,288.31141125408845,472
12470000,175.18763196615717,287.06317257967174,472
12475000,229.7490596241178,242.7099334408357,472
12480000,190.07684376965727,351.80780257198995,472
12485000,145.62996739520105,248.59282033433163,472
12490000,158.85691078901445,330.1805582379102,472
12495000,187.19840830413978,277.1551617354332,472
12500000,190.02166869727702,279.3301496240199,472
12505000,201.39648217237496,310.2654020460582,472
12510000,147.84175841107253,224.61800930488803,472
12515000,170.00033599851838,251.41264851712276,472
12520000,164.6515115128277,238.55160655001293,472
12525000,178.65705252814362,347.85441783414996,472
12530000,178.0527288870675,306.9934855271373,472
12535000,190.589634817499,340.7679126814332,472
12540000,168.90617011419144,305.20890304678306,472
12545000,190.9245023159214,301.99624682301106,472
12550000,176.3867929529501,289.1505847967616,472
12555000,167.00782233169573,305.40186414195114,472
12560000,175.08850369701645,291.47999350974254,472
12565000,177.68303063511405,245.9688917236703,472
12570000,202.9207405276576,308.607626104798,472
12575000,169.0533039436983,339.98587714736175,472
12580000,235.4664607239077,334.7500533210036,472
12585000,179.6365620909028,291.6879442971758,472
12590000,215.84694503714522,256.49532290906205,472
12595000,189.2893376665768,333.5687980230803,472
12600000,189.6748515643928,286.2506326672075,472
12605000,173.22883758443598,299.1321078286188,472
12610000,181.9889776126015,286.5753862537808,472
12615000,158.16797836201889,326.537987295133,472
12620000,190.5446317196345,295.1187300378232,472
12625000,156.6751445135583,318.28601336874107,472
12630000,180.25071252616132,273.47836515730137,472
12635000,157.28363329408558,315.6903146334274,472
12640000,178.08333949576152,255.93980177204529,472
12645000,166.6018966690587,242.19365185612375,472
12650000,161.11999209436942,272.3161808743253,472
12655000,203.72546235506312,294.3838695461165,472
12660000,177.93247093664831,215.32700871749785,472
12665000,164.67812792056893,263.12756149601097,472
12670000,172.35095899637136,315.41992643222545,472
12675000,170.90062695533769,360.6685692245153,472
12680000,169.72777453065444,379.0960068648452,472
12685000,178.79799852386077,365.6565165906629,472
12690000,172.50852235423295,315.1412944108278,472
12695000,176.29369109548068,391.86995354849813,472
12700000,153.99772346205742,285.37112682764604,472
12705000,170.6183212362998,307.0253441138161,472
12710000,180.57834797742453,308.37583019655614,472
12715000,179.20215111182142,334.33395572356625,472
12720000,165.30184894173433,358.5127561315696,472
12725000,167.80866771445892,290.2607309144346,472
12730000,213.973044544005,294.5130931281986,472
12735000,147.92104250343388,262.4901201306792,472
12740000,120.00193591088143,252.3934572194531,472
12745000,147.75224921027717,288.4649321049951,472
12750000,169.36162642927513,271.08825367543506,472
12755000,162.47272968137582,338.8704638452147,472
12760000,180.39244574817712,284.9879350926746,472
12765000,172.67088194596784,310.61386417343186,472
12770000,151.78251239683232,263.9309093586524,472
12775000,176.9759164377202,298.84759747606194,472
12780000,169.83509906749057,310.3157350247692,472
12785000,176.1331715248572,274.2038292257785,472
12790000,150.71491820503837,268.83927124939834,472
12795000,190.1397884454384,237.96830895313144,472
12800000,192.46423459636418,357.9366749475968,472
12805000,170.2266891352688,299.2978048210826,472
12810000,185.03186978893456,264.17231362221355,472
12815000,153.6256885053768,344.3772659606591,472
12820000,198.78961576908006,301.9817718060471,472
12825000,187.03687725619523,273.5350175519455,472
12830000,170.90297153898948,322.1678002321856,472
12835000,211.2255873246465,285.23705477771495,472
12840000,183.46879658870304,266.9827945051472,472
12845000,186.20500441019823,284.2453447580465,472
12850000,154.6159623195883,279.94113984889185,472
12855000,163.6260926703697,288.30550202108464,472
12860000,162.06466979976125,284.66666552700457,472
12865000,177.22088147434678,358.300339913374,472
12870000,159.13056312792847,307.8349777497841,472
12875000,191.30083270532316,312.0550640034536,472
12880000,217.49273999631234,310.35871945748704,472
12885000,152.97674880603975,268.80796231395044,472
12890000,142.9373574031597,254.08097301389486,472
12895000,195.85982209791146,281.6802232712968,472
12900000,191.3471539601954,262.33655138946074,472
12905000,164.5868399431408,251.5948348140589,472
12910000,149.03300165958495,315.1947974433357,472
12915000,152.95722951849118,278.0073793873663,472
12920000,177.25293085768266,318.01628713570113,472
12925000,178.72121384419873,345.700275092151,472
12930000,185.10878248290356,282.53108008062065,472
12935000,158.1922840832279,291.97382398398145,472
12940000,166.30391086910439,298.8045983571629,472
12945000,180.3377801169065,317.250510798478,472
12950000,179.5936715889702,367.23551847100657,472
12955000,152.24194684826716,320.50462412178126,472
12960000,198.06593119276997,348.0689044703699,472
12965000,154.9198109842212,294.6538338943421,472
12970000,164.51789095060386,304.08137081796707,472
12975000,143.60450558599405,380.9920112991888,471
12980000,160.86105814453327,325.5718262429989,471
12985000,199.3084807897674,313.66982941095745,471
12990000,180.67550739407852,355.5241955006746,471
12995000,192.9312910652412,332.4030383290082,471
13000000,216.3915135124161,289.414323682555,471
13005000,156.33325890366459,277.05758701833014,471
13010000,157.34267089246816,296.86266935319395,471
13015000,174.10758649593228,250.3962265055424,471
13020000,171.32734792255837,346.91216552536787,471
13025000,158.15399252886547,318.2399833416978,471
13030000,185.24002480238423,293.1363215035751,471
13035000,219.59056394196628,365.12875656506486,471
13040000,175.8703947079208,348.5030367579513,471
13045000,149.17986528426835,311.50843213399384,471
13050000,165.62619502295476,263.0563109025841,471
13055000,167.7907356634846,260.47931825028127,471
13060000,177.1706757586882,229.99842792293438,471
13065000,182.41245972133487,319.34851443004106,471
13070000,172.9923636755875,278.0508888971385,471
13075000,169.21378808661024,273.67842949742885,471
13080000,191.9606949591687,253.10494771993953,471
13085000,190.8483966111126,290.7967802557681,471
13090000,170.91557209217393,288.2950771477356,471
13095000,168.99165973520473,292.35398054025853,471
13100000,185.71942060761572,229.3623662521076,471
13105000,158.92328480213172,316.81464479428587,471
13110000,139.44789276575747,294.6192059036526,471
13115000,177.26610366622293,317.76242733375494,471
13120000,190.02626590765723,294.2817045628255,471
13125000,185.99410728849625,363.1178581491366,471
13130000,153.67929617558656,271.87075223699696,471
13135000,188.99532552260644,324.291237497804,471
13140000,154.84753319424212,337.9681844912778,471
13145000,180.4983037084934,248.98674371480314,471
13150000,204.51709940047306,350.57748424112214,471
13155000,148.8247056829343,300.84780968359036,471
13160000,187.71800369220546,345.1219330339579,471
13165000,175.07884243098252,306.75210780856787,471
13170000,185.7940616381554,234.83741924768134,471
13175000,186.80693863942733,284.38299333261165,471
13180000,182.7903170704472,256.20066362013756,471
13185000,174.55424320146622,336.5151114726155,471
13190000,190.14920858599797,257.2088303619046,471
13195000,155.55935515112043,270.93699516245636,471
13200000,141.8996072749615,304.525466673799,471
13205000,168.80726124488353,225.31115604779717,471
13210000,140.10100448479216,317.6630250604219,471
13215000,161.88647869501168,308.0057518287947,471
13220000,208.63812480657597,304.4914040080105,471
13225000,141.35788380277293,336.1816043418327,471
13230000,163.957451124754,250.11568145290875,471
13235000,180.00049591966467,305.6105475716561,471
13240000,166.7990699008318,296.6202401351398,471
13245000,177.2639537235269,283.16592158790166,471
13250000,230.9852694479647,340.5986649266289,471
13255000,178.5420020981458,340.08906355359557,471
13260000,183.97933605313318,303.1690481876981,471
13265000,199.70616995888494,256.0263503484278,471
13270000,189.29094871554508,277.7229560721876,471
13275000,158.1449593836908,279.90722209334166,471
13280000,154.18529743343834,296.07529167601933,471
13285000,169.6140275819117,322.0955190859476,471
13290000,174.25044570853902,282.23681267155723,471
13295000,136.95501833381277,267.951818427311,471
13300000,167.72067918799348,297.1890723703793,471
13305000,166.37952114410544,307.72472805061415,471
13310000,202.92755831004473,339.99778047213385,471
13315000,174.04321297893637,281.9165097270353,471
13320000,124.93235083096646,286.8934603186042,471
13325000,203.57850904104427,272.208478164432,471
13330000,164.48264626662638,259.3457743745553,471
13335000,174.69096552864048,318.8292762477333,471
13340000,175.0833302531909,253.153259521249,471
13345000,126.87976649430576,313.4576532833701,471
13350000,148.84283950824178,247.2297997963848,471
13355000,176.8719805405309,265.1047079641143,471
13360000,150.62175070547792,254.68743103570935,471
13365000,173.76761019563185,298.0980685011992,471
13370000,179.34208942781524,277.04289344172224,471
13375000,173.99877824421745,307.1548085369081,471
13380000,164.60940113840124,273.55793595519737,471
13385000,152.4219348132767,293.4988957661159,471
13390000,152.69852588860698,254.54699202817204,471
13395000,144.54097161169747,302.0600056065458,471
13400000,163.77556492134116,297.1810484666747,471
13405000,202.79784107104274,281.66163367954687,471
13410000,159.64381295058678,290.6860140348657,471
13415000,195.67059255647354,307.2129532351094,471
13420000,196.2189531788977,327.98615390362545,471
13425000,160.9728574199095,307.3280439029157,471
13430000,166.5228159070795,269.98383096298676,471
13435000,162.70942134986134,323.5139886390943,471
13440000,188.1123000094738,290.42338842010224,471
13445000,171.8946792751618,279.1538526310205,471
13450000,174.40466108276897,278.1767890652749,471
13455000,167.51734093105355,271.0637856447085,471
13460000,145.19814907329783,364.3171368307538,471
13465000,232.77270868897597,290.79786749485896,471
13470000,205.3623539706492,300.20745045995386,471
13475000,225.3306654588578,299.00641570367844,471
13480000,178.3860666433306,345.8088056965715,471
13485000,186.566817950644,291.4535351022409,471
13490000,184.25973657457976,315.665374461805,471
13495000,215.54496982557254,268.8998044847281,471
13500000,148.09098338439446,350.59371513407785,471
13505000,118.42470015623633,216.35104568445888,471
13510000,172.73243097434835,354.25643729563643,471
13515000,176.70811696401057,320.3794499989286,471
13520000,194.66673075980364,352.21103557179737,471
13525000,176.78234682542865,297.7130330796252,471
13530000,220.76902360158098,316.7209136454726,471
13535000,215.57348974914544,339.08388165253024,471
13540000,175.19061291195823,262.00351727479074,471
13545000,181.99975956350755,318.6419620581654,471
13550000,134.68200486506336,296.44775226716126,471
13555000,148.44057215895342,273.73446069085605,471
13560000,144.01458153387026,340.3628594204672,471
13565000,196.36962473460108,301.2351561505118,471
13570000,180.0196991968431,251.7009129061344,471
13575000,170.5357772313306,354.71052751313465,471
13580000,168.98025779791158,311.43953629306793,471
13585000,176.56514622084362,288.3109680399656,471
13590000,153.57469369214044,305.75198150301213,471
13595000,175.62242656263314,340.75175811052,471
13600000,192.2839285657962,281.59235456035225,471
13605000,133.92573133166113,297.4916778961544,471
13610000,209.55179192011488,323.7018156082178,471
13615000,198.6682609021575,306.6320424092073,471
13620000,158.2789018036867,337.78155090278943,471
13625000,183.28345343654476,299.19773477096237,471
13630000,193.96103566045167,318.6170730219417,471
13635000,150.1480195511588,265.52875704808736,471
13640000,181.83863659689834,272.4799292045212,471
13645000,134.46811274392445,253.23397757306736,471
13650000,186.3734939044736,366.298590508807,471
13655000,201.25429467050046,332.3705398931683,471
13660000,125.89038329565865,258.200670011657,471
13665000,159.28843879020977,263.21271219038243,471
13670000,174.68115732273628,322.5516019519916,470
13675000,141.97483243732512,273.06418421052655,470
13680000,128.9633783763175,360.7416685557672,470
13685000,211.26067629785138,319.4995260189011,470
13690000,186.18083057125108,334.7297737749086,470
13695000,168.15818695215674,331.5721502152442,470
13700000,175.95267889616503,255.9026218248182,470
13705000,199.15024895517175,251.56789203742952,470
13710000,179.9537436925072,304.886151772967,470
13715000,158.7673240082091,289.94611583142324,470
13720000,162.04128201950684,333.8409281768221,470
13725000,181.7119066885457,303.9721743010501,470
13730000,158.6896600752304,268.06127029671944,470
13735000,179.4471121756239,305.51181307548586,470
13740000,167.2233528729551,276.62007478903865,470
13745000,172.61076126805239,309.08632305496485,470
13750000,161.56979749608868,306.7338071488916,470
13755000,193.65330438931758,285.9912177732238,470
13760000,148.08607915028003,280.50558621496197,470
13765000,178.71856620108332,355.2109689609149,470
13770000,187.33930542974323,370.45764135758225,470
13775000,199.72486056875007,301.27846160520994,470
13780000,212.50848936416406,306.35798693929127,470
13785000,123.05885582330306,239.8989749107679,470
13790000,156.61852583567952,276.9268212304895,470
13795000,176.34203044773153,327.8948935637437,470
13800000,191.97454228841386,265.7933417955963,470
13805000,175.23326680542795,303.9089151580643,470
13810000,211.55977485026776,307.93606459402645,470
13815000,195.19118676124364,293.98530601694347,470
13820000,163.58659764661408,297.7679959984569,470
13825000,200.57789672598727,268.0730971179121,470
13830000,194.64417848550846,272.39743175571226,470
13835000,158.58355835935714,283.01919477946956,470
13840000,165.2768362216495,293.78627565384744,470
13845000,218.2212684979649,231.22420224751582,470
13850000,164.0733334741651,310.6857228123401,470
13855000,136.83089743059094,327.45854665636006,470
13860000,148.6085066308224,237.45539184565652,470
13865000,207.01113985915785,276.34698346312683,470
13870000,173.47721240911937,281.5667984996483,470
13875000,173.48088213116756,265.8892378333724,470
13880000,184.49294151598554,255.3878159261623,470
13885000,181.042208661059,269.9842455026262,470
13890000,181.30011965570094,318.75556861440424,470
13895000,162.61291585387028,327.2999671338601,470
13900000,165.38678427886697,299.7460484260304,470
13905000,147.33543759196502,291.1637849770289,470
13910000,201.06678469658777,277.10603448583106,470
13915000,170.39095388128456,269.050752822017,470
13920000,173.7567710207308,288.50127355138966,470
13925000,171.4826439828849,286.2305268777642,470
13930000,173.6958345577381,270.59459540180785,470
13935000,144.6912695386416,317.6219340864704,470
13940000,158.76245800522497,258.7969397496882,470
13945000,205.98193291820036,329.2794542441481,470
13950000,141.61735712186578,305.38072067448087,470
13955000,188.22701425553905,285.89546151691087,470
13960000,172.76227023327112,304.75043883459176,470
13965000,166.40043974786926,313.85171315681123,470
13970000,179.6811228569574,268.9771291557276,470
13975000,169.15270707575493,335.59057417625405,470
13980000,178.45244609383562,289.0076385341501,470
13985000,178.40425939277182,256.1342704284897,470
13990000,154.32983225417905,243.15884719326388,470
13995000,248.45633900415766,370.13180923724366,470
14000000,171.86087872318495,258.39676495724177,470
14005000,231.6431682670073,365.74130217786876,470
14010000,155.16360685470985,258.13565853555775,470
14015000,184.48901739592,309.34315182716585,470
14020000,187.988987894896,211.76729753249634,470
14025000,164.68315434285586,279.78197337764277,470
14030000,176.60689230822706,303.55444732702284,470
14035000,200.30712996324903,306.2636719641609,470
14040000,146.4283372296127,286.6073175511717,470
14045000,180.91792867597175,349.88602592113483,470
14050000,195.64801655913385,287.75162518472956,470
14055000,182.49181575726743,286.18929420533806,470
14060000,172.28068308327107,233.99553923429437,470
14065000,177.95777511578632,229.54179367980623,470
14070000,143.0447483552665,313.35216337082915,470
14075000,173.4931063253619,369.14674089014807,470
14080000,221.1388443847612,370.9527516924696,470
14085000,177.55783737708987,348.1011159069518,470
14090000,179.6317371787999,308.49359494860965,470
14095000,186.8605246012662,250.94807883094072,470
14100000,183.83027136263763,275.25194419651655,470
14105000,175.11944754660752,313.2908231900441,470
14110000,126.16003615641274,266.9799547962143,470
14115000,171.01867223597174,250.35034650677497,470
14120000,167.29889346747723,313.38363825076283,470
14125000,194.93202688238702,287.45821902281523,470
14130000,147.83517366665515,346.5508215263156,470
14135000,170.76778027018213,344.08874351242986,470
14140000,161.1056491367441,261.4115137581883,470
14145000,185.8446859086076,243.32957605817603,470
14150000,188.81646013734087,337.545966500923,470
14155000,140.11233201709587,301.76764599077694,470
14160000,214.79328241286265,287.9227164592125,470
14165000,169.96743661650143,247.78804734710224,470
14170000,171.59622991908256,266.5187744400078,470
14175000,198.90877535053082,328.3902213766536,470
14180000,190.64082403505768,361.02340805001455,470
14185000,193.19776808999868,312.677254800303,470
14190000,204.81297629408988,349.20155678059996,470
14195000,261.66351706113363,273.3610825330766,470
14200000,198.69498521235153,313.2971403424666,470
14205000,218.50410953059827,347.1016018840278,470
14210000,168.30609132197222,261.3180555564808,470
14215000,145.54297793055713,294.5095229839259,470
14220000,190.1367701040024,310.4299656764942,470
14225000,170.13553249389977,257.4725581806088,470
14230000,137.52392126718632,262.48692443792015,470
14235000,196.68976741567752,315.75382426686684,470
14240000,185.36832671681108,288.33594797545385,470
14245000,208.86453745024934,332.19291624538585,470
14250000,148.36113483638033,287.7776135875757,470
14255000,198.6732897415523,313.20375881929044,470
14260000,179.86344302545928,248.26227946333177,470
14265000,164.10949093624137,309.2356055776744,470
14270000,206.30284839378942,293.2390947776288,470
14275000,178.78095854695474,266.8832174300669,470
14280000,150.59784774754309,247.29721487299514,470
14285000,198.97070067599134,240.21572672657754,470
14290000,179.2903055879151,301.8744265662865,470
14295000,191.69478498006845,267.0966311267391,470
14300000,196.92988002809867,296.71545365677775,470
14305000,178.7673066907956,281.6028714608045,470
14310000,191.02820815435837,311.1282120029843,470
14315000,180.7679801437259,301.89851573000686,470
14320000,162.80606986023182,335.62461427317317,470
14325000,188.877061808483,245.11498668654545,470
14330000,160.6751641991176,218.96281180193333,470
14335000,177.20131313979118,323.32069979115016,470
14340000,159.34534647302354,330.60747598062665,470
14345000,161.0986513508771,338.24749083162766,470
14350000,153.97244223702492,255.53399310658392,470
14355000,170.46106873371474,328.2859581550284,470
14360000,151.45584985706012,251.69065838443595,470
14365000,177.74585188206635,243.07674162595697,470
14370000,172.13132826456706,359.9069954826361,470
14375000,160.7661018259465,290.08162927869,470
14380000,188.17286703787423,286.518566990246,470
14385000,174.20419993360713,310.22463492142606,470
14390000,156.18932802572283,308.8087531648184,470
14395000,187.11986901688186,284.82589391136275,470
14400000,219.08566983715588,310.42826235942186,470
14405000,129.39682835340363,387.27057025646417,470
14410000,198.7436548002703,262.70794404739644,470
14415000,173.23202802664818,275.35608654622,469
14420000,177.50299680578289,333.011759494543,469
14425000,196.30058292105144,343.4995747975834,469
14430000,196.34521529375522,384.61932902749385,469
14435000,167.2669381598882,307.2488891023566,469
14440000,184.3252175525689,303.55764569392727,469
14445000,185.90961335264538,338.23556486670685,469
14450000,198.31852225800728,304.43124055861284,469
14455000,210.71516344113397,315.3832119585969,469
14460000,186.16818853571573,284.3501282809448,470
14465000,173.15461494859105,316.3350382222034,469
14470000,182.08758705938416,311.87187430510846,469
14475000,161.13809228859512,304.1785119025328,469
14480000,168.0965004360598,326.2047816169956,469
14485000,151.48870221389268,254.77194164323151,469
14490000,130.77454810950942,299.93119128068855,469
14495000,156.99279277855257,289.0013899815289,469
14500000,154.05465828622425,284.11147049607905,469
14505000,202.4299422108693,333.667724848923,469
14510000,176.44574061094247,268.1287254464836,469
14515000,173.95781212998543,249.3630630511456,469
14520000,208.17904371020958,270.57178027597763,469
14525000,183.91433325312656,329.27502924703066,469
14530000,187.30337979269223,238.96001717824566,469
14535000,191.12299740705026,312.18299116880473,469
14540000,201.46046277882044,278.13431768390666,469
14545000,192.9364670564296,346.3091290383058,469
14550000,160.3336878685653,357.4376777512784,469
14555000,184.477225458965,274.22982019761446,469
14560000,162.40186758197797,242.5563366999726,469
14565000,176.41272508273894,387.60725679896615,469
14570000,218.61599641356943,352.6264005608559,469
14575000,179.8942573918356,287.2728142474668,469
14580000,162.71789469831972,247.92769466745503,469
14585000,188.9824080790729,246.80820115260167,469
14590000,166.3672565561191,292.77013058280085,469
14595000,155.8248427813037,350.3886174071806,469
14600000,152.86250998946895,260.0381445564086,469
14605000,164.17780301646945,303.5997832483963,469
14610000,180.79039272075897,276.77337089385475,469
14615000,174.30826540076507,236.13183706388148,469
14620000,161.302669204179,357.5751844119583,469
14625000,154.03611932417297,306.96841957986976,469
14630000,160.66144362256227,368.09481160527787,469
14635000,134.77274549099732,317.98642505930127,469
14640000,178.62418055481703,298.5094113391566,469
14645000,176.8039391479692,319.5492843446628,469
14650000,212.82887941593162,307.55603368188673,469
14655000,163.48945688942757,305.59665093580486,469
14660000,140.64086608624092,283.47757814390644,469
14665000,201.96006671951247,341.971829040427,469
14670000,177.17600170072433,305.4319112697784,469
14675000,189.44531777356283,349.2835212196652,469
14680000,177.97278096907763,273.30220285705025,469
14685000,174.33099436512506,341.1021810615602,469
14690000,166.56029371777512,278.9518017100016,469
14695000,166.09898536576452,330.0808353335552,469
14700000,154.21265668786236,322.91759079354057,469
14705000,162.7632679410317,269.1662330530961,469
14710000,173.13182206805305,310.4007563084932,469
14715000,193.50256746600942,241.94775680040266,469
14720000,168.1985587429186,248.0839514016497,469
14725000,208.3443344455573,281.3210781314436,469
14730000,156.1513584431533,290.1650406241541,469
14735000,161.46551001123083,343.2179931184784,469
14740000,193.6041400739884,264.2439967698553,469
14745000,154.02829339571105,358.7626551757217,469
14750000,145.3490894730717,230.84424929547043,469
14755000,216.14046573418304,345.3055257993539,469
14760000,148.61187499625643,289.55524472610006,469
14765000,169.32155675777807,308.1744613906328,469
14770000,157.19999303123322,282.15310976591223,469
14775000,135.7717102364303,241.87363174025344,469
14780000,186.74973629892338,311.63307181452075,469
14785000,184.6845951108316,272.2263608263892,469
14790000,190.47055469074706,315.5815525762551,469
14795000,183.01076105775508,372.7625539599715,469
14800000,144.30874209445153,224.05683135817236,469
14805000,168.20833657923072,336.5579314667791,469
14810000,161.55866328094794,270.75527259857233,469
14815000,149.82472664372997,320.2462138281151,469
14820000,190.39170044655998,285.8006515072456,469
14825000,162.9906208830772,267.4519106055353,469
14830000,123.37288085492331,299.3438329403304,469
14835000,183.14591262306726,398.55001841480083,469
14840000,170.98760250948666,288.39833469266,469
14845000,150.88301660880592,325.7101359215126,469
14850000,189.66972388573308,308.30681221230304,469
14855000,157.80857797037217,258.9997505552624,469
14860000,166.89040617090424,276.61931040398,469
14865000,181.11062213908662,228.7872158232397,469
14870000,201.25645533416596,287.709793216553,469
14875000,169.0276393139417,247.38453989273015,469
14880000,139.77636905051332,271.48130326868073,469
14885000,198.85729783884022,293.20515458731734,469
14890000,176.353733565875,257.02537854341386,469
14895000,209.888833776007,261.62386829564133,469
14900000,166.47898597594465,242.57379970713217,469
14905000,191.00179905346081,304.7060683696307,469
14910000,201.03292681921238,293.3921119212441,469
14915000,184.67671720209674,334.729814258846,469
14920000,183.42957748430118,355.14078623530037,469
14925000,219.75829657072768,292.67752610084284,469
14930000,174.84740967853267,270.17997275157325,469
14935000,155.12273688714274,231.99728645084028,469
14940000,172.0334956634094,322.35508357668135,469
14945000,166.73610151077003,308.6682303836392,469
14950000,195.68298492224673,347.3569180667581,469
14955000,204.46577148306892,264.543046382149,469
14960000,144.50109423913426,330.6443083686733,469
14965000,202.55403377386855,334.3588756482716,469
14970000,156.2982595169808,339.92742464465226,469
14975000,208.7782540941077,278.67223678796165,469
14980000,210.35688977899338,386.9476937503454,469
14985000,226.681787455609,273.70719747610684,469
14990000,167.14818410137016,333.7390269534059,469
14995000,191.99913994499948,325.8387529069472,469
15000000,184.0223498094456,326.60774823546416,469
15005000,166.49206663711763,281.00087347470173,469
15010000,181.05275434126165,336.614349566084,469
15015000,172.95041202070416,290.7978066643797,469
15020000,162.7263669106703,265.01668377727475,469
15025000,179.77899375952222,295.318203443586,469
15030000,166.6460274938958,264.68013238936345,469
15035000,187.18627704972067,286.0029340146758,469
15040000,210.03669286041995,304.3795227568633,469
15045000,176.57498752026243,272.4280598171974,469
15050000,161.79662728878264,288.8420969663403,469
15055000,207.1983577707853,295.1460575772064,469
15060000,154.05632650226403,321.16850797224333,469
15065000,177.20165551158485,357.151868562397,469
15070000,196.2569366901534,315.2019974261926,469
15075000,164.1240380387337,335.0819567385676,469
15080000,179.00497139114742,243.908205041022,469
15085000,157.1886564212303,295.8141666475497,469
15090000,179.8968271270835,265.8903383050796,469
15095000,136.6441246645878,279.0658012856806,469
15100000,192.50669529845925,284.4051234211278,469
15105000,154.06816619116788,248.4791305633277,469
15110000,138.78844220000127,235.8992243687723,469
15115000,184.82832498791248,348.9579998302718,469
15120000,179.20689516185774,326.3796985954054,469
15125000,178.51876572474296,306.1516745006613,469
15130000,170.92666321665538,307.7577885882539,469
15135000,191.04477122427917,253.95543455062446,469
15140000,198.0088495486927,316.92353251821197,469
15145000,191.14736204360054,312.8996704599539,469
15150000,187.1533504648653,284.44904857333324,469
15155000,189.08024556575694,333.1672661662982,469
15160000,157.028502499014,317.69256030617663,469
15165000,211.95284586658406,295.453459009676,469
15170000,171.54882841404847,339.2117976427749,469
15175000,187.62042823146498,378.4375589443049,469
15180000,173.9211100893676,257.8983236149217,469
15185000,126.8801801109948,265.70894133988145,469
15190000,170.39642182366458,293.10827021401406,469
15195000,192.60974564329246,309.3098341135457,469
15200000,187.99762801207658,287.30109882546645,469
15205000,171.74996631313715,254.17983265922044,469
15210000,206.4178516030648,293.6588093077296,469
15215000,187.87296215617425,307.0174942312964,469
15220000,181.4945429748795,296.44416282141236,469
15225000,169.59082497562747,302.71800129137625,469
15230000,165.1307172000884,262.8726177544543,469
15235000,169.15419617385058,332.19082601897674,469
15240000,171.06389539808717,310.1098006939263,469
15245000,198.17235966939234,370.93743775609323,469
15250000,194.71507346753728,297.49858472692443,469
15255000,220.4119666605848,254.14178724756525,469
15260000,167.90032711157866,269.8705837318848,469
15265000,176.265935313157,329.4372867020277,469
15270000,184.75710755133179,254.76293972123037,469
15275000,210.3473151154541,307.9620071998069,469
15280000,196.54225279698096,305.5116179956477,469
15285000,147.6329876135896,299.1961141495964,469
15290000,154.46049646853518,331.44559110890015,469
15295000,148.28241318656316,277.2947214447966,469
15300000,186.6841837326757,311.08871395158076,469
15305000,176.27478793914275,308.4175138999343,469
15310000,167.70323823128837,371.216679906721,469
15315000,189.02246839979563,394.1819689162722,469
15320000,171.044641835508,371.0234285663353,469
15325000,166.02310802738725,299.08610941212544,469
15330000,186.45662102185534,302.87039489600716,469
15335000,179.28107223281503,327.3934569592033,469
15340000,195.02388440020485,279.0740699326128,469
15345000,165.3401437128519,261.7144343118829,469
15350000,135.67769532695746,282.1391810537003,469
15355000,172.45517584254404,306.11109001191465,469
15360000,199.49443556529425,385.22215966674156,469
15365000,188.97828916069946,381.0107366554369,469
15370000,174.99895983243414,244.73458150062933,469
15375000,194.4364725068226,437.9148447315438,469
15380000,150.40007963769187,354.0460876891282,469
15385000,165.08395602457117,314.6179744608615,469
15390000,211.61698947950558,309.1474340014352,468
15395000,201.19260442327135,333.76278998030796,468
15400000,173.25257589353734,269.05536788091,468
15405000,175.3579430068043,312.04526608826717,468
15410000,202.02789325862838,341.42838638559795,468
15415000,203.5521462390488,307.16281720226726,468
15420000,189.3981049747083,270.9627385306065,468
15425000,124.72602004111087,360.6208360269189,468
15430000,170.20497594153133,269.707420519579,468
15435000,160.0698610748191,276.1829102056449,468
15440000,169.16554774657308,311.9940846422136,468
15445000,142.84999808649783,302.4580930934626,468
15450000,173.462012670492,290.62299383978626,468
15455000,155.9641948104896,302.6541237495985,468
15460000,176.50895146852557,298.07444985372223,468
15465000,157.7723876675493,333.3219904372458,468
15470000,169.74139317777457,294.0628232656476,468
15475000,176.00925571627658,303.13427957930753,468
15480000,191.1416872917021,315.28535531160145,468
15485000,158.2299436263496,365.2925905839228,468
15490000,144.00129304346197,288.17594001910265,468
15495000,235.80456791562625,321.6779347491331,468
15500000,156.72152534238293,301.1128494294391,468
15505000,149.7713276881417,273.4863346843749,468
15510000,208.85687858236,295.43069756985454,468
15515000,175.24304890689996,285.0826410184886,468
15520000,158.57691373983923,272.105766207234,468
15525000,147.3100340296867,290.7754115002849,468
15530000,157.45468793641402,377.24251403331425,468
15535000,158.63682378074523,278.4285441419364,468
15540000,184.06754388003586,267.49441398790145,468
15545000,182.68289528833657,334.21491533325855,468
15550000,114.58792218543975,299.097887966352,468
15555000,199.2433521094712,328.3929359601625,468
15560000,193.30832087630688,304.34506291306514,468
15565000,189.5504003525644,311.4138163413447,468
15570000,160.13595182935717,274.7207615373869,468
15575000,193.81467004453344,277.53540391309195,468
15580000,174.95228856784416,322.0095895059477,468
15585000,135.32094512033174,363.04046179827327,468
15590000,187.0849468542071,265.85155340197747,468
15595000,204.70734282177418,314.8927134581819,468
15600000,154.61647994398825,257.0875615900819,468
15605000,175.15033547126438,319.55914638564803,468
15610000,177.38808867875574,329.8463460356263,468
15615000,213.34323028967654,296.99896913256373,468
15620000,158.6998111523906,265.89209110284315,468
15625000,190.50331244286053,339.9489335900163,468
15630000,164.81025078805044,341.7577891888357,468
15635000,188.4798493410479,370.94957240744554,468
15640000,193.41318661090602,323.2253562673923,468
15645000,166.2939789423875,281.6263249257785,468
15650000,173.02434781211716,371.2651446633944,468
15655000,174.30754385571336,298.80824166386986,468
15660000,193.22608954514305,311.30742653212616,468
15665000,173.62389320235192,266.4478367158914,468
15670000,174.1579247556708,239.00213627952442,468
15675000,188.3751707103844,337.7687452771405,468
15680000,153.3680534683508,274.7188697526392,468
15685000,156.2734198776692,234.6468784182073,468
15690000,195.6739393984187,260.05677148375383,468
15695000,180.875944794166,339.47240302779386,468
15700000,179.23302555421114,306.9139168353657,468
15705000,158.69295636086656,312.8090773993015,468
15710000,152.99631551706557,315.22888602847945,468
15715000,155.92246530805963,236.34323672292354,468
15720000,175.83981541345722,295.6119514135839,468
15725000,151.18240189558557,262.90095868595097,468
15730000,219.37353797609504,294.00985991359033,468
15735000,158.81247437049615,299.1967041837369,468
15740000,145.85192690139192,348.36844318897994,468
15745000,138.84693482878097,305.0292444685973,468
15750000,158.69193342780716,267.8531781296033,468
15755000,196.8924705831359,273.82801002169583,468
15760000,174.7922375872731,336.368771130192,468
15765000,188.67727019598155,320.07188343620794,468
15770000,155.29606177613988,306.7621342240335,468
15775000,172.01211049523184,337.263523019063,468
15780000,174.20234998858027,241.0406650206689,468
15785000,139.73340874900862,236.9049587572782,468
15790000,157.31520520209452,272.6667383957717,468
15795000,189.22813458458344,272.73174772419,468
15800000,178.62168494383891,263.3212304153209,468
15805000,179.12294782466725,305.7728153745119,468
15810000,192.647038423868,273.6352567054553,468
15815000,143.82661340386568,240.6546236906826,468
15820000,167.39747731308907,262.2571170260503,468
15825000,160.78341823378946,305.51923029277674,468
15830000,146.04573203149954,347.6522984984261,468
15835000,154.810471486543,333.9318040387454,468
15840000,170.38371582026963,293.1128751977519,468
15845000,123.73078298577396,327.3796360235378,468
15850000,162.3069014286448,310.7542667988661,468
15855000,153.97723645705275,314.26364275178673,468
15860000,147.48021844053375,283.7113652055773,468
15865000,189.97135367313422,298.3131802739197,468
15870000,197.8826269406591,330.81601959434636,468
15875000,172.93043875881978,299.50875882923174,468
15880000,166.58518070275065,304.713827035533,468
15885000,195.0668513012581,333.54105961665863,468
15890000,192.5139681769552,273.7236018454124,468
15895000,166.30440304658165,259.3293943590994,468
15900000,145.26015896855702,294.7521404307608,468
15905000,201.24308570812815,298.631786211529,468
15910000,192.8497460588607,346.7154815361996,468
15915000,169.84412522753905,342.0878603898502,468
15920000,192.64324332177165,284.8339203241747,468
15925000,167.0285083411885,306.09036914098635,468
15930000,164.60423122110873,327.0134642009954,468
15935000,191.7650703619425,288.30218278329687,468
15940000,164.60635728422463,337.81555218290316,468
15945000,177.67596627632037,267.38473196849696,468
15950000,186.2593045043802,290.51563016189186,468
15955000,141.2145540428148,340.43390066183457,468
15960000,241.98496882053107,310.1589151876648,468
15965000,175.19463074489605,330.50867393286995,468
15970000,149.8142746890793,320.5158517989604,468
15975000,187.3227116915018,296.72992003556527,468
15980000,166.5889089963278,299.25886193085086,468
15985000,146.706919358556,312.02653238156887,468
15990000,168.15471090202468,366.7598340435966,468
15995000,152.64589843934482,248.992138440118,468
16000000,149.23292507727353,306.5379517311668,468
16005000,170.7056594820857,283.4052429069027,468
16010000,170.67889097278447,377.9223572101774,468
16015000,168.46258998646695,282.8052062844502,468
16020000,222.01047515860625,388.3099578257626,468
16025000,142.55068415112706,337.45190486116815,468
16030000,162.99186810239235,318.66266263120633,468
16035000,183.98051294208636,285.52573368128526,468
16040000,184.6508221696546,239.18853158016432,468
16045000,185.25225469789189,230.04833599374385,468
16050000,158.88101481589956,308.99905353323584,468
16055000,173.077528358536,325.41117029571166,468
16060000,168.82707456926084,242.2840101339794,468
16065000,232.10106479869418,302.10390588291455,468
16070000,190.6941170605855,314.6784845067607,468
16075000,175.50327949680147,303.3383703054365,468
16080000,174.7829507173494,291.7885698127314,468
16085000,188.7668709786829,236.89479164662788,468
16090000,157.31197099563184,261.7136433841724,468
16095000,167.48646797976426,388.2843687983193,468
16100000,215.3689853547878,345.51169222527835,468
16105000,159.63238494721966,345.4802858214807,468
16110000,119.26002350322872,338.1839460120702,468
16115000,171.49114941469443,298.6798397643169,468
16120000,163.42275174414428,305.2413271040606,468
16125000,156.26513574617093,292.0405793840937,468
16130000,160.62134438554645,299.4411896927059,468
16135000,153.49214857112477,271.2553232739866,468
16140000,151.55786348128302,299.32969847198376,468
16145000,181.34642540272927,301.04803370887447,468
16150000,148.8499614234584,315.88823250550246,468
16155000,166.32350488767918,266.7631259437171,468
16160000,176.17618663011405,353.71391040871407,468
16165000,191.18140509322703,343.40776604943085,468
16170000,163.46817914592256,304.51860343210114,468
16175000,205.49941260045628,263.99687625102797,468
16180000,142.74537193631235,242.80871458596386,468
16185000,175.93918004783617,285.9370859117996,468
16190000,185.65710012283114,348.52974294655024,468
16195000,205.89143840358687,301.0453598074727,468
16200000,170.70056912521795,276.2019369100632,468
16205000,167.89188322998461,302.8052193133999,468
16210000,140.5297201577629,294.1245423327836,468
16215000,205.4471343302481,299.53346300993906,468
16220000,227.31200644064145,351.76965851179733,468
16225000,133.22679575621652,298.92771102930953,468
16230000,165.583542681817,267.60374690807896,468
16235000,175.00452607291336,313.9360724096985,468
16240000,133.1451603864491,267.4986014487536,468
16245000,166.19210543301676,253.2271982905221,468
16250000,208.38488599003378,304.68578380580783,468
16255000,205.3518580830003,356.98464113816505,468
16260000,194.6882683732504,329.0466724081656,468
16265000,141.75931235218616,230.20737562401732,468
16270000,150.87266454862072,318.24399127854946,468
16275000,152.87612513185223,266.2793599668998,468
16280000,208.53948281533056,266.3791547586805,468
16285000,157.1141163167896,276.5717713572083,468
16290000,189.09448280984182,288.1604473868652,468
16295000,195.22477122044336,279.6858624424623,468
16300000,169.01497921994667,298.7617329003774,468
16305000,192.3565381609112,319.0009930685433,468
16310000,183.0953695860487,316.18994486283424,468
16315000,167.66145314590537,302.99485302479786,468
16320000,162.3531709330872,282.7330055261234,468
16325000,170.8488026198309,274.9353743129917,468
16330000,209.00480873119577,341.12498746865907,468
16335000,191.7060332104808,309.7746631953555,468
16340000,192.93118376209105,349.43356245511933,468
16345000,147.65115191797716,293.47918294631177,468
16350000,162.73889717707223,311.3128339879552,468
16355000,146.72225404413032,279.7221788265529,468
16360000,155.02670201354906,275.1698576225578,468
16365000,191.31406218647288,338.2361393309078,468
16370000,176.5213512065518,267.288283041488,468
16375000,160.80131804866585,309.6166534976889,468
16380000,178.62083960673976,297.4067070322146,468
16385000,189.2837875637171,388.9725457113809,468
16390000,182.1960385030313,245.4054714875301,468
16395000,181.89356593703715,265.7070795213749,468
16400000,210.2896383517801,339.4493323601926,468
16405000,153.25191109049268,265.05209164399326,468
16410000,142.68459829408707,298.14166532722675,467
16415000,199.84623826880843,301.68476083756593,467
16420000,215.72240473398278,295.64634642178066,467
16425000,196.55052434636875,325.89307155766693,467
16430000,143.8078099972005,256.25459721799325,467
16435000,171.21319314785168,261.5930328945457,467
16440000,152.58841162223504,275.3544823674379,467
16445000,161.0435016061818,239.65860904804072,467
16450000,167.0810398951366,261.0543333863191,467
16455000,159.97142392533243,305.0065291783772,467
16460000,169.73142447248998,271.9065002213792,467
16465000,166.2417926591287,323.3278806517348,467
16470000,183.9953589158936,345.19215840345595,467
16475000,168.69016943455026,254.38636999391917,467
16480000,160.12872002174456,242.70509043491705,467
16485000,204.34916683776473,341.00710452009463,467
16490000,185.01400380977887,302.5650066719777,467
16495000,148.238957944416,284.2717404814833,467
16500000,212.4230429131334,262.39969474247494,467
16505000,186.83810311418281,258.56917634104946,467
16510000,170.09602764355492,284.5714053126295,467
16515000,177.69560041073942,233.56369049769233,467
16520000,182.89545580742552,310.453544515131,467
16525000,198.19219745768868,335.4638387890133,467
16530000,167.8798857861822,333.67278670546784,467
16535000,161.39251644830526,368.864423676184,467
16540000,190.87170713635274,310.596585454106,467
16545000,192.37982938817038,312.2732388625463,467
16550000,183.79450417175005,360.7319343371139,467
16555000,164.04803235365878,337.1579711932435,467
16560000,156.56027178712606,307.5998314130705,467
16565000,160.9584062118611,287.55333949652737,467
16570000,151.99421193845816,210.5736895847926,467
16575000,187.2587236223642,282.31607416860123,467
16580000,191.0510215020511,284.4543000705303,467
16585000,161.27154977715122,265.270891538556,467
16590000,209.9094482407907,314.9836030715516,467
16595000,135.50584561635543,339.8498208622554,467
16600000,194.7337267606717,293.6845456297851,467
16605000,183.80476350225445,353.86576798969776,467
16610000,181.69387671330358,299.65302164176774,467
16615000,157.3241584264278,291.36943975605465,467
16620000,165.0143906056237,275.1152753080306,467
16625000,157.22171850264186,255.89820074503922,467
16630000,152.19394532619722,325.9035443519066,467
16635000,213.53298471091765,370.9648844354885,467
16640000,195.883334636665,337.2327994801841,467
16645000,156.23946857682245,368.23141605118076,467
16650000,177.03601551801125,289.7057701993947,467
16655000,192.22378421725182,343.90912031927235,467
16660000,175.41511666700814,268.09100013247826,467
16665000,173.2583898407274,225.01660966146994,467
16670000,192.113056953518,306.70418991725893,467
16675000,150.3069294435784,261.3724272682854,467
16680000,168.5129054705501,342.36348681806646,467
16685000,173.95462842449967,266.96855383557994,467
16690000,186.24995267395312,262.56182544462825,467
16695000,161.5669602041922,271.2717004704341,467
16700000,198.38534615941913,323.3667440943915,467
16705000,197.1175179517059,283.2739178496067,467
16710000,207.1521315792569,315.76241710489205,467
16715000,195.31175794992416,340.6208304135617,467
16720000,157.49262036081575,317.4496475827841,467
16725000,162.92736220369716,295.60430093096284,467
16730000,197.69285815159702,295.1548064061806,467
16735000,157.36157958683677,268.9721022281409,467
16740000,181.4343686430816,278.115031128226,467
16745000,185.3206846298667,324.0849951228244,467
16750000,207.68020955612187,266.43041319551133,467
16755000,157.56935366836476,285.4759983998245,467
16760000,195.7063392582722,330.8780819844759,467
16765000,175.65368591597982,320.9785783871414,467
16770000,193.63403859626317,330.45814268317525,467
16775000,171.27491433644045,235.31427538986392,467
16780000,160.1451037500104,262.78875235794135,467
16785000,163.1180010932858,311.317093271609,467
16790000,162.3434058930885,281.0109029376674,467
16795000,147.77633231476136,330.7651722610356,467
16800000,168.10014987380725,271.34072876237457,467
16805000,155.19324990761268,312.78364726881017,467
16810000,183.11296502067742,297.67749548394,467
16815000,154.37857990241994,269.1255713020834,467
16820000,163.43968652989687,289.33170722245035,467
16825000,195.2749022878519,299.6715651852016,467
16830000,207.40181308468894,277.10948745179286,467
16835000,141.9253542116394,250.56955822821408,467
16840000,191.08471136331997,348.881598813049,467
16845000,168.78199897866304,312.2937953169279,467
16850000,200.08650233547002,245.28087424815342,467
16855000,198.53492022005818,235.83536805922105,467
16860000,159.90807424327133,310.0659710446075,467
16865000,133.4271923790161,258.68212732313856,467
16870000,211.1379539157578,362.45810274664325,467
16875000,217.12358716418478,234.95096684468862,467
16880000,183.36258117460136,261.4589942173182,467
16885000,138.6597650492523,329.82056455892985,467
16890000,166.63419532798915,306.96074094486727,467
16895000,173.88114540886272,270.4250305740598,467
16900000,207.94276822607048,311.32791812599294,467
16905000,198.64141916052216,317.4377108096439,467
16910000,137.06730788764133,298.17939729478604,467
16915000,187.41970840914135,258.20578559070367,467
16920000,206.71969085146583,382.28179740499013,467
16925000,205.6305434703179,292.5420769790152,467
16930000,153.45171442060442,317.0619809252078,467
16935000,151.78781586186832,268.09332315446443,467
16940000,194.36831310471987,321.4667682271335,467
16945000,165.34550328967464,251.1913593360718,467
16950000,173.33551253791515,328.7056438096152,467
16955000,133.01424413566545,297.7207371399067,467
16960000,231.32044153866522,368.7381854140159,467
16965000,169.16302007982083,283.35208730816004,467
16970000,186.97433343618835,346.66089267664535,467
16975000,184.43414918456554,304.04394875265996,467
16980000,182.3275722926906,247.13141078643096,467
16985000,165.42375966073502,269.95575345525157,467
16990000,180.72681468985115,286.52230917977107,467
16995000,182.14131287512694,331.561011183215,467
17000000,160.64901169445108,363.2940436860778,467
17005000,166.21437606573744,304.1271896132335,467
17010000,170.64630604877112,270.4751973829861,467
17015000,164.37466044087518,292.19405344248156,467
17020000,161.54127993484917,303.6947597670888,467
17025000,182.43881832749977,307.32040737726345,467
17030000,186.8120530960669,350.436138730155,467
17035000,194.3175513351105,253.6654161461952,467
17040000,194.60176536384176,272.5068672027705,467
17045000,150.75511149781335,248.99985893609932,467
17050000,168.817508159125,258.292801853883,467
17055000,189.49845261801443,244.89915172902926,467
17060000,156.5947876212243,286.6550923004042,467
17065000,171.36286133837578,249.94897481226852,467
17070000,166.92856340972043,273.01087820506183,467
17075000,196.31128319333834,285.479853902282,467
17080000,189.6944901895282,303.2619905155423,467
17085000,191.79119013368432,317.58737353350136,467
17090000,167.08479313684842,265.4964107642873,467
17095000,141.39406340019565,314.6934724518863,467
17100000,152.29435921552485,285.54658175157266,467
17105000,180.82739028914096,255.8905111900669,467
17110000,183.96355281483415,355.09475049785186,467
17115000,179.82155373414517,336.7892591768772,467
17120000,184.92897785789705,271.8706946628579,467
17125000,167.0146381733809,312.85252292416106,467
17130000,194.02117340228375,268.37718068273347,467
17135000,153.31722384764868,286.9061215073342,467
17140000,227.5192190649334,337.58171791929334,467
17145000,150.05270127430438,322.2829222920328,467
17150000,150.5771748939624,291.61626141706296,467
17155000,168.19015056156297,282.63979242718165,467
17160000,154.14178093554733,284.55627170936293,467
17165000,159.48149779015029,299.7963379823941,467
17170000,216.8090178490344,287.5342383106521,467
17175000,184.80125881585676,301.81524553253803,467
17180000,191.14707782781488,296.3643925024392,467
17185000,181.0526549302567,288.0338760120951,467
17190000,163.5969019986777,293.1300623456272,467
17195000,185.71095377007765,253.12476172615328,467
17200000,168.87264839842737,262.2172784674882,467
17205000,171.64229089902295,268.5740543111941,467
17210000,198.63659652879645,265.82267147759705,467
17215000,188.2423387952588,307.9821614309996,467
17220000,168.58071790894112,305.26488448363625,467
17225000,159.61321450420985,309.7710739416001,467
17230000,189.0705552865321,343.82262254586607,467
17235000,171.51531485937087,312.37456599823247,467
17240000,164.7863856920031,320.98939239851404,467
17245000,170.8736326616906,321.6796619285026,467
17250000,178.85303120898362,373.81870659817173,467
17255000,175.65471273255312,293.36122712695675,467
17260000,124.9827218789661,295.77287502072056,467
17265000,163.14247402977074,272.12905260243315,467
17270000,188.09952119799914,312.5117981853569,467
17275000,164.48180305350104,291.64602654252326,467
17280000,169.45392154089933,326.72003266306314,467
17285000,154.21488907820586,242.81603401757357,467
17290000,203.88272873609384,331.9923657706753,467
17295000,131.6476566900621,278.6121714278863,467
17300000,199.81826597699904,281.25413470230023,467
17305000,158.73502334033589,352.96060628301154,467
17310000,190.01876388293164,322.2298052175882,467
17315000,200.03055693112032,289.88524011635747,467
17320000,181.63387959279075,259.6637835811642,467
17325000,190.55915818038636,265.7516011029763,467
17330000,182.80765557797437,319.74603236019385,467
17335000,157.1202813645046,298.27051784675695,467
17340000,192.84714358531122,342.6567100464585,467
17345000,190.9356126403576,278.11880789838546,467
17350000,211.42183038208805,304.79074965900935,467
17355000,141.76430493800854,251.35719072674883,467
17360000,188.78083305787652,282.46035436917873,467
17365000,183.87611665153028,318.5803563570941,467
17370000,183.43585737798674,425.5008380813096,467
17375000,156.40847614040095,318.86631229902014,467
17380000,177.08924551108151,270.03288713956954,467
17385000,177.3190454147877,319.41334595142325,467
17390000,198.26346586709266,291.59906015042003,467
17395000,160.63160684545525,295.18024362314856,467
17400000,190.45794853002187,298.246058387089,467
17405000,162.04765244779662,269.062009453929,467
17410000,177.5652211923753,353.09058537055955,467
17415000,171.359501776691,336.3772506064099,467
17420000,198.68528721095726,250.9396779350464,467
17425000,180.0220056572307,327.18484306964797,467
17430000,166.80686985776268,286.71009683761116,467
17435000,161.1125944209437,220.22886445044804,467
17440000,164.10216419722298,391.70000959988926,467
17445000,167.2974730903673,310.62553112880124,467
17450000,168.9851670538165,326.14904531802875,467
17455000,215.16517248710656,427.83579015049713,467
17460000,178.6993616988046,360.81542538055845,467
17465000,171.47613964289235,305.16295873136,467
17470000,172.1194759383114,247.78319559914738,467
17475000,201.0876569660396,277.9559852414149,467
17480000,187.0604106242728,321.14203372264876,467
17485000,173.17659955148363,318.38459881914406,467
17490000,196.4894922025245,344.4637126696166,467
17495000,145.4793793732615,300.45806494363615,467
17500000,218.03663406613842,362.6702299265373,467
17505000,186.17405794005097,217.5180702933464,467
17510000,182.45187480400037,328.064082818452,467
17515000,178.86380171702908,294.95511460819205,467
17520000,193.5295005528245,331.5088893984347,467
17525000,150.27499567199942,313.38248184348396,467
17530000,157.03644708670151,302.4875282524033,467
17535000,159.0632222472435,229.08876703928993,467
17540000,209.8904176053149,302.8849965162697,467
17545000,186.01667038121647,351.7664277157551,467
17550000,179.25479977613787,293.04427062940994,467
17555000,166.63243256713656,343.6816381158419,467
17560000,144.03903198615876,324.56908885510904,467
17565000,183.82677026645408,245.53401853646608,467
17570000,190.57715585629845,303.57709842373487,467
17575000,182.17596415484996,350.1766378870662,467
17580000,199.7577663341854,283.7088639165602,467
17585000,155.0556926078967,256.21016951099926,467
17590000,165.25102549075044,306.08577454558235,467
17595000,165.11708735360668,364.3617226319256,467
17600000,175.48630308301185,353.5856661951881,467
17605000,172.48454028499933,357.85511501846344,467
17610000,181.40741765288348,348.474890549856,467
17615000,159.36552445741162,231.47529241199973,467
17620000,169.943320138982,334.89728613822956,467
17625000,201.94566342295596,316.4458281798119,467
17630000,172.09286947605707,303.21933448515693,467
17635000,177.6283535129926,360.95804626146366,467
17640000,166.6820079439646,272.2689655209069,467
17645000,161.8683698656379,314.61209546261034,467
17650000,160.4119303779334,308.7593596902844,467
17655000,173.94634143016944,339.857967310509,467
17660000,189.94229424398824,262.7578875404719,467
17665000,165.58502917775675,278.37462062796914,467
17670000,208.8681842379249,237.38694394042378,467
17675000,192.06826404879158,263.9728160314522,467
17680000,166.1834778705141,297.4192425532906,467
17685000,160.7051146534107,280.69932987083,467
17690000,146.26009753363414,299.29152039250664,467
17695000,173.4017442063613,256.0547288188388,467
17700000,178.50892155327134,317.90355562977635,467
17705000,220.32668750983734,363.21504420818434,467
17710000,228.8200578443548,299.2267201639399,467
17715000,165.87078040859,253.37012219472115,467
17720000,123.64938969004795,283.6889508804648,467
17725000,153.836938373789,298.6827344243669,467
17730000,175.90735607155128,340.7365686539828,467
17735000,178.7637667720041,374.7333516985296,467
17740000,202.44891524975316,294.41373228357173,467
17745000,155.67657027218104,305.40518324228714,467
17750000,167.24754093645282,281.957916667682,467
17755000,182.0288873478314,289.5796610067684,467
17760000,150.13130573515465,326.3140186867644,467
17765000,160.6265270135958,321.05452410718476,467
17770000,190.4328107732516,283.8358120608153,467
17775000,168.56717764096373,270.10303914353904,467
17780000,174.96848830533145,343.1804765619048,467
17785000,159.58805795417982,253.45496717128074,467
17790000,158.4005608816618,361.11268974129877,467
17795000,163.9825228262689,283.205163392537,467
17800000,142.1004916340916,240.39713162854216,467
17805000,153.59181297359547,308.9305036193388,467
17810000,178.25094783132147,311.35113527080637,467
17815000,165.06915555775922,319.5958963073587,467
17820000,161.97200043266488,330.86594766767695,467
17825000,191.44100914309254,306.28101241088245,467
17830000,200.42406405694348,316.8080892830551,467
17835000,180.89587423618067,316.01021038970816,467
17840000,165.62752908375657,326.62258198348195,467
17845000,175.5352792263791,296.9456826744342,467
17850000,169.57214183155142,358.24006190254045,467
17855000,149.75012869398986,281.20106800449844,467
17860000,152.72785907101746,320.5528253983022,467
17865000,152.84573021517963,269.81268505608966,467
17870000,174.26120464871593,227.09900088744084,467
17875000,127.26805935559209,284.5609363782209,467
17880000,141.14145535811213,214.37044382222996,467
17885000,186.41941464734788,302.89018902446406,467
17890000,186.2930940253423,363.3113271954314,467
17895000,199.79965265718025,339.7571548329191,467
17900000,183.65270763449894,323.76082252646216,466
17905000,211.3505242428131,275.9097609269858,466
17910000,179.04746029196448,262.9197609648464,466
17915000,213.73192882800302,251.45782527849647,466
17920000,208.5582582054223,289.9747315661779,466
17925000,144.04078639047074,300.1953228796756,466
17930000,158.05494919432027,285.06730206327154,466
17935000,196.75976690306948,322.8301299563053,466
17940000,182.34353301723496,279.9100480347674,466
17945000,175.60251348579908,323.50890778578037,466
17950000,186.235495389539,348.65510020698025,466
17955000,192.1553715690054,267.7391202122765,466
17960000,195.05947699932284,305.7142336566366,466
17965000,186.31859741287334,345.2596601915703,466
17970000,179.9244146708047,241.16549078993563,466
17975000,203.6164311203289,293.79817933161945,466
17980000,173.54112594409412,283.5334349442318,466
17985000,168.6048692107806,335.7884386040754,466
17990000,183.4592986174101,299.7794547878486,466
17995000,194.2500939174948,322.09748819985407,466
18000000,196.07118545191298,303.0055307976811,466
18005000,220.14143696508472,302.94237857154513,466
18010000,181.23124371178713,324.7512512059597,466
18015000,152.94164194767737,290.05575208133547,466
18020000,165.09015414787717,280.4043046798043,466
18025000,199.3920236628362,340.13851466625067,466
18030000,172.38394103654036,307.9599470239759,466
18035000,182.71874272836556,283.54851956189646,466
18040000,188.78029407595085,275.37250317742706,466
18045000,201.91620841211756,253.93528442337842,466
18050000,219.95854479636753,361.63587136498853,466
18055000,204.02357037761482,242.47412346880384,466
18060000,146.56811276436787,323.53809518328666,466
18065000,192.49214844118535,247.68880708483968,466
18070000,176.58899286822273,257.0408687729162,466
18075000,199.23426376447452,339.239063718333,466
18080000,137.55727915649965,298.1942356948429,466
18085000,169.0860459821654,287.4433186074292,466
18090000,196.7858349914816,315.2842389637193,466
18095000,144.6073640252573,257.38694941035556,466
18100000,190.59584080008133,332.3979140481234,466
18105000,195.92201503562245,306.8782705292416,466
18110000,175.883174318325,276.43454451349146,466
18115000,209.81248516996206,358.61108712251865,466
18120000,202.1592883753711,307.34578021054426,466
18125000,200.73683955589172,337.81691766630456,466
18130000,148.60603514442678,285.4460690698127,466
18135000,210.55528287511342,268.34394683264986,466
18140000,173.74120139336156,268.22860093567385,466
18145000,171.511017004038,290.8813709262266,466
18150000,162.93519785624636,289.4865314701062,466
18155000,163.77359840641896,263.72722772938226,466
18160000,177.15051351531451,302.7751649012633,466
18165000,174.55507738212643,293.6092663886761,466
18170000,171.0096309266285,373.6149662760925,466
18175000,232.62420950116766,372.2910508968213,466
18180000,145.52270356840262,281.82675237853135,466
18185000,193.37410516697224,287.07491302881834,466
18190000,153.51555396358685,278.1718618770407,466
18195000,167.4636511354056,373.95785597150996,466
18200000,202.49623035789762,307.96515218853705,466
18205000,160.4299049078861,297.6853608083471,466
18210000,193.66773539828128,345.94680434329325,466
18215000,198.1920621865303,282.7600463981,466
18220000,154.16650026695436,288.39342086252356,466
18225000,175.28467600152374,226.4920525567981,466
18230000,182.48920397722637,242.33067359456015,466
18235000,199.93104538863926,289.6746421282734,466
18240000,183.31373416173943,300.36407158202013,466
18245000,199.92529333007218,296.9914650522478,466
18250000,211.40559731346752,343.9954739471131,466
18255000,174.04565761158872,302.4320854877446,466
18260000,205.95651091671033,342.883090376385,466
18265000,189.31458431354113,283.59078394446715,466
18270000,161.83740280500257,313.8690790529577,466
18275000,157.7000500955968,244.37523116534334,466
18280000,170.8061169981433,273.9122082014828,466
18285000,131.96680064557984,285.645962625328,466
18290000,188.9554388215879,302.5481279930783,466
18295000,153.35615891004738,391.9626154732907,466
18300000,161.72749006814306,276.19527520624985,466
18305000,177.29724504827504,315.9877439197281,466
18310000,201.75579596875616,371.59318894540934,466
18315000,141.86724013875343,271.8833996599704,466
18320000,157.84645834985895,337.2152658563854,466
18325000,193.24887495144543,280.6576171818894,466
18330000,174.13234567822104,337.6471573975066,466
18335000,180.93917060708955,324.03268317113094,466
18340000,198.9794527186501,267.902743019387,466
18345000,185.24184162895304,369.60564724265373,466
18350000,173.88941318884864,317.05396698821863,466
18355000,167.4256482142263,213.94902629108236,466
18360000,171.65058616363484,220.5689117685464,466
18365000,141.76016576485452,291.4626900017163,466
18370000,164.26712678279986,235.90785208845125,466
18375000,180.6418027461267,277.363923616175,466
18380000,210.35032590099257,259.8814698821854,466
18385000,188.92428075110513,377.00703821942136,466
18390000,139.76698987826248,259.13463151370985,466
18395000,171.42264882342818,303.8308123297894,466
18400000,191.65720503571373,280.4715392011672,466
18405000,187.21689768869584,387.79142856869873,466
18410000,131.53170204030457,253.6080119733889,466
18415000,179.08460944654905,251.10626964847478,466
18420000,178.9344026988864,347.93584702806965,466
18425000,216.01686982811958,255.3184184322227,466
18430000,162.25973127554786,278.83305286805114,466
18435000,172.33005645403517,281.4173978088981,466
18440000,151.32217408569613,274.7695086782933,466
18445000,201.4960062422844,274.80618068974303,466
18450000,179.5685859058215,295.17648127683685,466
18455000,193.6484821577019,253.5453138692761,466
18460000,177.89464517136219,266.71194262334456,466
18465000,166.94210453011033,231.87069143018113,466
18470000,180.41867019687209,356.50975307581797,466
18475000,168.4756634539542,332.25228637111275,466
18480000,174.63881282222698,279.65270782589994,466
18485000,158.3598219527622,319.59104724276506,466
18490000,155.55679089131638,246.18183619052274,466
18495000,216.54958447858283,325.6802624509974,466
18500000,182.2365011112097,301.9009234844088,466
18505000,175.15645353237187,403.96649905992217,466
18510000,190.69193822706777,312.87160384278855,466
18515000,168.0039404543031,242.87994828924724,466
18520000,179.0042676393985,346.09165967096646,466
18525000,139.26939515309303,295.97056710500334,466
18530000,199.04241787059394,309.5293195433762,466
18535000,196.10238714505655,340.9966375236151,466
18540000,200.42535870406317,298.45888083004553,466
18545000,151.67234657041558,276.9226402938864,466
18550000,166.00816202111758,324.8180558156354,466
18555000,172.72351873073424,262.420764104586,466
18560000,145.1384433357482,373.03875802309716,466
18565000,145.78161014761616,254.21184261238582,466
18570000,159.19654030703984,298.84101102554075,466
18575000,173.5978194264998,286.6141892846489,466
18580000,178.7882474583102,288.3632078287433,466
18585000,161.8012257631113,279.643635455911,466
18590000,151.66431993475456,314.72295398025096,466
18595000,182.22656297320734,282.3200081025309,466
18600000,206.27940305706196,315.1914979153963,466
18605000,166.34493560358308,269.8664191606318,466
18610000,167.34258182386301,280.7076722093664,466
18615000,191.6931557376342,332.2148587807933,466
18620000,221.39300183245587,362.93514763762727,466
18625000,181.97975760789805,300.36526766702764,466
18630000,183.8715537795624,326.67946873711526,466
18635000,188.9400688093056,309.6053913605979,466
18640000,167.74704222497508,300.62346229312215,466
18645000,143.92922214087713,319.53801979432103,466
18650000,169.26248860546224,341.9008169362903,466
18655000,153.22527557876714,285.3023826609705,466
18660000,209.7109860913832,301.7389860771367,466
18665000,152.78785377550332,341.60674896814623,466
18670000,195.7457891162725,293.55973078920624,466
18675000,170.38246803578326,317.7360716467533,466
18680000,171.925557953528,293.82578508977997,466
18685000,167.66673666274608,243.77642749300125,466
18690000,137.17913039269325,269.37038844392094,466
18695000,160.82499395194114,298.26435154862884,466
18700000,183.56346465515003,318.37795454620226,466
18705000,134.82317465969078,282.8305793247532,466
18710000,150.75207824582316,252.13101883597534,466
18715000,152.73977649705597,264.216049327154,466
18720000,214.03099373531307,276.5247662381178,466
18725000,161.37353299134264,288.9766161508999,466
18730000,154.14463227558545,326.4302360397853,466
18735000,148.75453650071603,266.9184583614887,466
18740000,197.00960430664668,352.5630778777372,466
18745000,147.1031297856072,318.43123538928234,466
18750000,150.03315708595747,319.6095225956801,466
18755000,156.55055184145746,266.449546666644,466
18760000,154.17132890221885,281.4195699190096,466
18765000,186.33021015753235,277.7655139179192,466
18770000,155.49859255129417,267.7353348138425,466
18775000,202.45371564201167,363.37831187152995,466
18780000,173.38802133268882,255.51424768944375,466
18785000,167.7932012897559,348.7783964308339,466
18790000,180.04254622196262,349.856890912401,466
18795000,157.62223581752397,314.85381819264063,466
18800000,160.5434613750967,350.1157490176421,466
18805000,178.0589757801126,300.0711547760699,466
18810000,197.71956062217814,260.44202905508394,466
18815000,170.97862528425986,299.55944950909617,466
18820000,218.30577765875645,318.48611731105046,466
18825000,193.86029645725924,238.1163892430948,466
18830000,173.49360664540538,280.14825195166827,466
18835000,217.66970141568518,330.4088535512523,466
18840000,173.76767815442653,300.1342840777143,466
18845000,167.40933753051675,302.9352680587678,466
18850000,143.41044678258467,289.3297293002378,466
18855000,163.70777929814315,272.9043091372244,466
18860000,155.15976096052717,274.8109584811781,466
18865000,208.39969848422925,337.7959495555305,466
18870000,232.00416310002717,316.4623753604903,466
18875000,208.55475808422744,301.04781149283406,466
18880000,186.93754568276765,308.05556970546564,466
18885000,183.305923908531,295.0446866548852,466
18890000,177.81970675077423,367.6177117820421,466
18895000,164.73602800060806,283.9488807364307,466
18900000,151.76500812122677,278.1274658041219,466
18905000,156.8021223232958,258.57233044773193,466
18910000,183.61687781385146,246.3078618132926,466
18915000,209.4142123112967,255.75398421665008,466
18920000,185.85981402722115,275.44220958325246,466
18925000,215.4872313904401,350.2182707841524,466
18930000,203.1295453659294,274.6529923245341,466
18935000,180.01958358063058,306.8468480613325,466
18940000,163.35160311041068,299.06228960955656,466
18945000,158.8240262786725,330.72570051920115,466
18950000,184.45002215271984,247.57463918403064,466
18955000,160.85283215886565,329.3895528697042,466
18960000,197.77152956346112,297.3304329534824,466
18965000,162.16909883114423,308.4892577947475,466
18970000,157.01655424487117,267.520420643392,466
18975000,179.47408883503763,325.25035807061033,466
18980000,199.95608886004004,362.7331681565518,466
18985000,138.86863145530097,241.11920584496534,466
18990000,173.26571909929837,258.5332237158519,466
18995000,205.03146838398072,359.5568544775557,466
19000000,155.90804608793925,271.11125310166113,466
19005000,175.25052164598216,254.72669052083268,466
19010000,131.58278986472362,286.3768808642442,466
19015000,163.01894067908387,278.73125109145604,466
19020000,222.48436865944046,383.08758900342855,466
19025000,154.80684211896929,298.8057839056655,466
19030000,170.16809245719406,293.9149283346017,466
19035000,199.5836285543033,315.52643310423855,466
19040000,150.91986281254302,288.2417996823316,466
19045000,132.12548081463035,289.7462053500606,466
19050000,141.7412786033043,310.91922875806074,466
19055000,149.05351826784377,287.6756269795387,466
19060000,150.45778854532588,339.6777096723841,466
19065000,200.10160237831846,344.9593982450314,466
19070000,212.86763211771702,301.09128255004924,466
19075000,218.57210616537785,291.276837828849,466
19080000,204.27249735389643,284.1158806777368,466
19085000,182.40222449630386,341.8802153494687,466
19090000,160.70020436177467,334.9469188420307,466
19095000,172.5998107124678,332.6936846231106,466
19100000,165.18599322751086,288.1610635221726,466
19105000,168.1601453389943,245.0450177563762,466
19110000,157.89128670341782,205.8597326358112,466
19115000,173.84145927167427,288.2262432803651,466
19120000,147.66422975411433,339.0530154223204,466
19125000,168.26309850167627,323.50229810163313,466
19130000,205.97840200167957,318.46669674298505,466
19135000,191.03814679236203,272.6705952775226,466
19140000,174.84399924688202,303.93751210159894,466
19145000,186.22660814870412,287.34951619499606,466
19150000,139.78286879302058,262.495301750378,466
19155000,206.95822283758366,358.5676426137721,466
19160000,183.79803636210477,323.4075097353717,466
19165000,198.1672989167065,307.48917694502006,466
19170000,194.1225955822063,308.56240914780847,466
19175000,175.13505030361029,249.69820044247268,466
19180000,168.62622760691252,254.79878078870576,466
19185000,194.0502475735162,343.4401504743871,466
19190000,185.43908342134117,354.6679073514,466
19195000,147.70641453900637,276.3669114251103,466
19200000,157.98066666101764,291.75772959462574,466
19205000,182.8359095411492,275.1665763523288,466
19210000,148.1890477888362,258.85269024407575,466
19215000,194.2336456105354,292.7439941025357,466
19220000,183.79482716059854,360.97065771099375,466
19225000,219.91144208321327,300.0098064943132,466
19230000,184.98003707745153,304.3432698554516,466
19235000,161.8290997732834,314.7069363066302,466
19240000,186.41751988596326,277.51672153186456,466
19245000,184.90699911871988,341.0591634801655,466
19250000,171.6384748827959,312.05598127636347,466
19255000,178.85789643249723,317.0240163484132,466
19260000,160.17539436247824,295.72846398840505,466
19265000,200.3121185219236,351.96328356173484,466
19270000,148.0052375560561,337.2533191820556,466
19275000,158.15147204605222,283.3496437106752,466
19280000,201.39568398665355,273.05607112839664,466
19285000,158.45082540836046,277.8227975502936,466
19290000,168.61589309370592,281.1532462620898,466
19295000,216.9636986328289,256.48520340127146,466
19300000,173.21202349720818,307.31738927147467,466
19305000,165.362062053924,322.65770772083135,466
19310000,187.4372989691759,422.6206903333532,466
19315000,222.21040417125695,306.9021853489699,466
19320000,196.02852677819783,273.3041580668298,466
19325000,139.1962905786306,280.3922055861971,466
19330000,176.075342218706,252.1067321600815,466
19335000,191.01893802200016,300.3094722451325,466
19340000,187.90521998570316,292.10458472916247,466
19345000,204.08492225866337,304.8999965815591,466
19350000,155.14034452994764,334.6213052896518,466
19355000,171.6569081874404,259.8808009274788,466
19360000,155.0025364892994,287.9856859354798,466
19365000,170.9589252684883,320.0407375107029,466
19370000,141.89226331899923,277.4704300671531,466
19375000,166.9835210124935,327.46317954349746,466
19380000,178.19881686969288,276.4744706690454,466
19385000,159.88502347589062,314.50241587798206,466
19390000,159.67488247184204,371.76904027750794,466
19395000,179.06230078636383,298.35675927720376,465
19400000,187.05195902079686,247.40912774375735,465
19405000,158.25567991342947,309.209560804159,465
19410000,155.5621640553194,279.4488152283719,465
19415000,193.2283395540984,333.54006735894905,465
19420000,188.00464359936717,305.35658239995036,465
19425000,186.8201844741606,309.34457091565633,465
19430000,156.28058054433686,290.2173596534628,465
19435000,160.2452618579122,301.40814052144987,465
19440000,185.89769861094172,243.38137656935257,465
19445000,165.3455934455794,303.2474501302508,465
19450000,167.76381313084866,271.2787691621989,465
19455000,181.47098198594298,307.1416651639483,465
19460000,163.1924766507382,291.224626633106,466
19465000,172.1677207466016,258.6894306859087,466
19470000,183.2136798445022,271.26486834333537,466
19475000,168.74959477208824,295.1124204829663,466
19480000,162.95446208252866,316.03581992776,466
19485000,148.8206451454762,261.8527841813766,466
19490000,190.39969820624142,286.7422551231847,466
19495000,173.8335936298476,293.5299448315749,466
19500000,177.98117957407672,291.5403219432457,466
19505000,163.67625737339014,315.4845176292556,466
19510000,185.67859379712448,277.1916333606165,466
19515000,208.05106511000395,362.94664041078204,466
19520000,141.15534636977287,255.2241987889593,466
19525000,178.21158349329212,332.8368464052335,466
19530000,186.83980308720913,299.7802317588209,466
19535000,186.69479019774496,313.4623578310157,466
19540000,171.942603876232,302.0594223386574,466
19545000,160.52687845041413,362.1838494112479,466
19550000,204.68360255372897,327.64830945031014,466
19555000,168.61607853965455,297.8635483163816,466
19560000,200.61378051568926,331.59286022231646,465
19565000,178.0397028092233,290.11205179278124,465
19570000,190.37722443958825,301.9658259868387,465
19575000,148.06558570278165,280.74922637592744,465
19580000,174.45051515755853,250.23464422081736,465
19585000,154.16152449364841,277.8691576406186,465
19590000,173.48535070142503,294.5507137968294,465
19595000,160.66703327122957,307.63539738611564,465
19600000,131.05076282255,362.8244618014605,465
19605000,163.52322297099707,299.4012793757935,465
19610000,185.7657133986718,273.13673652678773,465
19615000,202.24779345792487,269.65228584619337,465
19620000,186.15398382491622,286.87134769102965,465
19625000,215.38880254495987,318.04949326071016,465
19630000,186.50018420840732,283.40909460858626,465
19635000,182.61590371860376,271.36871850143984,465
19640000,180.56186077999945,297.5657871856446,465
19645000,171.8897486263946,307.5908168033086,465
19650000,188.2384170193299,309.3318349633186,465
19655000,168.82044704234426,281.9732688108969,465
19660000,172.04334892468768,294.7486592862443,465
19665000,199.67731793076146,337.6321913697262,465
19670000,174.16927335073154,307.38665721467845,465
19675000,214.78113618748236,337.1475784944997,465
19680000,161.57818725329665,323.3190441301217,465
19685000,168.34944066441665,290.56335983896196,465
19690000,175.92383011417883,288.444881536616,465
19695000,163.00061366931374,370.5804502605007,465
19700000,181.28892684998146,292.5895099304179,465
19705000,175.2168754822837,262.1374398576713,465
19710000,177.12391444524297,324.1235668830672,465
19715000,135.91415895045034,257.9243557015412,465
19720000,146.68196125120375,254.7602717762405,465
19725000,155.59470017956716,260.6020586798054,465
19730000,184.39409108322428,333.74036698256305,465
19735000,174.29014413409774,314.7441763391234,465
19740000,167.45016897325394,308.73119829100716,465
19745000,151.53496251537268,302.88874785180883,465
19750000,173.9139183644567,285.67966086478674,465
19755000,173.10508011477063,286.93598510459424,465
19760000,157.90600186476811,280.0322412209939,465
19765000,207.97996983965226,298.6880808245977,465
19770000,198.49023416057037,309.46440867690524,465
19775000,169.88674245238212,287.9249211704934,465
19780000,175.11564160317207,298.440567402671,465
19785000,154.62929267021846,296.7893765097448,465
19790000,172.64484350300472,282.1825211874259,465
19795000,167.21662776372094,289.6211341192123,465
19800000,157.93978754103102,231.81867328665496,465
19805000,164.04637563006594,271.9122970817188,465
19810000,184.3607456882831,230.23134761177505,465
19815000,182.03491460095947,275.1575504729666,465
19820000,155.41234884124577,309.6526923568383,465
19825000,184.84144496377544,306.77736018682737,465
19830000,158.42854613602026,282.2977704953789,465
19835000,160.89392816634418,205.11875985887895,465
19840000,136.9947228160813,300.9527352657131,465
19845000,196.10814855758426,297.51820913593036,465
19850000,166.56445129220057,346.2602643941275,465
19855000,199.06264315926984,345.0750776685545,465
19860000,170.60697507446588,288.0618657408703,465
19865000,190.62502966092066,233.26466674992875,465
19870000,219.36542360657015,303.8843329418552,465
19875000,149.7358160306633,196.5791334575206,465
19880000,159.72052384983027,310.74605562108695,465
19885000,215.6210836667922,288.64958715148833,465
19890000,173.18481228572927,279.5921595133088,465
19895000,197.58820457069996,362.3071073688226,465
19900000,184.53051610976115,243.4172259164737,465
19905000,177.7023114485658,295.4400227166134,465
19910000,190.94495903392573,263.80232298697916,465
19915000,158.5656318903795,338.9345613284239,465
19920000,158.57710364674008,320.55553790957936,465
19925000,169.98782194463254,270.7844506889181,465
19930000,187.27958147602263,378.84977790297955,465
19935000,172.92220095093688,349.220444366726,465
19940000,169.2647363632822,313.26875446269617,465
19945000,175.69165989355446,296.8113452067847,465
19950000,198.1976463428683,307.7848714795871,465
19955000,161.71094896456344,297.1702495699696,465
19960000,178.55903297993694,325.98324091744985,465
19965000,119.14110379569496,345.8518396169328,465
19970000,171.03975678744575,295.12889208545596,465
19975000,167.86827497274103,233.18116267887464,465
19980000,196.5506370684328,326.03714326466377,465
19985000,182.9870173539261,315.92648883992797,465
19990000,176.6039721316126,285.254235174417,465
19995000,185.7348697742168,320.43390035097946,465
20000000,161.6520371700804,341.0960449818549,465
20005000,145.1233294595803,253.57427743893234,465
20010000,187.76331005154003,338.4541713911638,465
20015000,189.1777736037235,269.1847305980774,465
20020000,179.75302859442564,233.9915167589436,465
20025000,190.54402369471737,365.63736420193516,465
20030000,195.81492492357057,307.75539121726933,465
20035000,171.04173307560907,311.85390022155553,465
20040000,201.51895694999527,258.3387523577867,465
20045000,183.51866095925348,300.6339157220307,465
20050000,152.84571219864733,225.72626191639694,465
20055000,191.50269292231485,280.6418079047205,465
20060000,156.94622855444743,261.18227421823514,465
20065000,196.21834385661222,308.4019553209696,465
20070000,180.06929535128293,318.0012291368847,465
20075000,178.34640244879725,277.95619583156343,465
20080000,170.26730457224596,228.68105854847255,465
20085000,133.7483372898935,249.14231585620186,465
20090000,183.6766523213629,297.14545021154703,465
20095000,151.7903172649353,302.6409663404593,465
20100000,185.7411940375405,378.68095779397214,465
20105000,165.69224370478935,269.9349991222269,465
20110000,189.16957403857526,329.6419677796764,465
20115000,173.29389925334632,274.2028590702909,465
20120000,150.76136096733669,279.32496778306296,465
20125000,203.0545211860344,357.57384019910495,465
20130000,157.11253594700116,304.1871905613131,465
20135000,166.29814145472412,234.62285980080483,465
20140000,190.28353026024544,307.26465800617143,465
20145000,155.1153782110553,338.71646765236943,465
20150000,162.33264831769324,310.3822622656736,465
20155000,157.15441088285914,317.19201529807145,465
20160000,170.55120907001117,290.3603676883027,465
20165000,170.9883434303643,264.9827066741143,465
20170000,196.91044710298416,354.55865863973423,465
20175000,168.6901319786616,326.40866860963234,465
20180000,138.90879387064822,290.02481893170636,465
20185000,150.5031346830948,312.13296251926903,465
20190000,215.76792753489937,320.6620655541698,465
20195000,160.6441770301397,273.1110149130781,465
20200000,153.58160450884463,236.10856926406083,465
20205000,141.75776040312786,340.9487977984079,465
20210000,158.4151431776674,228.66687098689968,465
20215000,144.68721981001065,278.2378992541623,465
20220000,219.35683125872384,341.9811217367103,465
20225000,201.80935283674143,268.56226405101086,465
20230000,173.79938482953216,314.34707892373586,465
20235000,151.8389887620554,205.82662924386653,465
20240000,193.60432249259142,292.6481662610207,465
20245000,189.95198936402113,262.7250395736101,465
20250000,177.01852559311448,325.179190590095,465
20255000,157.04303681848913,373.7157772417326,465
20260000,167.12684322365834,302.0911565721006,465
20265000,189.4719534209532,346.13981455467047,465
20270000,208.525107525973,278.68632284712805,465
20275000,132.88618961392365,296.7423067436743,465
20280000,187.74574954328384,243.143312676898,465
20285000,191.6510384156855,350.62347417039723,465
20290000,199.9543376214397,286.69927320762287,465
20295000,168.0882436071657,252.86229933260051,465
20300000,172.7307401204083,368.3020817389062,465
20305000,158.54563320426192,284.32370311959016,465
20310000,170.07189046851192,312.83855960531866,465
20315000,173.31679511204348,287.08296879210525,465
20320000,146.5347622322875,281.8242911789889,465
20325000,151.8671602843139,260.04547725558274,465
20330000,161.32312585132405,311.05693678323576,465
20335000,168.3084900573276,245.90798557033324,465
20340000,185.89325805783054,263.17162001297226,465
20345000,183.05746421203565,314.5073584114745,465
20350000,183.65487756257076,318.16811952028416,465
20355000,196.030558845338,293.86304374012605,465
20360000,165.21726326317912,291.66843534034246,465
20365000,168.28068521957798,376.1231020666765,465
20370000,139.47066196467617,269.557183620498,465
20375000,170.41670683481493,287.34527254817823,465
20380000,161.09135402142454,304.7345704353765,465
20385000,143.5226669237315,346.55865544093166,465
20390000,141.9389892820658,260.9114917967549,465
20395000,165.54884418154936,344.4626730314806,465
20400000,172.66003647336694,275.3909672914907,465
20405000,173.78887674424246,263.99577565421185,465
20410000,193.48306138786322,359.1281922081386,465
20415000,182.69226050031523,302.8268223156031,465
20420000,165.3638483818815,310.74659481024736,465
20425000,138.27747367456595,307.1804588346317,465
20430000,188.24611750183186,266.0760447021786,465
20435000,162.95720010898435,289.0398081074988,465
20440000,202.5320211003015,318.59775537856484,465
20445000,146.03835121731396,347.577686572212,465
20450000,176.60149578352735,301.77554273805,465
20455000,154.33061044978345,265.85320511048235,465
20460000,151.52229839339105,301.5106752671859,465
20465000,157.64869812446543,295.11036378553916,465
20470000,202.57672588153406,329.76009388145116,465
20475000,167.08287869427974,347.46845296326603,465
20480000,215.22555269308157,268.5315512396051,465
20485000,187.74367971143647,332.18626356934453,465
20490000,193.80245070616726,309.34065116973636,465
20495000,199.2508415230783,257.1950650179013,465
20500000,177.7464082582191,257.02605300970964,465
20505000,196.0975803656763,282.71423204443784,465
20510000,151.6156637201365,340.6907309476481,465
20515000,164.75030789497697,229.6108100903718,465
20520000,198.51132568465104,259.887390786643,465
20525000,141.72581604485038,280.0793169773737,465
20530000,150.41448485788885,328.11564041393007,465
20535000,172.39956437664674,304.0611216761984,465
20540000,154.6783010461476,303.84837663533847,465
20545000,153.06372350909058,293.7967078997965,465
20550000,189.041139906553,304.6903625074863,465
20555000,153.17782107860023,275.27940877941955,465
20560000,155.67826478834243,267.6642161797887,465
20565000,187.23928522084788,273.48435263607985,465
20570000,161.73923011280186,293.18486042379465,465
20575000,188.8489284383773,332.03993285090775,465
20580000,162.27235561253175,238.59317470320246,465
20585000,188.1218122358831,323.4968338897788,465
20590000,153.64696289646278,245.28168761627794,465
20595000,154.29314962818336,280.7044817499096,465
20600000,186.16349359029942,305.5966414697672,465
20605000,147.67698426797028,305.5299926338997,465
20610000,197.27989519546014,314.3020697227157,465
20615000,151.56094465870768,284.3631250653995,465
20620000,189.82624787259329,309.04719581800714,465
20625000,172.45005430874846,316.18101147385494,465
20630000,221.81007980208992,296.5011838871548,465
20635000,190.13837770747045,303.40941362013024,465
20640000,176.35999340797395,273.4963681774373,465
20645000,170.1282970050813,315.33685886710344,465
20650000,138.86786168054093,307.31910839595685,465
20655000,168.8408395952967,256.4789258083779,465
20660000,186.27858636292711,321.92514609913593,465
20665000,211.69547545108819,341.43615860765516,465
20670000,187.37816766881411,306.285271245091,465
20675000,196.6669921354713,269.5062338506158,465
20680000,212.908542059665,352.2901096784721,465
20685000,172.35696541453643,301.38900656141413,465
20690000,200.5109754102591,305.72552208578827,465
20695000,183.7572208171782,313.27856162202767,465
20700000,126.19957534230132,279.14983856489187,465
20705000,144.8357836527222,328.2260296235731,465
20710000,193.83080354527286,358.55238837496967,465
20715000,202.87363153456096,308.129932800478,465
20720000,164.69309793431017,330.88754992237403,465
20725000,156.67208742265365,290.7631337330984,465
20730000,196.5081859013644,334.5936861427144,465
20735000,161.16727115876836,253.83432102628973,465
20740000,166.66224064820955,252.52268041494375,465
20745000,178.3960331209976,357.69146938862673,465
20750000,181.84449904234373,293.80805862818886,465
20755000,189.00389966152338,291.97244206606865,465
20760000,150.84248784714563,256.96123659902366,465
20765000,189.7044194887275,301.40503830609106,465
20770000,154.69051943946897,332.4694635016847,465
20775000,217.7282813767548,359.844121307661,465
20780000,139.70119827210604,300.78242620271817,465
20785000,219.83227485174376,292.7805425409711,465
20790000,154.66366720999665,257.794132795553,465
20795000,179.26294728048538,317.7772716225474,465
20800000,120.13094285312603,350.5783133647739,465
20805000,149.27412714142017,365.85943151413284,465
20810000,175.77054607502362,304.76066514670714,465
20815000,178.62527935312718,302.9269740130405,465
20820000,203.5492495497882,369.05969964558136,465
20825000,188.22186114932742,275.2410333469513,465
20830000,150.4842827616333,321.2221273051992,465
20835000,175.59708363983654,293.31234900441797,465
20840000,129.470560461,322.6793087577829,465
20845000,189.25714040505136,312.77773123479506,465
20850000,199.33248496919248,330.4541379714954,465
20855000,172.3648361766555,291.2868891377585,465
20860000,193.72547483306644,227.42139172200802,465
20865000,187.1982464691526,317.38312929096463,465
20870000,174.21894233819603,319.8917937188206,465
20875000,195.57409153913156,333.5125777788015,465
20880000,210.84868714000743,362.03579480461997,465
20885000,138.08511110264635,372.41803690390185,465
20890000,175.3321063061743,242.65265706947926,465
20895000,162.58591560174258,323.3710500100033,465
20900000,157.87248648741607,340.34590434582105,465
20905000,180.57056192969978,353.95556329458384,465
20910000,145.6431461739925,313.13422748101095,465
20915000,151.7299832352111,347.3848968406447,465
20920000,166.70782572938194,289.544344767349,465
20925000,163.0939661065152,278.31334894603543,465
20930000,159.42925433399387,277.35157283896604,465
20935000,158.4732757246741,272.45151358793726,465
20940000,191.07632829644098,302.0232357445532,465
20945000,157.27519727394667,238.08319270179,465
20950000,193.59321159762175,288.22940665634763,465
20955000,203.97013694056113,333.78128256767786,465
20960000,189.39275581270525,304.852233337609,465
20965000,177.20094532447297,305.873653773727,465
20970000,157.11530405997107,280.9626675911602,465
20975000,185.89820130917988,331.9632871254657,465
20980000,188.49406251181782,334.4259006610678,465
20985000,165.86645005355876,292.9332699855009,465
20990000,150.06465803609004,245.88559415952176,465
20995000,196.83482018938471,310.10844991817993,465
21000000,175.0357057961303,268.1297019138548,465
21005000,221.7657077971969,309.94228302472186,465
21010000,212.57311238957263,298.4777606752707,465
21015000,159.918481242117,340.4352501289527,465
21020000,162.83335414225354,345.06755122388694,465
21025000,184.47441802289268,308.6892102346082,465
21030000,160.0183291138021,280.4529744045178,465
21035000,186.67067090323187,352.58877544661186,465
21040000,151.1517271218296,271.3231717613842,465
21045000,180.32122189049576,355.9211344482303,465
21050000,180.38750129308931,265.1978050395555,465
21055000,154.3708725796383,254.76001364965234,465
21060000,186.95553538857342,313.6639873307543,465
21065000,189.00243375554192,315.4815900568717,465
21070000,180.02058290204198,275.2439580032785,465
21075000,169.34935202277202,250.72552827981175,465
21080000,206.8397615433785,317.61067725076566,465
21085000,184.54842788829467,303.76869112177155,465
21090000,150.21321190756396,297.67793616867317,465
21095000,174.13828971996583,370.57542703443596,465
21100000,179.38828855928048,321.82264613406335,465
21105000,180.50446355697196,256.1316955873571,465
21110000,208.135395831084,415.4301031378118,465
21115000,186.94849840227582,277.42302226857424,465
21120000,177.26823218929712,290.99291123121213,465
21125000,132.292357258295,247.03328935383658,465
21130000,158.18265781305274,365.0831693908181,465
21135000,185.2061769796891,332.3711698845691,465
21140000,181.8716488530075,296.28397193072493,465
21145000,158.1895604960597,309.12917975409994,465
21150000,159.55744733812608,368.71870627718516,465
21155000,212.47449311208265,329.55417185539017,465
21160000,187.6440028162893,337.26383973761995,465
21165000,159.4734237923121,341.06735013870366,465
21170000,167.3373803089225,279.1905698672331,465
21175000,185.255241149728,367.684270695898,465
21180000,163.72256557458363,326.45232528034654,465
21185000,199.04993845314772,263.0966276118903,465
21190000,156.32691171145493,281.25149102927526,465
21195000,210.1206190201307,292.1480455179018,465
21200000,181.4438909045354,265.30336853497533,465
21205000,165.8630123942258,347.95901684676346,465
21210000,159.37894503127748,314.94048293873914,465
21215000,177.06264987748352,323.11609031551075,465
21220000,208.58284027525548,256.90513153428805,465
21225000,169.4204203178349,344.16681829284175,465
21230000,175.0789478395807,263.732126368882,465
21235000,182.92226100495364,311.47133335313345,465
21240000,181.03205153552057,313.18930705409366,465
21245000,145.8198568745961,336.67542180001425,465
21250000,165.12028577866826,221.80127585835933,465
21255000,198.2890699087101,318.4631618751369,465
21260000,175.75390815746823,274.762251695937,465
21265000,210.79859600729344,330.9412396047436,465
21270000,164.00961723595768,290.7772353761699,465
21275000,174.82503196382794,330.49960051038175,465
21280000,152.96036327275067,261.52542120091726,465
21285000,186.82415244724965,323.90246552645107,465
21290000,200.51254112615706,371.9372323395935,465
21295000,188.8619262436332,257.80710632782495,465
21300000,140.39004607310238,326.8919750135115,465
21305000,199.8623158321848,299.0367880686833,465
21310000,157.50941532167712,296.0979217867928,465
21315000,153.98369812085372,249.58658661388546,465
21320000,224.9357103444607,230.67151020876764,465
21325000,126.62378326814985,367.16133797936385,465
21330000,160.8685816521249,339.05035228332883,465
21335000,168.20842349665475,354.3163090281792,465
21340000,193.94763385820556,310.98201794717943,465
21345000,170.15360315030614,354.34046839536387,465
21350000,174.53951552321055,284.8279178410008,465
21355000,181.15644906158025,313.87523403055036,465
21360000,176.44990459976913,322.2085555990019,465
21365000,185.9107142083045,281.9186427573205,465
21370000,183.19940497125793,287.5182865549999,465
21375000,185.46934028914058,308.6097072362961,465
21380000,179.96969663632328,265.86964315865356,465
21385000,206.3381800339199,319.2079893195659,465
21390000,193.23708048101437,301.5661566272664,465
21395000,240.20299082428014,300.7101792598193,465
21400000,166.9337742837451,322.17991432746726,465
21405000,156.12409530103986,308.12809098314403,465
21410000,211.7483455878968,321.76683694779524,465
21415000,217.1769861136469,365.6608190477677,465
21420000,175.7265394831198,310.0850436167271,465
21425000,195.22182585741675,270.5738042334718,465
21430000,146.24048193832544,286.7515687058997,465
21435000,162.2490441848244,378.31288322173623,465
21440000,201.82972749128706,297.00973357376506,465
21445000,160.49484944569784,269.40615133285957,465
21450000,180.56823439338578,298.6535398800883,465
21455000,168.3099211447756,225.46063246916972,465
21460000,165.8145892832967,247.56579318428817,465
21465000,169.40335661740764,288.05884018842755,465
21470000,183.47339065378316,343.491745692317,465
21475000,182.84490169225913,292.6503996722018,465
21480000,169.27805898091881,400.42655561592863,465
21485000,192.73111022896447,338.63299699405945,465
21490000,170.4294875112037,296.1361520433027,465
21495000,170.2881113184436,272.65086954885123,465
21500000,166.3701790394645,395.84832298612105,465
21505000,169.19575276790778,275.91093993602345,465
21510000,195.5124205906234,282.4288170007026,465
21515000,203.7659041390277,319.78233504125063,465
21520000,144.25425476852746,343.5319970616986,465
21525000,159.54234237950382,315.91647099530684,465
21530000,170.35221749166655,306.697048394275,465
21535000,159.9413698325862,276.43199105665667,465
21540000,176.8978031072673,302.2490008648804,465
21545000,184.02255268859167,252.10239066769896,465
21550000,149.51591509549,326.87167887227366,465
21555000,200.60944255938497,275.8168351160451,465
21560000,178.864490151533,272.7264373383977,465
21565000,196.79136921654316,267.49956246232927,465
21570000,168.71092357295686,270.10601309914773,465
21575000,203.39880423429233,278.8369157651358,465
21580000,150.6236295825131,311.73154151455714,465
21585000,162.9985318669573,306.219809880466,465
21590000,148.60676871681014,289.51363229553573,465
21595000,153.392041436556,240.97465287818287,465
21600000,167.1881118438776,308.12838681697906,465
21605000,174.1291460000163,330.25228256764404,465
21610000,164.81673273827883,322.2560714851186,465
21615000,176.53889810767552,281.2325978577036,465
21620000,200.04245318955503,397.2587960854977,465
21625000,171.62370916163437,241.82541753775368,465
21630000,219.9346279117672,322.3196974718983,465
21635000,159.5999054942692,319.1336062589848,465
21640000,188.8019788601813,335.9639063016536,465
21645000,177.15173154991655,257.45236427382173,465
21650000,151.53955038555287,266.35561157525024,465
21655000,182.9503716162588,273.6006927459285,465
21660000,167.6398371378566,337.756347915804,465
21665000,161.58733454660356,256.7286055284873,465
21670000,192.87268960396563,303.3105810844298,465
21675000,176.38450481596192,299.30112117412693,465
21680000,197.89077714025674,387.34157086127385,465
21685000,213.09791835854384,284.9671829048784,465
21690000,233.58375183715836,324.1590959950779,465
21695000,157.86234273753243,278.5121008548792,465
21700000,177.45209838334443,321.08525384888935,465
21705000,161.95446917512473,309.837248076698,465
21710000,146.34502876876815,293.11106391846823,465
21715000,157.7296698006814,346.9210952873102,465
21720000,198.67152720862933,286.1828219069784,465
21725000,209.40427541201046,253.37744920266437,465
21730000,206.79204111743212,265.2821601003259,465
21735000,159.51410129951105,273.4410357872617,465
21740000,173.83164559136793,308.9156996807208,465
21745000,158.69436777803858,292.1875607630121,465
21750000,148.33919971924726,285.74388038930147,465
21755000,199.02289417666285,317.9122691188017,465
21760000,138.0571712943205,311.37545492953046,465
21765000,153.73510698725855,205.05585578238697,465
21770000,151.77449659474408,350.76503813141636,465
21775000,145.33370652182947,278.3002447155578,465
21780000,187.3474255959395,301.0108246036876,465
21785000,177.2402199192915,310.33514365853995,465
21790000,186.55615877870864,313.0952374328677,465
21795000,204.16195165445083,298.03848995172433,465
21800000,167.53076628054524,241.57905303866204,465
21805000,177.26368972725265,394.0333243781027,465
21810000,156.26635441923816,253.436045285175,465
21815000,186.37517135639075,231.88105642083863,465
21820000,143.50318090197604,321.3757891736992,465
21825000,180.9351659479942,297.9177231820998,464
21830000,157.5230698086571,326.0018650638277,464
21835000,196.35133931173738,311.69527886338403,464
21840000,170.68600325899587,355.6781301290203,464
21845000,163.99717933938166,317.1969409565193,464
21850000,181.04802735873315,243.5323937745463,464
21855000,164.48809982643135,286.08975340525274,464
21860000,178.5263210337465,352.32433104730814,464
21865000,156.68420730822407,296.83067346487644,464
21870000,194.8477789210016,237.17260843902483,464
21875000,214.36626288658803,318.00190583839463,464
21880000,177.30040197623163,270.13035236647056,464
21885000,200.3189384624913,346.1801826196186,464
21890000,205.93284961467404,275.22960075417166,464
21895000,174.61730673351857,301.38821839251096,464
21900000,175.65895135738168,248.1848055116266,464
21905000,177.40504097870857,306.83874822939015,464
21910000,154.3893477499989,289.8157384842529,464
21915000,178.69125463793796,296.353370058059,464
21920000,164.52453372527316,387.56557366712906,464
21925000,209.1627923750366,370.5357291755461,464
21930000,148.58464397784536,282.9764305008764,464
21935000,184.72489694676705,305.2027038142172,464
21940000,157.83267543622637,261.15247336990365,464
21945000,185.9829628516199,299.3819764388969,464
21950000,194.6671401874064,341.8243668800432,464
21955000,181.46819483476904,300.3104132221358,464
21960000,190.35486697289946,301.71444472695265,464
21965000,195.30677039564958,317.1028744489735,464
21970000,197.93205945795737,263.06220221370484,464
21975000,169.23763205642098,346.0907122217279,464
21980000,153.75314567148834,297.1421458616122,464
21985000,238.7278526606068,317.5614763952142,464
21990000,197.5644181119881,300.5808228390773,464
21995000,187.59355628378555,299.83766917010763,464
22000000,183.7070229444899,362.08860250883424,464
22005000,209.45450961171983,305.5771274969818,464
22010000,134.2734073852717,303.440835751603,464
22015000,173.8079713852577,322.6875543906574,464
22020000,161.86720128632498,257.43193748544707,464
22025000,157.01134211482525,314.51287275996793,464
22030000,165.2520914971295,304.9433252545916,464
22035000,159.7500428105973,287.7493021447452,464
22040000,171.3763795705502,308.2098762325676,464
22045000,176.731328747201,250.28145648389972,464
22050000,140.66114086339024,329.70489501801654,464
22055000,199.30463344008467,237.08119028320948,464
22060000,189.7612494089566,326.31170390440536,464
22065000,189.21046571424114,259.4490343866267,464
22070000,207.06085468055454,326.9229777165391,464
22075000,167.95994221399968,357.1871282357846,464
22080000,178.53517785871756,302.8668089785167,464
22085000,205.5121032967726,294.8044389090615,464
22090000,143.69511015077973,328.63809724062855,464
22095000,175.4095349651597,314.6003822584851,464
22100000,186.61639457957781,283.0088349532131,464
22105000,178.75599016365118,276.3991213962358,464
22110000,151.31337322731665,247.13059870726147,464
22115000,188.11115008028966,338.49261951292243,464
22120000,171.9853091869261,322.1850711968643,464
22125000,161.0672874537507,302.5360018265186,464
22130000,154.5421351838154,300.3500497894625,464
22135000,172.3224253366016,305.0119831359623,464
22140000,163.33562047783818,283.2036983478411,464
22145000,155.97514361437686,331.5790636197645,464
22150000,189.03626122397944,225.6873614552535,464
22155000,155.2811207336468,249.25897999530264,464
22160000,170.91124050014312,350.76026363479843,464
22165000,187.65192094352278,311.8431696396005,464
22170000,146.2127670226719,294.87637042824144,464
22175000,143.99613587802386,302.99944910882743,464
22180000,208.22168190952718,266.78270289789435,464
22185000,176.99231153423912,321.4190392136452,464
22190000,173.28743325462676,314.40539768071017,464
22195000,169.74337151618533,247.01543412280694,464
22200000,172.90998074285744,192.58467774405034,464
22205000,163.88123607956288,268.5666288913957,464
22210000,164.1588169224364,289.1279792313416,464
22215000,172.0446506892299,287.5772128355668,464
22220000,161.8538275772523,304.73625097332916,464
22225000,147.778746867295,302.8618416173256,464
22230000,149.5738515299829,285.33845158563423,464
22235000,184.06318406321617,289.1160645009392,464
22240000,193.90501466314842,258.053823148469,464
22245000,190.55504170528374,335.8365039383722,464
22250000,180.85112436404404,289.00446609620604,464
22255000,222.2303279862484,307.25914146774375,464
22260000,180.57142829712296,296.31326627601646,464
22265000,172.1056136975907,326.2289290324683,464
22270000,145.63937045364622,344.7574260474009,464
22275000,176.99803226105772,265.8297564073956,464
22280000,151.37941023550127,349.06173783336556,464
22285000,151.6127019813772,410.8281323825871,464
22290000,162.16391951977394,240.74768092457185,464
22295000,181.66939885911503,290.0613497965691,464
22300000,167.69650115629,300.48449445843414,464
22305000,149.1089052537832,234.12741673488242,464
22310000,206.81874371520067,317.3615969131246,464
22315000,216.52502692045903,323.1865935875516,464
22320000,168.2538992929846,274.2875476959741,464
22325000,184.77943206915833,330.2054371047855,464
22330000,185.62294868941035,276.97004602131216,464
22335000,187.89913145662035,269.60167754769077,464
22340000,170.803205584161,291.114961259955,464
22345000,208.51906174623107,406.0346385876259,464
22350000,199.35332467521084,343.9229282754859,464
22355000,164.10800005462943,259.1034889272207,464
22360000,187.5595585598155,295.871172768453,464
22365000,175.78199108241313,319.02268992968783,464
22370000,137.88481798699786,264.4123002116956,464
22375000,183.59227122921968,291.04872135866856,464
22380000,143.51794361013256,280.7040268876065,464
22385000,150.4504483163935,266.3221342133536,464
22390000,185.3321468444545,282.1240986160576,464
22395000,157.64122022797932,269.20692291175374,464
22400000,150.59895301632238,253.99068053904338,464
22405000,241.51071664770419,324.6028158229244,464
22410000,159.02204654031314,236.93749092063027,464
22415000,182.9584917079619,284.64286343537304,464
22420000,175.02406772727153,249.01910323604042,464
22425000,186.76322530037388,345.2595737825715,464
22430000,169.21796098404823,290.8211385057347,464
22435000,179.1427691297233,274.5900271530281,464
22440000,171.71305343499793,275.2014125082242,464
22445000,185.61536563789312,274.99865735392683,464
22450000,156.28745501750745,291.5594470325341,464
22455000,160.23232485599863,388.54212704495285,464
22460000,182.3043845710557,243.42264011013688,464
22465000,184.23779881207537,307.86223897419205,464
22470000,172.1812871873248,315.6281943080316,464
22475000,155.4229914354519,255.45749874623226,464
22480000,211.16353908945464,312.86227473932746,464
22485000,181.23699708261557,311.0639803937843,464
22490000,196.58296909048065,222.1319655609522,464
22495000,194.16738682274558,297.6558195600183,464
22500000,178.56368365429978,367.7292478171299,464
22505000,210.20862907038025,229.79065627636197,464
22510000,195.3324680794051,338.62745202649177,464
22515000,193.1628161581247,291.48916765129644,464
22520000,142.78710852158912,293.05143741323263,464
22525000,153.12782918034753,314.3892028048704,464
22530000,166.36107573468294,347.6029721735288,464
22535000,161.16502212619469,287.8783157865902,464
22540000,164.84089399422407,333.00980697955276,464
22545000,159.17486125614636,274.0570488424412,464
22550000,181.91242733645853,322.688334650077,464
22555000,129.74049264172393,355.12609079151946,464
22560000,201.4608471865527,252.13666987739242,464
22565000,148.60170737021957,282.4814422328848,464
22570000,158.88514104871214,295.54169741643267,464
22575000,179.42678492487326,268.18282745272916,464
22580000,199.47797689421228,269.3850959714925,464
22585000,220.24051590158683,286.45280367237353,464
22590000,169.8041291930338,257.69607592278265,464
22595000,138.37267625791603,347.13876129577983,464
22600000,168.99653742628456,274.93397944149126,464
22605000,133.15478270884807,262.1855614036668,464
22610000,213.00147628635858,335.3238867886554,464
22615000,160.3736765538921,266.4299676209348,464
22620000,188.98253500429536,354.45185166416627,464
22625000,181.2329566034452,320.4279872731889,464
22630000,170.82251130233143,300.34858836025273,464
22635000,179.05218203720128,302.11443788126354,464
22640000,160.5148445149086,279.9928893215282,464
22645000,144.46761900047352,292.77766418475403,464
22650000,138.2506772303942,258.23025876579214,464
22655000,167.12510453604096,301.22069028482895,464
22660000,184.31829694840997,292.4857826284894,464
22665000,194.0502989019704,289.9718240737039,464
22670000,155.6879167946083,233.2356176747579,464
22675000,215.12417468483537,285.6124745820376,464
22680000,149.87152352887534,326.7920144905633,464
22685000,188.95272302996878,337.87624829493893,464
22690000,178.49527407529388,309.4153935999006,464
22695000,202.9824260943215,321.78510129762753,464
22700000,201.12484592232252,315.81324051486723,464
22705000,199.95695892736688,300.07533412487845,464
22710000,181.35908923523098,270.1952435258898,464
22715000,192.5999497946281,285.14724600387706,464
22720000,197.00464302826362,318.8765481023261,464
22725000,205.44515911662037,368.9938182220856,464
22730000,188.54367665887617,287.0048412922268,464
22735000,180.1121043889064,342.28935655823483,464
22740000,170.7943686030968,276.18113085983896,464
22745000,189.5094066099338,356.9358224851406,464
22750000,172.38278023516546,257.1135866028153,464
22755000,158.67242136417903,261.5053464461048,464
22760000,164.3398668381333,316.06671608746797,464
22765000,152.58752874828156,265.1226440116055,464
22770000,171.68631428654137,337.7494422600503,464
22775000,172.65799720631347,314.489740065881,464
22780000,168.40305028797465,286.4505456434866,464
22785000,156.33615548107372,301.3548449995174,464
22790000,164.81700611351596,252.08437151992484,464
22795000,171.69410422357223,316.3494235455248,464
22800000,156.7138727968027,320.68697663292096,464
22805000,172.11431762348462,279.2646394523928,464
22810000,135.9112380868388,269.1696388162013,464
22815000,160.32828018689295,255.60580069664707,464
22820000,148.5798603861674,326.1375207638971,464
22825000,161.12493875892136,257.8015290207329,464
22830000,178.59724241850594,273.54243968428005,464
22835000,161.70084463230486,250.01544064305526,464
22840000,195.84961993009873,303.49874751602374,464
22845000,174.68572774306602,256.3387664742093,464
22850000,169.57818346670788,305.15539721855765,464
22855000,140.4137562808617,308.4380672997173,464
22860000,203.19313513643706,367.70107083238463,464
22865000,172.60870573733027,317.2862413455607,464
22870000,188.18488153956466,292.6563075142023,464
22875000,191.76991964696586,290.1154396941068,464
22880000,153.88425328693677,214.40836430825993,464
22885000,134.36263992365878,260.7665334291286,464
22890000,177.95826302060277,308.87032722734017,464
22895000,187.46649966521784,278.5691340153521,464
22900000,165.76192322448233,208.4242429081597,464
22905000,196.39619044027958,256.62342529364946,464
22910000,157.60413456558803,259.90224406110354,464
22915000,149.90262818016302,253.4629088840084,464
22920000,163.35021987100689,203.79146049643606,464
22925000,182.9282855301153,283.04784318752286,464
22930000,164.4290636039449,290.1948929216258,464
22935000,124.03919924103003,317.80650804650463,464
22940000,165.92096144114453,292.8079110767127,464
22945000,154.5222976746645,296.1271031442405,464
22950000,162.04328106847709,226.86823564096187,464
22955000,171.79365552767743,335.80418011671895,464
22960000,202.50162179099928,333.9670283531119,464
22965000,210.30900409499407,303.37651098479915,464
22970000,165.49938968740156,253.28709598920486,464
22975000,218.79567972691987,355.77531356158056,464
22980000,200.04725737025277,282.2974728297101,464
22985000,183.7147030429628,309.4494508973836,464
22990000,191.9271365634144,281.0260514236504,464
22995000,156.79188873184478,266.47306619499324,464
23000000,218.69587567323316,340.56269465860765,464
23005000,183.13072010822498,223.81524053383797,464
23010000,197.7117043637447,292.5215206199912,464
23015000,160.32285124724658,238.1725058019767,464
23020000,175.16360139554524,264.4719403349182,464
23025000,205.97512228727078,302.8405060598596,464
23030000,157.6458200647436,349.25028632868896,464
23035000,186.6078271060488,291.07920631120544,464
23040000,151.18012571742895,259.48591776865845,464
23045000,183.0634881840505,264.29353675943184,464
23050000,216.96758083417916,251.56518253202916,464
23055000,201.44749886859358,287.4204271103657,464
23060000,191.69549172614197,270.35855403128807,464
23065000,192.7303984346956,285.10477147671344,464
23070000,188.8640736099368,323.9200478876608,464
23075000,182.2121889444436,330.314568734036,464
23080000,211.56711973445516,282.2452030961875,464
23085000,159.7909213212892,268.6918308966598,464
23090000,172.42826492338006,288.88897630781605,464
23095000,146.74389268229416,245.2866552924671,464
23100000,149.25679648491976,270.6947791961606,464
23105000,167.45531462707174,284.8516135030857,464
23110000,152.13070711547925,309.2430918446089,464
23115000,208.9062954569592,237.84159635623928,464
23120000,170.62134042593715,265.8975533622383,464
23125000,144.75836083783528,356.79424308788975,464
23130000,193.8114010143825,324.0371710175037,464
23135000,188.409873461543,339.43110267583324,464
23140000,210.5082684223107,280.87564728745804,464
23145000,193.19609173874935,274.9279551446986,464
23150000,194.91660917276104,365.17577432884934,464
23155000,178.30281772310215,300.51029247759726,464
23160000,180.82545223388902,242.530446793133,464
23165000,160.0350436663392,283.7112560604692,464
23170000,230.09495279687965,366.19147448407745,464
23175000,169.2537639730715,299.4837335994451,464
23180000,166.94464367812915,260.6396515984287,464
23185000,207.03126660329593,364.82283615367936,464
23190000,178.10945083241762,293.86643893248225,464
23195000,164.21179986622568,331.72912755895373,464
23200000,195.48415955406455,261.30181941617417,464
23205000,187.70804102655617,298.50107648827236,464
23210000,175.86869877818555,284.44797711354863,464
23215000,160.4346565778702,336.8988308064296,464
23220000,167.44082181171814,281.0555029439184,464
23225000,174.9887534210245,315.9534344011034,464
23230000,170.43502495788167,287.46362728674507,464
23235000,159.43308858493566,376.48085020107607,464
23240000,144.45347871577755,286.8813249038862,464
23245000,189.60385665114987,306.6269305002516,464
23250000,168.1974661159796,305.98349161528535,464
23255000,170.75425112855692,269.34609714366326,464
23260000,197.53330661089814,326.3019815129729,464
23265000,154.30134111472063,310.5246000662488,464
23270000,166.61350338100792,302.99398400818455,464
23275000,150.3339655973872,255.52386540843096,464
23280000,178.64580728130238,293.1146836410675,464
23285000,153.44949966421382,292.0601075566097,464
23290000,220.1865697820707,266.33800372879256,464
23295000,179.73285613459478,245.19086335421343,464
23300000,159.11624490158917,289.1966741400936,464
23305000,191.38975543936036,238.205236152451,464
23310000,187.53369146336226,306.0879396491239,464
23315000,150.78004499954312,275.7423201207282,464
23320000,187.17333921787616,376.5552993969622,464
23325000,206.971411409317,405.98209612945936,464
23330000,173.60911319252162,358.279148683854,464
23335000,185.44972443503295,305.3264668424998,464
23340000,193.84272780365305,278.20174406606134,464
23345000,188.7241370194983,309.18256625252104,464
23350000,178.47149817575158,318.1014563012597,464
23355000,168.56343060723762,297.1811677156045,464
23360000,208.5901361115231,375.6090971817373,464
23365000,176.69827479341816,294.3420190841534,464
23370000,143.75361843848756,247.0608339955598,464
23375000,161.00748188075656,275.4697450376128,464
23380000,173.8220106104875,275.38031801715584,464
23385000,177.98543413263863,302.36494337640346,464
23390000,157.10776344117843,387.25470322695526,464
23395000,157.55668969599859,333.56155834187655,464
23400000,190.36596104302438,348.11913663267876,464
23405000,197.0452246576635,365.8152418486324,464
23410000,171.79251943728414,287.44182122967817,464
23415000,173.73685239375266,340.5266498425147,464
23420000,218.78913474082353,293.30349556118773,464
23425000,182.0417605749773,381.7808078917783,464
23430000,178.5245179012278,280.5889446359313,464
23435000,132.5994305541449,308.10363616851345,464
23440000,162.72951396466044,310.86830110966616,464
23445000,175.8829390324441,301.1933536290892,464
23450000,203.3576572185084,411.35877521101827,464
23455000,173.14788358074503,310.25132949409624,464
23460000,178.93907925047282,330.2252023369851,464
23465000,165.04854620234553,230.99948802346339,464
23470000,164.17674857678082,335.9324755540949,464
23475000,172.62862748871586,284.1148255270903,464
23480000,149.5299823567305,298.368273151817,464
23485000,184.92008991411015,340.21739619459504,464
23490000,157.84545700962815,310.9006762358078,464
23495000,202.47453316065435,314.777062764985,464
23500000,189.4425828244368,257.40053154736194,464
23505000,153.44410931868208,333.4053014814712,464
23510000,170.74899758097771,326.7575937966273,464
23515000,206.28412551935924,381.7854668465504,464
23520000,149.74233938382275,295.3203336074299,464
23525000,202.46528825822847,298.6928831319669,464
23530000,168.85064462907008,276.6030087070255,464
23535000,177.65177406225334,326.81829904781705,464
23540000,166.75355188124234,236.09223344819068,464
23545000,174.17263639729333,285.3057090508593,464
23550000,188.53265874911438,295.8996184523445,464
23555000,146.9141438254269,297.8700906216593,464
23560000,168.80365472418808,282.4615640487556,464
23565000,210.3902947085476,268.07531126565954,464
23570000,178.79479037830762,366.3901020887664,464
23575000,193.76547835821543,299.51462073899904,464
23580000,185.1164804380843,330.1325074634392,464
23585000,145.19859713676726,303.2124317521353,464
23590000,183.34181279741662,267.4705491324065,464
23595000,155.0943763151646,277.4610626867822,464
23600000,187.35554000015514,311.2500320149893,464
23605000,175.86887469661258,305.59382876518424,464
23610000,136.1382547989362,291.5085881917676,464
23615000,156.89831321965403,267.94475386411926,464
23620000,157.0439300530927,332.2369524573075,464
23625000,203.42081912187575,341.7458367123937,464
23630000,198.1825258311842,346.25167762520897,464
23635000,166.99001493934423,294.70598822856283,464
23640000,221.7674594054522,247.62022855095256,464
23645000,176.11765569445907,255.92995956355213,464
23650000,148.9592191532802,322.9641847297419,464
23655000,201.09591600225673,313.23933341224256,464
23660000,192.29193584355582,325.8188141451295,464
23665000,129.6082663999932,319.3038104134004,464
23670000,154.74188273592975,300.1127470004566,464
23675000,171.0071682631316,304.661562585291,464
23680000,179.82733543791562,308.44504525418705,464
23685000,164.13961373218982,309.8806314088488,464
23690000,156.42864882977395,239.86368982486778,464
23695000,185.37803633588166,331.8136640953314,464
23700000,168.28220084800768,326.1033680215171,464
23705000,232.2910347405858,350.4183663185136,464
23710000,176.58841295528248,232.76017865880848,464
23715000,149.80804907290005,252.19967388755444,464
23720000,165.2077638707701,328.4658155379602,464
23725000,167.79258714533918,272.67049808884605,464
23730000,198.6979461555627,299.89397359973594,464
23735000,171.4353472611795,303.0752430237189,464
23740000,182.12561381841363,234.44563136487568,464
23745000,145.24555061045493,299.03560699999207,464
23750000,148.00510019401509,199.7408622654557,464
23755000,190.89162214897877,283.45119442748097,464
23760000,161.44805122727058,244.57966821179144,464
23765000,147.25911806336896,300.59989846156054,464
23770000,157.66952504754724,328.80040899477495,464
23775000,199.78751246815665,307.1022068167759,464
23780000,193.43824732597201,349.43532480176526,464
23785000,170.13268467319816,325.1422420411023,464
23790000,188.42058620778818,346.108456002813,464
23795000,209.10736841318428,298.22187916386497,464
23800000,180.58793878270063,295.4555786331615,464
23805000,137.2267067625676,259.7187797170455,464
23810000,197.42044064306,326.4985645913448,464
23815000,168.9255207610062,321.39585083856196,464
23820000,153.505449368627,277.4681628384056,464
23825000,189.02261070794074,300.4651715682714,464
23830000,143.46409656947705,288.3466068369729,464
23835000,192.0013993660187,285.2129383710115,464
23840000,148.89366335061234,307.01786468882796,464
23845000,175.42215403675158,219.7834212185189,464
23850000,162.4226493866391,263.34564497969967,464
23855000,171.8582996158645,342.2996818493975,464
23860000,150.09491887998416,264.2074136288309,464
23865000,202.76719953313128,225.70208722581364,464
23870000,200.16503892974163,283.3247478364201,464
23875000,154.32552881177293,245.4115327233104,464
23880000,136.3204421830072,301.92551236125814,464
23885000,177.14531656215723,325.66076986395814,464
23890000,194.84946850396426,241.9973116406443,464
23895000,213.95028187691076,270.1122856891737,464
23900000,175.42801476402488,316.4865769900161,464
23905000,177.12166660449185,288.35872342769073,464
23910000,170.70443145167792,348.62524892674156,464
23915000,164.35811189062358,305.8550736284686,464
23920000,203.86225410146486,256.051531400586,464
23925000,186.4555568062764,245.03104681240202,464
23930000,153.6160074291137,264.53176445989,464
23935000,176.98787494163656,253.65312828201508,464
23940000,148.10276038510884,302.03656236364367,464
23945000,147.21796235869914,320.5968830879113,464
23950000,141.13005001843874,314.1965066809492,464
23955000,196.85964992747114,299.4408923267855,464
23960000,199.97083212400153,304.5359768528321,464
23965000,184.81594195700484,280.87752333396077,464
23970000,148.42984980323155,319.86861343202037,464
23975000,192.65947613309774,336.1184563230434,464
23980000,164.71024186004897,325.34419083044503,464
23985000,146.00962115131568,340.0340060362299,464
23990000,192.48806927911033,244.44859098273238,464
23995000,193.7583248815215,308.07911541064493,464
24000000,182.937460045823,335.2489715240834,464
24005000,185.39833824585568,235.40655208110005,464
24010000,132.28043685740238,262.2783015387015,464
24015000,169.65514648482318,285.9587265808567,464
24020000,151.00347859208455,299.31760799265584,464
24025000,146.00563769998098,311.0407959603694,464
24030000,164.38980687559368,275.02276012814445,464
24035000,181.65003167816667,298.40294884778547,464
24040000,162.99082852540042,256.6613392653194,464
24045000,182.3573739954406,328.2242827736444,464
24050000,196.33703232064454,241.3294136069336,464
24055000,167.0282655010767,302.75289698464803,464
24060000,190.93293456838103,329.9891595578308,464
24065000,205.71597689595413,247.3218011581919,464
24070000,177.06849150471373,226.54072672341482,464
24075000,184.79399938716338,307.4125664151161,464
24080000,166.6037818315299,337.9325983327271,464
24085000,139.25559476694607,311.5603756010766,464
24090000,198.76272968190975,323.24838287850514,464
24095000,155.20463383211626,325.19445508602854,464
24100000,208.19650963726303,306.5252427097421,464
24105000,188.26603825870376,275.2501790783617,464
24110000,190.86532791871628,232.89768091521373,464
24115000,193.18629497342167,327.24206801267565,464
24120000,150.2067335531744,280.858301724081,464
24125000,176.62608366174084,266.2866248725841,464
24130000,158.5207935439419,244.15642151836116,464
24135000,172.90303679610167,292.00477338968716,464
24140000,141.12935626190827,336.6432296559137,464
24145000,193.81185585397245,334.50735896503073,464
24150000,210.52814347511833,290.90385891938803,464
24155000,201.94206420998924,302.9537678325367,464
24160000,162.90329115640074,364.0280751826028,464
24165000,137.08778532376598,319.03391569015275,464
24170000,166.7739493007113,267.6918050620747,464
24175000,177.98458635126426,304.0643544440902,464
24180000,165.39255660714036,313.9490649242226,464
24185000,175.879163887433,271.7150360911851,464
24190000,170.16328871935514,308.7316477896256,464
24195000,172.1710673996513,315.12311371306083,464
24200000,142.0710511401755,286.6153938036654,464
24205000,224.24451092348806,378.4350480607418,464
24210000,194.66048611027745,279.96951808142654,464
24215000,159.96946534641756,309.8441399615162,464
24220000,162.84859996720633,305.0435648144681,464
24225000,160.794565089509,341.3206270516071,464
24230000,162.99205985945784,259.1500911458665,464
24235000,179.32788999965197,260.3700094353512,464
24240000,199.16090938944174,365.3572471508984,464
24245000,189.22161301393677,317.6335590500884,464
24250000,176.90520325355803,359.644248669474,464
24255000,166.9139225405579,246.5398086455735,464
24260000,157.70118764764553,319.59961458427415,464
24265000,135.96729088952858,309.41444539165764,463
24270000,173.3838323430426,247.30477656173179,463
24275000,195.97793752465182,295.67707660678064,463
24280000,175.46973007073137,330.1949562020088,463
24285000,167.0568293977412,286.8452066966747,463
24290000,154.79771213730808,312.6495444561966,463
24295000,194.99217355026352,324.2503437051192,463
24300000,209.46312225658184,273.4906979850189,463
24305000,174.55415317681397,298.43895757967454,463
24310000,198.382356395135,337.01212089641564,463
24315000,167.252300538999,332.15231125174216,463
24320000,239.46763683648163,232.59201225608837,463
24325000,174.99717752377893,238.70109713525065,463
24330000,168.07097509701785,233.7793421106854,463
24335000,170.6359903730909,350.0554558704337,463
24340000,203.73887760377056,222.27211682895825,463
24345000,171.56633266949376,281.05296844992534,463
24350000,183.41632077800486,346.8452111463134,463
24355000,195.17322885440475,301.69783088898276,463
24360000,171.64475110803295,314.0666775018104,463
24365000,189.65679975191136,292.91555297690974,463
24370000,150.14680235364747,296.80033555690676,463
24375000,155.83160604016655,247.0171506979131,463
24380000,177.86817576535765,379.76224436073323,463
24385000,189.19366603252195,342.9714273822013,463
24390000,171.1292472029978,307.91446839591276,463
24395000,169.26726738404938,311.1139584278951,463
24400000,177.9225878147749,322.86285603004546,463
24405000,166.04946057808692,255.12877194285767,463
24410000,166.55509197234628,323.22921406411393,463
24415000,155.97503977143273,272.24967270911674,463
24420000,164.1313555012737,287.9433274058206,463
24425000,190.63096976900914,352.00490990044034,463
24430000,199.73711102611162,358.4446034909066,463
24435000,217.54966113326833,339.6877810959803,463
24440000,128.3275549798112,290.02643135594934,463
24445000,219.5514098367788,285.6442038287488,463
24450000,182.69931861384944,347.86611937938244,463
24455000,204.7492916564111,292.7255151421447,463
24460000,157.95353305376173,357.66101477280256,463
24465000,194.1782115412609,292.958945531404,463
24470000,151.75642906218334,334.1756485797178,463
24475000,148.2528289122006,283.7203592503302,463
24480000,182.78403498174686,331.09696442987456,463
24485000,153.6638375778958,268.4605857316834,463
24490000,144.85771009996932,270.8373798175489,463
24495000,233.19450100549275,278.67287793602105,463
24500000,149.8536716632126,282.79733041158283,463
24505000,221.4437202630155,344.4486969481284,463
24510000,189.86657409669192,250.21349505152972,463
24515000,191.13157466652413,291.367526983924,463
24520000,170.79974044639306,332.91679712254046,463
24525000,194.52072595074873,387.04781300975253,463
24530000,139.19494437757967,315.50930527070045,463
24535000,172.7823790063619,271.2557694004207,463
24540000,195.0428666990086,263.1007090769857,463
24545000,185.17976563552705,318.18948465717256,463
24550000,149.2180430915799,296.7115713422175,463
24555000,168.4255731406111,321.36357254473205,463
24560000,191.91396479587937,245.02321837894772,463
24565000,202.94482807136566,300.74417038656406,463
24570000,171.582842341484,288.0714650978043,463
24575000,169.9193580867479,315.9968874990717,463
24580000,173.3150589900759,347.70064957239794,463
24585000,175.59873832565927,299.05949800851465,463
24590000,148.9963787374468,310.86393461484596,463
24595000,173.94196547764358,322.8619930267443,463
24600000,144.80753961444617,356.17957247259034,463
24605000,208.74515469222757,339.62460477303205,463
24610000,161.95640078869513,211.53264248523706,463
24615000,185.9049696257824,296.6588286259641,463
24620000,173.67200276915491,253.64065035810074,463
24625000,182.7897184968675,328.4284598265737,463
24630000,180.63899328709056,307.9503350838819,463
24635000,155.81405213957083,260.58984894417574,463
24640000,168.50117105388492,325.9419773282263,463
24645000,164.99676949535325,340.16801958282196,463
24650000,166.5863093405315,328.02307258877994,463
24655000,164.52608165962477,320.2217589148189,463
24660000,189.4467658222698,393.6516724313035,463
24665000,157.8456632273249,310.2332318134739,463
24670000,195.70549568293734,263.73763995957296,463
24675000,180.5567972954635,290.5454083520126,463
24680000,194.0852701583005,244.33614260962761,463
24685000,182.5505129645895,253.39435865520994,463
24690000,166.90917460343672,212.66365223541086,463
24695000,160.5359497050902,312.2330685247257,463
24700000,143.272815055489,297.67867792720745,463
24705000,174.04191351763197,293.33509102861024,463
24710000,165.55929009458487,240.6564423084007,463
24715000,180.67842684487542,336.2499210258714,463
24720000,155.2755152650294,293.26062080510144,463
24725000,178.0283963120671,210.6425722716269,463
24730000,191.03646187922678,324.7409139617106,463
24735000,181.80805738066516,345.13768295544224,463
24740000,174.23367760693597,281.3983592353881,463
24745000,161.54137309158207,295.7331971991676,463
24750000,210.38125036705114,371.74518361754247,463
24755000,180.67690142712192,293.9997817187754,463
24760000,181.56687583705397,388.5235617663091,463
24765000,188.98241152721292,248.52963552810348,463
24770000,194.34338186566427,321.4568214735989,463
24775000,147.88352575753134,252.93473601144893,463
24780000,153.58487299386076,287.7475977489417,463
24785000,186.10911994473054,280.4069204284237,463
24790000,186.45231283050308,289.3980632319609,463
24795000,145.3984467562864,335.6833211801944,463
24800000,186.86837810072063,284.5942844788635,463
24805000,224.74062159268078,327.06816287632626,463
24810000,141.87481102454905,260.8286426821983,463
24815000,165.4205873609051,276.1070931056511,463
24820000,194.45424148670682,332.3761416087131,463
24825000,187.77769540387203,303.3180261670783,463
24830000,142.57461055640465,250.7136636375053,463
24835000,189.56501083981618,408.6632539190884,463
24840000,167.06465368394663,300.12227818581056,463
24845000,167.49343745817345,249.6233849011014,463
24850000,181.18909181179387,319.6412676783161,463
24855000,166.3442685182285,291.5650950531341,463
24860000,171.35829753685104,289.1485560346701,463
24865000,169.32955817287652,293.5033823900087,463
24870000,188.86837440342498,275.6620380794179,463
24875000,205.17710127892494,273.82407747821304,463
24880000,170.6873568745457,350.5189134930988,463
24885000,203.892069395398,327.97977566294276,463
24890000,164.88118557956915,315.08240258497324,463
24895000,117.50372494323156,243.67488088746626,463
24900000,150.84968575696024,299.5904542034263,463
24905000,200.23607195975,301.91175892867705,463
24910000,161.65279427333567,243.3157238261161,463
24915000,212.02621013938497,336.4322426536852,463
24920000,212.7157433621304,258.8086036299095,463
24925000,196.29122647165602,290.6511076396236,463
24930000,200.60664615549877,251.10244660821905,463
24935000,161.62012823815314,323.0211184280086,463
24940000,120.00397784469992,273.5515888808718,463
24945000,181.82727810406894,283.1435224118248,463
24950000,207.7891830297603,295.7738211571868,463
24955000,198.71935341885742,373.6486100572443,463
24960000,183.13468299927212,312.3839722644781,463
24965000,169.80955552422347,295.91227337720323,463
24970000,155.7982910418488,282.3308311031973,463
24975000,184.60637870743102,305.34900752207864,463
24980000,174.5440964687602,334.30563430207,463
24985000,175.11885073127263,278.0356857297046,463
24990000,141.9060935864366,232.21622065268718,463
24995000,192.2725367773688,292.1097450049351,463
25000000,147.64324050000678,250.39240863321493,463
25005000,199.89755269279425,303.61854669707805,463
25010000,166.83192518911534,253.8277359106902,463
25015000,162.09488405116147,293.7649792417061,463
25020000,179.32861015271567,319.5586261291033,463
25025000,162.90535950952068,238.2771415307538,463
25030000,146.00581849837633,319.67878786837684,463
25035000,162.45193098419853,383.2286135513588,463
25040000,176.79373640795242,250.87795878260232,463
25045000,148.10712692287868,318.86443230902694,463
25050000,161.77287108497566,315.29144251818974,463
25055000,152.2159183641869,326.63004564881305,463
25060000,182.27013776456192,320.04015637097973,463
25065000,196.34045658581877,291.46980925234357,463
25070000,192.9679836047998,258.7505742892922,463
25075000,201.91656031984684,277.508451178669,463
25080000,181.3902782234674,272.05051503341866,463
25085000,180.40935383487792,282.06241086548664,463
25090000,190.81240784948903,267.8451717489917,463
25095000,206.94708671701676,279.21590696281294,463
25100000,168.47688992733788,270.53705903294065,463
25105000,158.94943437100184,266.5705477755985,463
25110000,166.74689053255997,345.1706178352923,463
25115000,172.32329557785528,259.81807185029714,463
25120000,202.97033818144465,275.0805282019759,463
25125000,177.03404823158277,288.8322416515011,463
25130000,152.9575842742087,283.7741626159368,463
25135000,163.23230502082228,266.937864483242,463
25140000,171.23644609284375,250.5800808017926,463
25145000,198.5495508201951,336.8013645418848,463
25150000,244.46201754358503,257.97902386247745,463
25155000,164.72334646589343,293.9636241443963,463
25160000,202.48315587643089,327.9671786379463,463
25165000,155.06372225891351,311.94360503754547,463
25170000,186.57927437231342,337.93080872848884,463
25175000,158.02823072854338,299.1510082719143,463
25180000,182.15507005192097,211.13979820081937,463
25185000,165.4801232307406,291.8357642515661,463
25190000,210.4130829605424,273.4747011803032,463
25195000,173.0675263116707,324.31490201645556,463
25200000,167.49143376819472,235.5544099528078,463
25205000,198.04803903913862,315.50088321948965,463
25210000,176.31077283140516,335.1174653554366,463
25215000,187.65153381841748,330.7684933579813,463
25220000,174.20754793963243,294.7715377868654,463
25225000,140.41386122645707,249.86675578901264,463
25230000,165.29935495928342,267.3371677553743,463
25235000,194.14174574743228,293.24605392488274,463
25240000,175.0946504646019,326.8765819884001,463
25245000,161.26741562018134,332.3851234285728,463
25250000,130.30579457890755,323.1295152902617,463
25255000,181.54105900316372,297.82434626843076,463
25260000,186.02523486268976,283.13953293051117,463
25265000,181.5657134011306,318.330807464221,463
25270000,155.2696369797542,258.5567904064782,463
25275000,236.3697757059607,307.3790255996619,463
25280000,193.02318069564444,290.0849905340825,463
25285000,164.73745214622429,287.66947133998184,463
25290000,227.05309393138828,279.716937910835,463
25295000,194.55854258562925,301.95259328668476,463
25300000,202.06069023142993,314.39357401456107,463
25305000,189.34679426312852,258.0299471354521,463
25310000,165.0481531533592,296.5222813540726,463
25315000,222.13834896523622,278.1967496109818,463
25320000,186.60131350910524,346.1131432250038,463
25325000,179.0021324401008,293.7630299012263,463
25330000,165.09015288874198,282.5067619562829,463
25335000,193.40715379875516,308.10044541041464,463
25340000,171.60866667404244,277.2320686936662,463
25345000,148.8987890841572,291.39912745397714,463
25350000,162.5605781921798,364.7456229253899,463
25355000,194.95561866645977,309.9174004712998,463
25360000,180.92239151349986,321.0358565537018,463
25365000,181.88477629936315,295.15340293848936,463
25370000,145.3206279965147,290.9475539109642,463
25375000,168.64749222554897,267.4038254641638,463
25380000,136.8332562621451,296.0868386075265,463
25385000,174.6221571000615,286.9469572581082,463
25390000,140.28749964716025,329.7982926751702,463
25395000,145.55339582833923,338.35463941351173,463
25400000,187.9654788429153,310.9534181030704,463
25405000,208.48392724774254,279.33451216362783,463
25410000,168.49428717778238,300.3324811326517,463
25415000,170.3996702048905,284.8640381425013,463
25420000,188.14774625027968,269.55209688072273,463
25425000,201.54331712832234,347.3732460887463,463
25430000,136.76003226738158,258.5326919966849,463
25435000,142.32627392290962,343.6888772572527,463
25440000,168.1810957544032,241.20796498990947,463
25445000,164.0130679345475,291.212026003997,463
25450000,123.28526671195242,249.42469668535054,463
25455000,180.55632640660542,329.738872129719,463
25460000,189.5170043837879,278.66329962185785,463
25465000,141.42160467642248,266.3544271490276,463
25470000,163.8635671582377,268.29552128271513,463
25475000,155.53552773166885,316.74862570309415,463
25480000,185.29206780445864,276.3161849585572,463
25485000,174.7306386771901,365.0186466815703,463
25490000,181.53278587049405,252.99815987611692,463
25495000,139.97156157379092,286.97062942325573,463
25500000,207.73106685549038,295.08153198881894,463
25505000,164.61516271706714,297.1956219923219,463
25510000,212.170899159311,243.93108491616198,463
25515000,177.81613253446884,312.83446567776997,463
25520000,184.30960994950664,246.9212397319359,463
25525000,227.14163620619226,294.4415761220759,463
25530000,168.59242681137528,248.50764371635822,463
25535000,205.1497725352229,301.9113845801571,463
25540000,159.34171657265463,357.68646485840657,463
25545000,190.6917215592583,339.9012405772818,463
25550000,149.4439764696793,308.1422608638723,463
25555000,168.44188791607309,285.62312638288495,463
25560000,186.0142366467569,231.46854962440318,463
25565000,144.5291661382294,294.29344927785735,463
25570000,187.0205879969474,288.60715844731163,463
25575000,180.76443430368298,342.842763179877,463
25580000,149.58461494348003,274.1723439269838,463
25585000,182.27114599219735,305.5075258073802,463
25590000,155.75931991354307,287.50921735108597,463
25595000,184.2773916742955,324.3714043652647,463
25600000,192.4706640981196,299.3328519774928,463
25605000,185.79253124658248,417.48615222237,463
25610000,179.63917224712796,273.5894833079062,463
25615000,168.95179860049197,307.88347894307793,463
25620000,172.3066367350452,342.41752631421224,463
25625000,143.45454557250548,235.10027952241205,463
25630000,203.18851245846983,333.17890024653326,463
25635000,165.47584542540022,286.02057502572006,463
25640000,174.28198907607873,282.93643840065823,463
25645000,190.43521025697086,329.9359499139536,463
25650000,173.43830906875252,234.10834475741072,463
25655000,147.1499717027552,344.6474356888421,463
25660000,191.03308271640753,317.19663576305965,463
25665000,167.45801008358913,357.72391422602396,463
25670000,182.8694092853105,270.99765491962506,463
25675000,174.12863777151452,292.84077785333176,463
25680000,175.39269076244662,279.2287711319904,463
25685000,160.39110842788114,253.92375712695647,463
25690000,168.70522554063794,303.4698903670036,463
25695000,143.69813374540016,342.3844434468756,463
25700000,205.01464006834087,312.65141041270175,463
25705000,180.55352799458916,263.03541631261567,463
25710000,158.79272912063783,280.3893768775627,463
25715000,140.9725902740953,276.8045836776544,463
25720000,228.72217479058958,256.45350882896764,463
25725000,196.33978435531128,241.31476179201172,463
25730000,191.24033821674652,284.64752340091883,463
25735000,180.06388138020083,273.0129014845517,463
25740000,185.23703350097176,312.4379377752105,463
25745000,201.51261670708018,296.4072490596337,463
25750000,185.61653290689296,319.8319758706834,463
25755000,176.5597211594238,290.3999352084418,463
25760000,216.01368380070286,343.8465312518235,463
25765000,181.73945657361378,365.80547882975026,463
25770000,246.8284156487494,256.2886661036952,463
25775000,180.36670623763197,290.1748732531084,463
25780000,170.8219584897394,347.622975180789,463
25785000,184.67376204852414,398.0847308405356,463
25790000,184.28285519521793,308.3166088655057,463
25795000,201.76031132906323,373.22723444541464,463
25800000,197.9923603410437,320.5235405592688,463
25805000,203.78453930201394,339.4493623505267,463
25810000,138.78825083784403,273.9316797779237,463
25815000,192.4656370859421,331.1169393900178,463
25820000,181.42475145475,268.41086712028664,463
25825000,208.60425941841817,280.95090416461755,463
25830000,199.12237626696458,310.20547549529545,463
25835000,172.92009310531515,288.36153202668277,463
25840000,189.70937889373204,316.1392617027307,463
25845000,211.11823617835907,341.4669736264625,463
25850000,176.35985033449333,233.95209076907702,463
25855000,208.79255459468803,323.4511134847569,463
25860000,184.87851261645494,350.2864311716558,463
25865000,233.13322727387649,345.51409165823037,463
25870000,145.58365446122068,267.99940213607795,463
25875000,205.3675837865357,279.3225066517533,463
25880000,150.81812885104242,344.32077980702826,463
25885000,148.35072249556163,276.4197968295755,463
25890000,189.05954381309672,310.87160529576204,463
25895000,165.50341521251076,249.5478164983897,463
25900000,180.32999072770716,369.6107113568251,463
25905000,185.89084870838454,270.0353494771302,463
25910000,209.50167529045478,324.11574438278825,463
25915000,196.6158122659921,289.047901374067,463
25920000,183.9046654239142,364.4828358628446,463
25925000,161.98049237062315,238.27869764271398,463
25930000,186.10861889117413,349.6547318858275,463
25935000,198.60631068239488,305.15309045239815,463
25940000,181.2125414373514,280.0805712561414,463
25945000,188.3042983081062,305.8275375213993,463
25950000,187.38394843909632,305.075818616731,463
25955000,193.91984107002838,272.3539864358584,463
25960000,191.9088180216463,234.47638722380296,463
25965000,172.77701555193923,232.8719159154199,463
25970000,180.1188256301142,266.8249340259155,463
25975000,198.53755357487665,306.38082637379904,463
25980000,149.8926931700352,291.16226185635935,463
25985000,175.81587995552212,349.0802325879942,463
25990000,135.47475308359373,265.9914949950837,463
25995000,189.3148934142886,249.53228250044629,463
26000000,171.0556808409107,259.8579186536443,463
26005000,180.3103291886585,327.41379011824415,463
26010000,184.15736655075372,320.8056304460625,463
26015000,167.01138356623122,294.58188853024734,463
26020000,176.4292651768521,306.4438801728152,463
26025000,193.80017796511186,299.52798807084605,463
26030000,151.36105740381285,279.7276894877619,463
26035000,150.06412945418023,303.9719444918638,463
26040000,146.72478640520458,377.8394167857554,463
26045000,169.06451946590528,312.8205726176072,463
26050000,188.58260637103103,271.5704698647472,463
26055000,203.99561630095818,338.7832280423352,463
26060000,193.73921822796865,286.4224076078169,463
26065000,159.85118863251196,258.31850153939143,463
26070000,174.6100191892267,350.2847922517208,463
26075000,173.68179940723633,287.04334312011315,463
26080000,217.13452863119682,290.91220351208096,463
26085000,184.7277765901449,358.36231812240777,463
26090000,183.33173199838845,366.77276764082745,463
26095000,156.8437545767074,309.28092005432865,463
26100000,195.52769296383948,314.42642252719025,463
26105000,140.2267960272443,336.1025294865069,463
26110000,161.40762155003213,234.7037950870937,463
26115000,152.7574232639442,280.2160257600639,463
26120000,180.77038511573392,305.0438913598938,463
26125000,172.11862314076856,339.7743271604622,463
26130000,170.56376653339046,272.3511243568331,463
26135000,123.83413241496527,309.23814684096226,463
26140000,161.28918143855896,242.60674397257702,463
26145000,212.7356276976546,289.1138999058608,463
26150000,175.64982463906404,289.30700229742587,463
26155000,165.06413518319061,340.6982979308324,463
26160000,142.73580112705355,301.4347077222403,463
26165000,193.35213823972614,289.89215466975844,463
26170000,225.48291901681077,330.1470343407914,463
26175000,192.72054791317748,288.80184250075087,463
26180000,195.79049538101225,311.0664082207871,463
26185000,188.87106421885403,340.47524441494636,463
26190000,164.66234200269201,242.78280464687492,463
26195000,203.31676504764164,295.2187084595899,463
26200000,180.64510699620863,327.0957083807857,463
26205000,201.70204693877838,281.3687657962941,463
26210000,158.36927022756623,380.7852379758141,463
26215000,179.15930003953082,276.22922722334005,463
26220000,163.89653137029157,245.11347706391828,463
26225000,192.66239714404918,322.9183604152088,463
26230000,162.33399876061117,287.99858695355437,463
26235000,194.3169220676483,296.7519546223167,463
26240000,182.7477437003042,318.57026790526777,463
26245000,190.04446817403104,277.44333517076376,463
26250000,172.67210399859093,292.83133614757566,463
26255000,170.87397256062812,249.2916800494088,463
26260000,191.76614760044114,335.2153568894661,463
26265000,151.64867213097955,337.6475790122188,463
26270000,160.7961124345967,321.7701225943072,463
26275000,164.16247981826788,272.3191460177908,463
26280000,148.71081149755557,286.2281307595787,463
26285000,170.83704662332704,287.4771978830033,463
26290000,192.71063006923066,309.52391394451763,463
26295000,169.948558863734,364.5847996906815,463
26300000,196.25120840580564,297.5905549763253,463
26305000,174.09627982130993,244.03315766958252,463
26310000,176.04626317659296,397.9284567652006,463
26315000,178.83450973788348,318.63947741097815,463
26320000,194.98559155451602,283.6955476334363,463
26325000,188.8386624688455,316.09165071369995,463
26330000,169.97803822850528,314.19082947544734,463
26335000,173.8842525776747,295.7811165571404,463
26340000,178.73795628128252,297.79616455417533,463
26345000,152.39989878842596,232.6815128440152,463
26350000,168.50878989736216,274.69258984690515,463
26355000,186.9276775571801,323.1973067236834,463
26360000,163.90236316843917,271.45655172964223,463
26365000,195.39840892606944,311.3312458565591,463
26370000,151.3648813333578,355.5319021639582,463
26375000,179.82865069085472,317.4579119923819,463
26380000,167.3075155972303,299.63631256147954,463
26385000,153.52889154633203,361.7749035504204,463
26390000,158.83189299560266,319.6083916290053,463
26395000,185.46094045969332,237.3222808635391,463
26400000,148.95054504495045,351.11582331946255,463
26405000,213.53210382581707,368.71386076247705,463
26410000,172.71468552871488,236.16915019407557,463
26415000,179.29570022538073,221.69936347287967,463
26420000,193.87151398150678,289.10882632755266,463
26425000,151.84532633413224,317.2853225845648,463
26430000,218.5849137231301,299.66163253821117,463
26435000,187.27356821001777,349.64311466010787,463
26440000,160.6104482962348,283.231696385632,463
26445000,184.69943680055414,321.685712692225,463
26450000,174.5633109974978,366.2781696241986,463
26455000,147.5143655287909,282.1793886145203,463
26460000,201.85232184887394,270.4865720314661,463
26465000,196.61888596379575,278.08885005129935,463
26470000,177.1983471267265,305.904969532684,463
26475000,209.8415781537649,409.4789617294775,463
26480000,202.43214853942683,308.1455922206965,463
26485000,235.74159364653806,290.1686759870349,463
26490000,149.76975373693364,309.1085286479315,463
26495000,144.25005305483447,364.1906142307375,463
26500000,166.9184529318036,339.97209750328545,463
26505000,186.77331923286815,280.9183914233762,463
26510000,178.982415605494,276.2291590582518,463
26515000,171.25263185608145,339.0123980015704,463
26520000,178.63706042302823,305.34872643571765,463
26525000,183.25963618097603,344.9170691203681,463
26530000,168.52937786076623,298.9503229142319,463
26535000,190.85625350638082,394.3714461075397,463
26540000,179.57285730654527,339.4540937407152,463
26545000,163.94350033399198,260.65152448480876,463
26550000,249.84503210765297,305.92217960504223,463
26555000,167.55098016960102,325.4168936129288,463
26560000,141.59441588866176,263.90760624894307,463
26565000,139.42869074615732,313.69334381436505,463
26570000,155.068551336652,279.72149321174055,463
26575000,190.48645679921302,373.70845657166547,463
26580000,193.95657017001022,314.70957414850744,463
26585000,198.5388733099644,342.3779614968015,463
26590000,149.9596230820202,281.23568813535684,463
26595000,182.08714269947023,327.21906224277416,463
26600000,209.03651123823514,324.9253320164431,463
26605000,178.7241347582194,294.27199135767734,463
26610000,174.58304197642752,287.28584696175506,463
26615000,174.67727457420338,292.3391533542763,463
26620000,158.83805996259002,270.62151416472153,463
26625000,176.7255593812981,322.5154011376242,463
26630000,149.78171661000098,273.3221175788533,463
26635000,152.81502324383777,310.80244711718285,463
26640000,171.69390655724186,340.7228698332504,463
26645000,174.97796153204823,316.2235489541719,463
26650000,172.53799849603098,327.3846009630433,463
26655000,192.10342839063915,287.8374579909666,463
26660000,182.1448827212774,296.9918720622713,463
26665000,171.91718207051818,241.9204659904224,463
26670000,197.3002208749255,261.4548716093919,463
26675000,195.7437719548485,349.52399783651884,463
26680000,162.28879257997784,296.97287781359944,463
26685000,186.97780058782158,274.8718459934625,463
26690000,140.69201022273,275.79341440670913,463
26695000,166.16166283015534,271.634855994108,463
26700000,154.77789871740134,306.63028779087875,463
26705000,185.89006475701137,238.1467156792636,463
26710000,172.70833651308018,291.0845032920049,463
26715000,171.63941476714646,302.21285505412976,463
26720000,147.27825395505843,277.6156902249476,463
26725000,202.65212904578658,323.25982431015655,463
26730000,193.6668589565559,290.01315649595244,463
26735000,165.904837565296,293.42257877258703,463
26740000,191.28010810166566,271.1966306472158,463
26745000,203.03745945646594,322.0120363062342,463
26750000,190.20054515298176,271.91108242824896,463
26755000,162.1489350050177,295.3597757200774,463
26760000,175.3178357749956,304.71656017302587,463
26765000,174.40573165664682,315.00754666215494,463
26770000,178.62054600511829,362.7847735389025,463
26775000,164.73280937836242,283.16563555306215,463
26780000,173.51517763448038,247.96833538451216,463
26785000,165.96979682737734,270.7188846064376,463
26790000,192.23300421668972,382.11251268510455,463
26795000,169.73118825543017,306.62722720474636,463
26800000,159.29607942045732,311.0934727799253,463
26805000,139.31776969099468,275.54913750990585,463
26810000,178.41409093736007,289.24637301806456,463
26815000,151.05290032814165,333.1466437131414,463
26820000,187.85478085485002,321.80777162031393,463
26825000,193.12691622055348,265.00877278650177,463
26830000,167.74867902061743,281.4829981425235,463
26835000,201.17417978754784,251.9727678393288,463
26840000,151.3430709697702,235.97161836237663,463
26845000,168.56277843798415,272.2386175229305,463
26850000,194.02903001365607,312.10910477181733,463
26855000,170.258897787635,315.34153461878793,463
26860000,220.917571644151,300.9965239452551,462
26865000,200.50688130780628,300.2482689158311,463
26870000,148.58347740527594,291.825236052562,463
26875000,184.17134656140323,307.74284380421165,463
26880000,185.7838934276016,361.62511281141974,463
26885000,159.84121549222095,348.6770367638609,462
26890000,170.24443382656827,280.92526981332236,462
26895000,186.19981834395833,295.63429988551485,462
26900000,164.71924074891885,354.51824095916726,463
26905000,184.59539078540874,266.4409235967423,463
26910000,177.4374414191033,323.3928945381604,463
26915000,165.61770688074884,291.63718934388044,463
26920000,201.45554012844138,330.06360089565663,463
26925000,181.57926064489428,296.01208739637104,463
26930000,156.75101764276,297.87283870636526,463
26935000,149.65904108167004,278.97234880804507,463
26940000,138.44262703731565,304.9439293701149,463
26945000,150.65234398115433,356.7166432167731,463
26950000,169.01114405372118,287.58319351337997,463
26955000,162.9105875300609,261.12496671432035,462
26960000,150.10400209573166,312.58643796752017,462
26965000,220.63797748007843,364.3819601666179,462
26970000,173.69523516300336,331.9189335292712,462
26975000,131.3795696278886,273.203868293979,462
26980000,187.37678808421606,258.09503441181096,462
26985000,166.89144797695616,330.5195196904751,462
26990000,192.12863517234837,283.4369395956151,462
26995000,206.47137256778828,260.63658767601913,462
27000000,168.38157089049807,286.1676395021085,462
27005000,192.9385129652426,296.8778071857568,462
27010000,155.6333790072062,323.04118634494347,462
27015000,133.8774908468026,316.4204300149284,462
27020000,164.77071779687458,297.49962234070057,462
27025000,205.19009281631705,344.8169604099821,462
27030000,182.7464835313474,321.94912043130313,462
27035000,194.95726031287984,217.07190055579952,462
27040000,171.30441035801124,235.2126536943556,462
27045000,172.73154239251687,342.6279481300093,462
27050000,175.4433051829746,337.49566322800524,462
27055000,194.9294719210399,356.96375487095855,462
27060000,193.0430739175271,298.0102738244793,462
27065000,149.34188334819564,284.5957633498524,462
27070000,162.6562886794956,174.86620351726538,462
27075000,164.5001945410304,254.1524534127483,462
27080000,156.34991968882656,311.3421358293997,462
27085000,179.55838786492905,295.66424662453403,462
27090000,164.5998414876334,280.5760136212358,462
27095000,186.9776527349851,285.339582286408,462
27100000,151.75796557109564,305.7324883912183,462
27105000,165.92915193287214,323.70970187207433,462
27110000,209.47883110911945,344.5758598489456,462
27115000,171.72294323215908,334.3164492572993,462
27120000,144.98396552886015,314.5867614522217,462
27125000,169.36799112178699,266.68233448170827,462
27130000,195.4930835787639,316.46756070599616,462
27135000,178.01297116256788,312.25920567308555,462
27140000,212.79808197049712,279.33354091389316,462
27145000,158.26562044883974,310.0761932043041,462
27150000,158.01638684768608,296.4700283605676,462
27155000,176.84944944696088,291.07586791314395,462
27160000,228.13845825944273,278.6339842887406,462
27165000,184.50995629384246,308.3481864510036,462
27170000,200.70169698287378,304.165534997802,462
27175000,179.47210513891855,294.8027523928755,462
27180000,199.11064424148526,314.7850634801294,462
27185000,174.01007241561626,300.34089173168553,462
27190000,165.87895156707154,286.4923824316438,462
27195000,186.7822752405668,265.985774103376,462
27200000,145.5302186492168,330.9530818539271,462
27205000,189.90671211010167,351.1747286265014,462
27210000,142.17939115798643,263.0592211900586,462
27215000,157.27969842999266,274.66216619707757,462
27220000,188.78146787748437,261.8650521478291,462
27225000,179.5576796856757,296.2852025325615,462
27230000,150.15997524475978,225.2250892286306,462
27235000,167.7263257740407,323.9916183606717,462
27240000,121.98892628238602,332.82440558848043,462
27245000,166.793479788502,287.1816591193123,462
27250000,166.65668944774987,327.7133413208842,462
27255000,207.86333724263443,305.2253715602257,462
27260000,150.03343454705617,289.953409515222,462
27265000,191.02591123817834,326.7337004669112,462
27270000,180.35313492611695,317.22164612973586,462
27275000,188.26460459352325,285.7103960382376,462
27280000,157.59081195934766,289.16045065869196,462
27285000,175.16893163088102,361.00258521407085,462
27290000,155.94560029070453,312.20090790798747,462
27295000,167.00185870360784,388.5158804725445,462
27300000,160.12102289571686,273.5827106446392,462
27305000,160.20291534660083,332.64894884029,462
27310000,164.63881941845327,269.7169239965261,462
27315000,141.91240037619949,265.72230762188815,462
27320000,177.76968120209,325.7588425632336,462
27325000,155.694879451564,341.81697565120845,462
27330000,168.94714900263259,330.1916038096815,462
27335000,189.0498567474376,299.8609563641946,462
27340000,195.4324963293554,245.14391336427107,462
27345000,195.74069896938016,280.95906810268565,462
27350000,165.8374271547634,278.90435610201354,462
27355000,188.66454194810484,233.80738863409772,462
27360000,183.02341551504088,245.71993750680622,462
27365000,184.8787763492202,274.65198195571594,462
27370000,207.25968512359708,337.2621418994199,462
27375000,184.03084402425102,311.6882086221707,462
27380000,172.17507308805023,272.81747465538444,462
27385000,186.22593131865813,288.3759212343168,462
27390000,156.94708591535044,317.7630014985859,462
27395000,190.73526137632342,284.3879618922532,462
27400000,169.0648235159916,312.0012777836596,462
27405000,138.72453552624663,266.45096321437035,462
27410000,191.40789549649665,342.7134878710701,462
27415000,136.25179615549897,299.09916211477594,462
27420000,172.4140726661447,294.91681091915564,462
27425000,230.99104261106982,395.37020878534,462
27430000,161.87728186471554,307.30884936744,462
27435000,194.89432547235887,305.7794499395192,462
27440000,155.2154067219358,325.66983784757196,462
27445000,212.58037509228032,377.49229990660274,462
27450000,174.1500632230824,303.18831529561527,462
27455000,161.64258449865514,283.60645432425787,462
27460000,147.8667739476112,281.2333350232118,462
27465000,169.54870864218478,331.87091725749093,462
27470000,198.65140483679627,259.132798131519,462
27475000,126.18291616963096,278.4202731180296,462
27480000,185.03633480778564,279.8980992670996,462
27485000,187.86330804966892,289.21865101581477,462
27490000,159.7834633924247,258.6946446501229,462
27495000,174.7557056167995,282.6935970141381,462
27500000,161.29594573053905,285.62795070467223,462
27505000,168.89108113815388,269.6936875157937,462
27510000,151.57796635838275,274.1106112818597,462
27515000,204.72731967220696,304.94890019584176,462
27520000,183.17908703160893,329.3739892121166,462
27525000,147.59127056595435,314.20254435332004,462
27530000,183.13208929165842,286.48766405456337,462
27535000,202.75919122604932,273.0698749423249,462
27540000,206.02910598425987,263.3671261893089,462
27545000,164.77318123260844,316.52055678471345,462
27550000,208.71793124112529,329.35016443851526,462
27555000,149.4619114006118,241.9316015908071,462
27560000,200.73377878014122,296.34179154542386,462
27565000,223.992103552456,293.478248185375,462
27570000,181.99847982460352,245.5330849667241,462
27575000,166.70742374376655,352.5798361927234,462
27580000,189.81959538021002,335.4453771608809,462
27585000,197.02004285934592,260.7396987585054,462
27590000,224.99918538399263,305.8128832635105,462
27595000,185.29498250607384,328.0461049512417,462
27600000,186.62675840188336,264.40069331588916,462
27605000,174.67194761402124,281.06435200603096,462
27610000,180.09132286385488,288.48836693238553,462
27615000,169.45942410351026,286.58957944558165,462
27620000,171.44832945255953,267.5787374687881,462
27625000,158.03106828667475,301.78149609257576,462
27630000,166.74921942843378,298.62772388794787,462
27635000,205.3337509574712,261.30127320073916,462
27640000,203.76673697223777,266.11625200598775,462
27645000,176.13202844002984,263.8338888152416,462
27650000,178.93752171467287,305.74909113910434,462
27655000,147.11673055013583,305.456948987178,462
27660000,181.6391672000279,389.4504302749958,462
27665000,163.41235482770094,278.8446884093542,462
27670000,135.7404506363366,246.5905752519797,462
27675000,180.17588251153072,294.6135914888058,462
27680000,179.31767918879967,332.05584515181033,462
27685000,202.38886109455152,258.2654267859021,462
27690000,165.33165659489532,333.4828623921605,462
27695000,173.14744387823248,270.83924078025063,462
27700000,182.24316314333464,359.77331455012626,462
27705000,221.3887380510677,319.1631019416208,462
27710000,182.5186755986352,320.37674882475056,462
27715000,147.82229822847682,260.9651125140106,462
27720000,168.85563426437338,293.9244886739197,462
27725000,182.37002791317295,315.2403690597681,462
27730000,190.6252830869805,269.6851124117237,462
27735000,168.02813926598392,317.70257603642955,462
27740000,152.6028288812088,343.37683376300186,462
27745000,199.64924110369984,380.8984769826374,462
27750000,164.74368689537806,354.70855078823575,462
27755000,186.11330104853454,351.66115807275406,462
27760000,178.87655378866728,314.96227112504505,462
27765000,167.38402707974043,277.53048267169095,462
27770000,181.7168005125386,276.1241023873033,462
27775000,198.43741635043978,312.84275920244215,462
27780000,159.11174364875038,285.0498120429878,462
27785000,225.5236813240582,315.73395956553077,462
27790000,158.23662310948563,247.8127679288334,462
27795000,181.07560968263974,284.36779238511434,462
27800000,153.65915445161727,294.4872558862034,462
27805000,204.26876815882213,338.08797476850526,462
27810000,186.861279927437,283.8905622603231,462
27815000,187.83224330818655,281.47327585413916,462
27820000,189.3775557727972,257.850398064879,462
27825000,199.41465725843307,322.49406866883487,462
27830000,162.79696024430632,320.5098088758812,462
27835000,179.94262703366368,272.77938110103184,462
27840000,166.98304338160102,333.80841951644453,462
27845000,158.7642403783882,289.9322445635602,462
27850000,156.53941259714358,291.9232550995204,462
27855000,204.4389394654994,374.6010340947064,462
27860000,152.69102871808772,295.7483133017924,462
27865000,133.84137761380424,263.2698999330582,462
27870000,156.862235812918,246.69873245170191,462
27875000,177.6064596963281,369.1250098859955,462
27880000,181.281469368138,298.36387280478885,462
27885000,179.02804786451782,362.4712795927833,462
27890000,164.11186217956688,316.9616104754846,462
27895000,149.5100958003867,288.5197596353755,462
27900000,176.16670820133436,301.334107046403,462
27905000,186.53232437911467,314.24944559556667,462
27910000,170.67899015151175,310.6520227307554,462
27915000,181.84555982654592,251.15244004220122,462
27920000,188.84738482705555,308.9456712886129,462
27925000,208.9199090426355,305.74492005966385,462
27930000,138.22165837499378,316.4888597340032,462
27935000,192.56317854927647,291.757721141335,462
27940000,160.94843640400077,317.7014500095556,462
27945000,164.30524716637962,300.3569818512182,462
27950000,186.14906322981716,274.7021702299572,462
27955000,187.65791371220195,384.50538204102475,462
27960000,197.95137723035188,250.39699057785324,462
27965000,177.86571823483618,335.6237847172107,462
27970000,129.8665357624987,275.81233966095954,462
27975000,198.31129280448565,353.5804179025638,462
27980000,189.53851557902064,306.0705267811003,462
27985000,166.30384379316703,247.12176235304116,462
27990000,176.3095966170211,301.41013085006017,462
27995000,174.9808236559589,310.35328092422725,462
28000000,137.67930438341972,257.7573500290425,462
28005000,169.9291675026609,358.7549547181897,462
28010000,172.531123272799,294.2995325395847,462
28015000,189.06495649858536,283.01799854481084,462
28020000,163.00735095125617,342.4284050312091,462
28025000,178.74029563380273,318.25160662862015,462
28030000,186.930792094491,358.5004404431435,462
28035000,182.64068096107118,278.9537910357324,462
28040000,154.46214152003864,338.92312104127717,462
28045000,165.4891983853031,290.49410361121215,462
28050000,183.13111684971167,259.9486440692665,462
28055000,179.40487442097228,326.8513676503987,462
28060000,172.97810428183703,301.42300089101235,462
28065000,167.70061780252314,280.64742995849934,462
28070000,185.59865128057223,348.46815287444105,462
28075000,165.06078296300058,283.54688313320213,462
28080000,176.03978956900656,277.8157018021244,462
28085000,183.5518687164717,241.26778763887972,462
28090000,143.0470260113097,256.91884042233426,462
28095000,149.7130220060688,260.8770878257616,462
28100000,183.11849835904496,269.43269946939455,462
28105000,166.65457384169613,228.14807331155325,462
28110000,199.3988053342287,303.05894801060356,462
28115000,162.81838880622126,292.45471814302516,462
28120000,177.6621433198877,253.74852463586367,462
28125000,215.38644592282066,297.4970057856805,462
28130000,192.78827702313052,283.51000886071756,462
28135000,154.37826217297726,289.5974733824645,462
28140000,200.8516619251025,299.72935586478184,462
28145000,161.04967654232522,315.2398770194773,462
28150000,163.55221730076522,285.8847696126269,462
28155000,193.91495885459946,353.2465004840632,462
28160000,228.6357526945128,337.2639678716302,462
28165000,168.90860076036188,335.06655595797395,462
28170000,169.1029997737413,332.59912528304403,462
28175000,177.76964133839627,276.45695937181205,462
28180000,169.7513749902828,275.2123812285801,462
28185000,144.49672857805587,348.98725369868447,462
28190000,174.8897517467531,296.78338246542637,462
28195000,163.56857151308242,305.64246648978366,462
28200000,187.61796895491418,243.67908609391085,462
28205000,160.3660889772812,264.0396870720277,462
28210000,195.3954697310708,388.018458625473,462
28215000,199.86200577288966,255.50768561713244,462
28220000,186.63531754626777,317.2397195307922,462
28225000,147.99230577222622,317.36212533167054,462
28230000,180.70028255721297,276.1321042949,462
28235000,147.41967761178384,214.25628046864662,462
28240000,121.51241709128323,299.3321111215062,462
28245000,175.61443616016015,265.83206752734776,462
28250000,199.21693086852653,340.422455589513,462
28255000,173.71085476459234,296.30094975994206,462
28260000,168.81620219585648,339.97558907974974,462
28265000,202.57675732085184,250.93898132953808,462
28270000,137.49172655632617,228.84488931406955,462
28275000,173.98478432065897,313.8165932667556,462
28280000,152.25164137501645,279.7244923584193,462
28285000,165.02074742936122,350.63032636064764,462
28290000,166.3611893035671,289.978262369422,462
28295000,160.36251903256965,280.842256793652,462
28300000,168.83998666333574,313.23010890985455,462
28305000,228.97306404932965,304.5898196573318,462
28310000,182.7574519122275,281.5865305677368,462
28315000,177.08344252694405,296.17157793649955,462
28320000,161.24595844844544,255.9596759303719,462
28325000,172.26016080168347,277.72485883958996,462
28330000,148.25579180013503,280.63163106920973,462
28335000,197.97677487902527,319.11234802894126,462
28340000,197.6418774963372,239.11902046944823,462
28345000,139.7709963423961,305.2870543465689,462
28350000,189.33514782377705,296.74794717879155,462
28355000,170.22434989557925,297.92753980207806,462
28360000,129.63813413164857,285.85960403669213,462
28365000,181.1574568373643,288.3731923552491,462
28370000,208.94720943010978,293.1962456834677,462
28375000,199.40408018834978,354.2584498831464,462
28380000,169.3348609517773,267.4728236426628,462
28385000,167.5054692302139,303.5824309307397,462
28390000,173.9661886394748,305.6553867723952,462
28395000,196.7314511540975,301.478288108547,462
28400000,207.67548119905598,289.91564157210365,462
28405000,169.60190393367,282.85467707588765,462
28410000,137.13119659013017,353.80611545968287,462
28415000,171.20491548197037,314.2629324451463,462
28420000,174.32644976551853,260.0810826037487,462
28425000,163.05512662488758,348.76636005294756,462
28430000,209.88797460880883,285.5763551076362,462
28435000,176.26959300402635,309.3129996695959,462
28440000,178.952322722116,329.65086252872743,462
28445000,175.3916403430774,306.2818835659381,462
28450000,195.36703528409373,290.63447243510853,462
28455000,172.03712356573246,296.57937776523244,462
28460000,152.22870175202289,294.6647763414269,462
28465000,196.01930290955522,319.69023061862,462
28470000,190.189017024503,311.4892085823429,462
28475000,197.61073719709717,274.6102134734292,462
28480000,147.60564584295173,266.45367275336525,462
28485000,164.03476852165025,284.1282847765565,462
28490000,175.41025487668804,244.44713560787613,462
28495000,145.02599560178774,278.22586486309393,462
28500000,203.0808488792601,285.6640827296637,462
28505000,188.29605445850007,302.9217953343775,462
28510000,167.17609617469944,280.00685744496406,462
28515000,202.8881667456996,270.5875283969048,462
28520000,182.3580631025225,283.2788363437434,462
28525000,158.90883301818707,360.77213536249286,462
28530000,178.57454953356827,298.0624141874232,462
28535000,184.3683732689353,321.7924694522776,462
28540000,185.7436421702235,335.85634475893465,462
28545000,151.25354246175564,339.20496118090784,462
28550000,172.1552065361155,386.3951759345505,462
28555000,192.51415656497045,322.06566569436234,462
28560000,158.03898474668,335.1546779823683,462
28565000,197.13358299437908,320.6116043430249,462
28570000,132.00928844993618,282.05613827442295,462
28575000,168.33732615930214,320.88352798096525,462
28580000,187.15632443965177,315.20678306112995,462
28585000,179.96991788270458,362.3806084845663,462
28590000,176.56999322655872,375.8916774519648,462
28595000,214.08004598544443,329.6420343528587,462
28600000,203.99768304919036,254.63274600840296,462
28605000,162.02202551654034,309.1681299122951,462
28610000,205.47016415928638,268.0559627323054,462
28615000,177.6321792454347,277.76829611059173,462
28620000,166.53980209354276,320.21116665621634,462
28625000,159.2193930800677,328.2638976225414,462
28630000,158.39284895701624,336.94171277552516,462
28635000,146.79890867860465,338.2185487259886,462
28640000,209.24875002123287,332.1635883984037,462
28645000,170.1526890348403,338.52505209741616,462
28650000,208.66139843599834,330.9696864862713,462
28655000,126.07674213379735,309.4391020655492,462
28660000,182.83601757571734,332.7384122869997,462
28665000,150.96734757232207,335.9174575680003,462
28670000,155.8505445055387,379.5631084858235,462
28675000,185.65036774968223,374.0435862656327,462
28680000,167.29878361692514,274.09397518523116,462
28685000,168.48470785810943,289.99044430145716,462
28690000,194.1117243463338,265.07214476503975,462
28695000,168.9586430561615,278.0057439078942,462
28700000,173.67778544458906,291.1051025658004,462
28705000,155.865834516381,324.15259507101416,462
28710000,152.83663564344351,308.0368452190918,462
28715000,204.20673726862506,278.02090884349855,462
28720000,142.2373929801453,316.6829407188665,462
28725000,141.85082288221454,320.8103633929966,462
28730000,182.2530096615313,256.1943414723767,462
28735000,123.26392239475084,289.03991361814997,462
28740000,159.4689073516546,271.8003636427519,462
28745000,206.13416782696223,271.84071914549367,462
28750000,174.3392709821781,326.80226002753176,462
28755000,191.00072131327093,291.51977751070285,462
28760000,140.71829872680183,275.03175343891513,462
28765000,180.59069589930877,259.461561474111,462
28770000,184.16203640531972,323.786006006902,462
28775000,222.31275906256036,344.2597269994055,462
28780000,164.8232477126731,279.2496808356615,462
28785000,182.7240635101057,284.4673352858551,462
28790000,212.32891522400016,249.95962417593785,462
28795000,193.59027910911186,256.8819121061784,462
28800000,227.45979230308998,321.5250388845104,462
28805000,202.190369920377,304.8318225230483,462
28810000,173.79001114392304,377.40081184482057,462
28815000,136.3456684799993,242.0479604745026,462
28820000,209.03225060498127,291.57019588411595,462
28825000,187.1173743825339,314.94186956569524,462
28830000,194.199085739586,275.4811195561426,462
28835000,170.36442497305174,262.29940547118525,462
28840000,181.3030990926517,263.2261072204124,462
28845000,153.66292581865864,287.44351266154166,462
28850000,180.67839938194655,254.62797943913225,462
28855000,155.0998388506346,292.1563799165793,462
28860000,149.03677584436682,276.57826654054054,462
28865000,169.07814790928524,239.00437238264226,462
28870000,169.08634205045448,270.25568064102043,462
28875000,143.0356232635945,322.7003426691425,462
28880000,171.36496939116105,270.3389613978725,462
28885000,195.02910869978282,370.4627313325242,462
28890000,145.30824481399014,327.38907828146995,462
28895000,195.02989658940308,339.9241101431739,462
28900000,177.34558487223322,344.0016009153538,462
28905000,158.72863446801384,331.85791656750894,462
28910000,180.91208406793456,285.3448900823577,462
28915000,166.17858963778488,229.7389640505911,462
28920000,181.51011629676952,271.1208564134144,462
28925000,140.74270959676826,300.3476525116269,462
28930000,180.8882867716284,293.8522014729763,462
28935000,148.1504131346481,304.5475795444022,462
28940000,181.00752801252614,333.2734962231345,462
28945000,179.366914318228,247.6994526573803,462
28950000,222.69391402844425,234.69130244286725,462
28955000,174.92122683896247,337.93557844468864,462
28960000,176.35961331472075,283.34230732224154,462
28965000,165.80519546011666,349.5336536520385,462
28970000,165.57486896153895,325.91153371134675,462
28975000,149.90276144718135,303.3777093225603,462
28980000,172.50111483793097,247.668639075536,462
28985000,155.8848301822611,226.47998395742596,462
28990000,170.2191910841246,228.51112612651136,462
28995000,179.3220725091421,353.5652017272445,462
29000000,190.37373782784286,325.04508827226095,462
29005000,156.91841494960974,292.0390641950154,462
29010000,220.2588679990909,380.15872754469507,462
29015000,142.30178667957728,259.14487185258866,462
29020000,128.48242769990782,300.1450310694591,462
29025000,171.23534549912893,271.9793649060337,462
29030000,184.2078681138413,291.1442143965542,462
29035000,165.7895150091115,284.00648361174655,462
29040000,142.38833502282114,289.4197245238816,462
29045000,155.96900980869742,290.06755328237733,462
29050000,174.91566712704994,319.06220447590516,462
29055000,216.83709300575197,312.7438317482182,462
29060000,154.6672668221981,320.12544725288205,462
29065000,155.6160394791669,278.1288242058154,462
29070000,175.6621139987572,226.77359862867687,462
29075000,166.43971929123137,315.60833958550876,462
29080000,143.535263001419,287.63813478477226,462
29085000,195.96571574741714,302.9928320010807,462
29090000,174.92533495129283,338.50346820403536,462
29095000,175.2573946881598,311.34737550267806,462
29100000,162.82450896409773,287.98586850127776,462
29105000,193.47121295945698,318.4741882627462,462
29110000,230.4770693867619,365.9284047402523,462
29115000,180.96040349867087,373.8476353324281,462
29120000,200.44115189256854,310.09362689520833,462
29125000,199.52747334282836,340.64624252326115,462
29130000,192.46261764206946,322.66222032135073,462
29135000,158.65611107440574,291.4569894394564,462
29140000,165.10871050621438,246.63757874818396,462
29145000,179.450553014199,314.4532296727049,462
29150000,151.7801807619541,300.6741795593012,462
29155000,133.02281237491013,253.26111040141774,462
29160000,166.55211999759524,282.46139318627155,462
29165000,159.722896895337,289.71441101036504,462
29170000,175.03011745721398,278.78108869263065,462
29175000,177.2191042918848,302.03078872720016,462
29180000,165.83302525380438,339.81069061815094,462
29185000,191.48352501019866,235.32047857741816,462
29190000,165.96179510533452,268.61064340210555,462
29195000,202.86009741342096,349.9691502735489,462
29200000,141.90701983905228,298.2222520647362,462
29205000,200.39372626242712,282.4179182084468,462
29210000,162.9487360433278,388.67655330405603,462
29215000,178.7279002172118,264.6220862742875,462
29220000,171.91824618197853,250.34475774910226,462
29225000,181.78679865413804,370.08315683937485,462
29230000,218.7616512589347,247.78277665162076,462
29235000,169.0761018264755,301.5365783080175,462
29240000,221.66173388205033,255.129187500158,462
29245000,231.27857983329883,302.86948573277067,462
29250000,172.5442251580552,288.3626613284607,462
29255000,187.34829339481573,287.9233136140322,462
29260000,170.12666992630702,268.17854866689487,462
29265000,162.81119824514818,277.92925565883314,462
29270000,201.4536617192177,290.0305299800441,462
29275000,206.26504347031948,307.98507403161824,462
29280000,237.49392332079867,289.3264130966607,462
29285000,188.74747308865872,320.4358680525164,462
29290000,169.17960814952076,308.50275884171134,462
29295000,162.06783005701553,327.5755956264337,462
29300000,178.7349229911638,286.9345634051752,462
29305000,178.43209175090354,330.3148983494938,462
29310000,175.29660376822278,269.42518622269927,462
29315000,158.44077288600093,279.351000905633,462
29320000,175.84024584978783,366.25800128803564,462
29325000,158.7290824941319,294.3033059254696,462
29330000,203.26818059501613,310.04149789109937,462
29335000,213.38874511900903,354.94289013868996,462
29340000,140.55785236693197,298.59050130203696,462
29345000,176.0554647125188,356.4149730522282,462
29350000,196.901617851766,306.93729395187995,462
29355000,170.4756922312314,269.103606127951,462
29360000,152.57858017559602,363.54077819887374,462
29365000,171.25907849391498,319.2772089660681,462
29370000,192.60109153894612,319.92164911430814,462
29375000,183.38419254391223,256.9399687638196,462
29380000,134.66713186348852,283.74010198799317,462
29385000,153.30026568925692,309.08965899434764,462
29390000,140.4887019731577,282.00805787105867,462
29395000,167.8902998418805,312.40734120090127,462
29400000,174.3747793915026,353.9984865923912,462
29405000,168.4409879946145,268.7568372510586,462
29410000,137.56990280421942,294.83933230113394,462
29415000,185.16845016258682,278.40085187424893,462
29420000,204.14934393413307,361.9103580539846,462
29425000,117.55016860430999,330.9982856841084,462
29430000,156.92095673161987,295.95621108483175,462
29435000,178.27645131185386,322.66409006162354,462
29440000,159.77947522172516,355.0134439122093,462
29445000,185.66837127770276,398.08237036441915,462
29450000,214.93763549257125,288.1502673936823,462
29455000,149.08228793787077,312.98173212045367,462
29460000,176.95633733065898,284.68907254350955,462
29465000,163.60187498695493,282.0663080045934,462
29470000,147.64658302697669,304.888862522115,462
29475000,137.3128104672898,283.5242234405036,462
29480000,176.84543501704871,248.57404339769022,462
29485000,166.54769415983628,277.8804044756963,462
29490000,189.4967865902852,285.9718067227313,462
29495000,185.66263919615568,321.7781147087295,462
29500000,150.34917547532487,378.24193940209335,462
29505000,196.85487428395618,337.0534273560543,462
29510000,127.23893889125225,244.0310173167977,462
29515000,160.12781940736878,328.80034668376675,462
29520000,173.33097685286106,273.4154474515132,462
29525000,197.44363901389033,271.3057530585591,462
29530000,232.20195219637745,275.63537468743357,462
29535000,182.04440472063567,281.43343992802033,462
29540000,189.65094757921727,287.08198399299783,462
29545000,136.73501365904474,318.74360448175736,462
29550000,202.70678652173765,294.8924582910045,462
29555000,160.847647460864,259.2776076922133,462
29560000,177.7420295817482,339.98953913616083,462
29565000,151.47720616240602,268.00483971347086,462
29570000,163.2091334696103,242.43749576345337,462
29575000,164.33506440057604,295.6931115114329,462
29580000,194.50434493893013,319.11636912130507,462
29585000,228.9826408579723,356.0509090888899,462
29590000,188.5810333230706,280.9546575583987,462
29595000,184.99272062006455,242.93310900878555,462
29600000,204.80673923511324,281.7474938250892,462
29605000,170.72526432436769,307.4350638406619,462
29610000,185.0083959820476,315.4400841057449,462
29615000,233.75622290861276,297.98391909524776,462
29620000,180.72846628346903,276.61275361404375,462
29625000,195.10518917557488,290.0237569172798,462
29630000,171.88256139783604,304.4238399492336,462
29635000,187.17002639753468,305.62541871598114,462
29640000,196.28943611410494,285.49348241154786,462
29645000,179.81743228468002,274.7995686545703,462
29650000,195.01302335427368,339.883910141836,462
29655000,166.86608581250715,297.8080133972556,462
29660000,202.15263483145793,333.87480240131237,462
29665000,173.40535462865736,325.40031016749043,462
29670000,180.67659370595445,292.42501272697564,462
29675000,185.97760099658638,315.63391549118575,462
29680000,183.2430233660542,348.85107951268714,462
29685000,176.63623990874962,260.18474167102937,462
29690000,186.4857245912576,278.93757261570835,462
29695000,196.14873834586928,328.5969486195631,462
29700000,179.6640745236836,253.45349027243353,462
29705000,168.31459829107217,305.4156775640857,462
29710000,170.68013771018192,234.65526774721644,462
29715000,176.65523496203073,377.4899308732537,462
29720000,178.75321099203788,239.14375453896128,462
29725000,173.07489449732554,261.64186693832875,462
29730000,184.75314399466626,325.7862703634893,462
29735000,200.78517932856087,242.40895449054676,462
29740000,158.53812671486116,345.3305356328875,462
29745000,181.01880354708638,271.0782400118731,462
29750000,159.56366329110492,286.09856396280924,462
29755000,156.36513067077152,295.2796195468936,462
29760000,150.28984188896027,318.00245277773763,462
29765000,159.015275666753,237.30944972606227,462
29770000,163.4511007341868,358.9007877010368,462
29775000,178.47252569764572,228.50536531439863,462
29780000,157.79822959791898,250.90816654068004,462
29785000,158.92833713235026,334.665014693815,462
29790000,141.1134075219043,290.2352820992317,462
29795000,213.53052474963482,262.8855706282302,462
29800000,159.4027680873737,309.4535402432025,462
29805000,188.31788013420118,340.58199188192145,462
29810000,175.863914627932,271.3224603174211,462
29815000,162.14703621566696,292.4055096918438,462
29820000,182.52350769369164,295.64804603155284,462
29825000,173.26666315380737,280.109701586209,462
29830000,142.1402665958429,299.6033411679844,462
29835000,180.6455385398865,310.30967313570983,462
29840000,140.53818318097692,337.0252941488778,462
29845000,213.20167720688605,306.65481474465724,462
29850000,163.8741957098488,243.67872534952437,462
29855000,168.7401551791834,236.68471393705912,462
29860000,159.01979887160564,320.2488076262709,462
29865000,181.05954792751197,320.28241399947314,462
29870000,175.55920678082288,297.92547302374027,462
29875000,170.6801109863938,335.543577605187,462
29880000,168.4144974917067,228.2415056136856,462
29885000,173.21909502520063,338.99720548102846,462
29890000,168.30182524870887,317.89744341246893,462
29895000,173.4411952637312,282.9389891696657,462
29900000,152.77640482738084,335.4977356715969,462
29905000,183.72423107621586,278.55184805810546,462
29910000,139.3798995038676,310.58504590606464,462
29915000,142.4617640609461,207.68496112054913,462
29920000,194.083839564228,315.6578819240915,462
29925000,183.4926871541502,341.8509390460338,462
29930000,186.5823363512313,277.4232965899551,462
29935000,188.75274197215006,300.0879285198695,462
29940000,148.12209019769068,240.30030356495703,462
29945000,158.02596141792452,332.5444545727804,462
29950000,195.00522441930235,305.6615436721687,462
29955000,169.242982978687,369.7076698960007,462
29960000,175.7634340708595,283.2650031167431,462
29965000,163.34825409577857,369.1079726261689,462
29970000,158.01849354128984,259.78190853547727,462
29975000,154.6185109624489,276.61981223880184,462
29980000,170.50866278319086,255.56216274020366,462
29985000,196.11910291835326,356.81139016070966,462
29990000,161.89791688153127,297.463985335293,462
29995000,203.98129177114714,332.1441562150294,462
30000000,154.2083270862812,262.45440614937183,462
30005000,167.8992134744415,266.97130588839735,462
30010000,191.76905060864598,287.3279539598729,462
30015000,182.97111545469417,342.2739276659168,462
30020000,138.16218508670232,333.22149997400766,462
30025000,197.29315113150835,311.0594791846416,462
30030000,222.33532278191402,317.2263195960065,462
30035000,202.24043785105005,306.49720274346873,462
30040000,163.79791144577862,333.8825704741734,462
30045000,199.22792458981988,300.9786177906132,462
30050000,155.179719204951,272.17684864089375,462
30055000,163.91538409964625,292.72406237507363,462
30060000,158.7657144950735,283.19065696402066,462
30065000,186.85797458733543,343.13059187141704,462
30070000,193.10618882090637,331.99476805874144,462
30075000,187.59824990905608,281.92974036223745,462
30080000,178.54547162389585,328.4154988195194,462
30085000,145.19298106771268,332.86639749636305,462
30090000,168.80812089012545,278.2591433151259,462
30095000,193.87848803807185,290.35616992309633,462
30100000,167.56771205473214,284.1418602552354,462
30105000,162.77832390986836,304.0719576258774,461
30110000,182.32750000649156,318.4369296123641,461
30115000,157.2717689676401,295.9527262711893,461
30120000,204.2210926339621,344.8814425094204,461
30125000,169.87987482176447,300.05529006507777,461
30130000,164.0716759396216,304.4375630676688,461
30135000,191.72332447688007,381.79115989893313,461
30140000,165.56798381741336,357.6622328831934,461
30145000,183.2004679875451,291.5480591441547,461
30150000,172.6203419145586,319.91596361172674,461
30155000,192.24651588972432,292.47323659557406,461
30160000,177.1116981514887,260.28595099969397,461
30165000,159.5531042223051,334.38357020603576,461
30170000,185.6806922309451,248.00022842887404,461
30175000,169.87453702935386,372.0567436419472,461
30180000,202.79835342272216,309.29047991636213,461
30185000,152.58770550215306,264.4713134189353,461
30190000,202.21464759701942,278.1277942933271,461
30195000,198.83406879738178,274.47317971384086,461
30200000,222.1592474805252,352.02650573612726,461
30205000,208.80464429626426,301.2001399842183,461
30210000,230.8729265958755,347.7842020377006,461
30215000,180.03978392916332,262.78844629206156,461
30220000,162.88165929471333,373.7318748381421,461
30225000,204.9847381468792,313.6724429087376,461
30230000,185.05177360953988,246.91768611634757,461
30235000,220.8849393102374,380.0112136968548,461
30240000,205.74316373315037,303.8862783135633,461
30245000,192.104815795403,267.1811736651356,461
30250000,189.93093860325365,287.0964753738851,461
30255000,186.47154528273583,341.7079859195001,461
30260000,226.35295854141563,262.6277450619762,461
30265000,175.7544421632138,288.00913499555054,461
30270000,164.6356383063011,364.50898453851215,461
30275000,170.63091878550418,244.36700531085813,461
30280000,220.2766882984762,305.9661586270529,461
30285000,279.3257992336259,323.7204471983742,461
30290000,199.56265365093682,256.5140613540105,461
30295000,181.2784816629214,302.255603258024,461
30300000,183.2990327127701,304.77572634415526,461
30305000,197.15876904604002,323.256312856897,461
30310000,206.2295140913698,335.88421268569914,461
30315000,167.43030813967547,289.4659624012558,461
30320000,178.48899658718818,310.5567311943675,461
30325000,182.20310016437978,316.2028594969641,461
30330000,178.30317430625655,322.8223430810363,461
30335000,161.90717702876037,353.1167457545846,461
30340000,173.24940619262773,307.1174148965702,461
30345000,184.36229727644925,326.0067397963517,461
30350000,181.6616914400392,268.66060838098036,461
30355000,206.56035926584832,306.74778953326376,461
30360000,168.62580750891513,298.03224737321193,461
30365000,164.13681583701734,339.1796391061901,461
30370000,197.98513461448715,255.03321025791774,461
30375000,164.52866334007453,250.50033972176317,461
30380000,234.96690400225995,282.43575916508814,461
30385000,163.5112915556412,285.23884192443523,461
30390000,176.51383387112068,322.13993877856,461
30395000,205.22994937845695,375.8468778976813,461
30400000,169.36029284034038,263.66897252590104,461
30405000,217.02909188188548,354.800860665807,461
30410000,188.44404407899918,292.0409534596589,461
30415000,205.68801473102414,294.0252354862755,461
30420000,216.01036068861447,316.968270109681,461
30425000,213.89229681634188,314.7981901449182,461
30430000,166.05799905073533,311.3262275325147,461
30435000,218.6017966059754,329.778890569887,461
30440000,154.69867029710716,262.3083562651276,461
30445000,173.73020980319737,293.59765405991965,461
30450000,211.66514155678595,269.94944382726885,461
30455000,197.4184559286243,329.9682184780406,461
30460000,202.67978403034,255.427906687134,461
30465000,154.1587693424506,293.0386797116199,461
30470000,210.74864739760798,328.7452040769464,461
30475000,240.68560242427444,283.9255451262305,461
30480000,166.54922300093492,278.9068988119435,461
30485000,160.05159125635717,287.4905083785329,461
30490000,168.88255310040742,233.71810550936772,461
30495000,243.6262448560434,317.33948176839505,461
30500000,196.5058868776206,371.6470969763336,461
30505000,191.12059630081384,276.66029562683053,461
30510000,168.32329395299823,285.32673552039995,461
30515000,182.48908477482908,281.4340426047442,461
30520000,171.91409241675004,287.0311845170099,461
30525000,165.63728257935927,301.9866517050392,461
30530000,171.99788110851375,311.1425360775374,461
30535000,171.2171900229848,295.36093708665265,461
30540000,181.48731589329398,263.7386309362605,461
30545000,192.09259556216657,311.5983462871459,461
30550000,165.70767443466477,249.2611254106417,461
30555000,183.0645771346286,293.99297532137757,461
30560000,224.3960515535687,244.07562382733693,461
30565000,206.8811459726157,311.9551114965848,461
30570000,179.6340790642967,305.69530063752364,461
30575000,141.88636424957937,305.96928555135935,461
30580000,188.8548921966177,270.45894212188637,461
30585000,196.2073637337628,333.7181062675753,461
30590000,175.4514871010147,318.14918965238013,461
30595000,188.06898872480036,231.74560076635404,461
30600000,162.29864926091915,333.99696802226026,461
30605000,192.05000406711383,336.4510773866306,461
30610000,173.58133501716236,300.55807172323165,461
30615000,168.66392196643184,237.88561787262074,461
30620000,227.20088988298838,371.30812258850034,461
30625000,159.41491290069735,335.1053106302549,461
30630000,198.47901924967195,314.1857408840155,461
30635000,179.85834439151807,268.52464083357694,461
30640000,203.29230623706795,301.7569985927314,461
30645000,161.27355973929437,300.6680217169269,461
30650000,178.41335721911045,287.3930396642452,461
30655000,162.93415020803803,336.1317985190286,461
30660000,223.61267211108955,277.1199820099766,461
30665000,165.75906211576893,280.8223549043936,461
30670000,175.88756909025736,333.47168643215537,461
30675000,167.14420521536005,286.449433997713,461
30680000,180.27801331126594,302.4381827243493,461
30685000,195.84961276381316,301.94412898220304,461
30690000,214.49085717560982,296.3305954230392,461
30695000,145.3050101180377,303.33262571132,461
30700000,181.22240210602482,289.7028719236234,461
30705000,154.63259985481466,384.1015861059934,461
30710000,149.04726152727434,314.99612466112023,461
30715000,163.95073391423094,312.17062427388356,461
30720000,178.43879077657562,211.5746233717726,461
30725000,218.28610463321996,314.81428650078857,461
30730000,191.88685303763756,340.74843283580856,461
30735000,216.96837195599034,297.8320654869273,461
30740000,188.60433205246025,322.69028080918497,461
30745000,183.7834249766308,333.1826608217442,461
30750000,202.98627762949107,273.09514020504076,461
30755000,186.5818509610639,239.30107283263462,461
30760000,185.7934149695726,313.85830338907795,461
30765000,179.47345891913307,328.31525576254853,461
30770000,178.92139783544386,269.49051229837994,461
30775000,150.18205679825076,279.16858936155035,461
30780000,160.61353994034775,280.09754059858096,461
30785000,148.4004096670237,319.4299104820264,461
30790000,175.57275357618303,228.45256227537593,461
30795000,153.20236993615177,308.333126342668,461
30800000,156.71927115760317,339.6139591957593,461
30805000,151.22741568294143,298.0064022429211,461
30810000,193.17914344102007,277.59936959209193,461
30815000,167.35245304670207,346.873344788302,461
30820000,171.3384885932345,287.49931471311635,461
30825000,174.95340665842463,349.05501662649453,461
30830000,183.2106994897347,305.24381964741536,461
30835000,166.0435691002763,234.20228987680764,461
30840000,151.02576049464096,280.29475435390526,461
30845000,184.5294536426006,285.5121842178337,461
30850000,200.036617895265,343.93064424437324,461
30855000,158.7545634862394,303.23004830775795,461
30860000,179.08711254749625,326.8348380285601,461
30865000,204.03958999637211,251.13238468720252,461
30870000,170.38017419072747,300.3819364389487,461
30875000,167.2682128249931,326.39741510897505,461
30880000,207.32644281715264,264.9284580179636,461
30885000,202.6403838755284,277.0608415393555,461
30890000,185.49539025891343,349.01485969278076,461
30895000,167.9497140588744,323.5798518320462,461
30900000,145.43119601161098,259.11489731087113,461
30905000,162.07714320259726,313.5113363013472,461
30910000,153.60852970451694,344.1481158031162,461
30915000,179.4339670696899,303.87083473677916,461
30920000,198.79240936419737,308.270026295289,461
30925000,202.1626109999739,279.88526563964643,461
30930000,148.34159858990517,294.69581993531256,461
30935000,197.24643631291406,294.1820844690853,461
30940000,181.39533115665392,281.234109830817,461
30945000,149.89052995951536,290.3096650024263,461
30950000,198.47304968288486,327.1264616888744,461
30955000,173.59288462365592,273.41512219484446,461
30960000,188.40701776759028,272.993152066629,461
30965000,189.12000328480713,299.60300927049184,461
30970000,175.81079538487285,296.81124972055176,461
30975000,191.49848720795023,323.83456630844165,461
30980000,165.34417984801019,295.64615763608634,461
30985000,194.13071342566985,291.51815874747325,461
30990000,147.2463958025841,254.72613367826446,461
30995000,174.41196861464985,284.92216982265546,461
31000000,169.9284177352677,276.13837895569657,461
31005000,193.10275658302663,397.56728680713167,461
31010000,140.37731383417076,255.936099879364,461
31015000,179.9815230490093,335.66718220233463,461
31020000,182.15464770743156,340.0729489554029,461
31025000,173.72602053646042,318.4317426030475,461
31030000,203.97369372045011,299.3445269032614,461
31035000,164.658274275367,315.9784924987812,461
31040000,150.52173428809954,309.28717386203505,461
31045000,185.16010023668778,296.1509290750918,461
31050000,189.54722759361178,272.4938271985982,461
31055000,201.59100857643466,290.24851262307703,461
31060000,168.16412725718698,325.46311093113155,461
31065000,171.87300770093236,347.4731566926599,461
31070000,159.24391600716248,223.9527649530238,461
31075000,145.5055762074442,285.88048897709535,461
31080000,191.43859233400548,337.72191547815123,461
31085000,200.23755967731998,264.9577885437735,461
31090000,154.24473005262547,322.87878724949195,461
31095000,174.58242069481855,280.6722131805135,461
31100000,191.01714835854804,235.97063324018896,461
31105000,170.21510416899935,358.8328407829016,461
31110000,151.69360310981557,265.1383755865287,461
31115000,213.28407335278555,286.4206909465282,461
31120000,180.89670377741004,259.9863046983026,461
31125000,169.76925552281904,333.7615115369462,461
31130000,173.01230397205666,301.5316767651201,461
31135000,161.72846623053104,346.12112930457266,461
31140000,188.77235163710594,274.0706482980178,461
31145000,180.79016099199444,282.16484931193224,461
31150000,163.87806115300572,254.46834086510222,461
31155000,187.44239710797524,324.31170870786923,461
31160000,144.37051463199995,344.81788859765635,461
31165000,163.34469403488578,284.38069455622764,461
31170000,160.9444802984957,240.8105871245962,461
31175000,165.29243552564992,323.82748992450723,461
31180000,163.64698133267638,295.46921493478,461
31185000,178.04649044161604,278.7943058188494,461
31190000,184.9864851159567,365.30212682392835,461
31195000,149.161260722302,274.17101993172975,461
31200000,176.5715738202218,324.9159097950173,461
31205000,152.7068548388046,281.7207145179231,461
31210000,179.07284089434623,337.2331925786186,461
31215000,173.6951472892782,277.6305581217318,461
31220000,168.68931547233737,262.60303609933527,461
31225000,152.70544700389323,311.53736364914243,461
31230000,212.58955618054793,347.96321110132607,461
31235000,176.48560433238157,308.8875083336188,461
31240000,155.74473000575233,267.3352050949991,461
31245000,188.7307331441022,352.11895830785573,461
31250000,205.3097308447551,282.72183284048447,461
31255000,181.682408654967,277.98931127442796,461
31260000,166.4555708671833,399.8943609659753,461
31265000,149.81958769746066,258.4829285120929,461
31270000,165.21550911995632,333.13582587893484,461
31275000,183.10770160308212,369.4884803495498,461
31280000,195.60041951973386,302.97874238978045,461
31285000,200.37314314347134,302.7109726651315,461
31290000,165.43311783722558,316.2918869825526,461
31295000,157.39449322655108,303.66227368511574,461
31300000,178.28410763183626,277.8393265736278,461
31305000,182.99517807760785,281.5738218117239,461
31310000,167.19126819761868,261.9107286390345,461
31315000,134.43351390491515,310.49785900735753,461
31320000,206.68585297005845,313.8883657742111,461
31325000,169.00743457599398,335.020479144825,461
31330000,102.07071315394123,335.5387666893862,461
31335000,177.5005673554982,340.6632545104567,461
31340000,152.22787991308007,344.0926132958509,461
31345000,181.86474744340356,293.438886108585,461
31350000,152.3517200332796,319.063945691655,461
31355000,175.07524309417622,266.0191902227574,461
31360000,154.46831439131836,247.82650488015335,461
31365000,184.70847769773005,272.54529118064124,461
31370000,140.74454589369418,238.80087496613913,461
31375000,201.93561219385407,355.9638123511892,461
31380000,191.09999574639969,286.9983803542636,461
31385000,174.86784965889987,252.0512405490567,461
31390000,174.2386137305847,260.57402008185807,461
31395000,168.35411409728377,279.0432026143951,461
31400000,218.24733370765918,297.26108849961764,461
31405000,224.0312309287346,323.68095453996636,461
31410000,223.08669816676525,274.02307052844634,461
31415000,204.74162890191448,387.7593259772872,461
31420000,153.5946060224436,326.761211782178,461
31425000,194.63452051648375,336.27892671243467,461
31430000,216.9386655904783,276.68275471534,461
31435000,199.95465928850973,319.2223009197428,461
31440000,160.2588579823937,298.4103674485331,461
31445000,163.41647938339523,335.3197100916998,461
31450000,165.60210858113615,418.8129462217824,461
31455000,160.6194433111582,272.4145742590547,461
31460000,178.83277982069035,343.9852064435108,461
31465000,179.8947313792748,305.1579093255289,461
31470000,180.517598775561,295.89527596551346,461
31475000,176.6263012410798,304.66373092889546,461
31480000,179.0177177386724,360.6673911479054,461
31485000,179.79789353239286,310.65137448627326,461
31490000,171.03000962315014,397.66387420781945,461
31495000,135.6852673189721,300.77039009347817,461
31500000,213.9295562148636,369.75686120594213,461
31505000,184.9283643624034,265.27563122713156,461
31510000,202.93094328127034,285.87550246963013,461
31515000,192.90080098103732,275.1932598491038,461
31520000,176.04276285354868,296.60370514385244,461
31525000,188.84820145479642,229.34707609128054,461
31530000,208.17918027669063,339.3549505828307,461
31535000,174.11265050842806,382.1332302359537,461
31540000,166.78714668203023,263.8735600281513,461
31545000,177.07351350206253,274.5617771954669,461
31550000,162.59130056195704,280.48690963206167,461
31555000,197.82770815411277,296.75110260796566,461
31560000,178.03918186968042,300.9019014417573,461
31565000,176.39172073740633,346.53688868007276,461
31570000,197.30896934827635,331.7590015433347,461
31575000,187.14033698596967,267.6135667196283,461
31580000,149.43639856282715,291.1156653472471,461
31585000,208.93004982524968,339.2798666448515,461
31590000,211.36186852148535,256.1106510375535,461
31595000,172.1169057485681,302.512950471784,461
31600000,195.57595979913964,271.2718142850098,461
31605000,143.92554571018445,264.80727621625596,461
31610000,204.96537663930735,357.2135829489504,461
31615000,229.65795570598257,302.31491225527384,461
31620000,168.8967263455151,343.6622800773809,461
31625000,169.12173061810282,259.9047376112149,461
31630000,155.10901139499447,342.35038315423174,461
31635000,195.0632707551918,294.5001493426574,461
31640000,167.25386493509095,234.47882455636537,461
31645000,169.29792236354862,258.5189575841808,461
31650000,202.1104193905364,297.28780496857866,461
31655000,226.2739479655088,289.0114849615564,461
31660000,171.98380127867924,267.03169220259565,461
31665000,181.9711623712514,241.7963316684054,461
31670000,141.02338212967004,284.2393863045628,461
31675000,184.6660009266881,343.6139369747778,461
31680000,182.2419394269458,272.22055044705274,461
31685000,174.68236650180037,288.73067340371836,461
31690000,185.50513845371344,307.7421483940225,461
31695000,164.86352288298295,258.62603996921007,461
31700000,163.70847468287226,287.8816162388694,461
31705000,145.13458085182305,318.1498591816607,461
31710000,166.89135524304263,279.6905452974458,461
31715000,180.6548331802846,321.19821352313215,461
31720000,169.7180192824521,317.62265610664275,461
31725000,190.49152659387823,358.22457181004427,461
31730000,158.1361304796852,321.6599337037983,461
31735000,160.72479180180954,298.0430814254149,461
31740000,204.2630855401309,323.5593307618892,461
31745000,199.94481124874278,293.20285371239527,461
31750000,190.06146175231143,299.7303184289558,461
31755000,170.01271200534674,341.8247668018535,461
31760000,193.2130887670724,291.51120467629346,461
31765000,187.1452794827692,281.7748013543854,461
31770000,195.86425557613603,324.2838470327543,461
31775000,196.07280983283252,355.4360479329413,461
31780000,158.72181163796938,328.5120012064283,461
31785000,173.9562657441045,294.4454483007004,461
31790000,195.62070561141903,254.52173523762477,461
31795000,144.73491338033182,289.4851708375492,461
31800000,168.0782996956483,308.5138615228288,461
31805000,148.46731042355205,328.5541158957986,461
31810000,189.90567561823818,312.577249513371,461
31815000,196.05540307976827,280.4418723253117,461
31820000,183.8154174355028,358.32921995571263,461
31825000,144.29901227335426,295.62823409855,461
31830000,174.5891255545996,265.3753013468185,461
31835000,152.61950540072363,323.7146204911927,461
31840000,166.92350640567003,234.96213168434218,461
31845000,148.31957135722084,318.06644600374386,461
31850000,182.41051539562116,299.39557354684797,461
31855000,167.7162708953371,289.0129876148419,461
31860000,197.10172206839462,291.71394752243356,461
31865000,173.4770332468582,261.8788262103203,461
31870000,150.58148585891934,275.02170795922535,461
31875000,144.49857071468017,284.1958162697989,461
31880000,190.44700858671865,334.20668172065757,461
31885000,192.30611066501044,371.13458656935273,461
31890000,164.08627940195174,347.9158293180211,461
31895000,168.30350409652547,214.72620073872682,461
31900000,206.30032441852114,344.9844035451428,461
31905000,178.6906074544669,357.6033287468609,461
31910000,176.3446403445458,351.4908401514734,461
31915000,154.5085707769975,368.9492766851077,461
31920000,182.03928462078173,270.0466072375508,461
31925000,207.902142125037,314.2026520343905,461
31930000,184.8329391627459,312.42331804821197,461
31935000,180.20879854330863,276.7428551295351,461
31940000,171.69430926832374,279.46739812274285,461
31945000,162.6551527432311,372.76391034162884,461
31950000,153.36992414623322,260.3258975378452,461
31955000,183.01593171799627,349.28754663952157,461
31960000,205.25253542831106,283.8794130583273,461
31965000,182.39653320684928,244.44774837774654,461
31970000,222.8498506282911,259.2766873854677,461
31975000,213.18911864974538,299.08044412058234,461
31980000,177.10177762403106,352.55683238642393,461
31985000,166.33814439681666,267.28807005063345,461
31990000,199.7249985255619,434.59043562804953,461
31995000,179.55441042588203,327.55882786508226,461
32000000,155.44241646757632,324.1019765195104,461
32005000,195.24140787549027,295.6601404288378,461
32010000,153.47042344294118,328.20891217768485,461
32015000,197.40350066431378,260.1485511982994,461
32020000,172.86618932305828,273.83405859535895,461
32025000,175.56292091823735,330.78760772833294,461
32030000,165.74314828495747,234.91259887076774,461
32035000,107.82742129141414,287.3769508431386,461
32040000,155.1284794801118,225.80459879387507,461
32045000,186.5824975775816,284.8299389952329,461
32050000,194.34327373201847,269.25509472391815,461
32055000,162.50994461678474,307.77048199029747,461
32060000,173.38303161059434,346.8210600990811,461
32065000,115.38475995734123,266.90656218544467,461
32070000,188.16790917184235,375.1793915432981,461
32075000,131.37968050081497,253.80378381326634,461
32080000,166.59091183095353,320.4142851684025,461
32085000,169.24431755676716,301.7180305893899,461
32090000,178.3352318692717,314.8185968875379,461
32095000,150.21247082115966,336.66417709097294,461
32100000,199.57823914292726,342.1077564019282,461
32105000,172.45429831947834,323.09078056697183,461
32110000,169.98360605552742,325.1847614431408,461
32115000,191.96523345595924,355.34139467872535,461
32120000,219.14042854326206,336.81511378698673,461
32125000,173.6457976743429,332.19137798154554,461
32130000,193.1130589016708,278.7318234092154,461
32135000,186.5478788247741,290.9941129323951,461
32140000,194.06160019453773,304.2258705089611,461
32145000,178.8870543329758,274.193729828658,461
32150000,184.33667578111755,315.84153422546666,461
32155000,144.91246299765692,274.40208219128345,461
32160000,157.0074196960592,281.99476730564606,461
32165000,186.29492204165987,296.3420020132151,461
32170000,175.1450954697126,293.53155547916407,461
32175000,175.0694658264351,264.76954172240096,461
32180000,187.38430544911884,291.94772629940235,461
32185000,198.6688069067869,321.66141032289846,461
32190000,196.80946549771792,285.2799581791397,461
32195000,166.3131749852903,348.82343625212286,461
32200000,155.64549963891,324.61329582559057,461
32205000,163.42874057140386,267.29900756329596,461
32210000,150.87813568885238,261.59542214431576,461
32215000,183.41715246126122,278.2109768010821,461
32220000,151.5166830859005,281.0426308996627,461
32225000,196.17282354537164,248.68039146410106,461
32230000,176.19685895132605,302.2360938667676,461
32235000,175.30787970283504,243.72591354272785,461
32240000,186.58877700506946,308.42068097309505,461
32245000,175.53836917987684,271.741176742205,461
32250000,143.85157930436122,287.90180078573286,461
32255000,170.21527987111057,353.2060334945947,461
32260000,183.2552714150189,293.8210631735805,461
32265000,154.46516462754522,247.6477043641497,461
32270000,146.73005950509554,319.07670481566106,461
32275000,161.13279358257128,307.30941487493743,461
32280000,169.24757567867533,255.60734776124406,461
32285000,151.39389152022676,271.0525980885642,461
32290000,168.13376587394487,310.2520331979444,461
32295000,153.56157867986332,287.2974274025561,461
32300000,219.7792703173702,311.6527430860868,461
32305000,180.0012749735094,336.87910362337675,461
32310000,185.15883170187695,289.73893957192377,461
32315000,163.9952958157945,356.1177301433453,461
32320000,137.00118713586522,267.5369777342354,461
32325000,178.86445281145657,278.0332659045008,461
32330000,184.08735538946743,257.40746213915764,461
32335000,189.90940624971336,338.3586452202082,461
32340000,203.89990049621395,307.00288220069353,461
32345000,204.62575108311702,301.46383920912405,461
32350000,178.2200886397804,286.7996689472369,461
32355000,158.83258121957337,355.69250129063045,461
32360000,201.78204940382625,314.13441369415744,461
32365000,171.10710356088697,271.2169734909161,461
32370000,168.1766653762506,272.9798327651993,461
32375000,205.6755941944187,329.4382599985035,461
32380000,158.1462697985351,322.63863791420084,461
32385000,188.8449027209498,357.3756939037236,461
32390000,178.6416732954575,302.72319843763756,461
32395000,162.14479360862495,245.96810278105846,461
32400000,167.83809578260806,298.7661010914322,461
32405000,200.05209282692397,336.3427155279966,461
32410000,167.18615540510055,300.6984196444307,461
32415000,142.35954418791945,228.32881730125226,461
32420000,190.59195411177063,238.9227286712063,461
32425000,136.20985151988378,267.90791690983576,461
32430000,186.763244280112,335.2048899224586,461
32435000,171.39166978669223,309.88747482404955,461
32440000,164.31825690980372,300.3599970582637,461
32445000,156.0387449112494,313.3325077091844,461
32450000,178.87964687965066,310.68268299085514,461
32455000,196.30279595402448,371.3392060030385,461
32460000,157.96021282527062,295.1177933243504,461
32465000,183.29555779976027,303.4774321638114,461
32470000,163.0649366740014,287.73581368660945,461
32475000,164.93311517921856,328.67545043158077,461
32480000,166.394824415067,273.5414822165401,461
32485000,172.1188150660561,284.41693796399244,461
32490000,198.60865285002228,298.3407699143072,461
32495000,156.6696370845163,298.0713981597616,461
32500000,162.1939520006741,288.04904403704415,461
32505000,174.44564831987898,278.55266059238426,461
32510000,202.1392007233696,281.1503635843548,461
32515000,187.5763006587261,248.89368746756503,461
32520000,209.51084648663576,307.72318926853626,461
32525000,150.75512698289765,315.2754447797987,461
32530000,145.51360804713556,223.7123118145316,461
32535000,194.53683461986498,281.2564254514838,461
32540000,150.03945516910497,289.3612555273392,461
32545000,184.42997435850532,273.946323122283,461
32550000,152.99963127685052,350.90717794122344,461
32555000,187.97021504197514,269.2735991032524,461
32560000,168.82833345051364,328.32725469793,461
32565000,155.0856014974575,286.86192501497686,461
32570000,166.30084939697284,241.21413718603972,461
32575000,152.44667699025473,314.8027090456355,461
32580000,195.3097426835684,268.096546359034,461
32585000,154.36223553374208,329.9198585031829,461
32590000,165.42292130916286,338.05294213353557,461
32595000,150.96124526971462,236.23851168628232,461
32600000,187.32099896189257,344.15752395436374,461
32605000,172.7746477554191,327.1788923935276,461
32610000,188.67737779052896,252.5807465107503,461
32615000,201.6855940010965,306.88660198926624,461
32620000,215.77559990281526,288.99383999503846,461
32625000,153.62390113706857,284.306106439093,461
32630000,195.37495963673072,261.1433207696458,461
32635000,148.18728151179405,331.8960453139191,461
32640000,171.87788513134606,266.4887491805688,461
32645000,145.1533825606485,336.43622066303334,461
32650000,150.8083905411399,281.42252189532223,461
32655000,179.96580320880201,398.3383319803023,461
32660000,182.07068079709722,284.4491626600539,461
32665000,125.69951415818815,323.17484078852607,461
32670000,200.24929990638637,350.17210614032626,461
32675000,173.98143769181362,329.50063984776057,461
32680000,204.76982824360948,334.0515955209594,461
32685000,151.6480358676704,232.2261603357603,461
32690000,188.43285708654852,266.83199007808804,461
32695000,149.78823627540547,272.47404667981704,461
32700000,167.5975007647173,283.3940983849799,461
32705000,227.48589537872257,316.4780957181422,461
32710000,195.68067653146844,307.8569463590109,461
32715000,189.08865416293818,304.38151640218484,461
32720000,173.35026866567603,345.14473849803767,461
32725000,190.62467251122152,336.5905543834567,461
32730000,166.9975090914894,296.2307321315164,461
32735000,176.36068696415572,311.2821718792791,461
32740000,166.69934907965603,333.65305092947995,461
32745000,211.0867270467413,309.0064965423351,461
32750000,169.62528273417718,339.21020755102376,461
32755000,207.56216435632533,349.1260415416063,461
32760000,170.55093673751577,292.56674299635137,461
32765000,230.29533661890295,279.17490414318047,461
32770000,154.19748216288787,315.39055280035905,461
32775000,165.5762018316236,326.3772007641318,461
32780000,171.23887075450477,310.87707735521707,461
32785000,151.9732692992151,302.0151538667709,461
32790000,163.10256390096046,349.77345034558937,461
32795000,125.16562504634145,290.9243757786247,461
32800000,158.76890901704735,283.52791220044986,461
32805000,169.45260376293243,257.3263468247605,461
32810000,172.90155032537226,317.9746789722289,461
32815000,163.35995895683854,372.22282516963696,461
32820000,147.12082835426733,285.7687695231603,461
32825000,164.46604137078916,292.38564388625565,461
32830000,158.30013479326743,317.97279857097794,461
32835000,161.72543662881472,289.91751112340773,461
32840000,134.05409974265095,318.2591255508003,461
32845000,199.07231069669518,354.1253473659521,461
32850000,173.23335028407283,309.62353907977314,461
32855000,215.982222978578,325.0552339713649,461
32860000,168.67848374050465,264.0783298624988,461
32865000,164.50041021192973,335.00792636080376,461
32870000,161.57428024149638,307.72295820527546,461
32875000,150.52277619583674,290.9308744590093,461
32880000,167.95800841784663,271.1238167701039,461
32885000,146.43969605875608,264.9101182625927,461
32890000,173.44987801353238,361.35413750522554,461
32895000,177.21524093020122,264.95669933655455,461
32900000,219.84453803010499,304.81481500910854,461
32905000,146.11755118642876,294.4917033395225,461
32910000,173.93054177621315,262.0598537281976,461
32915000,147.07047832888884,312.0646756313369,461
32920000,177.3275291987506,308.30978450713076,461
32925000,172.58364167876036,299.9920172556928,461
32930000,183.62654070267854,297.419924910097,461
32935000,184.45544211252923,324.8718919159129,461
32940000,175.3317577875749,287.97440750570314,461
32945000,214.71043188343683,340.36213909769276,461
32950000,205.51884678386426,253.5560453278925,461
32955000,180.96033793155954,308.63292075688247,461
32960000,155.42377907746607,262.22072854824523,461
32965000,157.75269706661524,295.2660408093482,461
32970000,146.9190974840332,361.60264562144084,461
32975000,195.83520380852212,295.3731881369174,461
32980000,149.57377563299286,351.3853491262904,461
32985000,211.59542616484325,357.3925500184228,461
32990000,180.23858074164698,333.85452086319646,461
32995000,183.1948047562773,296.9124338277897,461
33000000,170.56429615811297,286.3152251722304,461
33005000,151.66174897280175,300.5569593988735,461
33010000,190.62904845379177,334.1989458183372,461
33015000,204.20243709871323,260.4977297179321,461
33020000,190.94217772219176,284.2463800656663,461
33025000,149.99666019882784,333.30027456104096,461
33030000,174.5555370742332,351.2121282707998,461
33035000,181.8443907992828,269.93045197522605,461
33040000,177.05553340775154,357.136592136528,461
33045000,170.94303027205456,280.47819782016484,461
33050000,170.74643520661203,346.04757450055575,461
33055000,188.47989254974246,326.5967124655705,461
33060000,174.30722783005442,270.6724345904312,461
33065000,157.73257825346226,308.28147782084204,461
33070000,174.85033015159894,371.03041707826907,461
33075000,185.51791179781466,269.4769129289173,461
33080000,197.30740214758004,311.59835933875314,461
33085000,198.9899400532797,294.89346878501203,461
33090000,162.44642304159214,319.2419988101298,461
33095000,151.04840252932848,313.73070438146186,461
33100000,179.67581424269736,318.14397204164175,461
33105000,171.0884757110494,283.86831428348637,461
33110000,149.2308426939721,329.3568325926352,461
33115000,178.91860848365135,352.48050473452884,461
33120000,207.06187716622637,363.0007621327476,461
33125000,182.1028139668232,271.6068362437952,461
33130000,195.43582951631552,300.23261315377437,461
33135000,174.08968478725666,260.0283210112588,461
33140000,150.35878874522663,339.413701814587,461
33145000,165.15814381221588,300.2705248690951,461
33150000,153.4773186538809,296.9685613277838,461
33155000,175.3231390822293,250.99643609505978,461
33160000,211.31322987022943,294.68118376739864,461
33165000,184.93397929515805,297.7026520983604,461
33170000,193.97331473902398,364.18473446307223,461
33175000,181.2356778316886,360.670079186521,461
33180000,209.9628675720499,269.54356593174595,461
33185000,194.8904192841617,393.10057506571343,461
33190000,209.239263811723,277.4341636724139,461
33195000,180.49484470099316,264.3067196561861,461
33200000,126.78141955922275,283.3323046885382,461
33205000,201.51893519037435,339.38080105825395,461
33210000,151.77441507116518,317.1793195260916,461
33215000,150.33279503951357,275.62295916590955,461
33220000,193.33481576557585,276.33539952429663,461
33225000,161.3355575206201,269.07351229818585,461
33230000,183.22506410236343,331.4779518500034,461
33235000,188.6349428543204,315.4825022206032,461
33240000,155.89653126379474,260.09702768464234,461
33245000,155.16422425408444,297.10384266300935,461
33250000,190.66532358488067,277.3917243687773,461
33255000,171.26481098834944,304.5282614243096,461
33260000,176.373042747214,295.88563816912364,461
33265000,183.0942840944182,341.54011041804864,461
33270000,172.59164285280352,284.988737494471,461
33275000,187.415125590803,356.61093347969216,461
33280000,179.96282559991704,280.0473824061562,461
33285000,157.82077382994595,275.3737137577099,461
33290000,177.1722488940303,312.4939397990988,461
33295000,191.41908165560645,307.393496075065,461
33300000,183.69219928914814,290.66218840904804,461
33305000,178.20034037042183,333.679982845895,461
33310000,159.41202811236326,298.2841762743292,461
33315000,180.58876016884807,335.7425565029616,461
33320000,146.89804135018613,302.8061793796273,461
33325000,145.23200865103186,334.48529552096875,461
33330000,158.59711756743212,309.32291150639844,461
33335000,154.11853187330496,244.50523736563022,461
33340000,167.20435111909316,267.28441414252063,461
33345000,198.6448779436336,274.96647429063495,461
33350000,176.64379699732018,297.91658200328845,461
33355000,183.4297021197294,286.2768050294196,461
33360000,172.0594868395227,256.2805487228681,461
33365000,146.34282213663963,295.8187940034206,461
33370000,137.0671940142448,259.54504650152626,461
33375000,200.9797856080248,262.20412934027246,461
33380000,149.02878311063196,246.29916466892618,461
33385000,150.90967255273358,308.12019820589285,461
33390000,175.8330310176192,272.9393061724525,462
33395000,180.19730211916,280.8072739163446,462
33400000,178.52667791490742,279.6670388091403,462
33405000,206.39667796678475,298.8223283854224,461
33410000,184.3961591120748,301.44103938877345,461
33415000,180.59288571518056,406.93443360231197,462
33420000,169.73645716250388,267.2328133740741,462
33425000,175.46666766470332,297.85271635657574,462
33430000,189.6266112840532,261.51409400592024,462
33435000,164.19642509772535,293.1637601920916,462
33440000,163.80006606948552,255.817781549046,462
33445000,186.29160238694163,340.093761020022,462
33450000,208.35171169404018,280.97135241079644,462
33455000,186.6332798763773,335.4581666496537,462
33460000,170.95045001679202,364.9958944357004,462
33465000,149.55032894759287,244.84544385335624,462
33470000,177.4038346992432,310.3626627844666,462
33475000,149.51453795570126,275.5121902231746,462
33480000,189.37501962185246,287.5579733350366,462
33485000,164.4311794921639,301.9032747291679,462
33490000,144.09657946613984,248.18451843709903,462
33495000,161.4044165374315,320.0749754479568,462
33500000,168.4816611216712,292.7419768886919,462
33505000,155.03328996360327,320.34957784811706,462
33510000,188.92973672923102,270.0835609462244,462
33515000,146.65309541189765,362.0272011562256,462
33520000,226.4533973334772,298.59858715952504,462
33525000,163.4248868222021,245.96199018243874,462
33530000,180.38266202580073,332.7979518240772,462
33535000,136.8036456787205,338.3928935680748,462
33540000,193.67337353711412,394.2004881542965,462
33545000,238.9501114296693,291.7533741661737,462
33550000,179.7501274544595,271.24405224336874,462
33555000,187.51423299055935,275.676989330163,462
33560000,190.5560689844106,278.25244108551647,462
33565000,211.93025111256102,318.354133341421,462
33570000,177.6120581577799,334.77197231944433,462
33575000,163.9250133165438,266.7537995338919,462
33580000,160.53270160207566,311.59899265538286,462
33585000,197.83265707621536,323.2484546423349,462
33590000,147.85799664657657,293.6662915985719,462
33595000,218.9714524633031,302.16158737023824,462
33600000,182.6995245761884,341.62406687866667,462
33605000,139.03963717903176,319.3610052871032,462
33610000,162.02538404379877,233.5069887687231,462
33615000,229.51625238592965,373.191352643586,462
33620000,146.38976567142043,340.38515192025307,462
33625000,185.1764919549715,327.49502181495086,462
33630000,133.27741424798194,218.66200558168225,462
33635000,192.84928825139724,276.94702931225044,462
33640000,208.17893725224903,315.7783265382499,462
33645000,195.85052923918207,299.0932509050819,462
33650000,172.64134538084676,276.80369327710326,462
33655000,177.16786023418132,296.73406120183955,462
33660000,156.25752752859816,238.93956487209854,462
33665000,182.42788812169823,364.2544553214555,462
33670000,152.86113616366666,343.0471979029893,462
33675000,184.521658818749,333.04424678831737,462
33680000,187.69366037469226,335.35871292237954,462
33685000,168.563564473976,332.7470772158906,462
33690000,172.0643475179154,252.98307273257674,462
33695000,150.03311642559152,195.84657814634195,462
33700000,152.66974336929118,365.58689786749784,462
33705000,164.98686138550136,215.83796114126554,462
33710000,137.44803930455151,294.65888206267044,462
33715000,159.22955854556918,321.2810082535618,462
33720000,166.27755569436445,287.0942610308902,462
33725000,163.83745549289932,310.95640003278083,462
33730000,164.1551475598488,297.7246499455341,462
33735000,159.66959412172758,308.32819590891586,462
33740000,162.7972971672508,257.61563224694146,462
33745000,151.28548708299186,287.15865405035396,462
33750000,173.16974549164377,272.1528772867165,462
33755000,155.27570962926137,262.5287814502868,462
33760000,157.1698029279378,282.2241767150658,462
33765000,136.34114663604853,317.89014285385366,462
33770000,151.40594532114912,328.5687565755624,462
33775000,194.01987907481316,331.49733289495214,462
33780000,160.04458108868354,298.007714052724,462
33785000,165.39988989157348,320.70986005071956,462
33790000,175.4923877403548,282.8239695153406,462
33795000,150.94291629387965,288.8867259762058,462
33800000,172.58795175297612,367.756029564181,462
33805000,166.03675315808005,338.17405207520835,462
33810000,184.47189253853026,346.97075423722833,462
33815000,182.81206541329945,295.3669904871182,462
33820000,199.053257821819,309.10973038689934,462
33825000,226.2014057931492,330.8675715869269,462
33830000,158.65006505227404,257.6515065935137,462
33835000,192.82410659908948,314.80861128815735,462
33840000,175.9860088772905,389.02268876278583,462
33845000,163.86783686163216,335.07254097467097,462
33850000,190.58526427846303,285.44445051266933,462
33855000,204.99033687308557,307.79599235617803,462
33860000,154.6315597720177,274.1967379647981,462
33865000,174.4442155514447,254.50801057025302,462
33870000,211.55277385513574,334.54579806091965,462
33875000,163.80844784213627,305.49670896880303,462
33880000,230.57871415101118,277.5337503156679,462
33885000,162.39061351120768,273.31928001032907,462
33890000,215.67391120752242,354.0989904053679,462
33895000,186.44720991256202,278.59863857337194,462
33900000,167.99270538410804,302.0175229973203,462
33905000,175.72735520416518,351.6888480745644,462
33910000,204.43413564774545,311.1640944169759,462
33915000,195.5137746529554,346.89255464240534,462
33920000,182.24326001853666,240.89722961569515,462
33925000,149.26322093020326,273.69966176585217,462
33930000,180.6787695229812,327.77102022721334,462
33935000,165.68085578916663,333.95212815441266,462
33940000,200.12606091329658,290.4633414850571,462
33945000,200.32769731805487,414.95976448606575,462
33950000,198.76619045875054,295.1795447776482,462
33955000,124.33051269109184,261.6010904742246,462
33960000,182.10251272580624,241.12557700143805,462
33965000,202.93884461961412,335.7020160832099,462
33970000,184.3432221601441,258.2556485250874,462
33975000,180.413282060432,350.0123693166738,462
33980000,190.04445684640342,286.2487708177023,462
33985000,180.1312325732953,325.44992593202346,462
33990000,193.10109148946884,303.19825265536986,462
33995000,173.12478320597785,337.37302907428506,462
34000000,208.2819960404854,271.58793194908077,462
34005000,163.62344759080943,380.6612892091029,462
34010000,192.27042104150925,296.00698243872705,462
34015000,167.66349155246564,282.80188599074665,462
34020000,184.43177657734225,294.6066485829422,462
34025000,181.0660845301267,291.9647643372714,462
34030000,194.3364689717278,326.624971973297,462
34035000,157.25095446318625,286.6020593689297,462
34040000,178.55966320368353,319.5654779050457,462
34045000,157.16934616327688,317.0307822143177,462
34050000,190.15967761947192,296.7480448830067,462
34055000,182.36229632309346,297.49551998419537,462
34060000,166.1293492926247,283.32941455600076,462
34065000,174.17829553553693,240.04291199755951,462
34070000,171.56986817935996,275.062021844646,462
34075000,198.45974089735483,318.49067810821657,462
34080000,221.3379592135003,259.04307164583287,462
34085000,179.99735928146006,273.44229729861405,462
34090000,131.8313080437419,306.33618130798413,462
34095000,170.16398669033006,351.5322640924754,462
34100000,137.9992562598603,296.4826335432067,462
34105000,170.69147411435398,261.99418048919773,462
34110000,154.10692498250705,277.58113085991914,462
34115000,164.79836774487185,270.0257724976197,462
34120000,181.82380975484986,336.4234856661373,462
34125000,161.46468944632846,322.36589717852854,462
34130000,155.80625830962464,305.5392784575885,462
34135000,188.13718085940386,294.2970028454541,462
34140000,168.31212253744303,243.20992312215148,462
34145000,169.80411532268369,300.28403630886095,462
34150000,173.466467136585,368.1975727458795,462
34155000,161.9148822348544,288.88601653904544,462
34160000,169.74084670148846,329.58285387694895,462
34165000,173.42403444856103,351.79346785521966,462
34170000,170.87545859137404,271.83558835048535,462
34175000,218.70419782877963,300.5992371098043,462
34180000,152.24364017968955,273.04138004300086,462
34185000,190.95218137086704,336.22846527720003,462
34190000,164.32972867123073,318.5446899710847,462
34195000,190.24559201928136,288.9737466399183,462
34200000,194.0753650388923,256.75978228859555,462
34205000,212.73898394653065,292.94577692337583,462
34210000,205.31891444676822,360.7002684320784,462
34215000,189.67384292052654,357.5414510958377,462
34220000,164.7052010507358,301.9649516004805,462
34225000,192.1854044917492,319.069157917825,462
34230000,172.6651126608419,352.1650522654444,462
34235000,161.6184148113428,244.40771277038613,462
34240000,180.03016363342647,251.66084229418124,462
34245000,171.87230247141204,286.7931009684689,462
34250000,197.36744527308727,393.15678581363005,462
34255000,172.8921939526876,256.5982469815918,462
34260000,148.6213320296401,291.00239267187567,462
34265000,163.16145990746588,260.3336788157691,462
34270000,185.8690711577647,288.52874119544197,462
34275000,183.750669630083,303.1539071564015,462
34280000,167.5333491366624,277.85631594718893,462
34285000,172.37014039661358,385.85886511792415,462
34290000,200.9231153173354,331.8452773278577,462
34295000,199.12910269402744,362.4456198491515,462
34300000,181.79655736336153,303.4541146813627,462
34305000,160.81442176062373,306.56554797430687,462
34310000,181.57957958598803,234.2698118426064,462
34315000,173.13561827519342,312.5698567293523,462
34320000,183.68440401674502,280.5531280049082,462
34325000,162.43778509796041,317.0150563558827,462
34330000,206.2421602362389,254.85418883313275,462
34335000,176.03933907184756,306.774196198782,462
34340000,170.72269729302928,318.99247744266614,462
34345000,186.37475410408314,319.08069440514953,462
34350000,184.2844972656767,316.14690017090703,462
34355000,176.0867070662127,284.64192466474367,462
34360000,193.07013091265787,316.0225401721666,462
34365000,185.93585635273539,286.46593875460565,462
34370000,200.71098436080942,250.00391400011003,462
34375000,209.52468345107013,256.84705076151056,462
34380000,167.7219482717142,271.44212558023463,462
34385000,152.35116656121832,270.75541594385066,462
34390000,175.62295892808592,276.1881597799814,462
34395000,181.5846205837282,283.1817406645547,462
34400000,212.03535987436285,313.98712717568714,462
34405000,159.33913523961962,288.9104061821849,462
34410000,184.16377435478663,306.51450811752494,462
34415000,151.64351244641034,371.1654721914712,462
34420000,174.36362855249237,278.6499973292995,462
34425000,174.93855010790787,276.75939254824203,462
34430000,182.23058553047179,239.32575408741113,462
34435000,163.76622798558958,348.2392146703232,462
34440000,182.06542996256522,297.1536325544055,462
34445000,127.9970835173539,313.1936090915179,462
34450000,172.2355383033851,311.19545566866026,462
34455000,150.11523267307678,309.7002846620873,462
34460000,159.30986604245396,314.32782405709963,462
34465000,146.6119152688252,269.6751028431945,463
34470000,191.64947203185247,326.2582326573856,463
34475000,168.61459979199603,335.5240164000502,463
34480000,205.53033884341406,312.2954759573637,463
34485000,149.38750664410333,272.891876421041,463
34490000,179.60374591568052,321.55607335216683,463
34495000,188.7741677842564,259.7431620230294,463
34500000,189.38821013915114,335.8594193616082,463
34505000,198.879971092208,344.2353882103294,463
34510000,148.08941896282,316.12137307531054,463
34515000,139.40435524458556,300.9056392976225,463
34520000,191.08037600055744,382.5006028947633,463
34525000,165.76153157827883,306.1835431441378,463
34530000,160.45183996711688,242.03048468972662,463
34535000,163.07496150949652,330.4128640762143,463
34540000,153.29613008703663,272.96490195323133,463
34545000,179.20506584140628,353.15598690587376,463
34550000,171.20155137390046,297.6150569502376,463
34555000,171.4747568173849,285.41439063597454,463
34560000,196.62989121749234,309.93930642964983,463
34565000,161.62863403543614,320.6180394197438,463
34570000,191.79384863869512,363.58346986621456,463
34575000,183.3739044394705,321.9030899634545,463
34580000,163.7071174936243,324.3132571823813,463
34585000,149.07626167889265,295.38821902121896,463
34590000,180.78347749804453,267.3016679630848,463
34595000,154.56041686944695,352.84602430289584,463
34600000,151.6147787935291,249.60814634530357,463
34605000,189.790210461737,372.92315659551934,463
34610000,182.60456547311938,306.64715248488307,463
34615000,172.9493053529285,300.9442542780293,463
34620000,166.8470811636228,300.44542594969107,463
34625000,149.9792907326093,330.3628829873809,463
34630000,194.47721674391644,342.41119491429214,463
34635000,166.01797558183392,299.9814829188721,463
34640000,162.17304603427996,263.5591536599843,463
34645000,164.42072147530297,283.96996161564346,463
34650000,131.4100414041318,241.0599323876599,463
34655000,150.1600206752179,301.54420544011174,463
34660000,180.318675655767,264.76711966117233,463
34665000,150.57995222023516,309.82294856710394,463
34670000,148.84403033654877,272.1518022849491,463
34675000,169.17537103107583,306.0980432177388,463
34680000,178.3689928374438,337.17626749038897,463
34685000,196.02850805823957,289.05348630577754,463
34690000,165.2858382459982,342.8025633203961,463
34695000,210.61213939520795,260.36515805403735,463
34700000,175.44585846251388,353.97149223669913,463
34705000,180.19148518484099,277.3937911457597,463
34710000,175.05611340309505,334.4946319090967,463
34715000,192.66905275088882,277.0740422710901,463
34720000,161.7192971918874,292.85532088999156,463
34725000,183.5275699466443,290.03948397353815,463
34730000,173.7149494675674,275.02834753836476,463
34735000,159.61656105652597,284.1015392961409,463
34740000,153.1580831952546,330.6530612839405,463
34745000,204.82573608102285,284.27980689471013,463
34750000,175.56545765428942,244.35901457948626,463
34755000,152.93492530869003,334.0344737244561,463
34760000,212.42957712062383,368.4069449844676,463
34765000,193.31792279861008,275.509161663303,463
34770000,138.53971104618594,316.41095979913376,463
34775000,192.35509589453122,343.7730665855391,463
34780000,145.70834794543484,308.2271991302588,463
34785000,149.67261134420505,348.0641058175585,463
34790000,203.47776814156208,328.61475649880305,463
34795000,157.40364507863382,263.54659401615464,463
34800000,157.83410105070791,289.38183027405347,463
34805000,178.42183434725484,276.1894245748272,463
34810000,173.92595670209064,281.9681172023588,463
34815000,190.11291538925477,339.1728092435093,463
34820000,178.28773879038127,312.30090823104956,463
34825000,179.72460426015482,342.3418498474088,463
34830000,152.1114616428152,304.04130930207924,463
34835000,173.52364311408797,275.4983767981058,463
34840000,186.8441769445735,312.49415671744543,463
34845000,176.8407236452041,299.2668799008884,463
34850000,170.8065682556671,306.1421974748974,463
34855000,212.45118949181696,247.47440295362506,463
34860000,240.79370418476194,283.92468124569393,463
34865000,177.55608462629652,339.4901556845795,463
34870000,201.74061490575517,223.972780587263,463
34875000,154.84871403884722,353.11165877954994,463
34880000,170.57402219409636,311.20429170853413,463
34885000,196.56266795237528,336.4388639565364,463
34890000,196.39109729504813,291.2089317100597,463
34895000,190.89059103743756,315.81890551310823,463
34900000,229.68702449579544,321.9037013363154,463
34905000,191.65515126378963,244.90239523526463,463
34910000,125.97908421199226,310.16689562366315,463
34915000,172.69794251796264,329.9111315480693,463
34920000,211.5149333865523,269.42664006969534,463
34925000,233.24485562364117,300.6336075322763,463
34930000,195.7089152837317,294.51049614891525,463
34935000,156.60102712898583,357.04666211643183,463
34940000,212.87589488941526,330.44923027346044,463
34945000,186.9504831923506,305.1123710136801,463
34950000,169.1332803746041,264.4807697722052,463
34955000,164.21589698958928,276.33161718141207,463
34960000,155.02331156049192,284.21572220872565,463
34965000,189.42630424655607,325.68685081329363,463
34970000,195.67844152242532,300.76034832757796,463
34975000,144.25251837670308,299.09548793837,463
34980000,174.59602751302253,345.78323940170793,463
34985000,151.77258537977417,309.05401170697274,463
34990000,186.10627000804422,290.34311564219985,463
34995000,161.34283945480098,286.1762568589051,463
35000000,180.65147784439066,245.66210376312205,463
35005000,145.64985721395112,285.22541113633054,463
35010000,168.0983775903657,371.6767961711774,463
35015000,175.78167884032163,298.8753246386761,463
35020000,169.71510965232486,309.9852668846589,463
35025000,169.17771392001623,295.09248744933154,463
35030000,166.56205437281068,274.21815943512485,463
35035000,179.65518587854626,299.70462158869657,463
35040000,156.3298249616387,267.37649152335933,463
35045000,161.1628523774913,254.45616855918124,463
35050000,183.88907891257924,341.02958048994753,463
35055000,203.7865489003488,307.1319386316822,463
35060000,181.6085244545489,318.48659354666154,463
35065000,179.1175521713366,297.84166733858365,463
35070000,161.70380045956284,319.66627241509224,463
35075000,185.74635224383724,344.19011179456953,463
35080000,178.87105846799568,304.6997807491694,463
35085000,208.3248311113971,316.21799143024316,463
35090000,174.5009480580521,294.3557413051242,463
35095000,229.4801568523559,319.43111527131015,463
35100000,188.17464992245047,284.8882903461828,463
35105000,172.47283712894082,303.92385150942533,463
35110000,180.242619734907,294.9144682654254,463
35115000,175.73600048802822,340.6234587328498,463
35120000,162.87542267672,324.8331950247262,463
35125000,160.030248816929,320.5893832182649,463
35130000,189.4014006000413,340.24331567726193,463
35135000,156.51904438541786,291.9923175021098,463
35140000,217.592395833624,295.26096205576704,463
35145000,154.0542178699298,285.29118341424044,463
35150000,153.84131213096794,314.65982530623614,463
35155000,189.97489772643965,290.39239546036134,463
35160000,143.22598890340262,309.8202016690802,463
35165000,162.58236728185116,255.45649998214242,463
35170000,176.76500880137695,311.1152523016692,463
35175000,178.56918532013972,236.83899390325294,463
35180000,178.1047482650833,381.86630365564065,463
35185000,172.17331258096118,312.40419513126443,463
35190000,179.069825446314,273.89269655777593,463
35195000,173.1395990766132,352.02168106786274,463
35200000,180.18784637844297,317.01063518908416,463
35205000,197.5783134528701,321.1510091366437,464
35210000,225.62520394824924,301.49871628699253,464
35215000,194.39200319432868,278.5403373136211,464
35220000,140.26611018609216,325.62637584305855,464
35225000,162.34938922988863,269.36238927488216,464
35230000,213.7408715596486,295.19565048284437,464
35235000,155.87835437853704,226.0514104209736,464
35240000,160.13109594553117,290.7769278428535,464
35245000,199.36797281519017,311.1445387144655,464
35250000,178.31132648634883,331.2056143785408,464
35255000,187.3719874227255,265.023205230858,464
35260000,165.7209448107507,310.6566591787122,464
35265000,182.5435496545702,301.38446049436664,464
35270000,150.8838174368989,348.9126189309854,464
35275000,177.29132106079115,296.2853759123024,464
35280000,193.42371946110342,338.3914614478169,464
35285000,169.7199852265181,274.4794102674382,464
35290000,184.69416279919872,263.462396632203,464
35295000,171.60036133354438,377.91183032441336,464
35300000,196.32887092085392,221.61656321840965,464
35305000,160.54595469582534,269.68607318458066,464
35310000,126.40476391649382,273.4596483042582,464
35315000,169.9987127023889,277.814269761875,464
35320000,147.67148705647807,299.46601725461767,464
35325000,169.82196312227518,294.9490421708034,464
35330000,147.02999916820045,312.4434344760737,464
35335000,175.25083268091126,309.8808176624151,464
35340000,205.2465058907029,384.82099627727297,464
35345000,188.15258743335275,337.8765748969853,464
35350000,167.32600310982346,288.71753482188046,464
35355000,156.67696432887675,336.03113395776865,464
35360000,186.51494960600243,292.0084275816537,464
35365000,164.2026426097727,298.309951124552,464
35370000,136.60828979931804,293.0510468273506,464
35375000,250.52571065392866,280.18385693408953,464
35380000,230.37849407346056,242.64593389330523,464
35385000,157.49168242558727,289.4734535388576,464
35390000,165.94147337014945,334.9045474402162,464
35395000,185.42807308170399,308.7262490800595,464
35400000,193.61854976866317,333.48561201157065,464
35405000,179.2847730852568,324.1537539685783,464
35410000,167.2950345925961,320.83994566942135,464
35415000,153.86556115346363,261.90956118280195,464
35420000,145.89879063544245,277.02589961488104,464
35425000,179.7285163604069,341.5714335964263,464
35430000,182.51097927813083,236.4479182625191,464
35435000,164.12642776365948,271.18751412755125,464
35440000,185.9246185597613,305.63530294477636,464
35445000,158.32791564940038,349.8726559330956,464
35450000,214.15085836427423,315.26208553799944,464
35455000,192.95999607211024,298.6414134107575,464
35460000,168.67968070400852,283.97465235824376,464
35465000,193.77017053073325,366.0696233928752,464
35470000,175.17280487852238,275.8305870955568,464
35475000,197.2790598163127,290.43364965479543,464
35480000,168.096233767609,291.49950071820535,464
35485000,170.97636462621466,301.2865842138953,464
35490000,173.27168717969923,399.8613006832131,464
35495000,174.16221194324487,287.7618571260261,464
35500000,165.29740986234842,290.4391467420394,464
35505000,191.14062584093065,319.6019822592403,464
35510000,181.26656363402907,343.70948838643636,464
35515000,167.27276938605868,272.54718031729135,464
35520000,197.85744068096213,317.46607066661005,464
35525000,212.58686652641683,239.6376744686483,464
35530000,194.2431362760475,331.5975343521532,464
35535000,179.4949208531962,270.42143309996584,464
35540000,188.8604430046884,374.41884658016863,464
35545000,158.90651746227536,281.56250231638774,464
35550000,184.4644372298124,275.7292087771122,464
35555000,162.31537596595226,254.23983831382668,464
35560000,201.55196381289602,330.7002648005337,464
35565000,210.43080654770702,294.81380014515344,464
35570000,174.67587485628658,353.7728648017756,464
35575000,162.41557473573243,292.6302093859768,464
35580000,167.9767916854394,256.6793827135643,464
35585000,215.7383574619943,271.2281733128904,464
35590000,177.47866648684382,319.08671783056514,464
35595000,183.28698619628585,328.0423019056237,464
35600000,178.9786948289127,272.4027356986589,464
35605000,178.10238890207057,408.23670931988113,464
35610000,159.75878100599883,333.08366842428063,464
35615000,205.39528236899127,316.18901051192375,465
35620000,153.61103565479337,261.107455021439,465
35625000,185.5523725826941,293.64617199824187,465
35630000,199.87926038356383,298.3408663176219,465
35635000,196.16066485226264,251.15960898908375,465
35640000,208.1676445172758,314.7249488434519,465
35645000,171.0696156272071,319.08157167928596,465
35650000,141.66497435593024,320.7125969706452,465
35655000,163.64755551990015,275.36329055756823,465
35660000,165.79671776200345,294.5428938895987,465
35665000,145.33757416297638,308.9744232631508,465
35670000,142.8577574224819,241.49043800757593,465
35675000,160.0192658642383,328.3893961222509,465
35680000,152.3323417171583,292.24003081001416,465
35685000,180.03336234595676,377.7818240419651,465
35690000,154.92916320033726,306.6011082984971,465
35695000,184.05883823388766,239.34832663291226,465
35700000,178.79394675006145,276.1422019832387,465
35705000,181.69914974077258,338.26146438347496,465
35710000,207.00027256154888,296.8804726578449,465
35715000,154.56823728713866,337.536156309108,465
35720000,137.9112987526687,253.6923825899181,465
35725000,199.85127079995854,283.5075255568639,465
35730000,164.886299811248,267.42099759409996,465
35735000,164.11298401617054,232.23930708080843,465
35740000,181.79132363549783,328.5906096298968,465
35745000,200.6889080051327,315.07378065610374,465
35750000,215.3238238947479,315.93241606434316,465
35755000,161.44639315025094,268.54537757672193,465
35760000,194.86130718317543,329.1464866937649,465
35765000,167.67840930580695,284.99726608142015,465
35770000,176.66572755779438,249.65504644071993,465
35775000,152.25631812834686,297.03556705149634,465
35780000,217.04290665536774,349.03265381148714,465
35785000,179.3728794838996,284.9867156675968,465
35790000,186.50106687834014,295.37957696792904,465
35795000,158.67985623313086,233.11879156282302,465
35800000,194.53247771970786,335.1192728720104,465
35805000,160.60654440249422,300.44842941340085,465
35810000,182.94810855200993,332.1440848398095,465
35815000,211.36232800169395,287.33061522584677,465
35820000,180.53402216337074,318.8668570867455,465
35825000,147.5787399359438,254.0464078201581,465
35830000,193.01066815025123,318.6262350824054,465
35835000,211.23052809791,257.1404246359821,465
35840000,177.1581613157261,306.0274720821776,465
35845000,206.1124698876333,338.6993917346489,465
35850000,155.60440698444344,240.4833966238305,465
35855000,186.3358719326132,308.9030618667137,465
35860000,220.4798663658766,302.52462117128937,465
35865000,163.978844878453,322.7309842299479,465
35870000,171.08325618225768,249.13188451072844,465
35875000,202.55276541847354,337.3097706810396,465
35880000,178.31719324119246,251.36157471082788,465
35885000,192.54200072299645,392.72955707923774,465
35890000,148.59525594494605,278.4658935049888,465
35895000,159.97734180342275,331.73349030401965,465
35900000,147.07407561020383,269.22708318420024,465
35905000,157.5742571778707,252.6359204202766,465
35910000,183.1205319958988,276.49187517868893,465
35915000,198.97820870198728,369.8156937225488,465
35920000,157.40235299514052,237.20979476146908,465
35925000,141.9925150488957,312.11377809708097,465
35930000,190.6805145895906,351.98615837890503,465
35935000,202.49838870706355,369.88230440394756,465
35940000,158.0947157316625,305.1497849865415,465
35945000,164.42180039876803,327.1760015879736,465
35950000,193.76333508481864,280.3944037402916,465
35955000,184.02461735312102,270.57336750682407,465
35960000,171.5977270462389,347.7397177309837,465
35965000,183.90012390145415,311.8334957764097,465
35970000,188.14692069622555,279.707398411066,465
35975000,174.08543640153823,215.73188657957598,465
35980000,157.6064926885479,279.2921196219581,465
35985000,173.93698088897662,306.0810115413272,465
35990000,170.94877397913575,301.4952455887029,465
35995000,215.84714446519396,280.9647072152141,465
36000000,185.18171806552215,289.766794666069,465
36005000,169.3815697905275,335.67850424262974,465
36010000,140.3378308468686,283.47724703142336,465
36015000,165.43542631671173,344.2728079382898,465
36020000,158.6650626468374,295.44571494791927,465
36025000,169.64526469216844,259.9825637345725,466
36030000,185.37191194215904,256.7551422376041,466
36035000,147.70873129037642,338.94533825823225,466
36040000,159.98546260473663,274.5656536139177,466
36045000,172.82961573811252,262.99815065645646,466
36050000,162.03222064534597,315.20817999856547,466
36055000,161.06407960267944,304.77337875655877,466
36060000,139.21574314310658,228.04145890019558,466
36065000,165.95371605237276,320.2694324959075,466
36070000,165.38664438030867,296.58006545727284,466
36075000,160.56254820190563,322.5373166282585,466
36080000,164.85240207377458,265.90560695572674,466
36085000,150.72188453357572,266.78860220021363,466
36090000,169.98288974103272,309.49314344672587,466
36095000,201.41894216796845,311.70037006578536,466
36100000,158.37171904102453,356.1228649032624,466
36105000,166.68973526400654,329.1279021941363,466
36110000,177.411155790152,254.93007399594725,466
36115000,154.627191319165,362.1792129671609,466
36120000,205.8097345810199,325.1918440888191,466
36125000,206.4616445192677,281.34484789858004,466
36130000,196.06854025912205,253.9260141986,466
36135000,176.52060927515257,320.62979716200397,466
36140000,180.21249844695726,269.4367745943786,466
36145000,217.42993629578248,401.6761379890465,466
36150000,176.01294921045516,281.8676548768794,466
36155000,177.25614993272177,301.6227546375161,466
36160000,182.6606836940928,276.7841497706594,466
36165000,147.52093328118085,313.6379795817816,466
36170000,196.24309774269983,361.0861430396148,466
36175000,181.34010050305545,244.26799576063402,466
36180000,206.05096699369454,294.0158114100071,466
36185000,162.21962493788513,296.36890299017836,466
36190000,174.15182324687896,311.62847352694274,466
36195000,186.093441800599,243.3595314329101,466
36200000,173.67941373987108,306.66403146973335,466
36205000,158.34166320411106,307.2108258304982,466
36210000,181.3977484639675,279.2683556499659,466
36215000,204.08848796817324,358.5363565436077,466
36220000,168.50602625253964,327.61897709410897,466
36225000,200.28504354073246,311.1529916791851,466
36230000,187.95878394039045,281.0458319774737,466
36235000,185.96373917494924,267.9958013072722,466
36240000,164.76483644562285,251.87341319677097,466
36245000,205.3340993716209,325.4790966300732,466
36250000,202.2492382369038,326.10643821142713,466
36255000,161.5695939880743,291.7029379440701,466
36260000,155.24831786084914,288.72812372857703,466
36265000,174.12761895214555,330.888108286584,466
36270000,197.12970004936398,367.95598943123866,466
36275000,181.80034542050367,297.7345454344204,466
36280000,183.42321311496013,269.62138975043,466
36285000,176.03336254216418,305.66031679088803,466
36290000,168.34511329191946,290.2161500036849,466
36295000,185.04163307372673,290.0918385693623,466
36300000,204.48660080689612,369.6474321508833,466
36305000,175.36197964121027,268.2789800584571,466
36310000,210.67438789061583,321.1415110473333,466
36315000,209.71327505221038,235.7825104565941,466
36320000,172.86387322303176,241.27307488910898,466
36325000,159.80205184444685,268.1323777705135,466
36330000,248.26722222374678,364.40223883608564,466
36335000,159.92187197302988,311.6942040747942,466
36340000,152.01833945879142,291.2663158791126,466
36345000,182.05059919738613,311.83807595118367,466
36350000,178.33486833629894,344.3010005652682,466
36355000,187.23472041624225,327.8437801765037,466
36360000,173.75194285658358,358.77517248942735,466
36365000,217.1320282544004,294.10672790905414,466
36370000,152.66927603717454,255.37015213010207,466
36375000,155.6850838680625,303.56002948346753,466
36380000,169.9425815021945,282.0497569520863,466
36385000,179.90071790302892,277.1590524532534,466
36390000,181.95782183385936,359.8288616160145,466
36395000,162.70530778597862,243.73569432034068,466
36400000,179.83098965075095,299.3109363162624,466
36405000,153.91121109626346,262.41461874028556,466
36410000,175.2946113813721,307.25703700898396,466
36415000,205.87322154720044,349.22098304245316,466
36420000,197.09477585023384,327.96781033281115,466
36425000,172.87567845802442,309.94448163295135,466
36430000,188.19361809394553,257.17257197472264,466
36435000,190.45640558932644,357.8176682330691,466
36440000,158.20126104461033,277.86573662558413,467
36445000,139.50018886930857,289.4205604241967,467
36450000,200.81901341978494,227.3856464371864,467
36455000,158.00780036589762,326.7115630773756,467
36460000,171.07081133940395,323.123599280472,467
36465000,179.5433143516124,308.6428306703329,467
36470000,149.89840874766674,266.1444824691654,467
36475000,203.61169272613307,322.4052243212472,467
36480000,162.88005562513825,310.8474242606565,467
36485000,181.63487190395233,338.18971822958264,467
36490000,227.09279298554713,286.8990664185234,467
36495000,201.35930188539425,263.40448126394733,467
36500000,163.50287363166896,253.94636610694883,467
36505000,202.00540254376284,295.5837396648537,467
36510000,207.3926788509265,309.4036605795538,467
36515000,189.97713828622014,365.76149011129155,467
36520000,168.33294290774606,250.49935945965157,467
36525000,191.58669420995446,257.1982318819591,467
36530000,175.35769673096488,298.60680285184685,467
36535000,181.4922215312052,315.3666793862756,467
36540000,192.96514738551173,320.60212014200437,467
36545000,158.93647711700302,294.97669792923074,467
36550000,187.96073962634915,331.6547696968694,467
36555000,203.840429941186,251.6736303829723,467
36560000,156.19412812284662,347.927447700178,467
36565000,202.6126600788209,292.59832068404404,467
36570000,154.1740538902228,312.5383571215755,467
36575000,157.94205275615798,245.52302423024014,467
36580000,198.4685015329215,321.86204260177453,467
36585000,193.82003308098223,210.16457160875123,467
36590000,167.3792904734534,246.73339947231955,467
36595000,210.21282035353374,336.5876240249844,467
36600000,171.3375729411524,368.443966705445,467
36605000,213.58926603016306,345.34344670051075,467
36610000,152.2879783088184,323.0604735139688,467
36615000,234.31665840601718,245.75413006401863,467
36620000,181.10700335288772,289.9402359765447,467
36625000,218.51531605199602,360.60107149094154,467
36630000,191.99388638026366,278.5638702544908,467
36635000,231.99098254847098,279.58247585155743,467
36640000,172.51358062254718,354.8269431166618,467
36645000,212.38450299339783,286.88536322565704,467
36650000,154.22400185609578,253.862913618204,467
36655000,170.02365455172514,329.01526586886166,467
36660000,208.13796094885598,343.49482877169726,467
36665000,214.99250034899956,297.10825129836826,467
36670000,166.85324216767873,321.65865202846106,467
36675000,183.91748212737804,302.55709433352865,467
36680000,183.12706946365523,289.8589449167677,467
36685000,175.12379891299764,282.0171317134907,467
36690000,182.34014632872783,303.3320810151628,467
36695000,163.22585226820877,334.696336568602,467
36700000,142.29877407367857,234.68721543678348,467
36705000,150.61749419675482,275.413893388014,467
36710000,172.9468915621167,367.38547838743733,467
36715000,175.12941748008294,343.528163920385,467
36720000,154.06917643354646,222.0528005025633,467
36725000,173.66371892202812,285.08377071679104,467
36730000,163.14777636899612,248.51950685616737,467
36735000,166.4044249240126,282.18155735260984,467
36740000,197.9028916420857,268.39423523062914,467
36745000,163.15048107574748,303.8955803983365,467
36750000,156.76107336080608,306.90067259858165,467
36755000,160.72532863698677,313.35178347569416,467
36760000,173.27385689001335,345.5559251692897,467
36765000,167.41877275861236,302.14741798404117,467
36770000,181.34684588495128,311.7516268203277,467
36775000,162.8341644227453,311.35420081840664,467
36780000,188.398857668726,282.2687517323326,467
36785000,192.27676257553347,248.47609335135007,467
36790000,165.4233164638225,281.4791120826675,467
36795000,189.49276186701383,275.0471589675578,467
36800000,171.27153227582892,333.84063132582094,467
36805000,164.0757292176541,249.15114552444288,467
36810000,199.1795203385367,326.33791884257585,467
36815000,164.95195997561976,309.84905398163147,467
36820000,185.58868884142063,275.92396620195353,467
36825000,190.12557419768274,286.07894831132603,468
36830000,163.21740396463363,253.42599589106186,468
36835000,195.68811684224397,307.0495532691567,468
36840000,172.45939991665506,307.9678696490931,468
36845000,172.81650605361497,267.55898086100143,468
36850000,159.3801620403476,316.47827906280844,468
36855000,162.8270060311251,287.03819329017983,468
36860000,170.32538530616205,375.3872423730811,468
36865000,180.36821392646505,309.8004822697793,468
36870000,152.32416108001257,345.6287389203888,468
36875000,146.79603090547633,300.12433670882933,468
36880000,152.49249564710036,270.6023498438045,468
36885000,168.05220971751456,308.2373852742827,468
36890000,174.79523380365848,239.75476740231534,468
36895000,179.33407309388218,294.2332556451533,468
36900000,196.15755184881988,304.1348121174187,468
36905000,186.76061424445922,361.19011827389875,468
36910000,182.3154805453371,361.523112858716,468
36915000,163.5708150358792,283.24542590438875,468
36920000,195.60436487726938,368.8654972957633,468
36925000,164.59784560635197,277.0445268734925,468
36930000,181.8227508037161,376.3113816060716,468
36935000,176.25925831484224,277.51179604587895,468
36940000,198.41429022225532,364.8749285720646,468
36945000,165.66870003910742,281.87298933984863,468
36950000,152.68457965702086,371.8996991284216,468
36955000,181.54169812885115,287.8851141395449,468
36960000,163.85696799239741,308.9559716331681,468
36965000,166.3170455084771,250.5911431988015,468
36970000,199.06804551303497,248.12228536499708,468
36975000,171.3026268961378,270.88936920130624,468
36980000,193.51100902910883,318.87843082685623,468
36985000,199.12205590738964,317.888437556967,468
36990000,164.8235239856108,314.0806830762299,468
36995000,170.00898456947564,329.1735039567056,468
37000000,177.35591152413107,294.3690196706034,468
37005000,220.93058329513167,269.03898281157484,468
37010000,199.13685743628645,240.74851141452197,468
37015000,160.4677562816813,247.9580006684781,468
37020000,201.12644873672775,275.6007305208334,468
37025000,159.94669829946213,281.4445617332991,468
37030000,190.42491172311355,245.6843432220332,468
37035000,174.49539182952253,304.88549999314205,468
37040000,192.3452002014844,307.4530477031844,468
37045000,214.5335478802183,374.0075626847265,468
37050000,177.95078638167078,326.49737345603705,468
37055000,155.3327281269488,262.5506559664996,468
37060000,194.90980103340553,273.6108453533607,468
37065000,180.67313648330605,258.74076989058636,468
37070000,158.32350839865902,368.16833750636386,468
37075000,229.78117705207174,281.0336984874291,468
37080000,152.05112361331592,264.5656248879371,468
37085000,179.0527268112587,297.57367278696415,468
37090000,184.68164545916278,312.9205515975169,468
37095000,171.81564038085224,303.4718559854976,468
37100000,195.42851319098784,327.0563253355163,468
37105000,153.24166560669858,304.1683684334891,468
37110000,183.23832961717213,275.0221598875172,468
37115000,155.92691017064269,285.9109917262538,468
37120000,196.7832650802916,326.60609903542814,468
37125000,208.06294616433019,296.943997900324,468
37130000,196.37319514988152,295.3455551354904,468
37135000,180.7267692381626,293.4764963711387,468
37140000,166.9679789796526,272.7241832380532,468
37145000,206.84500545774517,342.37506331921554,468
37150000,199.9704825308911,286.02885291802954,468
37155000,172.50178934289073,254.93846576281038,468
37160000,168.84591062789954,331.02701712346175,468
37165000,178.51270559126732,224.04685608011908,468
37170000,182.70791033581858,295.9614881534463,468
37175000,225.84991344589972,323.115900467703,468
37180000,146.3833272096802,348.6427949044808,468
37185000,169.09825945814075,327.87077558319146,468
37190000,251.668802993384,318.4961254152974,468
37195000,179.2447418570497,298.6738867623764,468
37200000,175.05440212922548,369.5928061709374,468
37205000,159.00726449349875,317.76453536292644,468
37210000,218.43244710788073,323.69195210199746,468
37215000,169.12389505593205,290.32441015579735,469
37220000,186.9617303118997,288.8460351452987,469
37225000,165.28479283020704,298.6782191946357,469
37230000,158.67117555583596,277.8482948594609,469
37235000,179.81561074028605,316.6321812906769,469
37240000,163.06573826378067,323.25296710997475,469
37245000,180.63124975504368,341.7080004474888,469
37250000,146.2769833172284,330.8997668595222,469
37255000,137.95192753434293,300.5107280081326,469
37260000,135.91289046603572,259.2088576454117,469
37265000,166.104116388921,285.62098127463116,469
37270000,179.35269376837005,270.3153345825672,469
37275000,161.7188814834935,268.16407122290167,469
37280000,195.05893594042385,337.38622443447935,469
37285000,223.96117768422556,298.32359472064275,469
37290000,165.51602140676297,324.2445385383686,469
37295000,169.3721796505865,325.97063878082906,469
37300000,192.90402054802405,271.98441383834376,469
37305000,163.98477657047317,280.9806655700619,469
37310000,167.2892355381566,262.8317875318929,469
37315000,190.49537026185067,247.54670543591845,469
37320000,177.56782856825328,301.1252611183316,469
37325000,177.82509436102245,309.91234263775004,469
37330000,173.90423074407613,349.33395812067135,469
37335000,159.60037429347176,269.0249720976037,469
37340000,185.70944064781236,337.7391700283142,469
37345000,135.18500461000315,282.9062389642891,469
37350000,182.19300720777534,298.3097838636551,469
37355000,171.072730377203,298.5659282798237,469
37360000,193.67455441719684,259.0744242314159,469
37365000,170.6365966478829,270.0515774951418,469
37370000,139.9501882775425,355.72629423501513,469
37375000,198.4086910968392,252.0552475363315,469
37380000,161.77231477608458,284.79973971766833,469
37385000,163.46660755939837,356.27589429087084,469
37390000,167.93785202202974,291.48507839806985,469
37395000,164.39065600223475,302.42800183926727,469
37400000,193.80888222343216,285.8447488871232,469
37405000,154.9953824270138,281.87456010778703,469
37410000,196.5283555979853,300.68751606150965,469
37415000,170.1613634891675,316.03964456896347,469
37420000,183.29530766348597,250.2569931650313,469
37425000,169.41100079462217,291.2776558475248,469
37430000,172.39679340939293,312.20465256078666,469
37435000,142.0880262085364,285.7580118323297,469
37440000,181.85809476821484,279.0837117512944,469
37445000,156.05111583725528,295.555033071562,469
37450000,159.23200652054922,265.77553358636766,469
37455000,174.05692785321065,242.67342309951152,469
37460000,167.74469225225698,229.82369231176892,469
37465000,175.20183900873533,269.22041736727056,469
37470000,166.5725347260979,298.9200863606244,469
37475000,151.9900506910882,315.8452191921593,469
37480000,185.44276990411024,325.4307825506394,469
37485000,176.90100990196765,315.6159233340109,469
37490000,154.6509188624205,292.6407849434728,469
37495000,168.6771310109331,330.69643877840247,469
37500000,182.43632108896355,280.3042363322568,469
37505000,177.73133451134584,333.0256028852344,469
37510000,182.10449064870897,346.5442494815412,469
37515000,209.30735196223387,244.5896514220554,469
37520000,197.36098746384178,333.38489252027347,469
37525000,149.29634258271255,360.93402715216683,469
37530000,190.64326672030603,254.45933786888526,469
37535000,193.79655968387206,285.9200670171874,469
37540000,152.1646122842046,315.5457248875958,469
37545000,183.60182336255502,320.6436742808023,469
37550000,155.78453432094466,377.81244577609505,469
37555000,162.42131866813713,259.2315750697834,469
37560000,180.422937875816,274.5052526406807,470
37565000,162.6047320273196,358.994197024308,470
37570000,175.34174726550162,320.06921795993895,470
37575000,162.7583383861601,339.00247506326735,470
37580000,213.91229507682925,300.2517085290261,470
37585000,163.51677184054404,309.0249113170782,470
37590000,170.15760149689743,283.8870344215115,470
37595000,157.15387673865555,252.40296483211034,470
37600000,191.05557931646487,300.19438814467463,470
37605000,213.27893781388104,315.8848675745128,470
37610000,227.98043121238715,308.7565837633603,470
37615000,195.72919334658596,353.28176714112914,470
37620000,146.83145439541298,325.81839580709163,470
37625000,181.91670899784273,292.8450955326077,470
37630000,138.0746723720918,328.4269510833512,470
37635000,181.1443960583312,346.2752996120946,470
37640000,187.9687203991563,266.87813485604624,470
37645000,233.31013860818047,363.83022050364116,470
37650000,148.59721542039495,298.3549977813688,470
37655000,187.77214976091895,350.9011405547066,470
37660000,172.22879807063296,245.01993344818533,470
37665000,134.72404016741754,297.981852767657,470
37670000,187.9983624973347,340.1843565684197,470
37675000,148.3035595810239,264.1210985817605,470
37680000,194.82954317333426,317.7316935567008,470
37685000,166.81392455663575,247.84808547634609,470
37690000,176.55958399854657,282.7251304632423,470
37695000,181.6105526654241,281.06387373346996,470
37700000,186.20806011833167,323.84786108528044,470
37705000,173.12470418544032,252.62398022922645,470
37710000,159.24639828823805,284.4726744024113,470
37715000,174.82375970626603,242.4863385082032,470
37720000,177.77777589302934,294.19852973797697,470
37725000,141.77954115795166,246.03248647988772,470
37730000,144.27767181811444,321.2014544237504,470
37735000,176.45957518906417,317.04415498911834,470
37740000,176.76275821067523,324.3535906070401,470
37745000,197.32180556265087,300.70056662485354,470
37750000,164.43177993194638,247.44400842223297,470
37755000,169.73909613560937,324.8998089731679,470
37760000,207.2372886139594,260.69872906800225,470
37765000,155.45498924569725,300.6565305125277,470
37770000,188.35586405359055,278.49311734963004,470
37775000,195.62212553158636,231.561513472658,470
37780000,188.47665242829717,285.4901474369968,470
37785000,186.17610125587544,290.7027448888601,470
37790000,207.65269391427756,328.6909372374544,470
37795000,138.1358181615955,272.2815439372707,470
37800000,191.4225149522806,350.77086351006335,470
37805000,186.48272280095776,312.78952600294565,470
37810000,178.1200042751372,270.3846344559408,470
37815000,182.1502056702151,245.1907672957758,470
37820000,173.15415023033054,300.7986172970335,470
37825000,173.3359340811551,321.5669906311625,470
37830000,206.03676803783605,321.2662127834579,470
37835000,157.61582051345522,275.6943231744168,470
37840000,143.6822877921454,334.194337957284,470
37845000,218.34842038638635,269.11052622058344,470
37850000,167.97920213941757,309.28095178011404,470
37855000,168.60015235156538,329.20437404944533,470
37860000,181.4875414136169,299.424934098292,470
37865000,175.4597871785009,263.0546953880902,470
37870000,183.00154564771677,282.8564119082461,471
37875000,214.9464405491323,284.97165738195355,471
37880000,205.84501199446325,247.79386458062214,471
37885000,214.42239246934287,344.4999707276488,471
37890000,173.92973064439425,321.04119981313056,471
37895000,180.87201953191993,338.70998898387006,471
37900000,153.3007167643497,322.45525039963877,471
37905000,186.00174783463646,290.05239555479767,471
37910000,178.19622198789205,279.6332648517337,471
37915000,161.72831004940312,360.85161017949054,471
37920000,221.93448417888578,340.66887662528916,471
37925000,201.30329973162947,284.20832027611084,471
37930000,202.39970318759708,322.4362528437364,471
37935000,204.892510659845,271.71570376801367,471
37940000,173.4004989042414,313.168101973015,471
37945000,207.69958495942052,356.6889343823432,471
37950000,195.22390209941113,295.19830151603475,471
37955000,174.04594662030703,271.9734907266815,471
37960000,182.50175470982703,366.92363967508027,471
37965000,235.77968769218285,313.4790208319843,471
37970000,191.80673501305685,300.48048462621307,471
37975000,159.77423941662872,308.6385239361026,471
37980000,161.03027612234,236.1725591540366,471
37985000,167.13207491191318,361.7900234668139,471
37990000,141.88052854635617,304.42269043628016,471
37995000,162.8602686097094,319.5690120562572,471
38000000,181.66856805955064,241.94760795250187,471
38005000,182.34377346837988,302.3273533458107,471
38010000,214.17724831119344,336.0004488310045,471
38015000,153.83461812337057,301.88729491977494,471
38020000,204.22150779910856,322.88936560869155,471
38025000,198.13398979704493,311.6472377176403,471
38030000,150.66751979468322,286.2383692327402,471
38035000,221.46902775404112,317.94481626635564,471
38040000,173.79582793822183,323.89423972128367,471
38045000,205.38049106933556,282.9640601820024,471
38050000,157.36084755556482,334.01675583799056,471
38055000,178.99868233992296,268.37996869140767,471
38060000,169.1813318852705,308.06497757861337,471
38065000,201.44491045710214,312.321120121687,471
38070000,190.48483872890034,307.9447104951652,471
38075000,178.3279613267137,251.11973243413172,471
38080000,165.36789850000497,244.95349897371963,471
38085000,185.5454264277915,335.05237424445727,471
38090000,174.17184360200514,227.43176532651256,472
38095000,187.89419587617283,320.7557450057238,472
38100000,200.90401516805392,299.0124710254791,472
38105000,118.78249538978402,277.5190778574541,472
38110000,172.68794238329292,273.7948339635049,472
38115000,180.99767673057627,272.6043619537848,472
38120000,164.0040432352024,220.19415581460518,472
38125000,183.71080317551647,286.72865525833555,472
38130000,192.4089413960398,338.1622946288043,472
38135000,139.34233561529732,286.9084662809899,472
38140000,202.99372209449137,308.63168528804636,472
38145000,150.80753953817594,289.4992833083101,472
38150000,191.58786414745322,225.6691641338325,472
38155000,165.33039759811564,363.6698809122295,472
38160000,144.77413631349637,299.9278804265883,472
38165000,146.35815673703408,289.5566184744459,472
38170000,195.56987280488931,327.40771296397804,472
38175000,185.46651635545666,264.3794586131693,472
38180000,140.67194323379562,284.7632306771146,472
38185000,146.889512071077,306.5782011810702,472
38190000,171.53859940379218,320.4121540694034,472
38195000,131.52778924999927,314.0497463656432,472
38200000,159.8352292596836,286.71078315911706,472
38205000,156.86143854705355,291.2777269360229,472
38210000,178.3438151794605,257.9882488071489,472
38215000,161.6551708574064,290.4805374808095,472
38220000,173.67372726545833,273.68190938683273,472
38225000,195.81016381212746,292.8937653758797,472
38230000,181.32351978939104,284.7340066321175,472
38235000,156.19159904527265,284.59774565936107,472
38240000,146.60432722837854,281.733119501742,472
38245000,224.04476621393349,388.0605251398282,472
38250000,190.7616708775531,274.17110535332995,472
38255000,204.9237766821982,330.4709145069339,472
38260000,158.73090081974638,263.4412480010821,472
38265000,191.6395749776952,352.3000738285224,472
38270000,150.75263129804785,279.47369230104783,472
38275000,135.62782938108316,291.6919129738466,472
38280000,157.32401511620824,291.50569724790233,472
38285000,218.61967521966343,298.46737204779106,472
38290000,177.77346604678237,308.24831585513164,472
38295000,142.01417578810347,255.43108108126268,472
38300000,165.7055343606484,312.36582001346903,472
38305000,158.50900133164876,294.22925506632356,472
38310000,154.70999524787484,236.95483539236656,473
38315000,169.98372835474103,287.44400698584957,473
38320000,211.84917220825272,366.3557577215024,473
38325000,192.26812378243108,373.2426901875173,473
38330000,161.67113443092566,315.83269531924924,473
38335000,169.19053904064367,273.16868210270405,473
38340000,153.1898372747831,264.8143864403243,473
38345000,174.58624216260336,254.26396006740708,473
38350000,174.28218519457897,366.7112037475363,473
38355000,180.39869612408438,287.32762460905326,473
38360000,157.52314864631677,305.359855777818,473
38365000,168.60264727379104,274.3071191233633,473
38370000,144.22018693053766,273.1997942253782,473
38375000,205.62629594517176,273.85295058479835,473
38380000,189.402597295371,265.59108302478916,473
38385000,201.70159465268694,293.0727547133163,473
38390000,191.6116382675729,298.8239678208891,473
38395000,156.75049577343415,278.1280037554317,473
38400000,141.8122640140325,294.81992917371684,473
38405000,158.02761095123316,290.74164195138945,473
38410000,193.3356577689184,308.2340730497466,473
38415000,169.57281073782502,323.55870454232723,473
38420000,157.08409733327048,316.7218533921842,473
38425000,207.47089695105544,325.8444141012322,473
38430000,181.04022050942842,269.8769764623633,473
38435000,205.24175377097038,259.5605254066768,473
38440000,185.2241674230557,333.87926711338685,473
38445000,198.16222941675176,283.4237026860718,473
38450000,203.28214005750584,363.65234315087264,473
38455000,216.4882738340179,264.4041237605193,473
38460000,199.9499371313722,316.85497098199556,473
38465000,132.91153310479868,339.41368368848697,473
38470000,165.47943765313408,351.02579625659314,473
38475000,204.30498479451785,327.9836941860282,473
38480000,168.9441487978458,283.9302893302372,473
38485000,167.3603369111653,306.618879191559,473
38490000,149.68126040600822,342.5673482892722,473
38495000,181.0376394867918,291.31730857537957,473
38500000,167.83371262087815,262.15211411276846,473
38505000,132.68680158554486,320.5336717435439,473
38510000,174.6567946265853,265.0623694380641,473
38515000,152.0812113841904,278.61734878110224,473
38520000,141.58750264059236,282.00249380148796,473
38525000,203.4012445816012,303.94285043741974,473
38530000,149.2035239278345,333.7670351852359,474
38535000,181.37103145289507,249.6683002797434,474
38540000,174.5699317816081,299.85374779363264,474
38545000,134.87915717321764,277.2330515295019,474
38550000,154.19218066629364,332.6460352687388,474
38555000,186.40954144119027,284.90619566176014,474
38560000,124.46245446943415,322.8103829283438,474
38565000,178.0375090985013,306.8690598330587,474
38570000,204.34709762178622,311.58622012729217,474
38575000,189.46482288327002,308.5816905406283,474
38580000,177.04250131376168,299.11508875270073,474
38585000,160.4765451518106,306.3512698501621,474
38590000,173.71146359489146,304.0225536086671,474
38595000,182.51686371289887,247.23696473455698,474
38600000,178.0244916976779,362.5682319423274,474
38605000,151.14546262266603,316.19713237370854,474
38610000,172.36026768221603,323.1374859792402,474
38615000,170.61693887425608,313.6406869889318,474
38620000,158.29997320958336,299.660539286278,474
38625000,158.14738258840052,307.19641119820034,474
38630000,173.87838618995679,319.5143574848116,474
38635000,195.8896182231022,261.772225498079,474
38640000,137.4137503887007,273.81334887786676,474
38645000,185.54358914198212,314.7035125245219,474
38650000,197.4212934771127,293.37613758951653,474
38655000,172.70122901083474,373.1259873724968,474
38660000,174.95948875015762,336.35786038888307,474
38665000,186.79513808293558,336.84671479222044,474
38670000,185.7010811607363,260.6673280203545,474
38675000,161.24788150588873,343.47397720230845,474
38680000,147.2193082739157,287.7634606689803,474
38685000,168.77992146248624,297.4447295257279,474
38690000,191.65332630458602,309.78159716086583,474
38695000,206.35962241672556,292.9224380080388,474
38700000,175.76124400640754,308.08457899517003,474
38705000,188.14593194038417,266.8301648849556,474
38710000,159.64570987688867,270.37202329815625,474
38715000,198.02817282880048,253.02554656220312,474
38720000,153.19387460394393,280.973853798253,474
38725000,200.02975539400438,354.14904503531824,474
38730000,170.50779517628865,346.2952948165275,474
38735000,177.97634334901795,317.9793594927485,474
38740000,176.99199845032646,292.8784275224669,474
38745000,189.1015832383104,372.9131262013473,474
38750000,140.77881737951307,334.5678263543755,474
38755000,160.6217567792785,264.5023743325998,475
38760000,175.71328154414434,305.2459347275142,475
38765000,228.2316349858022,321.6229213473966,475
38770000,195.8803163640879,298.27287564190334,475
38775000,168.60293051902414,334.01977924179266,475
38780000,190.8088420476986,300.21501736753146,475
38785000,160.60870571324688,272.30674055883543,475
38790000,171.0080902893476,265.92972627633134,475
38795000,185.6855185749762,256.5595498015359,475
38800000,182.35168776144423,327.8342076916809,475
38805000,196.45295889632806,335.1806188229177,475
38810000,225.54170082573265,328.6113019937017,475
38815000,179.83104906268696,243.4841589690326,475
38820000,198.26736571748438,271.03349978161083,475
38825000,181.95372901320576,266.95924034955317,475
38830000,152.64969645216638,236.5211596205819,475
38835000,182.8919481145835,274.240850424384,475
38840000,157.34022730282635,285.1265766356934,475
38845000,191.9192544108064,293.4399288338646,475
38850000,187.56278191087685,297.35308870101284,475
38855000,164.62914591653202,326.6193537888804,475
38860000,183.80070321317407,363.00352524617216,475
38865000,163.29058351466642,341.716739732479,475
38870000,193.41741443030014,279.26816035970313,475
38875000,180.65821040672228,291.6770971874838,475
38880000,184.39598836588564,306.3261286404798,475
38885000,164.93911266140378,296.5795321434528,475
38890000,188.22330346823694,343.366144385667,475
38895000,187.29485072377298,279.29534918958456,475
38900000,155.19040633248704,308.4710690024751,475
38905000,176.60978952691153,294.1758404033859,475
38910000,167.9382063691633,321.85269580098276,475
38915000,187.4860824363804,286.6151058209307,475
38920000,169.51107757400402,356.3712541064319,475
38925000,171.0811341373318,237.84197381412244,475
38930000,176.6701255374524,252.94051059336385,475
38935000,184.43449696928067,302.1900748229108,475
38940000,208.4755064132259,285.48678340884305,475
38945000,200.67552168961487,304.9310514022145,475
38950000,155.01516276377257,309.936846509448,475
38955000,167.5683097903391,337.6547476185199,475
38960000,180.3499707733846,283.8596185229325,475
38965000,216.2069557926012,346.43314499104633,475
38970000,185.1456442002149,307.0447664640419,475
38975000,160.69476762892836,288.35211042719743,475
38980000,182.36835818948927,299.9825599521339,476
38985000,168.77244476329798,258.21954434371594,476
38990000,196.55581953138488,339.1994546618836,476
38995000,164.49038151554723,247.10053778530835,476
39000000,205.6867135591941,319.7736787182391,476
39005000,190.52223531434285,340.14769347684256,476
39010000,175.24603015441366,312.41887023150923,476
39015000,184.18911315649183,353.4871464790519,476
39020000,178.37801771276483,324.5505297806495,476
39025000,176.0819045205799,244.69768146011268,476
39030000,200.72240142508846,256.08617839505547,476
39035000,171.71126706763167,321.7702313847576,476
39040000,186.68140735669257,339.4658499828184,476
39045000,170.0289577257181,287.1499736073636,476
39050000,162.29412035950062,282.22932166389114,476
39055000,148.22936971507406,394.24737762546613,476
39060000,213.45208473168898,322.79974906481675,476
39065000,183.56088013119452,299.7603782235671,476
39070000,186.82108658789016,292.1931361902078,476
39075000,185.25834426381857,327.6647396246482,476
39080000,139.3839953347892,280.50441658941475,476
39085000,153.14145036230477,293.2772020629776,476
39090000,172.89192204480258,266.99319436080805,476
39095000,145.93694212471527,331.5996769665617,476
39100000,169.28966823870505,278.38541670464116,476
39105000,176.34069843861062,283.542410006291,476
39110000,209.4676648444057,316.56806482372673,476
39115000,179.8535135458,318.98830841364054,476
39120000,173.20592983826285,290.86510025387724,476
39125000,188.403068953768,327.1354777302143,476
39130000,186.4606427302959,346.4416931523836,476
39135000,216.0005288117248,356.4926947140555,476
39140000,182.71827351762965,301.0991988404438,476
39145000,180.53658565003533,318.42164422273237,476
39150000,171.894740887846,264.6457058640642,476
39155000,143.19254723560874,283.08890566594584,476
39160000,172.88244816349902,221.55437284589905,476
39165000,158.0271474342547,328.25298666198216,476
39170000,215.97359579465254,303.2580857497708,476
39175000,207.20004181630802,298.98843930235705,476
39180000,162.3241712080083,306.8370583909947,476
39185000,150.81705631896654,288.29390337942107,476
39190000,172.58024330185785,229.4165085483223,476
39195000,236.03821452480952,313.9789080795116,476
39200000,183.26148142088695,248.05797795007496,476
39205000,188.0451029823266,273.5110798334622,476
39210000,170.79758450771095,300.74613172719796,477
39215000,166.13849508523523,265.01141652775226,477
39220000,157.42255680183138,355.0467432801535,477
39225000,243.5215112994113,304.51755098307,477
39230000,161.95314403412505,282.6996704342537,477
39235000,188.08102160131497,319.9041520631213,477
39240000,190.33174833522324,329.96309078597704,477
39245000,189.2157652735336,339.84933932864215,477
39250000,186.93953182501454,297.02298650318437,477
39255000,174.49093816733776,294.41397177003046,477
39260000,199.3125211122258,328.2857373863166,477
39265000,197.0892002862394,327.2410387400347,477
39270000,190.14222410159311,278.01957567962677,477
39275000,158.30426819097315,227.83616042276194,477
39280000,224.06970469978614,332.59434385283384,477
39285000,154.146100121187,380.0508269017304,477
39290000,138.01909254946602,334.89962877019155,477
39295000,192.33053307016854,414.3856211880375,477
39300000,197.07936525620258,388.44946843661427,477
39305000,202.04230101831686,296.48990345944424,477
39310000,181.33147968979154,271.87867853874695,477
39315000,151.26976696332534,315.9734917431466,477
39320000,179.87553134588575,275.05636070296794,477
39325000,139.50392281976613,274.73452219469027,477
39330000,184.66365534328068,295.65984311961495,477
39335000,176.9005242525913,268.9488393620475,477
39340000,190.42139976429917,323.0211100879956,477
39345000,152.5580035101362,346.8393291179659,477
39350000,168.24113735710458,285.65917164239346,477
39355000,166.84582651792377,293.55756388438516,477
39360000,188.718113983352,287.0739498248827,477
39365000,150.6975624577596,286.425527576237,477
39370000,183.2801966369807,300.3242168887951,477
39375000,158.80858330872448,350.1961102010647,477
39380000,156.93430569878106,324.49940673217566,477
39385000,119.42433519586938,227.055234184019,477
39390000,191.7982651940593,272.2928540267594,477
39395000,140.90112662181738,229.2558722478917,477
39400000,167.26800382036438,337.6530044549232,477
39405000,166.86502756840335,273.8440778113575,477
39410000,172.2003348254163,313.99561910328276,477
39415000,167.15749010799703,299.44165482751043,477
39420000,194.21245020737422,317.2107261374809,477
39425000,161.31899954616438,269.48649426570233,477
39430000,180.09648524114323,245.49350050717027,477
39435000,209.33232601681902,322.6249764932403,478
39440000,182.3152530492424,282.6597726111728,478
39445000,176.63394911145878,371.7540781816632,478
39450000,194.31965237959986,316.3374107895731,478
39455000,197.5406991597888,330.0406478974536,478
39460000,163.53384440267806,293.0665242480952,478
39465000,176.47209417216118,292.40602199962143,478
39470000,154.07935888182342,325.80964637729187,478
39475000,176.1040060257128,298.00207342045337,478
39480000,160.7972176067455,236.507248143286,478
39485000,182.43454261059372,329.0079520129051,478
39490000,194.35676136287515,366.8607846653947,478
39495000,175.82018726180624,235.11899900396745,478
39500000,197.81938562559083,286.64139862963674,478
39505000,210.26508547778982,276.9918656769952,478
39510000,160.88529663472954,306.63861672542964,478
39515000,190.80488889106817,320.4290883775045,478
39520000,199.43458809399306,315.5080567221695,478
39525000,147.3568306566431,375.43877665452544,478
39530000,179.94742920469056,295.3049813218206,478
39535000,191.06211862872306,275.30959694598465,478
39540000,189.2309008443309,302.329073449026,478
39545000,204.95232193161377,305.3917146963263,478
39550000,174.24565355297418,296.9291052104867,478
39555000,200.71599753021528,367.59976601944373,478
39560000,158.6217905057537,286.6467675402141,478
39565000,158.96974017160485,286.8810500429356,478
39570000,230.36743737006336,311.8688562213004,478
39575000,202.50987981986702,357.38805931273305,478
39580000,160.89577424456854,317.33411304579045,478
39585000,153.48573567391094,249.16251239637353,478
39590000,192.48921187378636,330.62969765193816,478
39595000,166.33297271426733,314.76188647201286,478
39600000,191.79685387187132,259.1198217467394,478
39605000,157.16367426763333,368.36584389932017,478
39610000,200.31516447584917,398.5146271675503,478
39615000,190.95629453499387,300.9751381714846,478
39620000,180.93928642835627,292.0959085261349,478
39625000,199.85896605647721,260.1747975029858,478
39630000,178.50723408819897,317.27109415904795,478
39635000,160.04404760111157,260.8577421173837,478
39640000,162.04298921521476,296.9368735081018,478
39645000,172.5886244770111,199.29187105398125,478
39650000,152.67851117655718,345.4891105320047,478
39655000,153.99281198824474,294.85876918064804,478
39660000,187.24646638306498,317.80779005779476,478
39665000,186.18169054311738,300.44317931473694,479
39670000,173.0060907835803,299.32753995628536,479
39675000,145.59616548639806,300.1784583721957,479
39680000,191.23467542495993,366.75212195964826,479
39685000,168.13687306809996,279.3205734473774,479
39690000,199.90926511400303,293.6302662235422,479
39695000,200.56050835332084,323.86119978903366,479
39700000,199.2755717273467,326.0397521098428,479
39705000,171.7873114114093,289.05373425732927,479
39710000,151.81750581596754,226.86444798789978,479
39715000,199.7774943790207,359.87706948167636,479
39720000,202.09845023149117,279.79342525870567,479
39725000,189.5583464224556,271.15761329745357,479
39730000,146.26346496563167,279.0862516447503,479
39735000,173.75563017083533,273.1009822498759,479
39740000,175.84526659316109,257.7119642634887,479
39745000,180.35463879359327,265.1558035788452,479
39750000,184.43721281364955,291.7180846916448,479
39755000,183.07448231071163,295.9333171782552,479
39760000,179.27715985932994,263.07239191153843,479
39765000,178.26500043825945,296.30576696358753,479
39770000,152.6177699377836,299.7918327213966,479
39775000,149.2066564245958,281.1259020600318,479
39780000,145.60798067483032,299.42691727741953,479
39785000,181.35978742176178,311.3721762257101,479
39790000,207.14760366940735,265.31470797706976,479
39795000,177.93084131521647,322.7986075188659,479
39800000,176.24673589373566,317.1354023087795,479
39805000,194.20914558200317,339.7002019566211,479
39810000,189.08717835860358,289.06802579895606,479
39815000,160.10651129726472,343.24175814730245,479
39820000,178.15756499466704,302.8565708032598,479
39825000,151.84968015976574,338.6021080280555,479
39830000,175.69858625210125,268.9344511167044,479
39835000,181.66132200749698,352.1101425271358,479
39840000,169.28090596226696,336.8887193364216,479
39845000,169.343367894341,246.39477443903112,479
39850000,140.85390202215797,246.87955598033025,479
39855000,150.77606274772486,277.34778467125744,479
39860000,168.49804360197626,367.5356220688977,479
39865000,153.89691168133527,355.61619588851613,479
39870000,182.5444276255093,319.88702325329785,479
39875000,162.79673063032357,325.89122658953306,479
39880000,174.76487687406402,291.43772400674686,479
39885000,184.01491001628622,279.78331680345224,479
39890000,182.42163089799874,323.0328292340457,479
39895000,155.4042842806798,284.80333304339564,479
39900000,153.16361448021593,279.7480229173163,480
39905000,158.35359305561965,305.72631868669487,480
39910000,212.49393995552074,301.6052155717566,480
39915000,178.7903342935887,274.8298983639233,480
39920000,149.44529684282955,325.92340124950385,480
39925000,183.72106252600526,254.44399786313437,480
39930000,172.7959315217343,261.7823027663486,480
39935000,167.70780792067802,253.34449081841376,480
39940000,164.92614366285054,329.1708235757287,480
39945000,162.61331927287338,243.27960544447652,480
39950000,158.42975237062862,268.0964525412288,480
39955000,154.63784606901058,278.41215800287506,480
39960000,181.82221873345114,315.1224849650255,480
39965000,144.61132235286308,336.6364432705624,480
39970000,178.99296567753998,351.71247891866744,480
39975000,221.67013823843774,337.70953063996734,480
39980000,205.7725860852626,335.44622973043306,480
39985000,164.87555017042305,288.8800434099734,480
39990000,193.43412957305006,285.82661055768244,480
39995000,174.4940119631651,263.8156950982977,480
40000000,205.39392927246206,315.00613773395,480
40005000,175.9926484192801,320.14026327552085,480
40010000,165.12824261561667,285.2548970687191,480
40015000,169.79370551850286,269.92126528655376,480
40020000,154.5208159384543,286.562480188991,480
40025000,147.35836952704543,298.3845057002824,480
40030000,146.48363223006493,258.5364999186432,480
40035000,157.6454000760863,243.15790013803263,480
40040000,183.64718691863297,294.3738405592019,480
40045000,159.7259036554987,298.01676080771745,480
40050000,169.1565581114723,328.9849105337336,480
40055000,187.25745681190458,303.6080736167594,480
40060000,184.73730769326266,279.1360023004516,480
40065000,176.8573305421194,327.5559476970873,480
40070000,189.0506181475361,341.96645866164386,480
40075000,184.60813345981623,361.95700199458855,480
40080000,185.04047607391436,383.1234717941079,480
40085000,207.96829457303573,314.0413893211172,480
40090000,164.78946967378621,248.97842808193352,480
40095000,156.13339673595289,288.05360215377044,480
40100000,187.98434248362037,334.69832026421886,480
40105000,202.30021402758553,253.82685893368722,480
40110000,184.44385562459522,302.1342616730406,480
40115000,169.69017928955856,286.0655612762834,480
40120000,196.79574859689734,246.65618519846777,480
40125000,177.8504353390646,218.24080194199584,480
40130000,155.4122745007891,325.167553882179,480
40135000,167.5488603776004,317.2199066671296,481
40140000,163.9746728997039,266.94985356536404,481
40145000,221.928844613322,333.3360584252871,481
40150000,203.08304985131713,322.31480210259497,481
40155000,177.987810475089,322.15914819493725,481
40160000,186.16649959707792,265.5093932384795,481
40165000,188.71983672999934,389.0088962778675,481
40170000,158.80578332039875,376.8976451343413,481
40175000,196.80971800627512,250.63182437184238,481
40180000,190.43267740192303,319.54423367560406,481
40185000,181.08024955269013,281.19768236137025,481
40190000,214.34406437557348,293.1316807658856,481
40195000,143.84984460459387,312.0607168721524,481
40200000,191.49140210889166,311.3211270123258,481
40205000,171.05970356940387,298.9971140714331,481
40210000,216.83314646749278,284.22428029377994,481
40215000,165.5737049566532,346.51591329316847,481
40220000,193.20208995452555,384.78502249803677,481
40225000,175.02567835289156,286.87559423259165,481
40230000,154.07961302277417,315.52513741224055,481
40235000,171.49920036869204,333.5969617656792,481
40240000,166.13920661602336,292.3874168911151,481
40245000,171.39599352603688,274.1646753262851,481
40250000,174.1086375532981,315.15692153543563,481
40255000,157.47897536712836,214.56674441171202,481
40260000,166.1673002284784,273.30790101165104,481
40265000,189.24338829149445,325.4557756149751,481
40270000,161.696492364661,262.84872656478007,481
40275000,167.79448809175432,322.0158884433946,481
40280000,193.2425798032075,320.723465156702,481
40285000,186.552047155428,285.2923847557134,481
40290000,146.65140164114695,368.66441700757287,481
40295000,192.94715400721392,279.6410646125938,481
40300000,185.5788285761404,265.8854447310041,481
40305000,172.52960086723732,242.23389922536975,481
40310000,195.92734242661777,317.80514400676753,481
40315000,204.7034515769758,234.68507485317215,481
40320000,215.57963200261548,326.6890584914828,481
40325000,173.03112729701854,267.59609989821115,481
40330000,158.44799709434545,287.29536168884187,481
40335000,189.92859601169388,258.6048268121307,481
40340000,162.33651251489408,275.34525807385006,481
40345000,184.1507144002215,273.3475251286962,481
40350000,148.8944658281336,306.62326203566715,481
40355000,170.4288388932769,289.1739996204622,481
40360000,136.68397922290168,230.2340345277397,481
40365000,167.35875405867412,358.8577857402936,481
40370000,164.13880654558108,292.8656939515197,482
40375000,171.64329909367189,285.31257382660505,482
40380000,199.0104183084845,251.79201590901746,482
40385000,166.281773711112,316.78916214342905,482
40390000,164.21082314416253,315.10565386124574,482
40395000,161.55907974883144,331.0031109021912,482
40400000,206.77230975999234,313.95942470257734,482
40405000,129.31045967291954,280.3216010161203,482
40410000,146.21743535064329,320.8044481019511,482
40415000,149.2838192204522,317.6312452450338,482
40420000,201.0524746124938,326.3957797942014,482
40425000,218.71628077412004,326.3082762821042,482
40430000,160.66389752984122,291.1372388382721,482
40435000,178.78675293388332,320.13489827687806,482
40440000,165.2398166222568,251.1498687099609,482
40445000,166.64106516783085,301.271807282945,482
40450000,163.99657636704217,271.74330193935214,482
40455000,164.65303202330244,205.7326393540334,482
40460000,184.04317643579927,250.25612586363732,482
40465000,181.7601194719944,253.8628993442646,482
40470000,173.8012683612023,334.7512907920312,482
40475000,189.40150542264922,253.55022711366192,482
40480000,189.26200388765426,357.271931505313,482
40485000,218.42695950887068,342.4941629705721,482
40490000,169.16125714688457,279.34427383686585,482
40495000,138.13441596775817,281.26972010185335,482
40500000,155.7212831665952,316.75304624555525,482
40505000,169.31293580110733,275.07198863267536,482
40510000,145.2482927238186,305.2951434999995,482
40515000,188.4938901246215,297.28469501076927,482
40520000,192.0445786603239,263.3143092299917,482
40525000,165.09010693647178,353.80766047711484,482
40530000,182.66578288856633,323.08472131307053,482
40535000,174.30759087508883,307.41830953272074,482
40540000,195.299007980938,255.06150676000306,482
40545000,186.66635687524138,304.1046173690298,482
40550000,173.7075049116987,348.0730460455296,482
40555000,176.79733547215758,328.86492342900175,482
40560000,160.1594577851955,311.6637530596873,482
40565000,163.61244067331862,302.5289843255746,482
40570000,200.04717072202888,284.16036042422064,482
40575000,191.4304517190112,372.0201562520429,482
40580000,149.32156973656788,302.04131453022785,482
40585000,187.84781824527659,329.1029504867737,482
40590000,164.5705504927034,273.146286625972,482
40595000,147.54726553168427,282.972817236022,482
40600000,150.90520285666636,270.5959007655781,482
40605000,202.77368234659232,313.4370935423586,482
40610000,181.7192219638302,317.252745131621,482
40615000,128.6714068818991,296.3913176492244,482
40620000,212.8223496850116,356.63588885544294,482
40625000,216.05649927650518,319.42098124176295,482
40630000,149.73581632231847,309.08730973972087,482
40635000,252.3349363684624,338.53867360674576,482
40640000,188.08104398899346,302.5327316490285,482
40645000,162.21938592811642,258.6119933681168,482
40650000,195.88328371383554,292.5834037339205,482
40655000,167.63115327202587,358.35454041236756,483
40660000,148.5016454292481,268.93900675938636,483
40665000,238.88330024788314,251.68334031868343,483
40670000,153.14234270785084,373.6718515002459,483
40675000,202.61708023377886,305.80623033172617,483
40680000,167.0074905837664,279.69125304075766,483
40685000,198.19515170841066,319.82778822464894,483
40690000,196.86736987462382,307.06258761536435,483
40695000,199.93240898784643,368.90448314733004,483
40700000,174.06259589877797,285.5282162527377,483
40705000,149.52145769231703,268.4784720973689,483
40710000,183.51979856484698,297.68508048188744,483
40715000,153.46017798475074,347.249729050173,483
40720000,185.48082316556722,318.4378776548584,483
40725000,210.41481050938592,296.04123352512295,483
40730000,162.75653731604675,308.1583652370409,483
40735000,165.4751441887796,211.5262121739549,483
40740000,191.64758431770733,298.2931012593359,483
40745000,183.49424875000182,323.06367657822256,483
40750000,164.48403189471037,288.9470930925186,483
40755000,173.34558528947326,265.6140551203196,483
40760000,175.71105132262957,272.83599425435,483
40765000,154.72023869392328,280.21441998350366,483
40770000,150.37788707610758,267.67370390621096,483
40775000,183.92220631245013,268.6656961594362,483
40780000,188.7539478299059,292.00810807502324,483
40785000,200.86063726141444,326.7959166125737,483
40790000,192.13698288217503,317.9424164698945,483
40795000,166.96048562334778,251.1654263281682,483
40800000,160.28125813393646,281.23947129437715,483
40805000,180.08274798577446,309.201589015124,483
40810000,178.68494295882402,283.62813356613003,483
40815000,190.25921682275012,293.4355951188107,483
40820000,182.45659192793576,305.91225341422233,483
40825000,159.49696712102974,291.8385992527925,483
40830000,167.6188303331886,324.5801461635206,483
40835000,181.09277592655,302.85516480268916,483
40840000,180.2394996641533,312.211040450017,483
40845000,180.9183298027857,253.5403959038594,483
40850000,118.4433339431616,291.07276111473175,483
40855000,169.63657213933664,253.23837284031038,483
40860000,178.87609955473917,315.0329640597806,483
40865000,179.0904451539219,332.5018070893834,483
40870000,171.14082432610942,295.15279396250577,483
40875000,148.60866106396705,258.147981295481,483
40880000,178.0971300564515,364.77152032116715,483
40885000,237.82678820463846,274.5188322709769,483
40890000,163.59752523364887,287.3411418818096,483
40895000,186.25100878573494,352.8085759909925,483
40900000,187.9264355629133,298.39679913866127,483
40905000,196.05446765758526,338.13132122499695,483
40910000,185.9815410346332,266.7803342149333,483
40915000,164.4745818629418,314.43141395496224,483
40920000,198.8594063791692,274.5917937672778,483
40925000,179.76145769866395,391.2552826912207,483
40930000,150.6773332320844,219.97224709538406,483
40935000,190.32737602933818,358.36879251067535,483
40940000,203.9150237883239,311.5619752081564,483
40945000,147.29293528818317,257.7883594134382,483
40950000,144.29050551882867,280.3225754847619,483
40955000,154.01824292989085,280.3739297215927,483
40960000,205.57697727410903,297.7284008153243,483
40965000,207.0777328427853,233.35385856862013,483
40970000,215.40895859787182,349.59718452911454,483
40975000,149.335801193952,258.8138440154973,483
40980000,238.73744880915976,322.21283275470336,483
40985000,169.39870724882783,300.6080184457358,483
40990000,127.13873072419818,311.5399470657457,483
40995000,211.52471676748047,264.5497034590812,483
41000000,136.69123821217698,311.13496350552873,483
41005000,147.83895000440143,277.0303572402004,483
41010000,181.36745925781526,278.86498309187465,483
41015000,199.80321533126806,355.3984559307339,483
41020000,167.28915761511027,309.7185222701766,483
41025000,188.29370737950666,307.9935806605786,483
41030000,200.3497539513193,287.47585907860196,483
41035000,202.08819288125636,258.5141266498737,483
41040000,209.13418018271608,272.4070251992124,483
41045000,142.4664277594486,297.8920942349144,483
41050000,198.56827280747325,286.8487547771449,483
41055000,221.3764335089898,325.774693377089,483
41060000,199.77859207376372,274.0758594561372,483
41065000,178.57818044822085,295.5266313922942,483
41070000,200.08613576887174,246.47548805759376,483
41075000,185.0358016766171,318.706060101369,483
41080000,183.76834770898236,271.22765954033724,483
41085000,148.89488574159412,302.726134290913,483
41090000,208.197140861135,274.92702772979453,483
41095000,132.9212866870007,333.5466909925093,483
41100000,171.32822302062985,284.2997551124725,483
41105000,219.29605176206994,313.6091854145675,483
41110000,165.64195859418015,287.73497431480297,483
41115000,192.06035479952047,312.73795864309596,483
41120000,168.04843900672566,308.11718696154867,483
41125000,150.7474161653461,316.61618734308524,483
41130000,243.79336983620485,316.7507558570603,483
41135000,222.12909288634154,362.8049255425315,483
41140000,167.28781911975963,256.80859880483456,483
41145000,202.3494322901957,273.8064177032998,483
41150000,206.95934342042472,281.6948779596886,483
41155000,178.2498782464573,298.66312502803055,483
41160000,152.39223026299203,286.45303013631474,483
41165000,190.0833375304357,363.3156233164663,483
41170000,187.98101653294472,363.7000443592548,483
41175000,175.57032703783761,312.0185671407223,483
41180000,173.15156562188994,281.82208800365265,483
41185000,221.65230656283066,299.922937385958,483
41190000,168.42757193885004,320.7183739250522,483
41195000,198.63750957306775,284.4778036239609,483
41200000,181.59951598199433,355.68460118087074,483
41205000,169.25182641120853,307.5050870772594,483
41210000,213.13687157409717,324.5479147941556,483
41215000,181.40060154935793,275.56447971761884,483
41220000,169.84152069253454,343.47511050214473,483
41225000,162.8028428356822,343.3439291351432,483
41230000,160.7464740841013,327.2753229920139,483
41235000,166.90003917073284,284.1091939746157,483
41240000,176.79567717258575,288.6580364656727,483
41245000,218.4979959591036,360.9394552321429,483
41250000,152.97270922031115,306.3567583469885,483
41255000,160.54278344024323,259.0218308241355,483
41260000,201.30315824257184,332.8881633704921,483
41265000,155.5138911427067,286.64519913947646,483
41270000,164.29389846259295,348.26270193762804,483
41275000,179.02573984484883,332.896307927473,483
41280000,175.95155843532405,323.189103625841,483
41285000,176.07211725898745,358.92575672042307,483
41290000,209.4998514919211,292.73672609236394,483
41295000,160.69549136056244,299.66317820843693,483
41300000,173.88975903660312,276.82606486645494,483
41305000,174.5515881239029,371.5766539682183,483
41310000,182.25794977464926,264.183868864511,483
41315000,178.1248966510763,294.71800981291614,483
41320000,189.14528632105902,315.4784114086117,483
41325000,184.52421184652133,348.3538731674034,483
41330000,197.45443915181409,315.9213647464192,483
41335000,198.03405104421782,312.06620582184036,483
41340000,137.97931384707059,267.60037371946663,483
41345000,186.9394005475844,278.7736832125266,483
41350000,171.41476789153472,303.96530255181494,483
41355000,183.21214283447307,282.4047200441429,483
41360000,197.51878598917241,303.05404942318086,483
41365000,167.55993738811318,285.42199028188867,483
41370000,144.9336688395506,307.1401239413193,483
41375000,161.4761245693565,277.67312571926686,483
41380000,179.4806745460117,277.0584641381675,483
41385000,152.43610283103598,243.69263283304835,483
41390000,149.701670064894,300.8795892916897,483
41395000,194.31494788940967,325.0340340433304,483
41400000,185.3897561483957,274.2828747092497,483
41405000,157.79999928703424,265.7647032983157,483
41410000,172.50510867203724,318.1621310356191,483
41415000,201.84244451843605,340.55176368802097,483
41420000,153.9607395907521,311.3334846086749,483
41425000,203.51798149925202,311.1713879884753,483
41430000,164.7068669547923,287.4630331977427,483
41435000,178.16825263876797,340.1492408441092,483
41440000,166.06089221976717,276.37823260929787,483
41445000,131.02862958947827,306.0543050510046,483
41450000,156.11196422751522,306.21257768412346,483
41455000,174.63926972402965,328.200445450977,483
41460000,169.39818243085986,378.6214283383317,483
41465000,195.98237355048076,399.62121988001405,483
41470000,167.98908639339345,319.6209982963077,483
41475000,180.47538836374542,291.9479412241944,483
41480000,175.10696551854815,283.1705247626976,483
41485000,186.38087581653434,365.4074080462732,483
41490000,156.21195935851262,280.18027410854427,483
41495000,201.35509877076777,336.72267343128414,483
41500000,238.08014106205056,279.2322452804543,483
41505000,207.83704519002907,246.1709376126442,483
41510000,121.31901598964039,290.36587647000493,483
41515000,181.30605887938736,322.38961245723533,483
41520000,160.83980833622203,290.64001598801093,483
41525000,208.48452296519164,352.67592117758676,483
41530000,167.67767519874522,323.3118275682749,483
41535000,115.26672204137019,312.44441065016713,483
41540000,158.50124808681622,288.11454449931966,483
41545000,178.31750348366722,273.6005231581972,483
41550000,158.88812365031993,334.22155674578494,483
41555000,161.78768066887642,318.09330290995354,483
41560000,196.90610445914163,276.8292570655878,483
41565000,157.93528646582448,390.8168254980883,483
41570000,160.92929497529062,365.36478509565694,483
41575000,198.4740800897659,366.28848485889614,483
41580000,137.3875322271561,313.28567216315423,483
41585000,179.3981766587482,269.89271997842263,483
41590000,157.25589278279628,274.3988757385212,483
41595000,195.08511947169166,259.6494275659969,483
41600000,140.28032203185444,247.71081439094456,483
41605000,184.6704294183635,291.81308513471964,483
41610000,191.69509292731135,324.27173761507817,483
41615000,175.50824965949604,302.0711884359595,483
41620000,186.49801527026605,295.2171423270763,483
41625000,203.10426105856345,317.6625888124925,483
41630000,192.43864020263413,308.62363796708865,483
41635000,185.22261991123256,416.96449393873945,483
41640000,196.04722266733097,355.324945880202,483
41645000,193.09895027951313,323.5303881089697,483
41650000,166.92892213332527,297.8560950973789,483
41655000,144.67927979389145,290.9220798271445,483
41660000,187.9910023298779,342.00140535502595,483
41665000,145.5092425193354,284.0444021006758,483
41670000,182.07871799197662,302.75741282124966,483
41675000,161.9026267152133,257.89034982078624,483
41680000,181.93339261010829,269.9373880453062,483
41685000,174.25623988431866,293.6200149236683,483
41690000,216.26085249026886,364.0935470630414,483
41695000,180.87142655957297,270.8113744061814,483
41700000,175.64130860773815,232.95428624524587,483
41705000,198.79482024649056,301.1261670650758,483
41710000,172.53691507063908,256.04708447454243,483
41715000,200.76734762225516,241.02980207093725,483
41720000,208.36459025465106,264.9681830911622,483
41725000,230.68624777119769,265.1011915087948,483
41730000,193.0021734112483,302.3899507087668,483
41735000,160.99991045022367,230.71694734290284,483
41740000,173.09915246400854,309.56002558702846,483
41745000,192.50140067793774,259.40406726863836,483
41750000,159.33966600150958,300.2017447931926,483
41755000,169.35436732673588,339.12100829295815,483
41760000,176.59774208780576,307.364144009097,483
41765000,185.15658420442566,346.8582907909646,483
41770000,184.72320884956136,312.0011566255788,483
41775000,184.40677525501442,290.8417229889119,483
41780000,229.43995504890586,338.95478822392226,483
41785000,173.56425579211287,328.6657383312574,483
41790000,190.69504616774634,266.1595367723954,483
41795000,195.95298472810117,340.94204671540587,483
41800000,162.01400798520314,384.08378172753805,483
41805000,144.36899287235127,258.42277744702886,483
41810000,158.54047153167267,312.3126464567857,483
41815000,147.12409746355033,292.38086970175067,483
41820000,200.94339469225895,329.1609304661351,483
41825000,212.00823327571962,234.74928397139374,483
41830000,149.4197018024737,292.9848187607235,483
41835000,184.31110147815306,312.98406068367365,483
41840000,168.5468527657568,368.2286183647771,483
41845000,150.7214044638796,310.4236788239256,483
41850000,169.43711508678115,296.2562869651576,483
41855000,169.9053275139198,296.666823725718,483
41860000,135.0385740675635,317.76708823568936,483
41865000,153.08249620287893,289.6504847459142,483
41870000,211.48554561492998,377.26267763879673,483
41875000,162.35744422628025,241.83957572594753,483
41880000,199.7800321152885,304.2721332857492,483
41885000,204.37845889757853,215.44895773564252,483
41890000,201.3674406780558,295.02135658002453,483
41895000,156.03451672320537,243.17046673681963,483
41900000,206.1409069828566,244.9742980706846,483
41905000,193.22350678704282,296.6871242781215,483
41910000,162.9739657249393,252.785331227934,483
41915000,190.19805704488581,261.2790470170632,483
41920000,162.72736396068163,293.89532601437173,483
41925000,167.72603253484294,278.9030784026644,483
41930000,190.01347880279144,312.30379151764873,483
41935000,145.46450875993727,269.2184139958642,483
41940000,168.51672773879258,249.55266850870373,483
41945000,200.3932286647647,326.1683784707157,483
41950000,140.34108854144932,273.4225983832867,483
41955000,185.2935553957883,276.5710865375382,483
41960000,149.78423355239852,307.88976838891773,483
41965000,139.9731990860156,279.67117466974497,483
41970000,188.8151007340852,320.6674830493155,483
41975000,209.57255433964949,305.85964676040095,483
41980000,199.4276353975176,338.40884190124933,483
41985000,199.91958487744913,276.3343275979676,483
41990000,184.1846446120174,277.94569532039924,483
41995000,180.7637882169237,336.13913289317156,483
42000000,173.75067003974058,310.52196567358527,483
42005000,190.95526172650423,296.69326464046776,483
42010000,166.4998606338463,278.62294321073927,483
42015000,223.91669362774996,329.56740979072714,483
42020000,133.77373829992237,296.20066843493356,483
42025000,227.55487501739407,291.3877070844798,483
42030000,174.62973795506943,349.8136888327572,483
42035000,162.2873963581679,309.67748093466344,483
42040000,168.97452694375244,252.5612755185533,483
42045000,171.45074067037913,249.24802533530215,483
42050000,204.12981509648534,313.4027858179898,483
42055000,166.23793102846759,299.19863123966667,483
42060000,177.02202040685873,260.58583929457876,483
42065000,153.24685437067643,261.9473087455392,483
42070000,153.73639719281996,384.4491978349099,483
42075000,174.82556943860303,264.0222443141636,483
42080000,178.32355930828507,271.04830817405576,483
42085000,188.13550277968574,299.61953559477536,483
42090000,161.16148570316528,325.6189583887688,483
42095000,166.7021535785608,310.04124797008177,483
42100000,169.43394844133556,267.3819857210336,483
42105000,181.1646710517245,305.1782662903979,483
42110000,132.04278151516914,275.33376233470756,483
42115000,186.5291473675036,343.67995880525126,483
42120000,183.2054723189782,354.49803672907444,483
42125000,178.04682349081162,343.7678890147833,483
42130000,171.88852497138825,297.6665227318222,483
42135000,155.97105913189972,276.02695560334803,483
42140000,130.54995538792798,261.8548620460006,483
42145000,164.93255682717907,314.83224749453564,483
42150000,149.4824915443719,276.64939238506855,483
42155000,192.19147269915402,284.54350878561536,483
42160000,183.80640782316667,279.09755166910634,483
42165000,147.26698329481817,241.92887048200154,483
42170000,154.68553644792968,314.86047668553596,483
42175000,186.63357713395982,257.113492822279,483
42180000,204.8350301371263,313.11535557870656,483
42185000,186.68326677151668,256.11240758823914,483
42190000,173.42900910355743,291.65709026971126,483
42195000,206.01928697968393,307.1413930976334,483
42200000,170.3329199685399,305.834079626151,483
42205000,186.48364513245355,299.065067566064,483
42210000,181.12863287199303,316.7386949689686,483
42215000,193.51804562532428,331.29526979070636,483
42220000,200.80568821214956,314.8819325343377,483
42225000,218.21892065686697,308.38365268581026,483
42230000,175.619100775879,286.59622781124835,483
42235000,176.53218265348764,292.51149004935104,483
42240000,181.64938451453696,297.9136940130774,483
42245000,223.96604563595128,318.47488798671975,483
42250000,205.65964658962068,315.3615681032508,483
42255000,199.75354860103855,303.88945412572366,483
42260000,148.2265013007509,319.71502457086206,483
42265000,145.47313755042913,249.7506888846928,483
42270000,182.8543599624232,270.9173485029135,483
42275000,179.7788465663403,275.1038071331916,483
42280000,177.06925192751115,249.62507312585396,483
42285000,210.19625452377787,274.2989748160329,483
42290000,141.0593526982095,301.90583257164775,483
42295000,161.02755956701677,288.813204264989,483
42300000,163.8631426437049,282.2736375979337,483
42305000,132.45143617013963,290.1142717208711,483
42310000,197.17942706180438,244.03689497810808,483
42315000,145.1859892077743,317.67362868189866,483
42320000,167.73950900510087,310.0100801538072,483
42325000,193.44925701899675,343.9705735048467,483
42330000,172.63007660179915,275.76851276265637,483
42335000,137.0163847599663,309.6895600819767,483
42340000,145.30067647255117,281.09908793627784,483
42345000,208.16582110444418,332.55886595899426,483
42350000,210.3048039203637,275.6933012523204,483
42355000,173.53372421270348,267.4464398819231,483
42360000,133.67927191882245,331.1927595668183,483
42365000,155.87675363799377,304.9090583720587,483
42370000,149.06858531041883,290.2683819116016,483
42375000,170.05198443687837,319.29894541394094,483
42380000,203.59202329198538,333.75806921352057,483
42385000,183.12895781500094,344.86475261714753,483
42390000,194.1025967344209,267.6048386509488,483
42395000,164.22175023051008,320.77553286041586,483
42400000,174.3262481076882,267.42411643711597,483
42405000,169.30328909821182,342.3052974552204,483
42410000,191.56017541438192,293.4086398146434,483
42415000,109.1992312632636,329.32333482336776,483
42420000,144.05986556580737,205.44479283591286,483
42425000,207.25276019266983,262.14531380343067,483
42430000,188.34521951212025,309.7543602499251,483
42435000,167.36578862365317,280.36551251416023,483
42440000,176.23913399809746,303.99736424077014,483
42445000,182.94298472827546,258.38590443351023,483
42450000,161.21139409177087,298.0286416502502,483
42455000,155.77107631817825,337.1474841011027,483
42460000,164.75237781101353,313.53403316457207,483
42465000,168.51351253081856,285.16908198992707,483
42470000,162.63186695348574,270.93171952041797,483
42475000,146.72380459527062,256.50993660323843,483
42480000,183.21506317906616,300.24766157597287,483
42485000,132.99688254692617,290.31256115499514,483
42490000,190.44468731719132,254.37471654022752,483
42495000,185.5491580329984,260.56379502047747,483
42500000,156.45522184633893,264.83883069611227,483
42505000,184.27256555298453,383.4806255217264,483
42510000,222.94520172415326,324.13270749020097,483
42515000,172.703578556916,271.4348561660203,483
42520000,157.42784409994857,300.5830762972284,483
42525000,156.03067375183778,265.2453596223826,483
42530000,157.18742501840705,287.25332108920963,483
42535000,183.8370295227068,290.81077394565364,483
42540000,139.49503992450266,268.6986623232462,483
42545000,170.0013042476264,254.28268863849468,483
42550000,162.08473574699624,357.0733922878303,483
42555000,206.7443459465934,347.2306149728692,483
42560000,151.57042262562328,304.7817498699777,483
42565000,173.2824667706524,355.249299438307,483
42570000,194.64753148104242,252.3362834363121,483
42575000,177.3015962155046,305.0827517694899,483
42580000,209.4827646543416,231.3800340725073,483
42585000,160.90638495455596,260.61698246866644,483
42590000,177.48605795298457,277.6436268522603,483
42595000,186.78682808645652,296.28607581244677,483
42600000,187.1210838121021,303.9941663442743,483
42605000,143.49085796486554,333.83880288373393,483
42610000,164.77224667395004,302.0651591996609,483
42615000,174.87118073805445,259.27260487905266,483
42620000,178.051759519277,294.6296883277851,483
42625000,157.8149404233174,235.32564777428766,483
42630000,182.2985802140226,319.77931152111665,483
42635000,163.4634487811123,297.69425146949436,483
42640000,180.9990940299226,270.1193896172205,483
42645000,183.665740477602,301.25488325258567,483
42650000,161.45392271902583,300.68539368420244,483
42655000,178.2895554224366,268.28942729568917,483
42660000,175.30477651957403,267.5170088438135,483
42665000,181.31466441121916,354.57879581883884,483
42670000,134.02339766279223,287.96992034897335,483
42675000,207.40265095079357,413.7303564353025,484
42680000,179.26375843555422,352.62136600725626,484
42685000,177.52977609591713,296.27379000461303,484
42690000,187.35976266700183,337.0399104314838,484
42695000,235.52859157897817,284.3216628565228,484
42700000,180.43948335726876,316.6917941812022,484
42705000,170.61857367387358,286.365291938537,484
42710000,167.85355906730612,256.49452780587393,484
42715000,175.99588814305017,330.88687214465557,484
42720000,176.73603486439967,264.46303507326144,484
42725000,197.48886825199963,290.07806557010974,484
42730000,156.63090442231064,259.0971157000561,484
42735000,176.39058370931664,297.7357684729413,484
42740000,144.86815195908997,294.09615705672957,484
42745000,143.41071321410172,257.6735974075843,484
42750000,173.48748868641957,280.1020937259485,484
42755000,172.89026426607518,301.86213239639335,484
42760000,202.43611571340594,317.6891374383787,484
42765000,178.17340754956356,366.9079641870616,484
42770000,193.03457929134825,306.0122556194233,484
42775000,202.34263559407708,298.0884191540446,484
42780000,141.7622018299331,275.08862766849086,484
42785000,180.86386769851077,254.74333490260264,484
42790000,175.905443151253,347.5878235655659,484
42795000,215.75081600133163,296.01217104656695,484
42800000,181.28929920970455,304.31088082106453,484
42805000,202.04777375367965,324.8534044455458,484
42810000,177.7864905433301,302.4579547438042,484
42815000,184.74506547513244,328.2899603920936,484
42820000,185.46704189020133,251.5047038667292,484
42825000,169.83582669704526,333.53496784130374,484
42830000,158.5370215141801,268.5601312075408,484
42835000,155.10358693439096,274.3054697589158,484
42840000,139.82576252449292,255.22092959112751,484
42845000,216.17516417426765,337.22697244184417,484
42850000,195.14147623208763,277.01290729037936,484
42855000,167.26970333608725,404.6789407412948,484
42860000,176.54791115666944,280.1660543290798,484
42865000,145.71442802843953,291.0497470847848,484
42870000,184.59127495545235,305.92033596779567,484
42875000,183.43652452870728,259.2383347268784,484
42880000,168.91051555666033,295.35686100086747,484
42885000,186.06781561569196,284.7975075975724,484
42890000,152.39081315928482,279.58569233571643,484
42895000,182.21442607441216,334.7892913079048,484
42900000,135.3714197874389,271.07459577369553,484
42905000,138.46574299263895,304.1562563614139,484
42910000,174.87177332261075,256.67107961687805,484
42915000,154.431276417254,267.1484222686203,484
42920000,219.79057784706134,348.1986171958694,484
42925000,207.42685330146656,347.77329553876825,484
42930000,143.6142556434977,239.55819641834728,484
42935000,177.8317282049427,286.0121888869072,484
42940000,186.71670750935425,288.36108369834443,484
42945000,195.88860315360003,283.9236552773339,484
42950000,158.4954204231962,252.76876631636063,484
42955000,155.2993925972804,290.2341867699593,484
42960000,162.55675930239417,301.25167823923556,484
42965000,167.48010013105733,276.46901252821283,484
42970000,161.43805424444938,324.81637047048054,484
42975000,193.85362185110833,230.0091560892565,484
42980000,202.92387525361573,357.8206368187971,484
42985000,188.52946191104965,370.4030978361113,484
42990000,191.26146019446833,346.81960481364274,484
42995000,194.469606243558,289.67083996214126,484
43000000,164.84330310445213,283.5825702221261,484
43005000,174.4289935129309,342.4382868412487,484
43010000,189.72004105477114,309.3906103714659,484
43015000,167.30655823891922,286.2953184401252,484
43020000,163.47992627449742,323.3373217965562,484
43025000,193.92881148295692,330.23618037975433,484
43030000,172.21330831094483,335.06996307180657,484
43035000,173.3433368506657,380.5595516051256,484
43040000,199.20400323373494,268.72747147799555,484
43045000,177.35103632594564,360.6716964196109,484
43050000,181.21873737624998,298.2400184710098,484
43055000,214.13320048920727,367.63914854087125,484
43060000,132.29572801464892,276.1383105572671,484
43065000,170.72183706215625,293.33207989842975,484
43070000,150.3996772115508,286.25743600001795,484
43075000,185.1029463766921,234.90930373910962,484
43080000,177.66547479557397,289.97998081978244,484
43085000,188.92001285378748,287.00140397464355,484
43090000,159.17064709992226,321.545245763087,484
43095000,213.22899039938557,286.4947956244843,484
43100000,187.7870955575445,291.0906360735639,484
43105000,159.32970039356888,298.22005074820066,484
43110000,147.59133723683644,336.1676352241109,484
43115000,190.25025642008478,253.27752421985767,484
43120000,165.38048999363127,298.4572475290856,484
43125000,172.67815177437592,338.7885577273026,484
43130000,180.38917984560192,247.83250311598576,484
43135000,165.56697500886997,272.4814823300708,484
43140000,175.82398058584016,274.6098542483663,484
43145000,155.49824210873982,312.09333433930567,484
43150000,175.9706418120284,266.886749806833,484
43155000,179.0228542122019,275.0456273794067,484
43160000,163.8486912053886,304.12209210931303,484
43165000,219.71641207622812,268.86240912695723,484
43170000,195.82220524223783,308.6879772939821,484
43175000,217.12188467957338,348.10283206426243,484
43180000,142.37468827365961,313.3114391148813,484
43185000,192.75425443342496,320.01186364732996,484
43190000,153.21430641941424,271.79009941461004,484
43195000,167.21598804625722,248.95320108466083,484
43200000,206.56911264497867,305.9444149256498,484
43205000,179.9405350945721,287.64755885404617,484
43210000,172.6683783389932,332.8829814611181,484
43215000,169.6505343801469,375.0635582974755,484
43220000,189.18463692338315,359.2150993255428,484
43225000,119.8202326107745,341.2738644342542,484
43230000,189.30984022500067,271.37389338303575,484
43235000,140.06402399739318,352.53777309323164,484
43240000,141.6326617064368,379.8114538583318,484
43245000,152.7376257908703,240.2756787792802,484
43250000,186.88758104207795,281.50783161164446,484
43255000,183.05753876121932,318.7581269558093,484
43260000,189.03718598122103,334.17148305747827,484
43265000,224.30451061144373,299.9756577262068,484
43270000,187.87271762118107,351.16104843620104,484
43275000,164.81074214548516,296.2622039137946,484
43280000,187.17305621979443,300.66214062474904,484
43285000,155.4273946776097,329.05445111086823,484
43290000,177.93531058344036,311.45060847154923,484
43295000,169.24773565815076,348.27951684071206,484
43300000,193.1674103483418,312.62558675011735,484
43305000,171.28869604732128,347.38372624074145,484
43310000,168.1856100818396,260.37072473135305,484
43315000,197.30803598693143,319.38850223935776,484
43320000,144.11377139231212,302.0725776864131,484
43325000,166.05594427045355,307.12504532056226,484
43330000,202.48066913084344,302.11186748698316,484
43335000,148.01940811677204,228.94195108601133,484
43340000,181.1689073495482,329.6683063083704,484
43345000,190.2919265583118,290.03201616634976,484
43350000,163.6525512603887,326.80189535134355,484
43355000,189.42296799561265,315.294549663196,484
43360000,183.7949883609989,359.78556688076884,484
43365000,198.39372946710327,310.199237353691,484
43370000,151.281871563378,245.23048291064995,484
43375000,192.60146274626877,343.5332771823019,484
43380000,169.87225108964935,288.55214752299594,484
43385000,202.61447340448464,254.96684079347548,484
43390000,209.06754258904473,371.72953534322346,484
43395000,182.7219378352477,296.87445310097206,484
43400000,204.52462794789724,328.4313697989069,484
43405000,192.8307467335337,270.4099748351224,484
43410000,163.3618039434749,293.13790649376153,484
43415000,185.84011703367457,351.26383157415034,484
43420000,174.6977415051526,323.6954205418637,484
43425000,167.77578168217644,350.9833809316032,484
43430000,198.56644687321807,285.4360062446221,484
43435000,220.34293786628407,284.44943432732845,484
43440000,141.98813853904855,291.73236063038917,484
43445000,178.70269778851872,343.5303256473918,484
43450000,208.70327267408405,301.30912778070086,484
43455000,201.53988036575376,239.04667112416115,484
43460000,195.30096753505467,295.29017423925114,484
43465000,182.94014274159304,309.55197633867334,484
43470000,222.42848593664152,282.7426615107346,484
43475000,195.04061219770145,328.5272325270384,484
43480000,200.25652946200387,290.18134178604936,484
43485000,216.5115281600642,262.01038096132453,484
43490000,165.5433443637868,340.35407862256676,484
43495000,141.8682081903984,283.29472029146734,484
43500000,158.68669602919977,288.52119427143145,484
43505000,165.00987075582415,329.26998698122236,484
43510000,188.86662140270235,239.15950071835468,484
43515000,182.9337161142973,315.4361631501659,484
43520000,159.9581569364209,327.9912061902237,484
43525000,189.3155365908634,317.56354784367466,484
43530000,146.00715081652555,268.27046551740546,484
43535000,172.24576890217162,335.19037816395775,484
43540000,186.91011261596358,321.4593058363016,484
43545000,152.88342277635465,269.9136027435265,484
43550000,202.83819443274095,315.9356151994584,484
43555000,207.61601827972373,261.1394614937954,484
43560000,151.54953698770458,263.62208290153933,484
43565000,181.1043386636166,319.1816186331456,484
43570000,165.88759762092278,351.6200718773638,484
43575000,183.0678773003369,318.0961198923623,484
43580000,169.04197657028845,255.99940656352993,484
43585000,193.8409622407987,261.0020686577358,484
43590000,204.63324638666217,297.95912172034343,484
43595000,183.06898114073758,266.8752698323236,484
43600000,225.12859254372287,332.53522238391565,484
43605000,188.6788032788102,356.4991279962856,484
43610000,151.65986283264823,297.53168967602335,484
43615000,165.63340271514335,298.4625591954897,484
43620000,153.82818279330775,355.28220185286665,484
43625000,157.73699611652296,325.3577245952874,484
43630000,175.91065731783485,291.4954033949831,484
43635000,187.8173139387456,293.3944030403477,484
43640000,209.4963727220681,299.7290377900502,484
43645000,176.65055253583338,304.8816863752943,484
43650000,182.27543475000905,284.10765638090237,484
43655000,167.72350429040986,303.1359150205215,484
43660000,170.06246551827962,327.919966697439,484
43665000,201.02191439242583,282.53198123469866,484
43670000,158.8631587128761,306.93943304236257,484
43675000,143.10898753734583,240.5388533461297,484
43680000,140.04531192467627,259.13812772457266,484
43685000,172.5517836574526,280.7885492323369,484
43690000,174.87368390142322,260.28602554144885,484
43695000,205.53768917189,306.83560881092,484
43700000,175.15172868563718,258.5433874980256,484
43705000,174.2866426105321,236.6103597662186,484
43710000,190.4320715235812,314.2870996266568,484
43715000,199.45347018310375,325.4280367226352,484
43720000,171.40661332806926,254.2690966328609,484
43725000,174.06100355465938,335.3585408558715,484
43730000,198.69076084704938,274.24637137892904,484
43735000,138.62426002679183,296.6512555018408,484
43740000,158.87151518394097,285.4156037233797,484
43745000,143.932176213289,315.19522530844336,484
43750000,176.1139174498423,254.09751968321464,484
43755000,212.45975118366863,368.64564535847506,484
43760000,182.82099170757687,328.19711719209863,484
43765000,171.16625654961646,360.7877303437697,484
43770000,160.84194161729712,397.8937292881892,484
43775000,154.86960750575588,271.1938804005032,484
43780000,153.50884329281786,308.12688002534264,484
43785000,204.80160446956833,380.28497625331886,484
43790000,165.3154111043899,288.33189322285637,484
43795000,144.04348734953848,360.20255386616026,484
43800000,150.00752179487415,285.8365028784018,484
43805000,166.09836853635503,340.86737376496444,484
43810000,166.8172580697047,297.0163938133625,484
43815000,180.5584806068149,313.33369907775943,484
43820000,191.2702189740112,333.322089606757,484
43825000,162.3686462486206,283.8306111818602,484
43830000,154.16131888543953,265.8633150492158,484
43835000,167.3711978546831,264.01298408070596,484
43840000,184.46930633497135,300.7415530290309,484
43845000,197.74165405762201,300.7375927373261,484
43850000,194.4607180983513,278.0784724254664,484
43855000,157.13215588447875,256.077953078575,484
43860000,180.23787347956716,324.37875644750176,484
43865000,199.96134079166933,269.2679176858248,484
43870000,184.4593683143812,273.0688455857195,484
43875000,194.55867902704756,307.0123312129896,484
43880000,165.84410560196253,373.18408916405184,484
43885000,178.1153233428319,301.93881998354425,484
43890000,185.46368170076317,287.79004058440717,484
43895000,184.92977041086573,263.78388442267743,484
43900000,156.78211994221405,352.3002606035548,484
43905000,163.82768606882752,304.5253395999998,484
43910000,198.34460278522607,344.7196424587033,484
43915000,147.93517633370823,326.77146569126364,484
43920000,163.46471624655663,327.2543235209483,484
43925000,160.94475507417442,279.0809268653974,484
43930000,196.51848276877067,269.3940033507652,484
43935000,228.02499547174006,295.56235563529845,484
43940000,189.0863110955974,343.5930272939546,484
43945000,154.25004978723135,291.8805850215572,484
43950000,164.99381050330382,285.55438165442126,484
43955000,191.53964606410048,281.58089020016155,484
43960000,177.05707060075088,257.6355025895702,484
43965000,158.34355987160546,259.06572712729746,484
43970000,194.8568089921535,260.1136582350267,484
43975000,144.35271221582175,213.2796718785389,484
43980000,197.22783994897085,245.87474823132936,484
43985000,164.83865225116787,209.22813392215636,484
43990000,177.57244501568292,323.3088519587916,484
43995000,182.60575464541625,228.64208144770984,484
44000000,157.66833464320703,306.1648684217211,484
44005000,167.68372843908426,284.9821708228189,484
44010000,161.92274841927832,295.6942844587363,484
44015000,207.76480724121427,362.4411440901731,484
44020000,179.78249998751798,307.42159872199863,484
44025000,174.70887325644762,280.87550792855075,484
44030000,202.79752310003192,295.6573073115191,484
44035000,203.53989318220536,293.1058895416961,484
44040000,134.45721620849517,347.14459156514545,484
44045000,159.51771757329792,288.6811146551083,484
44050000,166.17280528984216,312.59632095166546,484
44055000,165.0908074143335,299.8693843015457,484
44060000,168.80926690943835,265.2721047421249,484
44065000,188.29668220731924,351.4488269640472,484
44070000,192.23149503029248,305.30469371501147,484
44075000,192.6542291659178,361.9357779877688,484
44080000,162.3847814485779,321.2802961133671,484
44085000,191.72534515222833,338.4341794904757,484
44090000,191.89014588839234,346.001617927526,484
44095000,197.2149815565391,244.23875858915437,484
44100000,200.72111345259844,329.46773236761726,484
44105000,188.35090454379204,283.68508368673525,484
44110000,186.0227009987157,296.79635615287606,484
44115000,181.7742305766763,352.9993650200638,484
44120000,146.31476784648947,268.221189938789,484
44125000,169.929241069239,295.0536484803804,484
44130000,153.57807929211955,283.3736884745791,484
44135000,184.3281883464362,306.43919412991914,484
44140000,168.40934281544241,279.87556843454786,484
44145000,171.38044590232627,321.4662703374957,484
44150000,174.20529899077496,314.3448641038435,484
44155000,157.52895478319894,307.4883437243096,484
44160000,141.97124960944328,322.0293863902503,484
44165000,182.56982399617988,297.25169532990304,484
44170000,113.57489574732494,256.28279150005056,484
44175000,157.88804873349326,311.26911327277014,484
44180000,170.04149893536587,273.8196236633976,484
44185000,151.67390827279138,307.6605010346489,484
44190000,156.72383624171977,288.3885163456429,484
44195000,162.30855791345397,367.3460682207075,484
44200000,196.55429571524547,276.0926947592512,484
44205000,151.19119172180547,316.79227236196607,484
44210000,169.80716939911287,331.62015224717226,484
44215000,190.36634211535886,361.0758784665551,484
44220000,179.87859285710292,239.76594982216628,484
44225000,171.7991407571016,240.64694424482283,484
44230000,177.2998764741959,394.9454817777983,484
44235000,130.08167723529377,270.33743991964843,484
44240000,132.8504530146527,214.49839369070529,484
44245000,199.77411847360682,358.438382041232,484
44250000,161.29669600818622,248.82938680879585,484
44255000,175.4703221781852,256.7672446106288,484
44260000,184.5838248844791,282.301527577512,484
44265000,161.79186415214886,292.44310328376287,484
44270000,163.47728683231728,305.112384582235,484
44275000,164.40815385223542,273.2586819774071,484
44280000,152.42192092299325,268.2543478257237,484
44285000,162.77910577257353,333.2517316106133,484
44290000,131.62909424009422,302.1058004713116,484
44295000,157.8443618380895,321.6886309692702,484
44300000,149.46276948550252,295.651415241781,484
44305000,184.98876717336228,363.76774296330933,484
44310000,164.41324168429674,253.71727749273936,484
44315000,160.73846522013065,292.3308896069573,484
44320000,194.9050217379621,281.7186803725562,484
44325000,176.33173401171194,267.1945591194292,484
44330000,176.13182865683171,291.13928914380153,484
44335000,175.29225364540466,301.28074147464105,484
44340000,163.4684447967348,314.9564364567121,484
44345000,182.6433513403674,284.7012536774996,484
44350000,174.57718119233581,326.9606222742075,484
44355000,166.26364534225547,317.72436903178584,484
44360000,181.64359420551455,316.1502462425546,484
44365000,175.46586321058624,335.12429209920947,484
44370000,201.54124979883605,221.58125724600941,484
44375000,176.63844957184114,301.50370588693943,484
44380000,227.00965163270925,288.7719795791765,484
44385000,169.968142683805,298.777578644108,484
44390000,171.89859376297895,282.2039026169235,484
44395000,174.0806571873202,297.9481799647696,484
44400000,188.63757430331012,331.54039269261347,484
44405000,197.56322037079548,290.2914413486826,484
44410000,176.13099059938682,308.6161443558127,484
44415000,185.4437863478376,367.33531443465193,484
44420000,165.46632826272722,253.8549567540505,484
44425000,139.90515285469257,276.12086652892896,484
44430000,174.9516199966979,268.89607073618583,484
44435000,196.2488339948435,307.68568364063435,484
44440000,180.21768578733221,295.28282101686864,484
44445000,139.52986437730488,300.01336944037143,484
44450000,152.1232596030247,294.01865224202356,484
44455000,198.5825848122291,245.11467028786527,484
44460000,163.29110777304024,317.3080140849118,484
44465000,180.95869989822617,316.11645741072914,484
44470000,171.32691097553658,260.0637481188573,484
44475000,198.71232101562515,227.7152116232175,484
44480000,209.2633997933058,294.63109359912414,484
44485000,170.1144948345431,248.13210892429157,484
44490000,207.8233574006956,310.42415539019674,484
44495000,188.00146894554197,338.6396360999734,484
44500000,213.37384000510997,283.56052859906913,484
44505000,204.82328389496706,359.91183044513826,484
44510000,184.99375463989097,245.73284956313296,484
44515000,208.13013009784464,312.9832519721164,484
44520000,200.3253610336239,343.4284106903728,484
44525000,161.15384101311312,245.94612289686333,484
44530000,201.04086244136792,268.16126289144125,484
44535000,181.50956235246164,258.79048245939947,484
44540000,229.10961511355958,398.0499104662792,484
44545000,219.13521975914574,311.0089594506268,484
44550000,170.28034664033402,367.91076387158046,484
44555000,164.93599323708213,288.3770966854415,484
44560000,178.546965989555,346.8195542462412,484
44565000,189.14818302869568,262.2913027301,484
44570000,174.43161580675707,240.8088004143762,484
44575000,191.81375250862354,338.18314255413827,484
44580000,159.39067513735185,325.6560144976602,484
44585000,169.3205501745963,329.62153011826166,484
44590000,154.0717484975454,313.06984270453023,484
44595000,200.550327994458,316.8953863185378,484
44600000,171.23996445119164,288.3927759135383,484
44605000,192.708315052868,300.0521179800271,484
44610000,158.29067401812114,334.92154102233957,484
44615000,165.68264621051438,302.83468649250926,484
44620000,191.2691606860505,303.2772509642936,484
44625000,165.42879198440679,277.76363981746664,484
44630000,185.2088618172595,394.2364090265086,484
44635000,168.11289591250454,270.9074329578408,484
44640000,179.25949030112545,252.40487906056114,484
44645000,188.16795399602074,340.99509119800314,484
44650000,175.68818389375613,302.52808221187695,484
44655000,189.85410900014193,276.07961552287566,484
44660000,171.0815879532422,276.34437697901734,484
44665000,147.66142386027988,285.65105325872037,484
44670000,179.16464074528977,336.41133465241234,484
44675000,168.18873244342686,331.7158889538546,484
44680000,196.55952361882103,333.1845772557075,484
44685000,223.75874925999432,247.82079524499207,484
44690000,166.84660164231747,310.5476771439162,484
44695000,154.4945429729362,242.67530689727755,484
44700000,161.8072901251735,265.7097156922886,484
44705000,153.18312286417765,354.24764571026947,484
44710000,223.4060450565844,322.7481591762718,484
44715000,170.65397211813567,362.92616856566667,484
44720000,169.44347639623,268.36641917306287,484
44725000,192.82116354503123,334.98078724947885,484
44730000,194.70842050107058,312.2795735721591,484
44735000,179.18565529283066,363.1584507880654,484
44740000,166.18283582277127,303.6018553255898,484
44745000,171.40400516792255,340.84809084010635,484
44750000,154.9098950908963,336.94638754085867,484
44755000,172.84907710175824,319.1864957887573,484
44760000,167.34775567740317,282.68303301793276,484
44765000,148.8243002425298,290.33590183306313,484
44770000,207.86757151717467,264.2553702708869,484
44775000,208.60544639235235,347.11216492530554,484
44780000,170.62095753037323,267.4935452387744,484
44785000,150.3069380194151,314.31409722764425,484
44790000,154.71614989583546,260.80960891488604,484
44795000,205.52599338229075,305.46605780998976,484
44800000,189.1159160665912,310.2079649543272,484
44805000,151.40609230749288,290.9647248603108,484
44810000,172.53203874898816,289.58511844338256,484
44815000,192.89965252286694,286.3490746817868,484
44820000,167.91008959669435,321.62865448922275,484
44825000,170.7750649195107,265.15128763110204,484
44830000,185.19218411543307,302.7905719663478,484
44835000,140.427702189117,292.9314406563685,484
44840000,162.289045479829,274.1964622498239,484
44845000,154.4432586682644,324.1924796843211,484
44850000,202.40183944290956,333.16830958511053,484
44855000,214.70915084473324,285.5962309606395,484
44860000,169.88950270726667,239.282397656715,484
44865000,177.47325774700488,385.4126269021253,484
44870000,160.5408884429406,319.69629763184605,484
44875000,147.132701360715,308.4791462786665,484
44880000,182.81511532594243,247.3992883929251,484
44885000,175.88561786682519,374.30956439544434,484
44890000,182.47936940433274,285.4406091618537,484
44895000,202.06001944398733,266.53681371202896,484
44900000,173.34632406118018,309.2962540856337,484
44905000,210.23009217130635,281.7426104392783,484
44910000,171.3839137743529,302.5050531183606,484
44915000,173.3314970427471,287.83933834596615,484
44920000,179.3005277003141,307.3056442012595,484
44925000,170.05850097672374,314.31769198930886,484
44930000,161.70791683421123,317.94925723432345,484
44935000,147.90887472361578,329.5946788517005,484
44940000,163.50394853401477,283.9461026794298,484
44945000,167.9460113760158,275.3928356910997,484
44950000,191.91414706402432,333.79754952612535,484
44955000,176.81669778720828,306.1569193245951,484
44960000,203.20907015897762,301.74390385051925,484
44965000,164.6883458981227,267.92842825813506,484
44970000,182.19290002554868,316.8792096887102,484
44975000,169.77324616074662,292.23461610066084,484
44980000,170.3393575115069,294.6610570388994,484
44985000,167.87525040620713,271.1641851286159,484
44990000,219.59550854446738,272.2417653565708,484
44995000,148.00256303274517,287.8599732976038,484
45000000,220.46643473714528,269.66992710868965,484
45005000,186.42056840069537,293.7003308094936,484
45010000,139.90850876750835,293.1320267381953,484
45015000,178.748753913512,281.76180617581906,484
45020000,178.44716968204293,292.108604633081,484
45025000,136.14016157555076,335.1551226920444,484
45030000,152.96605589081537,287.2909043237006,484
45035000,156.28431020466167,310.5168423340519,484
45040000,162.78494600626496,371.86545427253947,484
45045000,184.83358201972763,276.1994366899254,484
45050000,157.87868691718347,340.61730919288806,484
45055000,195.037318712063,303.7265246987906,484
45060000,189.04376738324703,285.9202820209261,484
45065000,170.8780230236973,282.2844581593955,484
45070000,159.138251508509,302.6861048741356,484
45075000,198.87463712310938,379.16998565969254,484
45080000,194.7097544703248,349.66533031938957,484
45085000,191.67916553680868,311.49800381746,484
45090000,144.94488727162792,273.9518895066216,484
45095000,170.8911513211303,369.8310519716357,484
45100000,135.8445581179787,231.93853516202327,484
45105000,174.2281228660057,314.44704191813696,484
45110000,181.56289056531338,305.8959394047735,484
45115000,181.75311823769138,319.14524127047855,484
45120000,164.10942151927935,353.0126568405383,484
45125000,168.51099172836453,280.29221342442656,484
45130000,145.08130030718567,302.88467387652196,484
45135000,206.09388979805198,311.96985439687154,484
45140000,167.76709261232,289.40058007328884,484
45145000,164.48654601041446,279.69535293614416,484
45150000,170.88317817729893,244.89040036370469,484
45155000,212.13590258958908,297.9564859760042,484
45160000,157.51045644636122,289.43858717449206,484
45165000,150.1473008894047,292.05659796807294,484
45170000,181.2753972421324,217.44980625386506,484
45175000,194.00489688593146,315.60262150337076,484
45180000,147.10442601060439,268.4001677391113,484
45185000,183.90249967433465,303.46582400182626,484
45190000,179.107625425647,317.74275580092683,484
45195000,199.90274999041708,270.98371087746426,484
45200000,182.6226833274714,280.47510841073137,484
45205000,175.24328662377602,290.21259672463174,484
45210000,159.6568540919116,261.8555196020922,484
45215000,225.74163668761173,261.705835627631,484
45220000,186.97771479598967,324.97570177778067,484
45225000,159.95195992941055,268.54757469957576,484
45230000,173.99257601156407,311.889944320544,484
45235000,203.15510751879458,356.30185425416914,484
45240000,185.3389317997386,329.97143702326747,484
45245000,195.95280142311725,312.22887528815767,484
45250000,183.12643982112004,298.7629956370811,484
45255000,179.84766092336284,339.8280279355207,484
45260000,182.35757075560173,313.35545147980605,484
45265000,194.12959296465414,355.3355976328533,484
45270000,172.46092123801986,302.08549609886796,484
45275000,157.06402801449886,283.1713908164549,484
45280000,201.94282678677664,373.54656998197675,484
45285000,199.44648790734257,303.4136215260947,484
45290000,163.98428646058147,347.1526571361665,484
45295000,189.55079804966357,363.94803291593615,484
45300000,169.6316477250236,281.06172155678763,484
45305000,186.0536755088005,298.32089313703113,484
45310000,182.49270653234316,367.34781547352515,484
45315000,165.63347899668656,266.5269942727776,484
45320000,164.22012131267434,276.46689047827255,484
45325000,156.0486829161964,276.0633063885181,484
45330000,212.58388774999207,248.4103214883235,484
45335000,147.2723997939816,334.0489178185258,484
45340000,161.22335042741958,347.15250810226377,484
45345000,175.74738735223747,312.33643040889064,484
45350000,220.796055960194,256.3138361144822,484
45355000,147.49888047340377,359.4213823748059,484
45360000,177.0337244033543,282.7647177750641,484
45365000,168.53124382627738,299.5549083565442,484
45370000,148.30557440603172,295.85503037796315,484
45375000,170.08766997448072,342.8735834781775,484
45380000,147.0654729924625,255.35964449268644,484
45385000,149.6700969414824,323.48980924502797,484
45390000,185.6029915731139,319.953769008137,484
45395000,172.01920245717318,303.16572799929685,484
45400000,185.24095134054105,293.52275967284646,484
45405000,152.57520737947777,331.20877705898096,484
45410000,154.45674688597634,284.3082423123344,484
45415000,157.53496684994627,289.273331672914,484
45420000,167.05672435965658,300.06478805375076,484
45425000,187.1983911180265,249.93497550422134,484
45430000,169.5188540141747,233.50158511716842,484
45435000,167.57884582395917,312.7960623308457,484
45440000,159.41575280395435,260.1408241507464,484
45445000,184.22016527023405,297.0424928103417,484
45450000,191.67496020147254,319.46612235904274,484
45455000,188.51140394969948,332.1810228911088,484
45460000,216.1188488970827,296.6385683038874,484
45465000,158.32982331222905,281.8656672258859,484
45470000,176.44301593050315,255.04925894462775,484
45475000,222.01111999594227,247.33477991524862,484
45480000,156.37396365093102,300.02861647563674,484
45485000,168.02484394266023,268.0508500351241,484
45490000,185.90081323166456,283.9148617327945,484
45495000,173.74701501372704,292.03033490835617,484
45500000,153.57109268644354,266.0437661659086,484
45505000,163.64079208378183,278.14956681243126,484
45510000,193.27679855753047,359.01342502308086,484
45515000,177.3960775282443,280.79417741652054,484
45520000,204.4168614742547,335.5306282089029,484
45525000,208.662628702388,294.7681181556202,484
45530000,168.16671488412442,255.47997873872774,484
45535000,163.4250268214435,290.78502275168546,484
45540000,208.97116406362352,319.8770000715172,484
45545000,209.57970187837404,279.3486246552458,484
45550000,167.48260685120013,322.84812755008517,484
45555000,223.39923122797327,284.9680759255262,484
45560000,185.52637549865054,322.17845285278304,484
45565000,199.55566044631547,257.8006554811542,484
45570000,145.42839724583072,329.972959454544,484
45575000,185.01366483499228,246.30200326852176,484
45580000,154.0345418258549,344.2370224702038,484
45585000,149.57680793292235,303.19244701111387,484
45590000,200.08042143511625,291.99296834820257,484
45595000,150.8110143138873,342.1142050372256,484
45600000,155.80952843303083,244.6259244405275,484
45605000,210.4050238878229,281.10003569039486,484
45610000,181.31615203122712,312.61735786900573,484
45615000,168.82604569614548,286.2794500426667,484
45620000,171.27356678275785,349.5311965116833,484
45625000,176.9480443342333,345.86757655076497,484
45630000,166.766571187395,239.02055057843322,484
45635000,173.87783423261672,290.500799539343,484
45640000,162.5954287487261,276.3539768850775,484
45645000,134.7358475382636,314.7949491985775,484
45650000,180.98835935995336,317.655539043686,484
45655000,157.8446236371545,335.41476550183705,484
45660000,185.8137367065166,366.0755497440101,484
45665000,184.7898783770951,255.53392605504538,484
45670000,183.65388204296463,317.09846484454766,484
45675000,194.3170518777632,249.17216596780972,484
45680000,145.61833738447743,267.6827203203318,484
45685000,193.19253492170935,354.66051151507753,484
45690000,196.42734070066498,356.49223030486723,484
45695000,191.64732992205634,296.14388711108546,484
45700000,178.03206126871805,251.60209552150576,484
45705000,189.31729321308808,288.4476155380053,484
45710000,167.3542706441682,304.057746123813,484
45715000,157.37363202517903,382.1365605741755,484
45720000,176.8258256270456,279.8975959904603,484
45725000,164.40921298251334,315.69526758685265,484
45730000,179.87217607660807,352.7132354879505,484
45735000,182.99185419006213,272.4518963452712,484
45740000,177.0785031389498,271.8171330889639,484
45745000,167.78227900355768,380.6107398728281,484
45750000,200.82855344827183,279.0543957083277,484
45755000,164.01238249877258,352.5565641888251,484
45760000,159.64517058608484,315.95356591180257,484
45765000,159.2267336333664,281.9795127953064,484
45770000,212.84861046731672,330.81988934139724,484
45775000,207.01892597485184,411.2629256251384,484
45780000,172.65291535730825,218.6437648513175,484
45785000,194.8722605150035,298.70633125668434,484
45790000,168.2502585282855,258.5570773664401,484
45795000,190.8640034625571,301.91700100638786,484
45800000,187.74765044928154,256.80808129758253,484
45805000,167.66454539968584,300.08769453969535,484
45810000,175.1865001636271,260.2948282672356,484
45815000,158.64054238384858,271.5666643627069,484
45820000,225.93155796027864,321.8411809219548,484
45825000,198.45492046255737,308.68903086375286,484
45830000,162.6209185619517,303.17585702072756,484
45835000,186.6260653093795,317.24838247456944,484
45840000,167.28639478627005,321.22428054874,484
45845000,146.3598730710052,348.30749438748364,484
45850000,164.51636117839482,327.5650018981313,484
45855000,225.2397289677402,313.9551932639663,484
45860000,137.4692700770623,296.05724437911863,484
45865000,202.99655555360164,320.2330249857223,484
45870000,176.74014780975702,280.6215845618668,484
45875000,177.3335452207372,299.75224091043515,484
45880000,174.50011106358147,329.84742247143225,484
45885000,208.11219010461878,255.55662912324735,484
45890000,155.76096538078662,297.72991873363685,484
45895000,156.40650504377686,300.61997432079187,484
45900000,208.43417093100177,304.6251160832671,484
45905000,208.83303710967505,343.52878650922673,484
45910000,189.13008720501176,276.26111250902864,484
45915000,212.04547251557707,305.7720068235072,484
45920000,208.63824940898814,347.42075943611127,484
45925000,214.88559847485308,281.2362129318779,484
45930000,163.97855788859226,302.50386142232895,484
45935000,182.0083323956793,257.0304660120016,484
45940000,181.29903808144707,309.1003985828369,484
45945000,179.49784060004882,300.939097266764,484
45950000,208.29244119282598,302.6972959870138,484
45955000,164.34280951546845,294.04261752286493,484
45960000,161.07301769596023,325.1438105029536,484
45965000,183.03090285319058,342.703411694772,484
45970000,166.41090880922104,335.1591086789392,484
45975000,166.41510400051422,306.8613672802977,484
45980000,168.5596363548923,320.28502771294075,484
45985000,177.99584506179312,255.9754695328844,484
45990000,175.44119006015538,334.13396933861486,484
45995000,121.60530040289403,286.90218444650367,484
46000000,167.30107588335423,317.96603508854264,484
46005000,198.52403573170005,335.69442382799775,484
46010000,193.27636617285089,303.51354873033875,484
46015000,143.74865481768109,291.65680169023165,484
46020000,164.22675094598054,295.1287060238003,484
46025000,197.63085972991678,271.5254245213982,484
46030000,183.45387635794486,288.215572188573,484
46035000,234.52060031306576,317.28674442676424,484
46040000,205.62369328764137,353.62618335250215,484
46045000,174.82220987478465,267.6676629919384,484
46050000,203.35747322464752,299.8898572762336,484
46055000,224.78647704841885,335.7100087104582,484
46060000,188.25814102723788,288.2580507460704,484
46065000,178.71710980569833,276.0680761756536,484
46070000,160.70755155620907,276.72657439632286,484
46075000,176.0634393542627,249.5657637356702,484
46080000,146.5473001885782,254.9244547166072,484
46085000,142.03674012488824,250.1984627642721,484
46090000,160.59864619654016,334.154253113806,484
46095000,159.72721897639423,275.7584857628573,484
46100000,160.89691261715228,304.7366350356121,484
46105000,155.09708137916118,264.5636336368709,484
46110000,176.38900287784975,365.01482024581856,484
46115000,145.9775843327926,297.13820081962217,484
46120000,147.1976048513049,278.8799009826987,484
46125000,191.69348629220065,319.62330258634364,484
46130000,203.90719302845267,345.22761134303823,484
46135000,164.20291115874238,325.9389849773593,484
46140000,206.49702643302652,276.1180216586959,484
46145000,160.67134492319596,302.0008545627092,484
46150000,178.95563916935743,337.73554486848843,484
46155000,160.99489643070515,273.3763989669099,484
46160000,143.87632338839856,277.9582846943042,484
46165000,198.1463721377151,294.46492470369543,484
46170000,173.39704884961318,318.8069059345119,484
46175000,196.32227081104267,284.2229208360905,484
46180000,187.08666470251,298.19939333116173,484
46185000,178.13127937838013,341.9953052441175,484
46190000,179.44684703316995,302.72587894305474,484
46195000,177.31814108901662,273.8133251890035,484
46200000,166.75493676183441,278.60399262065516,484
46205000,181.03393253741694,313.273634819685,484
46210000,188.7608082068419,302.3873177963393,484
46215000,194.69600029275836,260.29773768811845,484
46220000,186.45406973979877,240.40944960011186,484
46225000,159.96748097914102,284.29894011782915,484
46230000,183.44822212091782,348.7004436674984,484
46235000,190.49104553400463,277.92110396810904,484
46240000,172.38812280789188,308.8030421987025,484
46245000,158.02824144529578,295.17457515005685,484
46250000,175.23208244025707,312.7950160037832,484
46255000,172.2071950313169,324.04710663973873,484
46260000,134.48246116149284,316.88352508967887,484
46265000,202.916061720571,341.6107143143899,484
46270000,138.39335687028088,271.4101699114603,484
46275000,170.28313875676724,319.0240394228092,484
46280000,174.70554825606615,279.55168443295133,484
46285000,184.76865513040048,315.21776716401945,484
46290000,190.63141753441363,300.00822397676666,484
46295000,163.18581058099673,361.11579222123845,484
46300000,206.1024413108621,293.7250383930333,484
46305000,120.2005432504046,296.7061214930881,484
46310000,161.6268065896863,271.71691424108997,484
46315000,222.1216395558144,351.18764422931184,484
46320000,184.91371180025533,280.89376861164214,484
46325000,161.22047004882037,320.228745220465,484
46330000,171.01296786709085,271.0088028588283,484
46335000,222.71364108710677,213.93364655262806,484
46340000,149.0361119287003,290.0608907704056,484
46345000,150.1420828760594,348.92695938306326,484
46350000,146.00272349115608,289.6044735665119,484
46355000,182.16267365566065,273.30421568617413,484
46360000,161.1426343389359,371.35776260676124,484
46365000,161.88975250767393,265.80804985389386,484
46370000,221.81062242232332,290.2940516834131,484
46375000,172.43938148986473,296.14978743525774,484
46380000,179.37962743015748,297.60184843378005,484
46385000,161.29949186308195,243.7197536454053,484
46390000,207.56204599895906,342.9978141066831,484
46395000,158.52202474881986,253.2056591307848,484
46400000,141.8318597892424,309.95464727533533,484
46405000,190.21058929678335,319.77065544301007,484
46410000,155.36572953132134,303.84916010283393,484
46415000,182.61243172149128,276.87914025284556,484
46420000,192.75558472450973,305.2867429314092,484
46425000,216.95340561871308,289.69679542814873,484
46430000,168.99079761807266,331.50660712935525,484
46435000,171.42094896052956,314.0676485579491,484
46440000,179.84991195037907,424.5753100085246,484
46445000,169.8756721376692,291.0845642703585,484
46450000,171.6677581705812,262.26689286240025,484
46455000,171.514525819646,289.9335957178416,484
46460000,170.97489370290884,315.0435152843074,484
46465000,194.77969618146562,259.9359986858369,484
46470000,175.53211127229616,309.62324176930537,484
46475000,158.00794928465118,227.44989831951304,484
46480000,169.54686799149752,225.26516552846545,484
46485000,182.9925901564118,276.7080686504273,484
46490000,180.96501162615584,289.5125847993028,484
46495000,171.53988373585105,302.2537353605102,484
46500000,157.50150060880927,314.8326079149708,484
46505000,154.91549927630348,277.915481310999,484
46510000,187.3759573114917,241.41539005271443,484
46515000,184.53800234210868,362.9771112101582,484
46520000,153.63422226003814,295.3072582736819,484
46525000,185.22796292176483,267.81620730474094,484
46530000,166.154584272272,337.77999799178536,484
46535000,169.92148052098807,292.8597878587863,484
46540000,192.63983497796215,254.357877385418,484
46545000,176.62995771550416,329.86201912753955,484
46550000,206.19399537826288,370.87291889093365,484
46555000,161.94560231496519,349.5730584874252,484
46560000,146.99406848038322,301.9578743970249,484
46565000,174.3764646040734,328.4835208667322,484
46570000,179.51800947120864,322.2892611637581,484
46575000,180.06323522093174,298.44267946077196,484
46580000,161.75449858923156,317.4856559799174,484
46585000,178.24748297792715,286.0633827379285,484
46590000,186.45558813623856,251.0406805470291,484
46595000,197.7799730546876,285.7094971209461,484
46600000,139.58472450993955,306.2432925969143,484
46605000,177.60013739308755,251.16434389803743,484
46610000,171.75312576303958,304.96089426715963,484
46615000,160.9721470608431,303.0008996553222,484
46620000,153.83675179088084,276.1988127002408,484
46625000,159.14620735644473,314.3245806974606,484
46630000,207.72966013411062,315.25029418420735,484
46635000,153.7486551953242,335.38047518304984,484
46640000,163.60094643030416,273.85781330646165,484
46645000,183.22920943023308,318.14862637944293,484
46650000,202.3797391958984,346.332362243467,484
46655000,158.68016116791026,316.42137053935,484
46660000,177.97705315256093,329.94145770736054,484
46665000,158.46409373950198,288.11284762684085,484
46670000,159.43326699298294,345.09194396402404,484
46675000,167.72948675027385,280.3872740037467,484
46680000,230.76917419435043,252.9702843457954,484
46685000,160.38374180053512,304.9418754353471,484
46690000,147.20538252041555,258.9909705002889,484
46695000,202.43015457009645,328.52111220131644,484
46700000,207.9451505394879,285.4832573231689,484
46705000,170.870100124538,257.0339240614397,484
46710000,200.94200878648428,338.72234059507673,484
46715000,174.06906738578215,371.97064355310397,484
46720000,140.11987269470887,244.87484922305228,484
46725000,143.77019532553746,298.94112999620427,484
46730000,142.01510874540358,310.28158985634417,484
46735000,153.40048256675632,271.8012879979612,484
46740000,182.85539462845966,233.72943222027362,484
46745000,175.51865090656597,279.59476828149,484
46750000,215.19693285667444,321.32592732668525,484
46755000,172.3666762849855,274.10416217644155,484
46760000,161.16220313762915,315.2048293982342,484
46765000,154.37861461287227,272.5299760431401,484
46770000,187.48315551509384,313.57669592059864,484
46775000,198.54148536171775,311.6280740928677,484
46780000,203.0465186087999,324.7967600584635,484
46785000,180.6040327647157,405.1981891782727,484
46790000,191.36748199575675,250.60838625299843,484
46795000,168.7254922688673,271.55978426262453,484
46800000,170.31258785933235,293.261356026496,484
46805000,147.4939335771929,264.93994586618817,484
46810000,193.2753047960265,330.16839383528105,484
46815000,167.8048979695604,266.21266133152926,484
46820000,169.97786946476248,225.90005924798717,484
46825000,200.97818252267365,334.2397702128762,484
46830000,181.51110510063785,306.5616927624756,484
46835000,163.44092978573758,298.8843202247897,484
46840000,187.91206732754986,264.30120308724275,484
46845000,181.51236628872323,345.06758044140054,484
46850000,211.23274309689756,321.86665101014296,484
46855000,155.81125363760697,331.3103930695932,484
46860000,160.01830429327705,358.3018141012743,484
46865000,154.34778578566247,269.1974966254948,484
46870000,193.1305276298915,238.63009183754184,484
46875000,139.64893968503856,320.4372380845629,484
46880000,140.58691373060162,287.85444347453426,484
46885000,194.71481191616837,319.99027065995097,484
46890000,172.60495607158424,334.4568145780815,484
46895000,190.1538676281514,263.7308438215319,484
46900000,176.7717784726929,315.3677872877303,484
46905000,187.50794606790885,326.27918983708025,484
46910000,177.71356741366571,323.84547519752374,484
46915000,164.083563786989,264.88101746677637,484
46920000,128.38528574557031,274.6569581225864,484
46925000,148.0626194473864,279.54703173861935,484
46930000,153.56572994218038,274.73683455209823,484
46935000,180.44609744022992,338.2964390968525,484
46940000,150.5649058039559,307.56518037045095,484
46945000,169.85217754021645,291.9113366333577,484
46950000,164.82634925653923,326.5277935079359,484
46955000,194.63503540956836,351.57172690510765,484
46960000,197.03212735016456,343.74869215121487,484
46965000,176.13899262169892,331.8791662540735,484
46970000,182.05712782329152,307.46702061876823,484
46975000,175.0977540004278,287.5519621253282,484
46980000,215.17278352066901,378.3276358090066,484
46985000,179.40104877825817,264.6570674678828,484
46990000,193.22283538095314,300.334868030505,484
46995000,184.10630974320395,304.2630810858007,484
47000000,174.10069200482104,270.1736361461528,484
47005000,168.5124992817608,314.6249336747166,484
47010000,169.91627010514853,310.7881217396123,484
47015000,181.6097497644073,377.7883917971579,484
47020000,185.4539434799033,289.2594790674607,484
47025000,176.83239225356948,258.60090205602415,484
47030000,169.8924895759407,265.0306398278756,484
47035000,169.01817796629882,248.01064042434348,484
47040000,166.61746934910477,308.75844882527434,484
47045000,185.75222464953407,348.3291515235448,484
47050000,209.93259910390583,326.3040182020848,484
47055000,182.93229468312015,310.322806221705,484
47060000,172.75446553560906,290.6895694714271,484
47065000,228.56850452102648,281.8701733497029,484
47070000,196.47188367906605,385.50318318520016,484
47075000,209.77106756645193,411.5894918058372,484
47080000,167.89760042411075,267.00607479763573,484
47085000,184.27526853037605,293.52265503941453,484
47090000,178.71752452169068,318.8438728727438,484
47095000,172.032879229582,282.7867231951132,484
47100000,179.8790018468621,298.4037525001619,484
47105000,171.90152290339446,362.4904912470151,484
47110000,173.250077557029,266.49014214849433,484
47115000,179.6744909700333,314.72376754797267,484
47120000,150.39819665904065,254.24365485262314,484
47125000,214.36188842441487,343.3666233422032,484
47130000,191.13162311744006,264.96372022392075,484
47135000,190.24774288229202,344.8290319674367,484
47140000,178.36977243984964,299.67008013978887,484
47145000,190.72974991432363,348.66642621527274,484
47150000,176.50470645621022,322.9036173273699,484
47155000,217.98610643398405,379.82730021795885,484
47160000,157.22933113336194,293.5534877428437,484
47165000,201.6862267003437,285.6818478180584,484
47170000,130.54104531987173,275.0257397895653,484
47175000,188.3418347720383,367.0020747236468,484
47180000,136.19065926840844,269.12270485780726,484
47185000,185.1244734650733,293.6561317839275,484
47190000,177.58612096016694,256.0246415869507,484
47195000,176.13876682402426,238.75562248435995,484
47200000,184.66466512489177,328.3252737588836,484
47205000,174.79593576118927,329.9847971542547,484
47210000,134.34212381182823,297.7599425543053,484
47215000,180.35780085171288,323.1021801830082,484
47220000,185.71795980477168,341.2826937512834,484
47225000,195.1504678121713,300.67156574923746,484
47230000,171.47527104908133,273.0400536947915,484
47235000,210.86671348089212,262.0617587713276,484
47240000,182.45159952390398,340.4777647479655,484
47245000,180.5130314165819,290.5306144991031,484
47250000,176.27792723548484,343.10634926424274,484
47255000,176.643461831367,285.9262296536867,484
47260000,179.54950001149308,316.05040356005486,484
47265000,189.98047169774966,310.9243441250689,484
47270000,160.97936904824988,283.913227385077,484
47275000,167.2148960988228,312.9628495047974,484
47280000,144.5776935206704,299.4811970168717,484
47285000,178.75005778857255,307.4938953821834,484
47290000,179.1769794665965,297.33398756130657,484
47295000,211.56789059902687,333.6827553789379,484
47300000,155.2928354303103,311.39685920165135,484
47305000,187.1153627208901,270.8591559202689,484
47310000,168.64092858389216,277.7174928495171,484
47315000,142.08048983441097,301.5189671423982,484
47320000,145.72914914530776,321.62620717746967,484
47325000,174.06235886803034,313.0702040298606,484
47330000,180.87769551693452,246.2309595031272,484
47335000,163.03456379334725,307.6784325544414,484
47340000,242.7397882263009,349.7698537276768,484
47345000,229.9414820713396,300.46075751117695,484
47350000,214.4186002909169,334.10364861355674,484
47355000,193.7700647463939,345.80542009645814,484
47360000,147.3705574891206,275.14678535405676,484
47365000,197.09630723670122,308.19977863449714,484
47370000,198.35222028479765,351.1746534462305,484
47375000,156.27500885751306,316.2724991085712,484
47380000,177.2686742641157,263.6245932267137,484
47385000,195.1781139486502,275.3615702986833,484
47390000,173.7496993160117,285.12919668318233,484
47395000,194.52661962862223,326.1496132533369,484
47400000,163.0463475440433,339.6362457099625,484
47405000,223.13080171983822,284.5087051418843,484
47410000,166.24654277502748,315.5221369273811,484
47415000,183.47508849548618,226.20112373646666,484
47420000,191.102339560143,341.9035183850647,484
47425000,161.66470028042758,297.4219286825816,484
47430000,176.93205320070723,320.8121078530698,484
47435000,164.9709931097903,284.8944737486485,484
47440000,140.02006435055407,315.4959164850214,484
47445000,184.25269989751098,299.25667924035736,484
47450000,146.83829446158666,260.1248054924868,484
47455000,172.15563726147053,315.00603716292227,484
47460000,193.52939374028648,326.0544774073348,484
47465000,182.5047812433914,348.74978253219336,484
47470000,188.80283907636178,291.29651608659356,484
47475000,146.11611739058486,311.90108272863296,484
47480000,191.11899104327628,319.13681568459265,484
47485000,153.03475424794917,324.22470377833696,484
47490000,162.50828418602896,331.5038462785312,484
47495000,166.0440903137743,226.26182832541886,484
47500000,192.46302988702448,372.17667499298625,484
47505000,221.05816127052344,310.4632371924117,484
47510000,161.67333241031275,246.42959021247293,484
47515000,181.9898866315711,318.3023442009854,484
47520000,222.48657410230058,268.4626861478917,484
47525000,185.4191173463245,312.9968398321738,484
47530000,153.27299341241988,313.52567290919274,484
47535000,182.36984492332047,335.63799298348323,484
47540000,198.80445761669645,329.8408259576822,484
47545000,181.03252175670744,289.9486902060015,484
47550000,163.80708087587027,311.58599418144416,484
47555000,176.479919843058,266.669892900035,484
47560000,192.85193240423965,295.5984593553195,484
47565000,159.14575368484356,270.3818024218413,484
47570000,142.49180223542237,290.19837279131997,484
47575000,165.38355139538427,351.2006785153106,484
47580000,178.88464887166322,285.68299978474886,484
47585000,224.62952112699026,347.8062428885439,484
47590000,166.43123019316732,313.90226442257966,484
47595000,143.4133655720249,261.6393113864225,484
47600000,146.36068345612637,292.47879793670955,484
47605000,169.35741833808504,239.00812575303453,484
47610000,184.9341470682133,309.03180884813037,484
47615000,211.55242488563525,264.28540260784854,484
47620000,176.67680347581233,307.4228536230651,484
47625000,170.3718419805704,303.3402294662672,484
47630000,171.1714009881931,353.3009761828835,484
47635000,161.5243674637815,277.9346583672011,484
47640000,199.96190761120806,234.81712722510335,484
47645000,216.1143046914126,301.35457527352946,484
47650000,178.255614698541,313.0748104057616,484
47655000,157.07289440486005,307.29896285476957,484
47660000,169.61362103541364,345.777610033528,484
47665000,161.32787199020274,230.95259086448877,484
47670000,167.7276873543251,270.75992470253766,484
47675000,155.35994771529394,300.661067990781,484
47680000,144.58649961936817,299.21563866938783,484
47685000,157.03882580345828,291.80064256292553,484
47690000,168.40635218390577,337.9788849223876,484
47695000,194.1897693994808,313.9030273730701,484
47700000,176.71962142665797,255.32454728276872,484
47705000,206.34077350987332,259.1231419662482,484
47710000,187.91987565184624,306.38456309343553,484
47715000,186.75438774746453,275.897566357688,484
47720000,157.23053575409142,276.82365527638245,484
47725000,166.43142226433284,371.1781899539928,484
47730000,197.4276814294729,378.6761852918043,484
47735000,157.6265456905457,266.85834762142036,484
47740000,158.9426910751581,324.1915628603572,484
47745000,150.09011595898835,298.6194582921852,484
47750000,186.16413628024304,272.2338723875098,484
47755000,159.81878607767308,289.70371007871256,484
47760000,210.9833487220023,311.56962920965856,484
47765000,173.03451172389572,352.2907194564133,484
47770000,202.94531154471895,316.2623568067578,484
47775000,166.27610309095712,291.9788344611223,484
47780000,156.46685256042855,292.04942750809187,484
47785000,177.23082409094823,299.707960537829,484
47790000,171.69211215128252,354.4887418898329,484
47795000,181.331703963152,309.13600898972095,484
47800000,172.72255770457505,307.51492701770326,484
47805000,200.39224962594338,293.4934859167332,484
47810000,177.40382362250025,357.25092648808675,484
47815000,153.10183284550067,297.5070220903092,484
47820000,167.4322282104631,321.98619330153196,484
47825000,178.20182552528786,283.7254604710364,484
47830000,190.40824134578145,354.06739690195985,484
47835000,213.93349864603945,295.6871338800633,484
47840000,177.86590703131353,267.94802189100494,484
47845000,150.7022865292324,329.0818664344221,484
47850000,137.30774744698797,334.5461398501861,484
47855000,193.1412168561848,239.02728036993838,484
47860000,192.89659993850904,266.61948285406595,484
47865000,188.5504237184537,288.95287003302786,484
47870000,200.2480742566636,306.38946713346775,484
47875000,178.90695613997863,310.60103480878377,484
47880000,186.23745737365013,335.33980360703003,484
47885000,207.45091953369524,349.2937372717997,484
47890000,165.52992550411884,333.36773307558303,484
47895000,180.54756805335117,400.6194210540779,484
47900000,202.5738260285679,307.6356797715578,484
47905000,151.3180311251356,292.98469381384325,484
47910000,160.34200661037914,288.8943543127751,484
47915000,196.43625810888437,271.6812392567157,484
47920000,185.5726424790939,269.79743620312155,484
47925000,161.75699574136885,219.6195568159253,484
47930000,189.86392916153528,282.06849015651795,484
47935000,213.49354083455725,301.0767073429221,484
47940000,160.09976610342505,293.8537111644081,484
47945000,196.63965172339468,284.46049800896105,484
47950000,159.202709133405,282.868376453636,484
47955000,165.62862245451296,209.64101010937532,484
47960000,189.93682555114282,301.9386858731531,484
47965000,184.92838741938422,312.0603032718974,484
47970000,171.60251017857584,328.448843280956,484
47975000,154.60226328960383,291.7440637142059,484
47980000,202.6322343585245,320.65007178456943,484
47985000,169.97085917738,276.92726515254657,484
47990000,181.92106104470935,302.34441290172106,484
47995000,148.96415835390104,352.21546970979585,484
48000000,194.55915039282522,301.84139838333874,484
48005000,163.52320977896042,305.3967868943511,484
48010000,188.6091513505361,303.41948027707434,484
48015000,160.53479314959458,244.84061328762067,484
48020000,167.0099565328266,280.57884994207984,484
48025000,153.17803490723546,241.09076164396194,484
48030000,165.22289057475382,283.123092997974,484
48035000,215.2498433206699,253.112716034059,484
48040000,178.52304273049816,261.78820535999165,484
48045000,199.92909461300007,322.9952120378096,484
48050000,180.1668458873359,366.9864581107826,484
48055000,198.18986451285585,293.2938324989315,484
48060000,140.75080309737615,308.18197208415063,484
48065000,175.2294420869577,324.34781871093674,484
48070000,173.58293919025965,279.5688850193341,484
48075000,158.76231017378407,345.55606636757335,484
48080000,173.68964706722267,326.1934784138245,484
48085000,203.25622696237795,316.77534018523244,484
48090000,158.75437172251895,274.9645454388379,484
48095000,195.91918021678035,267.8955733912538,484
48100000,185.38054171707074,300.7072049219927,484
48105000,138.3628011724241,345.1268039193487,484
48110000,196.37603197575788,290.57566196990626,484
48115000,163.96860763406258,267.66630235630095,484
48120000,196.32959020754745,278.22671173254935,484
48125000,189.91553804842476,266.73648307979823,484
48130000,164.33898898558678,305.1661151870154,484
48135000,168.9745437730231,283.85311527684115,484
48140000,192.1635784988717,341.9268261448477,484
48145000,163.22333772476549,255.52634687895693,484
48150000,205.1166991574521,302.1620666703969,484
48155000,149.54625619243893,280.274681695038,484
48160000,165.27256641660384,291.38130706447726,484
48165000,176.2620285483966,284.64769309534177,484
48170000,188.0211384080633,302.82680574291055,484
48175000,175.20909054700982,299.5407944474009,484
48180000,141.42463604761573,284.0022961465692,484
48185000,154.09165748689747,333.1043933037164,484
48190000,163.03924233406468,274.64019259587,484
48195000,126.84803989837715,212.25780204720476,484
48200000,134.48493748080367,251.70866093685228,484
48205000,176.22016495923782,249.5718689119764,484
48210000,138.44040950445782,254.55286538812538,484
48215000,160.95566045829875,279.2004354862137,484
48220000,192.63749860278884,255.2537776271747,484
48225000,184.26567234964534,301.7996379527694,484
48230000,171.86847987439066,309.0027351449856,484
48235000,159.23698419048665,236.16065967176073,484
48240000,189.84428619545864,294.16494429822035,484
48245000,185.32265449183677,296.63351629755124,484
48250000,147.6359988224198,279.2242134469716,484
48255000,178.99163665434753,336.74364439024765,484
48260000,147.97508620662245,272.2827528030787,484
48265000,188.36505186202746,239.2147732912525,484
48270000,180.3361661040282,259.348167912966,484
48275000,173.88685281174534,242.77193574970676,484
48280000,216.65785771539498,368.43268164670985,484
48285000,164.31483784872214,278.10344559969053,484
48290000,155.0677198925124,271.1656939615676,484
48295000,138.8233343651084,307.3495101379387,484
48300000,188.10567937427558,277.0333611873235,484
48305000,207.09749593998288,318.1261927881942,484
48310000,211.00809969286695,278.9585956503218,484
48315000,214.47695955194163,373.9769195265677,484
48320000,186.4010855115393,315.5647171882424,484
48325000,148.18291636833527,354.5037803009069,484
48330000,153.4652276389276,244.72975468948403,484
48335000,176.06624796110262,361.3811687826937,484
48340000,194.5090558481024,271.63277034781765,484
48345000,193.12893608266336,316.70216032904375,484
48350000,188.54664139580603,230.1081685260342,484
48355000,187.77794575777327,283.6511426810343,484
48360000,170.37385314256284,282.9596635895594,484
48365000,183.74296759808007,279.0795615937028,484
48370000,196.9130328051423,271.93190387739656,484
48375000,138.8406655759689,337.5974772518176,484
48380000,179.91356090486244,266.8788159982864,484
48385000,161.77638962062557,256.67278624592365,484
48390000,168.78283396919207,316.7031013980384,484
48395000,173.53379930511613,283.3930903077496,484
48400000,149.1906682568955,417.0816729054088,484
48405000,202.55561512755352,281.68219985296724,484
48410000,143.26763116872598,243.841255928755,484
48415000,178.88714009719263,312.460158977744,484
48420000,218.83957144244306,258.1572917692624,484
48425000,195.75101229099607,333.8949059648432,484
48430000,195.6702074659173,286.12596118451785,484
48435000,146.8498375658556,287.1315397751376,484
48440000,198.44077720350862,317.5310986979333,484
48445000,177.8107816403652,349.590431906956,484
48450000,204.4591697720014,366.7307645489513,484
48455000,185.72347256271564,295.6145126772265,484
48460000,211.83700095363417,275.85224980180163,484
48465000,145.4276519330429,282.6744700651685,484
48470000,195.8603808284841,281.4180380975632,484
48475000,178.8150676313991,272.7121203405083,484
48480000,186.60253289036586,321.0744077949699,484
48485000,167.3130609541795,338.33952467750635,484
48490000,179.12200734106307,296.6977953754437,484
48495000,199.69592584161305,264.80335619715356,484
48500000,199.49772843948372,365.95581498216393,484
48505000,163.78937298154898,332.5012944480954,484
48510000,166.399022256373,293.47394241936865,484
48515000,196.78950970848473,275.9017922246207,484
48520000,157.61581656169434,311.7111019996228,484
48525000,176.40172467266623,337.1000080987017,484
48530000,159.11167419141373,274.38356150792987,484
48535000,194.767456645224,280.5073332278712,484
48540000,167.25147978947135,326.28864236223535,484
48545000,159.90216136100742,314.1076730642416,484
48550000,143.84787097452053,312.10212720712815,484
48555000,147.59587887377594,264.435128914269,484
48560000,154.88708731672418,315.0221723043079,484
48565000,148.51471843129733,286.8872621949206,484
48570000,183.05696760175402,294.6614860702072,484
48575000,202.15263882551096,341.9855845229134,484
48580000,202.8011064123735,284.33405463421224,484
48585000,180.0889326549378,233.58811596197162,484
48590000,201.85806815433665,315.31023576627734,484
48595000,159.56543783929024,316.5195937244137,484
48600000,146.1072638277316,303.3838622653911,484
48605000,178.5223300415762,325.892000567014,484
48610000,161.9910137639873,317.6045333998096,484
48615000,190.25851886729123,333.70074751531934,484
48620000,179.26835488226607,290.2563003256661,484
48625000,142.8199585652142,269.2791641794195,484
48630000,187.7691309744462,358.05437875242376,484
48635000,185.47905334698265,280.07397545262415,484
48640000,132.146699717397,263.47632291333537,484
48645000,180.53021765084122,290.47344188357187,484
48650000,187.14135160882063,270.27755091120287,484
48655000,181.01046597749396,319.5249996467953,484
48660000,197.5079860865276,261.2198093778275,484
48665000,211.48666483912876,313.4797779648096,484
48670000,169.07563577969555,300.51451071505346,484
48675000,179.62319181670634,247.5188364075621,484
48680000,212.32447877737857,312.6446426626922,484
48685000,174.103114202933,317.0083271300374,484
48690000,122.80680869248567,313.294936297472,484
48695000,190.65190666419514,258.75946856433234,484
48700000,143.21699036800638,309.456539101974,484
48705000,217.8856434265521,278.00377136773255,484
48710000,196.36150745304477,244.98956838162871,484
48715000,175.4411641457098,267.4936358534856,484
48720000,183.96383119551786,344.7355860550182,484
48725000,162.73713109420498,313.40206361856286,484
48730000,182.21539214801447,295.6567788266943,484
48735000,126.85972820915903,366.94016248435764,484
48740000,185.2772755224826,279.3862546672166,484
48745000,189.53898201806112,357.87127920948404,484
48750000,201.8741073055558,338.86381033640504,484
48755000,191.0479884060867,288.2916456954973,484
48760000,158.60971996487555,230.31510619570832,484
48765000,163.61708621087146,331.44759999020533,484
48770000,178.91708083011156,384.63951230549117,484
48775000,165.09470450589782,273.79465619399906,484
48780000,164.53648555262512,350.367176617442,484
48785000,177.38062196548898,312.6964743044524,484
48790000,158.67117308874688,342.2163396301691,484
48795000,155.48722465505776,221.014570642702,484
48800000,161.25767283147013,287.998387602695,484
48805000,137.7984329708031,243.85675812198042,484
48810000,166.83823388770776,297.38062236399315,484
48815000,177.51138768080628,322.2855352379603,484
48820000,185.8195153820124,296.7342127882865,484
48825000,159.77905015130602,284.32871623919107,484
48830000,168.2828744980808,344.41964900690846,484
48835000,188.72882788584764,358.07026737328664,484
48840000,205.09573813433977,326.48695632300524,484
48845000,166.28451173694745,275.1411865191374,484
48850000,184.42725331301756,270.1940122519583,484
48855000,174.64024988309905,316.37336223009027,484
48860000,180.1447752182425,326.4783071297205,484
48865000,177.491396950612,291.5616323310464,484
48870000,172.59377188339784,270.5963140717417,484
48875000,213.66140885477142,314.14969775701155,484
48880000,194.71419744815495,315.00955864922304,484
48885000,214.39773284528724,308.25991274866124,484
48890000,148.60541380298255,306.9898384363588,484
48895000,154.87419968911632,393.48893194438017,484
48900000,194.67627779741952,339.55145984079513,484
48905000,151.94455650309635,294.2644065602384,484
48910000,210.04833007847395,260.06854237083064,484
48915000,146.94502695335984,356.13763099171166,484
48920000,178.8480422832026,337.8440559252823,484
48925000,178.30447389794477,274.1783549150325,484
48930000,148.89822527392914,306.8705928922311,484
48935000,162.2821142066281,293.18874574839333,484
48940000,192.56835800896275,319.0635556537396,484
48945000,178.1174931043361,254.32271606748674,484
48950000,147.029034931786,321.44703443945355,484
48955000,204.53860381382904,326.7413934822045,484
48960000,179.1329095589154,355.82729031593954,484
48965000,188.61405086384895,303.55900605475506,484
48970000,214.70649617001874,359.42986928785075,484
48975000,143.085628614624,309.2156371594059,484
48980000,161.53357566989666,246.36471693856882,484
48985000,147.75180111253687,247.04318011990327,484
48990000,213.0926047593096,320.1983782740398,484
48995000,184.1507611763682,287.92151534164356,484
49000000,179.80859028846845,310.03213160204416,484
49005000,144.66430857876077,280.0246953127287,484
49010000,173.2951031495092,283.73649980406475,484
49015000,189.45979638235474,313.6234909182497,484
49020000,144.46714017372975,260.61059523278067,484
49025000,179.77103603626077,292.6828044456793,484
49030000,185.8404428389401,226.35808364185638,484
49035000,196.22150017834522,350.870590152649,484
49040000,142.34847623060736,355.68889509715973,484
49045000,182.18772395980068,269.06634336159584,484
49050000,169.21944845692522,310.2642621659565,484
49055000,138.9469651232218,312.53800637920307,484
49060000,198.02389403775706,313.2316847954763,484
49065000,183.1013077736546,371.4769011340785,484
49070000,172.434628143177,315.5952641831843,484
49075000,183.25946719816747,302.5764055564285,484
49080000,149.2853994416124,219.37265479639385,484
49085000,167.44307105782477,351.9190675583132,484
49090000,136.07128499337378,302.07246842719985,484
49095000,180.39187232487248,284.96356043352796,484
49100000,197.79939983308378,294.8520715459644,484
49105000,189.14339335828726,303.3429615195065,484
49110000,146.43564449076302,337.28535270589765,484
49115000,183.55405575503156,275.1911275420115,484
49120000,151.22640730643877,263.3994303345469,484
49125000,189.58332812338452,313.7016560286859,484
49130000,155.74787206086003,324.02936404007045,484
49135000,183.10256041530528,313.8413021351022,484
49140000,168.7479945504404,315.2747421468806,484
49145000,208.6936346604663,258.605098956126,484
49150000,203.4935958488669,311.01990388505794,484
49155000,195.73493405425455,281.2104134854096,484
49160000,193.10586900714054,326.48422876668525,484
49165000,154.3365612216032,268.8643146468057,484
49170000,195.96714724673396,229.67360320547726,484
49175000,148.5801381307849,255.06908468394462,484
49180000,182.26888691498817,330.08710555011214,484
49185000,163.66796919483454,335.94649873864,484
49190000,167.36484772134625,328.8813233151427,484
49195000,181.97257395810408,296.2915970288539,484
49200000,194.1101246327968,351.766801445491,484
49205000,186.37959246131737,273.5460383307067,484
49210000,151.20615547566766,267.6099914287689,484
49215000,136.33475202944473,291.5365025583892,484
49220000,178.25187467396972,256.9142744046717,484
49225000,184.95939502752606,287.70313371877205,484
49230000,170.2620675388962,331.06738199946386,484
49235000,171.06244658360578,337.6249243890457,484
49240000,175.70041692631435,261.14636063461325,484
49245000,184.87249023114717,319.24710209631024,484
49250000,211.66259320763314,319.82234423539256,484
49255000,161.84441624584755,318.4630510413193,484
49260000,190.98059912422832,316.71682339436717,484
49265000,210.87048282486865,347.03034114601854,484
49270000,166.83631609017266,277.5239658237619,484
49275000,171.29565880053303,321.8091876994037,484
49280000,139.62343955757896,260.37087266375823,484
49285000,161.67893844931768,332.17757394201465,484
49290000,217.98949137955503,304.28264580965697,484
49295000,161.06806839602913,271.7453210688544,484
49300000,174.54041313298495,322.3728957399695,484
49305000,156.92699608745056,277.87911713453633,484
49310000,161.80468882506315,268.09092789614124,484
49315000,197.24045577308334,353.66386062042363,484
49320000,151.9873060213099,295.535777329449,484
49325000,158.955232017284,255.28825115296243,484
49330000,204.1500162329929,329.80696954560335,484
49335000,178.85273086424465,302.3292181031321,484
49340000,172.84647324530732,302.705647818901,484
49345000,181.04610357268075,374.7145836743001,484
49350000,196.5385268135582,300.66996172864305,484
49355000,175.00448087811824,262.4054334281646,484
49360000,182.9629176785658,270.6616548151038,484
49365000,158.24786376365137,253.3120294654352,484
49370000,196.51255694230358,259.403671804811,484
49375000,150.43190506110747,318.4687859191525,484
49380000,172.1195486413206,290.70189923157824,484
49385000,230.4471588396918,270.59763011480806,484
49390000,155.8612513519256,346.3064272051572,484
49395000,187.14740917448444,266.0780103663281,484
49400000,170.77084643393258,325.51538256035104,484
49405000,150.7959552357077,292.9509005348217,484
49410000,175.02394401351523,355.9478220673061,484
49415000,186.6902408896624,301.10961545597667,484
49420000,166.2192066632361,311.9917334953349,484
49425000,194.82620189903687,326.7750017099362,484
49430000,171.5556769855317,322.340700550845,484
49435000,172.91456326980878,324.4526395605381,484
49440000,209.6012864797912,305.3687885330231,484
49445000,210.0858222255633,284.77425499943956,484
49450000,170.39175353744514,260.239213288148,484
49455000,184.15829660792812,308.73455488669293,484
49460000,194.60831146410976,378.4705521289607,484
49465000,180.14242458861764,271.3883224482474,484
49470000,133.47237962193265,314.84303498923083,484
49475000,186.12460292479363,334.93048549506403,484
49480000,199.542977711782,319.6193005624705,484
49485000,207.3297139554473,296.3087610647717,484
49490000,178.27751213376368,319.68685079179903,484
49495000,189.05177569273567,297.840017096106,484
49500000,216.58911267400234,274.39787469003426,484
49505000,207.9107130358118,336.14700555164484,484
49510000,208.6773509858313,304.35575854505623,484
49515000,134.9669049262863,226.9393329293425,484
49520000,147.89326971135375,344.18885720018346,484
49525000,143.94593470805015,290.0023734296999,484
49530000,173.11364302868606,371.48321586109984,484
49535000,216.30100452167184,349.0763993966463,484
49540000,212.74856987148547,234.79659939788274,484
49545000,183.37508986776123,307.00069475026737,484
49550000,192.38470720003,292.13073217001624,484
49555000,186.17354698453562,318.5765554844688,484
49560000,151.23703327070237,279.2492590652711,484
49565000,196.20724553759996,278.2750222560546,484
49570000,220.00196305490243,291.25597262953147,484
49575000,144.89484682639386,257.1110031668397,484
49580000,167.9120151125698,290.33884974147776,484
49585000,181.92565198556426,276.14579303113715,484
49590000,190.6040284708817,355.98342842200617,484
49595000,175.02185402904678,288.20656051884305,484
49600000,209.8546822968469,291.1937624038966,484
49605000,181.2541744863578,300.1802257109557,484
49610000,152.67694429642336,335.7675721555178,484
49615000,197.24873151840407,272.0683362365712,484
49620000,141.5232531815631,286.74294583743085,484
49625000,212.04144412630788,388.41624411614146,484
49630000,195.66015035397754,243.67417465350357,484
49635000,183.10273071041345,224.15762404749125,484
49640000,160.9486768055946,291.7236962129392,484
49645000,176.32836549132477,294.0839643802748,484
49650000,136.06845349310774,278.0600269499844,484
49655000,177.46471865668437,294.043611569679,484
49660000,167.1760596108458,283.29950019718643,484
49665000,172.1293202017059,298.4566479560671,484
49670000,172.91380523455103,324.0885059220967,484
49675000,185.53927452078523,349.4268382091686,484
49680000,148.97659753896477,284.8077904186442,484
49685000,149.56987487436567,300.89054336792407,484
49690000,198.5570509733862,312.20567197398265,484
49695000,173.6034508431122,277.12147495705807,484
49700000,149.77408446805498,311.0914373427882,484
49705000,186.0827049920678,279.6471930353352,484
49710000,189.15229476895422,327.060334980107,484
49715000,202.0817675615413,299.2529534084217,484
49720000,191.69286379206946,264.98595986722955,484
49725000,153.9810523409814,279.34363657942043,484
49730000,189.33324565138545,301.6168531728716,484
49735000,147.1510225199455,238.0552767725048,484
49740000,175.16186379157983,319.0411728503373,484
49745000,197.85515128894144,281.9072264156692,484
49750000,190.08781310111993,312.8004855830904,484
49755000,197.6812089779494,291.7115983206223,484
49760000,189.59587617717023,348.69999701030275,484
49765000,186.54053236351118,298.1639819673943,484
49770000,223.02695743640916,358.3471166431874,484
49775000,199.28599546954325,259.96587742462583,484
49780000,179.96511108874034,293.3977078848371,484
49785000,168.0806747636992,279.544062021081,484
49790000,196.57098487115314,347.92626437744053,484
49795000,182.95025669239212,338.9855708227637,484
49800000,170.64333950604063,279.8317038120205,484
49805000,158.2920512044966,324.0698370528266,484
49810000,169.65316614882187,296.3109690400706,484
49815000,157.25925418033748,351.8261169079282,484
49820000,190.53155193628598,332.4467847898084,484
49825000,177.45311135879797,287.8684358860712,484
49830000,184.66266447851356,300.17109689274,484
49835000,186.03505779512912,302.5364726337809,484
49840000,162.8986906481656,319.32838632318624,484
49845000,221.41885711668,245.4362587264789,484
49850000,199.99004253377143,297.03177352603916,484
49855000,160.53556617370867,310.489890330226,484
49860000,139.85195222890027,300.5228962878826,484
49865000,184.03670742027697,311.34720635823464,484
49870000,154.7634314378225,306.44665803889154,484
49875000,159.80862045279622,291.1981336060797,484
49880000,187.77961213705777,343.83188556491416,484
49885000,151.0814897526466,295.48047015566146,484
49890000,205.3126034228681,331.9685943334236,484
49895000,152.64772889487332,273.9711553122741,484
49900000,165.85617886189763,324.6840743256351,484
49905000,178.0755151328951,279.08626773072064,484
49910000,190.05294429553544,304.72882384910713,484
49915000,201.4598497646607,290.0626791388128,484
49920000,179.156889294294,322.4712634037125,484
49925000,153.85446382435728,293.2120130447603,484
49930000,154.67660975664268,315.7162987533236,484
49935000,156.82475089224363,238.43829485473822,484
49940000,189.5842494284191,272.5651922435618,484
49945000,168.27042899537298,294.9799330069243,484
49950000,185.4791065377452,276.03618133082097,484
49955000,172.302508962806,349.9050759894457,484
49960000,212.12271771080742,400.38443072866147,484
49965000,174.7213076785519,338.9494137396976,484
49970000,195.0241708831532,276.94993614951113,484
49975000,174.30313020708843,301.87524858290783,484
49980000,176.65226021263297,322.61315901714175,484
49985000,167.66887279571972,252.24817753011808,484
49990000,169.13765306180107,291.74204763451206,484
49995000,168.78486489089846,248.38348380495682,484
50000000,150.44228154760805,334.3553663628896,484
50005000,197.8145557078594,302.3527093443654,484
50010000,195.48087367873154,319.4824918473911,484
50015000,173.29400854034947,296.39604307817586,484
50020000,121.10861625170465,346.46069109142076,484
50025000,175.04949346792787,258.02154847630106,484
50030000,202.235493677873,303.3460812551657,484
50035000,166.0151729107113,275.5206936637354,484
50040000,178.11533961387673,258.75514647347114,484
50045000,175.59477514266504,313.01018070832146,484
50050000,188.33598560589894,305.29310805013347,484
50055000,168.78180328598737,286.683285229273,484
50060000,185.77576055773565,288.8625661632585,484
50065000,216.09417832128744,302.3872735674175,484
50070000,157.98573290045837,352.3397614274207,484
50075000,186.82944437862048,285.3590732357349,484
50080000,197.8334914365802,257.2606754091258,484
50085000,163.70043573262768,309.8620665818473,484
50090000,167.3825645596019,268.0712596211912,484
50095000,182.38084579565069,322.6183761643873,484
50100000,194.7858704640731,340.25335561399953,484
50105000,166.93475842482206,325.5781805631948,484
50110000,195.26446838469093,245.7769901917987,484
50115000,177.49271171087656,268.269488533561,484
50120000,141.89083903564799,297.69604179518444,484
50125000,216.37125243308478,332.181282619794,484
50130000,157.56512851243932,251.55073946361483,484
50135000,183.0150738673542,323.2228529584109,484
50140000,167.51093982085237,311.2935750173835,484
50145000,187.92754730758406,331.1052105617781,484
50150000,161.76283821815568,316.40267660748896,484
50155000,178.9031439582204,247.72709623682996,484
50160000,199.11085670592573,289.9490159662363,484
50165000,190.28079281042002,330.05846535978645,484
50170000,160.34048073353307,255.55653899076643,484
50175000,183.96736789256045,351.1181102086639,484
50180000,150.44430281792654,308.9531891591436,484
50185000,152.01134287956478,225.01188418843532,484
50190000,216.8244484881178,267.37390277269407,484
50195000,205.31520991070948,294.99123190074954,484
50200000,185.63232362989868,284.27608587844486,484
50205000,185.06144131415078,330.4250583697536,484
50210000,164.8506378169557,328.03476144407585,484
50215000,159.47015495450972,305.31058099961996,484
50220000,212.94856525054698,315.7573462872072,484
50225000,199.89032092914803,250.80730696885783,484
50230000,142.40645293657374,273.8850028111611,484
50235000,185.19283816449376,311.2007434024441,484
50240000,172.46670138214162,287.5363120916065,484
50245000,214.08526001089055,358.8031395507933,484
50250000,180.9652997698268,300.88962510114965,484
50255000,202.7157270021483,234.7012519197747,484
50260000,165.74387456914906,325.5734130891157,484
50265000,152.9470744053781,314.2623829572817,484
50270000,205.45047948736487,301.6668782264927,484
50275000,167.2495334150284,283.82065354726217,484
50280000,180.4222513322407,267.6684174126221,484
50285000,184.63822804639028,266.69935667129783,484
50290000,192.01586742438178,300.5071040231631,484
50295000,198.30141117804305,298.54079563977484,484
50300000,155.95380151689264,263.52960831227483,484
50305000,206.7252610716444,319.9026720310378,484
50310000,193.69951197409887,287.2515051678877,484
50315000,177.07888017227583,299.6183643034864,484
50320000,208.9131779828692,269.5015696920973,484
50325000,170.94057630379746,297.3317096380387,484
50330000,184.66163482555186,275.81214974403036,484
50335000,210.93193030083813,365.65201146265383,484
50340000,188.87816532418924,272.8021281338445,484
50345000,182.709069520291,303.94366673052104,484
50350000,134.65513299932752,286.261414918633,484
50355000,140.45196631106572,307.64303298710956,484
50360000,175.9113614302927,314.30420398546977,484
50365000,181.79230576444854,251.22495639797265,484
50370000,173.55614090662874,246.3439032536488,484
50375000,172.94623346985813,323.3554046285815,484
50380000,187.45792836679794,320.4672934714209,484
50385000,180.12455508947025,308.8680513815418,484
50390000,149.91086855140597,321.4365974520351,484
50395000,158.45014854355583,300.85468248979674,484
50400000,174.54111142730395,331.8796086465153,484
50405000,176.3827469263274,317.98161731223234,484
50410000,167.38990614986173,338.0936623612543,484
50415000,171.4120584137027,235.26702157545742,484
50420000,177.17229490757316,268.02075914409136,484
50425000,185.84818175356375,338.5585109727434,484
50430000,174.7301795562593,311.12516475157383,484
50435000,185.57557972803227,389.08319950187763,484
50440000,149.2770067501243,262.603860251024,484
50445000,196.66470462946918,275.31320445451934,484
50450000,158.3098568947077,308.9068105160114,484
50455000,159.3312146146143,249.56938053737866,484
50460000,141.82777848685106,289.7164785143398,484
50465000,179.82670974242671,332.61892219672893,484
50470000,182.48197730784813,275.5517763210586,484
50475000,149.1325548043862,292.62465021559404,484
50480000,174.25851422885273,347.88936932406557,484
50485000,178.5772563563986,262.7746311865005,484
50490000,165.09181057340103,322.28169740475494,484
50495000,164.87182465964148,313.4953689224143,484
50500000,173.07347674216138,309.24034762782674,484
50505000,207.86359090042248,324.4526951566572,484
50510000,185.28505632231256,311.83890449410023,484
50515000,197.06640945172856,267.8220320885522,484
50520000,145.11515932477158,259.37934127915133,484
50525000,182.48639016932015,269.144770535169,484
50530000,195.08707868829376,320.98054916664614,484
50535000,196.9135662816482,281.44741276015407,484
50540000,174.10291586145468,287.9621452238415,484
50545000,169.4034316613102,267.76919358324426,484
50550000,168.95492567738452,283.909755237893,484
50555000,180.0507509844575,259.77642188017643,484
50560000,171.9254796176044,317.25348529596215,484
50565000,150.48495758216848,310.7509723363356,484
50570000,153.61850287137543,337.0697341046463,484
50575000,193.07442069988326,291.726816554052,484
50580000,187.89194770474958,283.3206636837164,484
50585000,180.19153521426776,285.8294731221744,484
50590000,169.3859918891257,272.4144133654991,484
50595000,176.6656225776747,298.41451438776176,484
50600000,160.07065498220987,237.3179878717462,484
50605000,181.98120530026432,299.4299860566369,484
50610000,182.4770932339591,353.59056718530184,484
50615000,184.5575110491942,344.9251887682244,484
50620000,158.95046423731094,231.95429900582258,484
50625000,184.23741014230535,309.2900599609644,484
50630000,176.89221382301488,297.5307462701156,484
50635000,146.8268992823413,333.8149743846923,484
50640000,184.23698661130888,324.4174309689973,484
50645000,160.59546932911584,314.44213870396356,484
50650000,153.02109512124474,247.73099329516822,484
50655000,182.95607578431816,287.058202840227,484
50660000,156.4776463336645,254.86589641230123,484
50665000,177.9935985104356,267.5157957770363,484
50670000,202.36007434553997,278.85803609636747,484
50675000,189.5530727210033,327.0546289809288,484
50680000,150.6366092933764,287.05941913052084,484
50685000,168.0677427597869,283.6286399591599,484
50690000,179.32446140054418,333.190339055814,484
50695000,173.53690395182443,335.4158355856634,484
50700000,181.71182150465123,304.7822198284372,484
50705000,200.303503830652,320.2939464594708,484
50710000,168.49907502979474,296.0481510857687,484
50715000,184.486686568106,361.8822905502471,484
50720000,151.68740734074672,253.4569253005033,484
50725000,158.26589888796025,305.3989364899832,484
50730000,180.6334122100939,291.33113355805665,484
50735000,167.66053948529583,347.2356051253592,484
50740000,131.47630487194465,285.59413964337165,484
50745000,157.91913878915773,336.1672006616744,484
50750000,201.4275130855017,293.2545278377839,484
50755000,213.22489385975706,294.1604329509637,484
50760000,197.5791458053773,290.67051955667455,484
50765000,154.77105146914414,362.521714095749,484
50770000,158.31664966831713,329.79820965911955,484
50775000,171.80651128326724,274.45085675182094,484
50780000,164.31332290991003,280.72956293994304,484
50785000,169.77722752703997,369.77045325741955,484
50790000,183.3511511964616,281.8160348683889,484
50795000,153.71594890078842,317.42836070339786,484
50800000,183.98374249864116,309.92122947445426,484
50805000,208.10764877389727,334.48358350601615,484
50810000,142.13981041768452,288.9908305572922,484
50815000,171.84103938594845,268.30699544424976,484
50820000,181.92242288528354,307.664083843748,484
50825000,173.95433048243197,232.92523794730351,484
50830000,209.63750255312948,296.7270155391075,484
50835000,169.4082790326405,335.0428520987516,484
50840000,146.21476994715417,240.55668124151205,484
50845000,131.58175659062687,353.2239704052381,484
50850000,179.90982357267694,319.1365987812702,484
50855000,148.85555187608588,297.68447145474533,484
50860000,183.64174713880425,265.2261804091626,484
50865000,183.92828918146753,281.93523861574465,484
50870000,165.53183076766652,301.1077682255675,484
50875000,150.66856112337922,352.1234536853152,484
50880000,182.73619901354832,296.92978891975866,484
50885000,200.2867068573531,304.12191637794206,484
50890000,204.5773873208514,315.2213530769647,484
50895000,171.3260814689612,292.70345237624053,484
50900000,185.25326819279235,306.09926045604266,484
50905000,192.8081523265126,337.27787093758025,484
50910000,185.90516335111607,327.7413217074309,484
50915000,198.3337176199046,374.52219786891925,484
50920000,195.10613578032468,304.8779152454883,484
50925000,168.14482605899718,321.4311228626113,484
50930000,186.71081498256933,296.8587675233933,484
50935000,173.46508142410735,303.71245037562807,484
50940000,161.75804491183914,330.19769704057006,484
50945000,150.26166845736094,352.5684985150224,484
50950000,170.14562612223958,327.0292176321897,484
50955000,163.0905916780754,298.0057579476963,484
50960000,189.93827887857856,285.7457934375411,484
50965000,189.25338844254964,338.5745253103602,484
50970000,182.12708631124258,291.4567924746634,484
50975000,156.58952533367506,281.66909572920093,484
50980000,181.98232440366763,286.08724633111615,484
50985000,214.8978911881544,278.7218136055422,484
50990000,194.33773519627144,273.8511014530783,484
50995000,163.13949619530922,257.69103452687807,484
51000000,135.86012381843096,312.65536470152784,484
51005000,188.8743734137548,333.1656766600874,484
51010000,200.91871766509772,259.32171393370896,484
51015000,157.8630822471114,317.8000306961693,484
51020000,170.92546385574695,285.14823602711056,484
51025000,156.03940842677034,308.7441326055944,484
51030000,166.72434932399023,246.1610378167982,484
51035000,168.00637317333283,292.7220476197533,484
51040000,208.94670665325225,290.00796362383534,484
51045000,196.5011724523918,286.6761778606126,484
51050000,176.78714403424598,238.43754015671027,484
51055000,163.7413760850587,281.01110664719266,484
51060000,131.98687133647107,247.08619231052074,484
51065000,147.52311608351778,369.7786570694835,484
51070000,183.74892643983392,326.49999458755616,484
51075000,173.8356599789433,247.8026384289225,484
51080000,181.25488209530113,262.6748056468288,484
51085000,152.06392042166732,281.36529743874036,484
51090000,197.17057984384292,403.9080054811982,484
51095000,187.52775020902064,258.69626263249177,484
51100000,208.68332240603672,258.8472224820531,484
51105000,158.24963610919565,274.0830130085343,484
51110000,188.92830497714144,279.44500776850793,484
51115000,192.37253294368125,277.84793307058203,484
51120000,203.4460770938398,337.32260820471987,484
51125000,177.21600665312778,302.6101871797915,484
51130000,186.4008434399892,258.74136576804904,484
51135000,184.7707882639696,296.77968974286534,484
51140000,184.21362134705618,270.81608470169016,484
51145000,166.32639623337593,288.81971769650136,484
51150000,192.73082547930713,287.6242343796771,484
51155000,153.21841363307271,345.8435356848577,484
51160000,166.24647145659608,304.4825891455339,484
51165000,182.30854147168884,309.63603296257895,484
51170000,169.12061822291807,338.26084047336207,484
51175000,213.21510594027535,306.7681795778463,484
51180000,152.99555415225396,356.120720010796,484
51185000,134.7254281339281,268.84520255096317,484
51190000,220.6851867098702,249.28130000595405,484
51195000,158.007418511363,291.56317845235014,484
51200000,238.4598064686257,349.5321183500906,484
51205000,175.4820796730897,293.27048548492235,484
51210000,192.10916135199315,306.7972239067083,484
51215000,168.44421538673376,280.86743870286597,484
51220000,167.81226022104428,279.87878517029344,484
51225000,176.20962602441543,285.33468664391165,484
51230000,148.27615781081587,312.9457648327748,484
51235000,174.94342929991538,269.9790647389787,484
51240000,184.37208395084426,253.5980745189107,484
51245000,213.08495268890945,297.49904531952745,484
51250000,184.4486673579931,304.01005070693026,484
51255000,200.33611289933924,312.7007881438711,484
51260000,173.31843991693444,270.445510139114,484
51265000,177.18336412341472,289.2466551392578,484
51270000,157.6460209645963,284.83749048717254,484
51275000,145.46362205497795,267.1284759075135,484
51280000,147.3426322141658,232.14124579424293,484
51285000,177.44054137889106,287.17191637629884,484
51290000,189.2400639212879,299.3250368530506,484
51295000,171.9881019166777,252.9284760690936,484
51300000,211.2487211743848,339.7342202029183,484
51305000,165.34834600282167,246.99876116719844,484
51310000,220.44702115905642,240.21491249680253,484
51315000,167.34806739676748,305.38315163682944,484
51320000,190.1985610558942,301.5029596157501,484
51325000,192.8694895287742,319.7701743941514,484
51330000,179.7608542579932,297.52291517468694,484
51335000,146.60983214089916,258.1124598935242,484
51340000,220.82154205877876,272.9954701076463,484
51345000,183.127130148584,255.98259150014758,484
51350000,161.02034395429905,257.7470263517287,484
51355000,196.0017318544531,273.7739193557832,484
51360000,229.2976558354247,285.00660805655235,484
51365000,141.62755222863132,239.12364884629156,484
51370000,158.01964095932078,325.01152219599913,484
51375000,195.4019670706203,265.1962221301135,484
51380000,179.5805827769018,295.5696647721399,484
51385000,155.83918958117786,357.933990018091,484
51390000,216.896188598669,281.613857138128,484
51395000,189.38395657014786,348.85675518313735,484
51400000,187.43502251880295,332.011978391165,484
51405000,184.81876575581032,264.35681868735196,484
51410000,162.29129727703554,261.6417137980431,484
51415000,168.26725680478293,268.64204337261924,484
51420000,161.2457807344253,247.28082097957923,484
51425000,165.4808049107347,332.71229311062103,484
51430000,187.6315241474106,240.47311130585226,484
51435000,187.39998058890484,284.69133228313916,484
51440000,135.42132902643252,257.52801413592744,484
51445000,183.22671638606823,341.39100560457047,484
51450000,159.09394955909661,297.15260836526306,484
51455000,184.5329821409896,409.2299938930253,484
51460000,213.25909642026897,348.9627609883561,484
51465000,202.74331236316553,259.4416060254668,484
51470000,178.3228664367475,318.60394658210436,484
51475000,151.7475923243405,207.31936782997903,484
51480000,228.16466815731695,303.609850274013,484
51485000,156.89626605797395,304.66468880786647,484
51490000,192.10315239191704,378.4531125512066,484
51495000,169.34689447685156,308.979104228078,484
51500000,181.41515139273008,317.3684695244931,484
51505000,181.8926183304158,326.9844647026656,484
51510000,154.79305632228784,322.34381804289234,484
51515000,220.76579494803443,316.2865115109191,484
51520000,170.7206410064952,297.8471458587712,484
51525000,152.85207901254864,232.70650609779952,484
51530000,162.4706215943916,272.79291401275174,484
51535000,179.94183591457613,268.1263065320066,484
51540000,161.86288343959342,286.1943237060807,484
51545000,153.22414688545504,352.9534029062776,484
51550000,198.78351104506456,336.3992581944962,484
51555000,172.18930332569454,352.58815685804416,484
51560000,190.35545381491326,352.76062142196895,484
51565000,155.33873393773132,298.9655997459442,484
51570000,148.49100949273324,279.17913409923636,484
51575000,186.02849815173704,269.63948726875816,484
51580000,169.97343839394424,299.3184043549507,484
51585000,149.42627352084824,265.5425200793163,484
51590000,176.5853940436488,283.37574097296294,484
51595000,187.7630482666453,266.91628248053604,484
51600000,182.30435248369346,289.0951402531538,484
51605000,189.15820216128466,317.81172923419297,484
51610000,227.12477039640407,339.5010190878099,484
51615000,182.30332067898001,344.11485822452676,484
51620000,150.62046489256105,292.76101505712154,484
51625000,188.60462197637096,375.45989022383645,484
51630000,177.71560902154062,222.26420348024138,484
51635000,158.15114273646273,261.3102637257837,484
51640000,128.39480741629163,361.0964177350491,484
51645000,193.21048134354868,346.1607677675092,484
51650000,163.44493593940692,307.4627575095349,484
51655000,207.6864353512167,367.29474189462377,484
51660000,170.2480694800292,265.4111750442556,484
51665000,163.90204368700563,284.1728906511262,484
51670000,205.10659926275534,316.9464592808074,484
51675000,140.55029866439432,312.2239041490872,484
51680000,175.14403543820092,302.78148880352774,484
51685000,194.84350469200572,232.37672751128667,484
51690000,149.88839468529247,301.2140159519862,484
51695000,173.6894888153705,344.0152884191495,484
51700000,179.04229744765166,286.5465282096395,484
51705000,195.53221093434576,260.78790025701784,484
51710000,187.44772456941556,326.8440546189699,484
51715000,185.89168602753912,370.6277389910465,484
51720000,206.74915776482612,325.2295097566775,484
51725000,178.8936117813348,244.60955033457577,484
51730000,187.8906927333622,254.2183930993306,484
51735000,193.3818710211358,287.19991474045463,484
51740000,220.04503832774,312.4745665931789,484
51745000,170.3208054957709,341.4434590417645,484
51750000,155.32536527331334,306.7597329685238,484
51755000,207.64182128781806,374.1583236026188,484
51760000,166.8691274701452,335.9170318773061,484
51765000,173.38608179820912,232.8338859807633,484
51770000,171.30630619867458,333.5522156107877,484
51775000,206.03561318067207,282.18150878372984,484
51780000,222.0798790373684,357.5569239250824,484
51785000,235.9316637587506,303.46712889807065,484
51790000,162.60761421782655,386.55245914129927,484
51795000,172.68918331173478,309.1768102537999,484
51800000,155.36436230368395,260.88156033205274,484
51805000,165.6582141458518,321.7854092109912,484
51810000,197.64118629681076,252.5314652741667,484
51815000,221.79564045230777,348.13773796143454,484
51820000,164.40730227428767,335.73760122196705,484
51825000,180.05012068479456,278.04201527449476,484
51830000,199.02504771158578,289.8200174129977,484
51835000,218.44996457378417,269.1121173751098,484
51840000,169.91112104240645,302.58235611934316,484
51845000,185.2371995620319,292.91212312358545,484
51850000,169.6991744040816,301.9382846728221,484
51855000,171.0169635688433,299.47083956359234,484
51860000,190.08206683337252,288.52399481253616,484
51865000,146.74410737456716,333.33033606325984,484
51870000,175.7741569335229,337.1864739834831,484
51875000,184.8740700404756,296.04642544757553,484
51880000,185.54945901545847,361.7515859082893,484
51885000,182.0527599718801,229.5068025343237,484
51890000,142.6925752864698,298.57560495095544,484
51895000,136.9714725424212,286.6803153721494,484
51900000,172.86957869695934,401.1233761431017,484
51905000,194.2391200842119,286.0079630992407,484
51910000,152.6715763801509,290.6757728269496,484
51915000,159.34456899852543,310.4181252061507,484
51920000,177.38166760649816,312.5580328136458,484
51925000,201.1610419831327,286.2643654331017,484
51930000,192.1072376508122,273.2633923163184,484
51935000,161.16942613913983,297.7355529868069,484
51940000,186.1206425209749,309.05189323447456,484
51945000,192.5716827238255,268.06366331640805,484
51950000,179.0737399367362,269.90885401874766,484
51955000,194.8245645247616,326.0477291336943,484
51960000,190.25847072835217,291.8818843477138,484
51965000,153.14740911802022,289.30149941316705,484
51970000,153.8722673838132,287.4614998692287,484
51975000,168.2319570969449,276.6059299593068,484
51980000,173.7636931763883,284.6968960405194,484
51985000,167.96180173707816,278.36074914613584,484
51990000,164.1582216356934,282.80756556219154,484
51995000,154.24354454731986,328.3266767315728,484
52000000,171.59913474035264,303.6824766943083,484
52005000,158.59342142612655,405.30175400887896,484
52010000,165.72600894606336,352.3437871594013,484
52015000,135.03672324672823,255.77525501540205,484
52020000,162.5912675028728,291.6761400723374,484
52025000,173.3016023118072,330.62035081247876,484
52030000,166.87638139191364,401.3802512909677,484
52035000,181.37475958949068,367.368503290588,484
52040000,201.61406482490543,261.64841545084994,484
52045000,176.9705701241742,322.41631736461125,484
52050000,176.79458365882502,308.9630107215334,484
52055000,161.0214462811873,308.4662031162869,484
52060000,201.5074865027408,299.18209336767245,484
52065000,143.55974423301487,311.74365517088006,484
52070000,188.91304820572344,350.3529998797158,484
52075000,207.19314191083387,325.0145926892506,484
52080000,168.41068280834847,312.3812269119771,484
52085000,159.1856744868866,319.21720570331655,484
52090000,160.4303328842414,338.2629117274133,484
52095000,173.433761617704,313.86137456788566,484
52100000,184.43080214918717,334.42191580729616,484
52105000,174.73476277824227,291.79844041990606,484
52110000,161.20000956188147,230.17625673564459,484
52115000,202.27116126185004,293.8602820285843,484
52120000,188.35188722027573,295.19935739209654,484
52125000,160.7538538539436,283.26953008908856,484
52130000,151.48031375887862,251.07835810447065,484
52135000,195.3687371673683,312.0759099589192,484
52140000,164.02147403203378,290.2188566509896,484
52145000,164.20908673085736,257.2106385144123,484
52150000,197.1547043611955,300.6310214113951,484
52155000,195.69094456025653,293.61654416881856,484
52160000,154.60977756960096,343.1370303151328,484
52165000,205.48653076823499,297.0519366227069,484
52170000,174.73290244120997,345.53259014632476,484
52175000,187.73456776234218,312.8780858269997,484
52180000,189.25354933830823,346.69256494593674,484
52185000,179.27814483591834,336.508657173373,484
52190000,152.55826955391018,273.3775913784295,484
52195000,191.63053020610562,262.4335686036292,484
52200000,162.44382274626065,309.43016103447655,484
52205000,178.31212385626128,333.66538869304526,484
52210000,185.83478490572423,317.34386873975313,484
52215000,155.83149712056715,293.6946793657337,484
52220000,172.15100430541267,313.07454427770585,484
52225000,165.24152900389313,272.8245336937658,484
52230000,130.0242625207315,322.994362919496,484
52235000,158.08240832364848,331.2203245429206,484
52240000,182.5352095125322,286.8219682244351,484
52245000,205.42023576361913,284.7722139451565,484
52250000,169.49330264833245,294.7979599078587,484
52255000,207.91305304479133,285.5864223923801,484
52260000,203.86205885783372,284.0653644506013,484
52265000,192.1674840075888,327.34670395086476,484
52270000,177.83317127963403,338.4039496158152,484
52275000,159.40899334356726,228.1084518297429,484
52280000,179.0603317576074,324.78858121384985,484
52285000,179.62316840478022,268.6077729807101,484
52290000,195.0908914122121,281.54598165393406,484
52295000,193.98576649237216,339.9521688746071,484
52300000,161.13465562564036,276.5220024589965,484
52305000,158.52840298899997,361.42249215068034,484
52310000,217.15677725193527,279.8805013091851,484
52315000,168.7212847352226,374.4521157351546,484
52320000,171.00272808524542,293.47661944130084,484
52325000,189.46321522726882,337.82034148430586,484
52330000,123.4404407424485,263.52723812448613,484
52335000,205.96518670002783,316.7091098689051,484
52340000,161.49955000900215,334.04254395751644,484
52345000,212.10024791677384,338.79475737731406,484
52350000,142.01328248290906,260.2514195940794,484
52355000,165.04600030558055,264.8912282571747,484
52360000,174.4544248581175,389.6845552956029,484
52365000,187.99989692733658,280.95088676189357,484
52370000,135.33040694308252,348.23508904269414,484
52375000,165.18447143987296,275.5600374997149,484
52380000,152.33599231886393,257.7109817021401,484
52385000,167.94868886099812,260.7586457177467,484
52390000,191.44467553085045,292.59305679883875,484
52395000,191.46896300137905,235.44128458080908,484
52400000,199.53503947617173,287.99107474330367,484
52405000,245.72869500886452,330.2494666158806,484
52410000,157.7664184175374,284.4273454279335,484
52415000,171.9496947418651,290.17818053101917,484
52420000,193.8981524439257,274.9536054798716,484
52425000,157.76243453369284,271.03423046766306,484
52430000,199.59722153368767,300.6031166557864,484
52435000,133.84709575023692,273.3654176055556,484
52440000,176.26307862810808,306.65036232151107,484
52445000,145.75478796804546,291.5664210288883,484
52450000,159.3804485778877,346.9212319006237,484
52455000,160.11593489522363,329.47779559886203,484
52460000,165.42953421122402,313.11579642954734,484
52465000,165.60602236329063,268.5818509839087,484
52470000,173.3961916694554,295.50084017287503,484
52475000,178.77226119351772,332.03591076793356,484
52480000,152.39787823559143,269.53533419006874,484
52485000,175.7304026764431,272.02767832663966,484
52490000,195.38906251826583,226.76532687167452,484
52495000,184.36529284025326,316.313008180014,484
52500000,182.7409917751835,284.7346887191628,484
52505000,201.71771434137855,308.7493538320242,484
52510000,205.68226789152232,340.52563544071586,484
52515000,175.3926461859677,262.11552069581904,484
52520000,168.9376899689662,319.40102432441785,484
52525000,250.87046871195312,365.2528544384502,484
52530000,188.874413010867,261.3705495273971,484
52535000,165.3942565595703,314.7419604215846,484
52540000,163.8793667888257,301.19841645575184,484
52545000,212.15405436099226,313.84310537376166,484
52550000,182.2504208660854,333.94483647199,484
52555000,178.25210371013443,264.1327435294011,484
52560000,164.25919730540267,285.90076319720976,484
52565000,210.30616294524592,282.8719232765867,484
52570000,173.97180642090714,283.8818593179899,484
52575000,132.2591266863174,272.5670650361955,484
52580000,193.13761388442728,381.0224928942997,484
52585000,188.4287696682029,311.4905077483811,484
52590000,176.46243091698867,306.0364013511385,484
52595000,174.37608892434298,270.18995382763165,484
52600000,156.68615715388054,348.19627951848395,484
52605000,158.02356946002712,266.39245266976354,484
52610000,158.64309093720072,296.4792842216861,484
52615000,200.62200965166932,359.2450601213052,484
52620000,143.04391596579717,323.6228110422413,484
52625000,149.4237213846881,284.49609856054724,484
52630000,158.29268277399606,291.2259338799815,484
52635000,204.15740421523333,312.07322000929804,484
52640000,185.86370911634592,259.1883884905423,484
52645000,145.86233385443919,258.01025105686927,484
52650000,166.21794611120686,320.9649233230487,484
52655000,151.7829435719671,306.9399552289172,484
52660000,185.7226279673805,321.5566429659691,484
52665000,153.21337958649463,287.58043403729044,484
52670000,222.80571703997964,319.20967653817456,484
52675000,166.42765605236931,289.0088320461462,484
52680000,168.10977516535587,340.44954586977286,484
52685000,190.3184691395561,274.91708649120716,484
52690000,215.8986603948925,252.21898004717258,484
52695000,192.6488919082428,335.64411781810406,484
52700000,167.86134562105406,305.2930562639834,484
52705000,170.52098042892425,298.269382529227,484
52710000,194.6095626934175,274.4405719842315,484
52715000,175.44697328024927,271.7993304619598,484
52720000,224.3984665076357,287.3624528411313,484
52725000,152.7123625879017,314.32004056515143,484
52730000,151.66000238228415,293.329516972309,484
52735000,152.57997496942951,365.5492126604127,484
52740000,135.70491861084534,302.64928015995264,484
52745000,188.0986821918846,367.02520626564785,484
52750000,162.0489438662368,291.7838055311752,484
52755000,205.8505672394009,329.1264838506631,484
52760000,210.48474805950806,268.3026180191471,484
52765000,141.49235597094398,253.0017566643547,484
52770000,155.33307545783478,300.58749931331556,484
52775000,189.81470227419194,294.98851485318113,484
52780000,164.5706655237873,288.52718085910277,484
52785000,175.8835868565058,273.3328581563747,484
52790000,173.71683146381577,334.7417799608377,484
52795000,179.29837323023426,247.2152239087291,484
52800000,172.67032876293737,291.024223111049,484
52805000,155.3360299233303,306.43775315964984,484
52810000,189.8544705578126,318.74203471680545,484
52815000,155.64562994607377,308.8444914056786,484
52820000,206.8990986708697,319.3029230310446,484
52825000,216.58600439068886,273.01822314296686,484
52830000,172.06655790286305,241.17614568203751,484
52835000,167.033670786027,306.5786029510136,484
52840000,196.2739154003551,290.63572565361756,484
52845000,160.7132959050087,245.58507869693014,484
52850000,162.91114714364886,325.16331202897214,484
52855000,139.01859504963207,314.2024707032376,484
52860000,140.6604990237372,306.1075422788793,484
52865000,184.51521979411123,307.17252341480764,484
52870000,141.3402468537309,279.6846367535349,484
52875000,182.25761891896704,338.33489654724144,484
52880000,192.72695564813367,264.54564770290875,484
52885000,168.6051872661982,286.84618646724755,484
52890000,175.62399181767697,305.09642118123236,484
52895000,200.4448498523776,307.74595544684524,484
52900000,170.55616308455012,284.5798780591656,484
52905000,160.96703575935717,311.09393843146313,484
52910000,192.13439132187406,252.11968645493488,484
52915000,166.8308294612399,329.935813724621,484
52920000,136.98309880838445,261.5913494036508,484
52925000,177.06949718115393,318.7341744547536,484
52930000,164.23813222121254,272.49696369440807,484
52935000,166.7775342569828,301.16999297539155,484
52940000,140.27242508215696,285.34003186094253,484
52945000,160.48007324395547,243.8016003170541,484
52950000,172.68221228486274,271.39964050640054,484
52955000,176.1529051739127,321.2818139346625,484
52960000,146.0795660812037,285.04620841038695,484
52965000,204.93702678682868,376.27439465570865,484
52970000,207.5846723014095,294.7456843240318,484
52975000,175.19192932413324,253.35785531393012,484
52980000,180.71471462061368,340.91208951527585,484
52985000,170.91876826876504,296.9665895886408,484
52990000,208.22336806226002,300.81853361258317,484
52995000,182.77232991555505,278.6880603408798,484
53000000,178.10676778651003,307.2943019820926,484
53005000,168.1274314373467,281.3444460128332,484
53010000,154.95630549695971,297.1790588371984,484
53015000,185.1494976603617,336.2658024760603,484
53020000,202.25551860649324,357.87214739124465,484
53025000,165.35509134524398,300.5007151044908,484
53030000,156.92715289957565,311.2379516193636,484
53035000,201.49794601072327,332.0052127120291,484
53040000,163.39606153610129,306.94706591544445,484
53045000,159.26323708648354,292.45823388073165,484
53050000,164.3964734666441,278.77233061709626,484
53055000,173.1574612570363,331.34667589944786,484
53060000,182.039980214524,281.10630198620544,484
53065000,187.93584939621283,352.66648925212405,484
53070000,180.6518852033886,301.3641649097612,484
53075000,228.0162887855148,281.05142131379625,484
53080000,160.65727614904978,241.31693772119857,484
53085000,181.0397420100988,290.9623255879204,484
53090000,172.18003058318968,270.64577948151396,484
53095000,190.85238785984188,295.8530756933324,484
53100000,166.85690406449584,426.6370454222813,484
53105000,206.95975958314025,358.30533589244294,484
53110000,179.98706484333334,347.1352741273647,484
53115000,161.23950220226,284.766197004156,484
53120000,168.37228271903726,327.5350484728468,484
53125000,187.8189194156654,319.16035372904634,484
53130000,161.4647240887518,285.944662963054,484
53135000,182.23493895705923,282.2001025591804,484
53140000,163.86791063207193,329.4803056691493,484
53145000,172.56653670448867,260.3581046973801,484
53150000,168.66664535089959,266.31938284516053,484
53155000,188.61298741890644,254.3554648922967,484
53160000,180.50954551614043,347.25495212960647,484
53165000,187.98082522163415,268.424868379367,484
53170000,182.8083552766854,287.395566273243,484
53175000,189.89779470122318,275.4237557574342,484
53180000,170.30440669359726,315.9754303027222,484
53185000,167.11579491439312,363.2562728801094,484
53190000,162.74511667370342,287.9363184439354,484
53195000,167.92858046346774,274.15395863790854,484
53200000,151.89757230328067,274.9441356224169,484
53205000,207.9769041626966,314.6240654550241,484
53210000,154.069214470951,325.1779768610314,484
53215000,161.74407609201026,285.81906770745053,484
53220000,157.50790650526966,244.82952651962682,484
53225000,165.25434723593355,262.88887564503136,484
53230000,185.23907206347113,332.3610819795528,484
53235000,211.53947846371096,290.10105274820313,484
53240000,189.28142067796134,312.02087686018086,484
53245000,172.3615613570709,262.2281816820518,484
53250000,209.71129350084678,388.51961368990976,484
53255000,183.41628155679052,331.92447830227314,484
53260000,185.5414745208582,293.71170230871166,484
53265000,168.1643006328296,227.9345575504743,484
53270000,164.64800839059234,332.53761511634735,484
53275000,166.22196717464664,351.8523073018666,484
53280000,171.56692868276437,315.2714417160919,484
53285000,164.3917326191379,333.5774468425696,484
53290000,189.03862698549054,344.1411965273281,484
53295000,175.2111216956481,249.46518273565346,484
53300000,171.85055969335662,256.10128960577356,484
53305000,143.63227086675533,265.7795689216487,484
53310000,188.75311802378556,373.92823753522225,484
53315000,196.34794265095007,363.74799415582737,484
53320000,182.36588405241557,269.25240982218077,484
53325000,188.65431253589423,367.2169958025053,484
53330000,149.82193448489286,260.35743634506156,484
53335000,171.37948690043825,256.84129216134903,484
53340000,171.51564421733852,284.60980591931883,484
53345000,194.54062833181806,339.01796461257527,484
53350000,172.59564864236606,296.2572523866806,484
53355000,170.00728071014626,295.11710265224855,484
53360000,143.55601264102415,318.0662221412889,484
53365000,163.63600230787523,253.53574243481668,484
53370000,191.91369935616586,303.64484442788665,484
53375000,196.74239370146316,326.7096359168886,484
53380000,211.1708390736345,354.2760402447386,484
53385000,195.12930892555363,319.3318499354199,484
53390000,197.86236732420568,311.36574754611183,484
53395000,199.4324601842342,292.6964694283623,484
53400000,176.418276950701,274.5926584818584,484
53405000,189.67621296629494,274.7371336324479,484
53410000,182.16974838133038,315.54729425586373,484
53415000,175.147720591103,316.01744192382733,484
53420000,164.8419857295306,237.50719398222458,484
53425000,211.18615672133188,309.19720816217716,484
53430000,149.87171398296286,351.6160414918043,484
53435000,172.20824565399684,324.7274021287725,484
53440000,182.8008450684361,255.88623292074058,484
53445000,227.2041640568069,267.1370165318727,484
53450000,142.02024960362309,257.5594521814282,484
53455000,182.47193113318235,297.900133160337,484
53460000,154.1685090637426,274.65655183786373,484
53465000,189.13756964592815,274.77113726518587,484
53470000,181.7512491062675,316.07734252215414,484
53475000,166.7071597077096,288.85648418427036,484
53480000,177.92113155186146,345.31286648930455,484
53485000,157.8236690608082,293.6679141953618,484
53490000,187.886864876877,366.4927862097974,484
53495000,181.5117690626872,280.3277488500428,484
53500000,191.46825762267332,310.4691536808512,484
53505000,162.6661880302253,328.5659011011776,484
53510000,170.61661865239407,374.9546176218499,484
53515000,184.23081528650363,286.97686655955,484
53520000,172.52842605914088,303.493501863427,484
53525000,176.48797065214103,331.30997972578643,484
53530000,193.98828011231132,311.91816329507026,484
53535000,157.66076439696678,307.32019430987634,484
53540000,166.75720520941394,306.5906674894409,484
53545000,191.26060811633317,291.3579019856506,484
53550000,156.4138019758726,268.6059211088778,484
53555000,149.97119771519274,306.88296898054654,484
53560000,162.48189896743193,323.7934612238016,484
53565000,147.70716519355054,304.0756068383688,484
53570000,153.41266433829603,286.07075879100677,484
53575000,170.94356926216653,333.2585793065424,484
53580000,148.10932483216186,291.1586717356042,484
53585000,171.60165547904757,260.7224630834357,484
53590000,164.298921673196,286.3927461312176,484
53595000,170.92659769960838,302.0519828148884,484
53600000,181.21081062130065,283.81162370262757,484
53605000,182.87156289363756,317.0627339090389,484
53610000,199.368514553385,267.6304125532229,484
53615000,165.9850994792985,329.2223956303486,484
53620000,159.6047511103689,282.45352386999343,484
53625000,157.68193295804176,260.10975535751675,484
53630000,159.72325160031932,267.66651337965044,484
53635000,158.3325913878161,323.25564834732376,484
53640000,187.09955933096637,301.23509645792024,484
53645000,167.94571064014988,348.58925424825253,484
53650000,137.73121883563564,312.8167673124618,484
53655000,191.4373875354764,293.4766145710847,484
53660000,203.185635220847,296.72964732111427,484
53665000,165.74920713607844,290.63577318026836,484
53670000,196.41103005025693,354.60050565149345,484
53675000,149.78047671312487,266.530324844124,484
53680000,172.4188149586547,259.3151379219171,484
53685000,204.88640517119907,301.46139438660686,484
53690000,155.7621539755162,377.3341836906822,484
53695000,156.9142305763538,322.25905540306337,484
53700000,223.9442149310726,355.35985233131817,484
53705000,156.24211707597328,327.15426679354977,484
53710000,182.20131123554958,272.1304787698739,484
53715000,185.17445858796142,213.51272577303902,484
53720000,189.07364940450532,304.7646424236424,484
53725000,182.7075262792837,336.7077133803731,484
53730000,177.94692035683138,353.0709972856875,484
53735000,179.52257596805794,327.1069903079175,484
53740000,170.19044647157065,302.7554218054001,484
53745000,157.1721424763698,319.062198502831,484
53750000,235.905860848772,312.95084836569384,484
53755000,175.02294305763934,306.06494983416746,484
53760000,185.97925098724974,329.1383938831634,484
53765000,172.63628317627973,287.86092224908583,484
53770000,167.52257795195084,334.5281150736208,484
53775000,170.63944199002466,305.82630808459805,484
53780000,145.5866356259397,306.34817979348236,484
53785000,164.34703544916465,251.36623109796648,484
53790000,199.19424512153537,290.8056718722346,484
53795000,161.77290029605774,319.04066874316965,484
53800000,174.12589011700283,244.00448292338095,484
53805000,155.02598392280058,373.2523689485902,484
53810000,171.65015640020204,304.7919542126127,484
53815000,148.77332347951474,300.6612317430802,484
53820000,179.6664572845653,239.59549393111377,484
53825000,140.5349345551792,265.3454442377691,484
53830000,147.4816310431715,282.10979109297426,484
53835000,165.31320734267496,295.55963397782443,484
53840000,194.90293154486687,322.19128229354845,484
53845000,219.87209594619284,274.11632148758895,484
53850000,143.19057906476363,300.2286586547663,484
53855000,178.2824306049166,323.60426805719726,484
53860000,159.90567783712032,372.5713850551383,484
53865000,183.0132399563211,301.13260981000377,484
53870000,183.42691968239754,267.02740304512116,484
53875000,139.5473800643671,305.0205352336884,484
53880000,144.12246233185758,274.6627531425106,484
53885000,209.25254106591325,300.9195621359024,484
53890000,172.34224258185978,286.4251394625759,484
53895000,171.6338759625144,306.418574771477,484
53900000,187.80416787933854,291.045886805806,484
53905000,177.78212339285474,278.5602114540598,484
53910000,185.0299550958699,316.7221082309199,484
53915000,202.2694662350704,322.70096791779196,484
53920000,168.65078446335943,303.20101723985243,484
53925000,174.0924508008267,303.5270152515587,484
53930000,174.673432842269,330.6243811153708,484
53935000,210.17698981156244,299.3533896229505,484
53940000,159.5838506753668,286.9982623475869,484
53945000,216.79310740770268,271.4242947838186,484
53950000,175.73198239269317,249.8219829804436,484
53955000,167.6677798712015,290.16868274516344,484
53960000,151.42942181191086,241.97188670244438,484
53965000,174.75691843229234,239.68763875967034,484
53970000,166.96748761560036,271.0351629006412,484
53975000,199.07161466225722,351.1703820985327,484
53980000,181.86031450680503,301.35444992077623,484
53985000,173.89164960099765,321.1857237942821,484
53990000,182.27462433406592,307.22035189046136,484
53995000,187.2215549006474,313.30850436161086,484
54000000,176.02189649922445,281.66426287649836,484
54005000,216.16068172440828,268.31385286164493,484
54010000,170.0433109986006,342.1394568917357,484
54015000,174.9058635360048,311.352207261317,484
54020000,160.46253602392486,297.3202798254598,484
54025000,182.38652072430233,306.7036399030545,484
54030000,191.51652576796934,290.2002058059655,484
54035000,136.23453438991137,250.26966243964293,484
54040000,210.6403411749455,294.22334308677085,484
54045000,171.4741572871919,332.77968099025804,484
54050000,167.44833872770246,290.3534024678133,484
54055000,173.91916325339903,253.89654545784867,484
54060000,180.70925809754283,290.8704378272979,484
54065000,164.9427554853899,282.73837083152034,484
54070000,155.80942929260704,269.8289492514038,484
54075000,143.99571819932748,274.7287246375799,484
54080000,188.6784773280863,265.216011268978,484
54085000,158.55373198618042,328.84336291622145,484
54090000,180.93897591827735,277.82146736685,484
54095000,156.86529015463253,326.0460250148892,484
54100000,197.58994584114302,316.79882360047213,484
54105000,145.65743857396205,309.0289940016242,484
54110000,139.0704265119337,306.400899091134,484
54115000,219.71126849915353,350.1805407580524,484
54120000,190.09727124426274,332.0051067697745,484
54125000,161.69012889941342,276.64452655553583,484
54130000,164.3556318470699,330.83767440491425,484
54135000,189.61691600113275,318.36729387195163,484
54140000,154.01046539025037,309.85811399762616,484
54145000,160.29057481090848,306.3383048575077,484
54150000,147.65474751918163,280.65969187950327,484
54155000,175.51217137230128,362.71716057535446,484
54160000,176.6959948744103,323.7943828250094,484
54165000,156.13714457239894,289.9549067297945,484
54170000,173.3044014806493,325.26958198841794,484
54175000,166.23669444760614,276.507239062056,484
54180000,179.36298535234022,295.06122130276117,484
54185000,183.81717497215791,330.51866347383947,484
54190000,227.10211036935087,287.82649015143693,484
54195000,166.7558294663333,370.22370178705273,484
54200000,155.226846866654,353.41291457953326,484
54205000,198.7160078825067,315.40951188754065,484
54210000,179.09664224468875,258.27735073586814,484
54215000,156.5493597384707,293.6534102661979,484
54220000,193.76489113197974,302.8400352333013,484
54225000,164.80858154521832,391.46754395916787,484
54230000,131.38505696262465,233.3852730831215,484
54235000,180.56919630518865,308.727548988474,484
54240000,179.885012355216,324.1918543798956,484
54245000,160.38606698110922,320.03973092327846,484
54250000,195.51022587472065,315.87645940137605,484
54255000,141.0860928443688,327.1291306087318,484
54260000,173.012591036766,301.485489367014,484
54265000,195.55084285911454,269.3019910584626,484
54270000,180.45705523297528,323.7957467070791,484
54275000,164.65280254485486,293.77817700451794,484
54280000,146.5580523799254,264.4945703285454,484
54285000,150.05690078926438,252.47989679185062,484
54290000,154.80399476832855,321.79065364954,484
54295000,196.63765047278474,304.99228451358675,484
54300000,169.96683336634163,334.7859633768665,484
54305000,181.27478231446688,287.8524833754665,484
54310000,223.3828131784028,324.39340862633173,484
54315000,172.27593082003008,304.4009909622625,484
54320000,164.53903006598844,241.0688688142531,484
54325000,172.3334105671364,248.5760738093902,484
54330000,167.3289524915867,249.38657358378896,484
54335000,171.22099303462065,355.2391023768421,484
54340000,194.99944887256575,344.8975076028837,484
54345000,176.7980163763918,331.4252119770142,484
54350000,197.83563236652137,404.61463960155356,484
54355000,192.60271792154316,338.91789878074917,484
54360000,165.4895143443313,314.8884900313088,484
54365000,197.54910869159323,283.94023870397126,484
54370000,145.87347003329495,261.4279553004303,484
54375000,168.90535908431906,306.542656057474,484
54380000,183.32755951996836,322.98069876537306,484
54385000,174.63466678396838,289.20001536076717,484
54390000,168.5126219562889,337.38290746237465,484
54395000,141.664346168898,275.72307849784397,484
54400000,204.3362933744805,317.3169785571896,484
54405000,138.58581585677632,292.0712529911523,484
54410000,143.8922701345079,335.6361386845763,484
54415000,142.61178935560272,341.30451246705934,484
54420000,197.13348948455032,326.6664126955337,484
54425000,208.06506388057124,356.34959804959044,484
54430000,197.42795320366398,298.1096622449786,484
54435000,180.06578715957684,282.06653240916444,484
54440000,245.442518068153,316.985721978688,484
54445000,195.27145856938003,351.70006389522774,484
54450000,175.20958529835727,303.7662261666054,484
54455000,222.35868340262127,278.81480052210406,484
54460000,208.09269358189647,290.14201408995694,484
54465000,170.1649459710131,275.8183811037321,484
54470000,158.47133213647615,278.4060208252485,484
54475000,179.30206354794961,313.8418815389001,484
54480000,166.12470175728708,250.00525470845665,484
54485000,211.87199330114893,288.23992731174906,484
54490000,163.13937367969402,331.001446151377,484
54495000,157.29714979768414,303.3521539784031,484
54500000,143.54821371779894,291.449924309818,484
54505000,183.76497355346237,321.3903707794988,484
54510000,194.20359410726132,341.8506701228492,484
54515000,170.3927828277953,318.6458426224117,484
54520000,159.61398914209136,252.9067375798188,484
54525000,125.73348890591566,359.1573868177704,484
54530000,197.20710197745973,260.0112411446301,484
54535000,192.32162658083982,351.5337682033079,484
54540000,179.64510714151288,289.0689720900821,484
54545000,221.4928383772537,267.9395661939454,484
54550000,145.1242320845864,300.876613721655,484
54555000,186.42915338466992,313.6709109869254,484
54560000,152.92380692107093,273.51579013997474,484
54565000,188.42293617169182,307.35206857929415,484
54570000,161.85736587220416,304.92311031350266,484
54575000,157.4244131873797,321.3226973335153,484
54580000,169.0541518075535,314.50774195707504,484
54585000,157.50399159621608,298.8266074071294,484
54590000,171.74639462906376,299.73236996042397,484
54595000,153.85000270076054,309.6572390387317,484
54600000,150.73040061084,287.4258593904209,484
54605000,177.97833156237488,278.6162611197804,484
54610000,178.5273515835554,267.5647941695622,484
54615000,172.6532854949824,285.22776657062565,484
54620000,163.74241679330365,294.8261989990316,484
54625000,147.58607870208522,243.11715396362422,484
54630000,195.33570536716172,297.88875757207313,484
54635000,156.73092567134995,231.85901536609245,484
54640000,185.33640521976966,328.932355533365,484
54645000,177.8005195796702,306.17100839666534,484
54650000,196.03247949747805,340.1422557273876,484
54655000,200.60388119860838,294.81870636871037,484
54660000,185.74348692828,390.23119374767583,484
54665000,177.66455465623366,308.5037379337261,484
54670000,138.1672686420973,343.14530115626064,484
54675000,177.4730110027931,249.3476183254302,484
54680000,179.60964993131324,347.4735482919933,484
54685000,148.08068770130618,295.6999770780815,484
54690000,179.6511013322921,323.23597938027643,484
54695000,188.4944145193469,254.39175933293146,484
54700000,158.64171104031726,322.4618841333551,484
54705000,154.53334850476134,298.1444140426091,484
54710000,196.27502039057373,373.4037488487502,484
54715000,184.99251899902967,301.36669275034717,484
54720000,223.6365955261162,351.5695162392959,484
54725000,188.96186810319628,284.2067617583245,484
54730000,166.29401101071093,289.88546477088346,484
54735000,179.17577544921903,325.52479700963,484
54740000,162.8471431181786,305.84109507271216,484
54745000,159.41349598704426,260.49977212005626,484
54750000,180.4464256462704,256.44150047207285,484
54755000,176.72872926859657,338.50863366449454,484
54760000,153.37563685324153,226.35010816034668,484
54765000,184.25888543313425,283.06506226602943,484
54770000,167.90701169613087,314.49178961902084,484
54775000,171.30051339787374,294.838225992081,484
54780000,145.37983356350878,280.9333050486131,484
54785000,141.4852202188426,312.7610226199226,484
54790000,153.29946657283418,303.0591149180525,484
54795000,180.0539813563705,299.2839723081666,484
54800000,167.7692067001128,312.9636538367767,484
54805000,148.45962435051766,257.94602678254046,484
54810000,181.28049060512114,278.13375093468835,484
54815000,149.7352184140739,344.87327828217497,484
54820000,147.14582189678484,356.18062130294925,484
54825000,168.83579470480072,343.58126295525824,484
54830000,202.71196021164977,301.91697201747445,484
54835000,167.67833134123015,292.7596149599053,484
54840000,170.1153156417416,292.5255762132367,484
54845000,207.88732378808035,341.2070642381091,484
54850000,191.88380416678882,292.41420210228927,484
54855000,132.1898414776955,261.727350648296,484
54860000,154.32515153882022,353.4407904401792,484
54865000,173.75870941527413,268.3660788897112,484
54870000,150.71047253390572,236.8955204316944,484
54875000,211.72470471661882,275.5434152172303,484
54880000,205.39096656583814,333.06016412540794,484
54885000,132.47650488209348,268.2807949112207,484
54890000,188.56638312829344,329.1393249972105,484
54895000,157.32765691757118,300.8464125137535,484
54900000,157.2897184842639,309.825266059323,484
54905000,179.70515529294877,271.0007827676765,484
54910000,170.4728231227855,258.2614604068943,484
54915000,159.47292709201153,350.6319926163904,484
54920000,146.52919976824572,320.8237435892217,484
54925000,194.09186160371496,268.07816108182976,484
54930000,154.7388050970089,357.77966403609366,484
54935000,181.65887498454083,273.9628346692319,484
54940000,207.4857667873226,289.19208997768817,484
54945000,180.22232747404294,366.23195812482777,484
54950000,128.5676336303256,225.68804843636022,484
54955000,186.01579726097071,325.56853569871305,484
54960000,143.79490004488378,267.8432382939957,484
54965000,219.17186281200227,326.5241181537236,484
54970000,163.2299084046307,254.2580761344979,484
54975000,164.26056858682142,310.5744518313483,484
54980000,152.94388536989788,250.69412449970702,484
54985000,209.9875372552221,317.19235985561943,484
54990000,182.18213313549958,321.32262833122337,484
54995000,171.46134872273439,296.0320917904805,484
55000000,167.27450871367293,269.10504535488207,484
55005000,197.40667018919976,304.3352587118834,484
55010000,161.03022210609743,244.66974249187422,484
55015000,155.44476476877782,275.7534967260349,484
55020000,171.83148034527906,302.38272968528463,484
55025000,186.7875879214325,289.49327861978855,484
55030000,154.63468196793767,320.3526214533776,484
55035000,178.1415023106101,333.19502149971925,484
55040000,185.47031826133596,281.61115299978644,484
55045000,171.36823416013837,308.7126784434422,484
55050000,229.98195476491225,310.8311813847761,484
55055000,153.9320973815943,292.0277657515023,484
55060000,165.3663451972804,272.66987483760454,484
55065000,152.8987794602058,314.50208533402076,484
55070000,165.62464424214744,319.0445325878465,484
55075000,192.5804286525391,270.1103520597316,484
55080000,180.06673060347518,240.650081513319,484
55085000,188.47952700210135,349.3103184418706,484
55090000,195.45078916298712,236.8853236469755,484
55095000,178.39001732840845,299.6293218543672,484
55100000,172.27974377611986,359.69294199889185,484
55105000,166.49701758711788,337.7930153219468,484
55110000,205.17932843345326,263.89683177916373,484
55115000,187.00274400821664,289.82459772149076,484
55120000,181.85313973244752,287.731993147289,484
55125000,172.8200918625799,337.80297248927246,484
55130000,187.77291167413546,302.21435865256973,484
55135000,189.50988987194074,318.4342941454113,484
55140000,184.71824020574732,286.79248291286376,484
55145000,168.16191525782406,310.8458466406545,484
55150000,183.66338220433641,283.21461788647844,484
55155000,179.0223094207195,363.66963783871375,484
55160000,179.10052375063367,332.017247945596,484
55165000,170.81969608480264,292.446681151478,484
55170000,182.6066247201456,290.733803902298,484
55175000,146.41760347721836,278.5658011627199,484
55180000,206.9572515894337,298.2934945121277,484
55185000,148.42821096466292,284.03083073329697,484
55190000,157.53551436284172,286.9831526594346,484
55195000,146.44603180582337,279.4483881112187,484
55200000,163.71025614336278,337.308964299021,484
55205000,189.15950043378388,295.7990178142929,484
55210000,178.07488199811695,274.098318626646,484
55215000,182.13119508387015,311.1075330463115,484
55220000,210.0102108274501,275.1336732813064,484
55225000,200.02385198570616,296.0668114260582,484
55230000,203.49696098434222,341.3435004635239,484
55235000,190.92813449012863,301.99776179561263,484
55240000,133.22800540614344,247.8256761973489,484
55245000,164.03017716024073,274.76777504684395,484
55250000,143.81482829401952,311.6611696145495,484
55255000,208.74917006710086,292.903496962455,484
55260000,178.7103691490246,298.80470522211664,484
55265000,179.11304900490595,335.0938827443167,484
55270000,189.27859649222032,295.14931928854617,484
55275000,167.36680811157373,351.14541373646796,484
55280000,202.69272886734552,283.61618326858087,484
55285000,162.66472126512284,255.3802689059454,484
55290000,201.01475575539962,290.04202269214466,484
55295000,171.7616217872047,315.99656966670096,484
55300000,152.4716934728554,215.33896845947507,484
55305000,154.7483042397277,313.72892062324036,484
55310000,199.85662878538218,294.298798197391,484
55315000,221.70895109144692,341.2015260352924,484
55320000,179.35622314969797,293.96954390392114,484
55325000,167.89866782266833,334.7529659858274,484
55330000,209.36607445454842,300.57553250495187,484
55335000,162.69201625450958,304.4524791760421,484
55340000,199.68432138668936,272.91670116726607,484
55345000,187.59431202267746,293.18875228972075,484
55350000,149.19830840927793,298.6585685101687,484
55355000,181.0377482931089,212.36922865528237,484
55360000,160.82648629018033,341.8866845305845,484
55365000,184.74456891048862,322.3334800170154,484
55370000,177.83953327536625,391.7046851380414,484
55375000,181.56419515856985,233.0543555058672,484
55380000,187.3802662679985,296.99341166869146,484
55385000,139.8071290587731,306.022289624123,484
55390000,183.8998512116912,268.96137374509715,484
55395000,160.33211114953593,325.43132529988145,484
55400000,173.72559449347614,265.5149964701054,484
55405000,181.54195235583188,313.9723823300256,484
55410000,172.4635153199947,329.1539626622318,484
55415000,157.2301022252665,346.6848682333659,484
55420000,176.37869842023602,285.9218176783849,484
55425000,177.81141992812678,319.7303940789222,484
55430000,193.24282459193202,247.84973174970946,484
55435000,150.06715092278188,303.9660567053565,484
55440000,173.38217692373888,307.27939974117294,484
55445000,172.9446753948855,268.7464423725713,484
55450000,154.50050455411963,253.9363537506234,484
55455000,161.64736784464623,316.2416136139891,484
55460000,159.02298030136262,274.2554375155063,484
55465000,182.82697011992755,340.5462516125254,484
55470000,170.12649151166332,313.9379430216544,484
55475000,182.53354579881912,343.86193150752456,484
55480000,146.85318875408095,288.30520895124295,484
55485000,188.5789894483114,337.6537953521346,484
55490000,181.22436785112987,233.36633560505243,484
55495000,170.61566922601097,220.35762039661387,484
55500000,204.59183446868653,309.0372977677405,484
55505000,187.15608244112988,268.66274789463245,484
55510000,167.69904590183978,285.46901600446574,484
55515000,150.21944072970106,370.81538054985924,484
55520000,140.9167799505891,359.0261379124971,484
55525000,194.64185169387812,319.8614387798168,484
55530000,155.3184130616377,314.2360748642807,484
55535000,194.31923894908,257.7885950849821,484
55540000,200.46003327358977,326.92768866258496,484
55545000,188.03144190806574,344.82505761068506,484
55550000,149.60508959264692,269.5017581896988,484
55555000,191.14898690911923,309.190375547223,484
55560000,178.69822197882883,314.6320531491479,484
55565000,152.9465508547353,248.14355220333687,484
55570000,201.97599701387043,292.1622706315084,484
55575000,151.62064921146137,294.94902612494656,484
55580000,163.70089939666641,303.39620541791436,484
55585000,144.34268797449525,304.35328385821003,484
55590000,158.8636739899687,328.3154621416966,484
55595000,226.27336706452692,329.3949089086871,484
55600000,212.77246371354752,274.1555582750942,484
55605000,178.96817709140785,372.1373678966922,484
55610000,158.13080415043729,322.03186538049164,484
55615000,170.66504732058058,319.3197659083815,484
55620000,187.50991181487154,365.3544342245572,484
55625000,184.8820204949282,266.37166839426266,484
55630000,143.23435040357893,229.8778821278529,484
55635000,175.05548541666656,370.0636335745166,484
55640000,148.4736618749876,299.44941858349455,484
55645000,177.52702743587844,276.97289208831137,484
55650000,160.6473577412093,307.0020541111091,484
55655000,149.1247432954937,271.72520214556835,484
55660000,186.47955277250182,288.1648881844996,484
55665000,142.120104331548,292.3791513695266,484
55670000,202.92042560736724,302.79782115511745,484
55675000,206.4968529875243,225.81594301356077,484
55680000,167.0432564197712,321.2530211102915,484
55685000,178.0642120498935,308.409018913307,484
55690000,143.92088738699704,294.15759090282467,484
55695000,171.28578188155964,300.75617623604995,484
55700000,162.9275378827036,267.9349462272252,484
55705000,155.56908412907453,298.45899807700175,484
55710000,189.79573051202738,369.2257686239618,484
55715000,164.4176239999865,323.123973594603,484
55720000,224.85913565983378,283.663720315932,484
55725000,170.56599915904312,369.9550311850185,484
55730000,182.2935051475273,302.6282516794323,484
55735000,143.482248538037,263.9000117131039,484
55740000,168.99969497282507,296.68154393116794,484
55745000,215.36974994713995,261.2184143524923,484
55750000,154.87920544858895,290.7138228068876,484
55755000,181.19369834954242,278.7502515167695,484
55760000,141.0177188674655,297.6576071390164,484
55765000,174.05908641970137,227.0273814598872,484
55770000,161.47693829246774,253.6558692131725,484
55775000,157.67956143307606,230.4338360245312,484
55780000,167.2577097846146,285.21930647957066,484
55785000,227.9425630989502,276.3734742275302,484
55790000,173.75111785667605,360.8799913195631,484
55795000,198.96666149645358,277.036541693755,484
55800000,206.16442176290303,316.70418923886143,484
55805000,203.56151037958014,291.2674882220744,484
55810000,200.8134312461465,356.84130922372026,484
55815000,163.4979926431409,422.1472866497229,484
55820000,194.37017759244858,383.1659242644752,484
55825000,186.31096934416837,320.7457762341657,484
55830000,164.66134396509747,330.51925078665084,484
55835000,166.12592766330087,264.6783607592203,484
55840000,184.50461912973148,282.4165484252907,484
55845000,182.0368238720712,242.03752867383741,484
55850000,173.5765865894217,281.71672954938106,484
55855000,164.6223458676333,315.7269394166251,484
55860000,170.54592742600997,313.0623090385809,484
55865000,188.68519649236842,290.56377054253187,484
55870000,172.0070441943523,300.41998605435447,484
55875000,175.32372492705343,238.3820222860665,484
55880000,181.5758887716417,327.63664855528543,484
55885000,187.08639070773617,233.84835382952147,484
55890000,146.36514195285696,270.1736877932205,484
55895000,202.10111401843938,292.8635977474397,484
55900000,194.82372883283628,311.6762703650709,484
55905000,174.97780065663613,381.35516143813373,484
55910000,190.2832781151012,285.7173385701148,484
55915000,172.73976009375474,316.56513296626423,484
55920000,182.34651866976355,304.7289384528365,484
55925000,157.66648974560155,293.38662536941354,484
55930000,146.950998459169,311.7534247029375,484
55935000,156.43478447431573,304.83570918381486,484
55940000,156.84156008649262,283.5150540634924,484
55945000,167.75559399221441,382.76750760841867,484
55950000,211.27716688992197,306.2843903939674,484
55955000,148.26060356874322,290.3938140262718,484
55960000,171.99283001829235,307.11993032013066,484
55965000,186.81731736036528,258.7440126477193,484
55970000,154.19560991228394,295.953412049463,484
55975000,175.25971431111225,288.6310184485397,484
55980000,166.01906671559084,330.8553927263482,484
55985000,137.71900751586298,308.3301246595404,484
55990000,166.71940556632592,266.11454380729754,484
55995000,134.04205964202225,294.8076008714851,484
56000000,185.24210823137923,334.7085366366847,484
56005000,162.9907293887954,293.2118163514224,484
56010000,180.33636739789935,255.14021790369918,484
56015000,172.7857818614641,289.19637897967533,484
56020000,180.4532406697328,266.78362878931864,484
56025000,207.58333514209596,316.2981921664474,484
56030000,192.29692750304667,343.55380588266786,484
56035000,187.6622430280685,282.55678968679706,484
56040000,173.5888786388818,334.15551582825066,484
56045000,195.6275349443591,357.9128843035681,484
56050000,187.1656808828956,338.84132496257746,484
56055000,172.23298170706823,273.72670789652557,484
56060000,187.53282917789335,351.7849558273342,484
56065000,188.06026775260597,275.7892639471662,484
56070000,195.9452774385658,311.5794009935748,484
56075000,174.1718787975722,264.6274640631584,484
56080000,180.87968341003184,367.4388446446882,484
56085000,189.57470799784465,317.7704725245223,484
56090000,177.13681626053022,257.2930056201689,484
56095000,184.82911070454446,310.7932783295635,484
56100000,168.91671257002835,273.8701897811302,484
56105000,211.4779402691622,254.74056348372847,484
56110000,187.08868037833474,265.97716492294785,484
56115000,173.8662320566511,317.6636033803004,484
56120000,209.37729251753973,273.54284031277075,484
56125000,185.81682582299453,268.63433331633155,484
56130000,148.05745745855657,333.7894266128322,484
56135000,197.8389703930775,303.00223612933223,484
56140000,164.4803626260519,354.2121662038801,484
56145000,133.3763959235041,311.3757962688759,484
56150000,196.73057495069327,284.49115688562415,484
56155000,169.79842637380824,266.99502298480684,484
56160000,163.52438244768197,321.63070029497453,484
56165000,167.57614634246934,276.1650657182109,484
56170000,165.36725836002046,337.2731044510168,484
56175000,179.52792269069238,347.76009195778283,484
56180000,135.86006188076766,280.72596809512817,484
56185000,161.27299536519718,292.3447947998708,484
56190000,185.27558444713821,348.8005964847897,484
56195000,173.7229193611441,275.8516488945886,484
56200000,159.42035157456218,261.30876261781737,484
56205000,159.74842850663197,251.3698139967632,484
56210000,148.87521359702689,263.4727751168034,484
56215000,175.50700435625282,264.38473460024795,484
56220000,160.10765248728669,265.89442652558904,484
56225000,196.31066746639547,271.9004750616566,484
56230000,187.13077758781765,256.28584964981,484
56235000,172.03865466591384,276.3687040077727,484
56240000,140.12828928346568,301.5762064754814,484
56245000,176.9125683507438,271.2127168356971,484
56250000,187.23161286587515,369.5164918232306,484
56255000,192.25990564880416,315.5335541617462,484
56260000,188.61098789812405,295.46204718830813,484
56265000,164.70560539973542,313.5650103604778,484
56270000,201.2301657301172,266.98091671550407,484
56275000,159.49274081793763,264.08723664601166,484
56280000,210.51698565980084,331.4424361085437,484
56285000,163.18726284457708,290.5577380503305,484
56290000,160.83073407645674,260.1576807357095,484
56295000,167.38996537366953,265.2489381490445,484
56300000,155.338744279453,376.93039098720345,484
56305000,181.68253151456798,299.1174367186163,484
56310000,195.23871420330292,278.0739564391615,484
56315000,156.97630290624193,282.46974191472407,484
56320000,171.4422429272382,318.6888888589658,484
56325000,157.5884641444023,306.69290620009366,484
56330000,177.24580725623983,270.10521048765594,484
56335000,160.1396595456497,319.44113566064317,484
56340000,196.06163699790253,285.51264037643784,484
56345000,179.74574643912717,342.04408245846764,484
56350000,182.81531059438956,293.4227731455665,484
56355000,185.98171424030045,290.70889805064803,484
56360000,149.01239400622674,336.4871165001144,484
56365000,164.4307340408845,289.7893347396874,484
56370000,166.80689426079493,294.56551185715523,484
56375000,173.7150396375375,339.92628326534447,484
56380000,195.74155261641695,301.02556773732164,484
56385000,157.68639158407834,315.0514738774816,484
56390000,173.05810696009533,288.2307086356687,484
56395000,181.9777803845326,262.60197675564007,484
56400000,159.56538772606237,296.967034200043,484
56405000,196.9845295559709,228.98351918147145,484
56410000,142.59891361282237,329.23630912975625,484
56415000,158.6825430995031,225.58394471126465,484
56420000,150.86276481129136,322.80959219899154,484
56425000,191.32069907022893,367.93310826319635,484
56430000,188.92442339595038,329.18727013572845,484
56435000,147.13309324080694,299.15999772810824,484
56440000,175.30451789321202,211.88367064322185,484
56445000,226.00658066332846,323.3421712259158,484
56450000,178.70684155682156,330.92838749071325,484
56455000,196.74541980474902,308.7917624518383,484
56460000,172.11728952135735,306.46530444453896,484
56465000,132.57152334022976,331.69280534224185,484
56470000,163.5144076047286,266.1678910235173,484
56475000,169.51612713667774,284.5239262526444,484
56480000,162.94100788274878,310.55343635909907,484
56485000,192.23560012833937,330.3131478970089,484
56490000,167.35263203648066,299.6378704933368,484
56495000,198.1309639189846,318.6684359779025,484
56500000,166.86799116078043,276.4018025983558,484
56505000,154.06387799833033,323.76318676009555,484
56510000,202.8497847102287,306.97034977489164,484
56515000,212.68693433731622,292.4131287075154,484
56520000,166.25137301424468,317.8859083903118,484
56525000,180.09824888273695,223.68049984434776,484
56530000,179.59355840148072,235.63410497424618,484
56535000,168.8508521817024,250.44388471720447,484
56540000,151.66266862648223,293.3107006835979,484
56545000,181.0422487117803,301.64861523903215,484
56550000,181.82996261591134,332.51224363392134,484
56555000,129.52962246029222,248.40875962733665,484
56560000,204.42709975893447,235.2197516520374,484
56565000,170.63617354807363,245.92778780131323,484
56570000,185.47464510258175,304.38362641914756,484
56575000,184.3284379731115,322.1725909470043,484
56580000,159.97925986135849,271.86677874948913,484
56585000,190.68276081968258,322.1926998651342,484
56590000,153.71379583764264,304.40743713274964,484
56595000,147.13949497418437,248.53707315296995,484
56600000,147.69810470228825,299.7386927933606,484
56605000,143.9255672323225,271.5350844934585,484
56610000,223.06495697414923,337.7007224520868,484
56615000,195.5791800174761,337.14380087196884,484
56620000,173.59219342740232,304.60969894754163,484
56625000,189.62842925628772,288.55546755670196,484
56630000,171.49323298724823,319.5193579164696,484
56635000,174.2906496811937,322.7518171418985,484
56640000,177.51982542462764,268.0287322589406,484
56645000,149.53857658617312,330.7588414392525,484
56650000,167.95612131844103,320.3962017654182,484
56655000,183.1851476588825,258.20051056510385,484
56660000,158.82294288047376,271.5020373460467,484
56665000,210.14710175313633,306.9419698246352,484
56670000,195.6742181151556,342.020049543363,484
56675000,203.98002125946505,295.21528900660013,484
56680000,179.39591781206678,340.63899179630494,484
56685000,144.88488078663886,245.78228370025138,484
56690000,229.34530583667896,298.1079565370638,484
56695000,171.5212832693735,290.38353531547267,484
56700000,197.34714184754273,236.20726471217114,484
56705000,190.96730411687918,382.3045382630662,484
56710000,181.8006623222174,343.0001954919722,484
56715000,202.8191999813161,301.07029756892246,484
56720000,142.07758311849653,261.2321234043077,484
56725000,210.84222836088009,359.7651629982186,484
56730000,128.6406410508909,221.4482218531993,484
56735000,182.52167295152609,301.52366173710254,484
56740000,204.39436025522647,357.4149123951466,484
56745000,165.11044750327005,321.3126692320522,484
56750000,201.48740276840013,321.6394018625736,484
56755000,168.23486194331866,235.6450405631837,484
56760000,164.18180534021093,318.9404837700237,484
56765000,140.3258724479776,298.5162600342119,484
56770000,154.77553290414033,290.1440236098848,484
56775000,148.90432724326251,329.80362000009393,484
56780000,202.0721264076492,322.6470310107863,484
56785000,178.38117551274314,344.9658708426913,484
56790000,191.18058285304167,321.7575955553568,484
56795000,157.48232412211837,333.46250670642604,484
56800000,197.20042201685158,333.4768092034828,484
56805000,170.17065020006558,284.1682235214835,484
56810000,208.15670067141284,308.41010273808206,484
56815000,187.61955238775136,264.26030367216816,484
56820000,168.2683960964049,322.6645190238259,484
56825000,146.8854486138995,281.69200725246935,484
56830000,179.2731389716388,288.77573418724387,484
56835000,146.21658707147427,262.0122227631547,484
56840000,218.20195438170865,327.40170716790124,484
56845000,201.4791597704985,279.0883980930144,484
56850000,159.7745091728234,311.2244015623203,484
56855000,157.6160400323829,283.19690417825245,484
56860000,179.9528672067259,377.6581839846161,484
56865000,161.93101624884724,310.626281908009,484
56870000,163.01611757287722,370.54502445676593,484
56875000,187.5983887802571,329.6863393246729,484
56880000,177.8767550060153,232.44101780905396,484
56885000,193.0386772422177,329.9313729811426,484
56890000,158.11280141914128,322.95749325301335,484
56895000,223.19567231024337,312.24579735170204,484
56900000,147.03382373517815,291.0584122873269,484
56905000,182.48527561877864,274.1447647878002,484
56910000,173.06397640984716,281.07050498013535,484
56915000,192.2020842349221,295.48161095590046,484
56920000,175.64359939615292,329.041801046712,484
56925000,179.77038102114187,309.95702192782085,484
56930000,153.38940950906,314.5267037733917,484
56935000,178.9689405028652,275.166342836374,484
56940000,157.01722430021238,327.1513003582759,484
56945000,189.99093758127768,280.4796332320225,484
56950000,159.471473006895,300.37395705354504,484
56955000,163.42963475682214,283.58188661680197,484
56960000,165.57304281734875,289.65240820853984,484
56965000,198.11062907756812,273.62234616505435,484
56970000,197.78291773902063,288.6208037232805,484
56975000,186.26768982304313,338.2189850453594,484
56980000,223.85645904279085,335.2268139535974,484
56985000,167.6021933933809,339.83283571416587,484
56990000,193.14318709657795,348.52864142564766,484
56995000,166.47242268847242,238.09906270226062,484
57000000,159.36980898935693,351.4447619040114,484
57005000,191.11005944087685,276.22995246510754,484
57010000,135.8951035472943,280.8929437575126,484
57015000,179.30620252058569,344.25225731731416,484
57020000,194.86384288393472,228.87497070440836,484
57025000,181.99009215894318,330.9728324815365,484
57030000,231.16567381651657,335.88497841810744,484
57035000,167.95056386507142,309.9193800923396,484
57040000,184.1901180461905,324.4517377144393,484
57045000,174.91072840864558,315.85243437956564,484
57050000,140.1208582304917,302.1944502291064,484
57055000,172.26605336272124,283.56306722105836,484
57060000,187.76408654506764,301.02225792223965,484
57065000,188.55091570605083,249.34998372806712,484
57070000,180.6042754931663,306.4273638716892,484
57075000,137.9771286044153,319.43393534259667,484
57080000,172.22339139066798,315.24043668875316,484
57085000,188.10913628459522,320.0580688304983,484
57090000,161.41058312726773,242.0308482144203,484
57095000,185.28040358520286,312.7233170686695,484
57100000,154.9320176296972,238.51495620612934,484
57105000,175.89421139972612,352.6974854446877,484
57110000,181.15180168653688,269.49495934128714,484
57115000,153.1693733534832,210.95339259339633,484
57120000,186.50234257741073,321.89767751130825,484
57125000,179.23379877330927,313.20706508986456,484
57130000,183.42524718314303,206.40099894029137,484
57135000,192.66650138681618,298.03527733998493,484
57140000,178.64849835286753,290.9095630832716,484
57145000,191.6463531073847,309.13121688115615,484
57150000,164.92258776691727,322.3128291332149,484
57155000,183.9384263157941,271.0392553266146,484
57160000,147.2950782796674,302.3352175801258,484
57165000,166.3378205969065,235.53908977834422,484
57170000,187.86828196303082,309.34218036469355,484
57175000,167.58901640639868,298.70944519433186,484
57180000,177.0749365767263,266.8619997630132,484
57185000,179.95851398971476,348.9354122236895,484
57190000,153.06595572249793,282.15585983230284,484
57195000,179.15177474403762,250.72227513787305,484
57200000,177.34607690450386,269.9358966697147,484
57205000,201.1284742688384,287.45088033622994,484
57210000,225.91653083679793,290.11884491580963,484
57215000,163.37846660976055,302.7915240061181,484
57220000,192.87332990802852,325.2347487041573,484
57225000,159.27966324124202,328.63198215004587,484
57230000,194.47052492410498,280.00352797661037,484
57235000,185.20697863490403,324.7536250109741,484
57240000,184.97404669592987,347.1712763712766,484
57245000,193.40102341200222,341.80310621651137,484
57250000,170.26013520169766,265.3329288085599,484
57255000,180.63836801309864,272.6560887375856,484
57260000,223.0077683478782,331.16113610994745,484
57265000,183.64340012805533,291.39948609847164,484
57270000,193.90519835829878,286.294966380833,484
57275000,150.91954352309307,318.4629753928227,484
57280000,152.87085197421865,332.3038893102097,484
57285000,204.91358981440487,315.38328815448773,484
57290000,195.3683483746451,317.9097190898754,484
57295000,185.3028936710732,305.81630303401073,484
57300000,195.35616579257675,286.704588222415,484
57305000,191.32437072316668,330.8464184702375,484
57310000,189.09054257624476,323.196219931828,484
57315000,181.30489968030707,274.1289877444098,484
57320000,174.63958512778538,310.1304067754464,484
57325000,197.0017904932702,260.586709403227,484
57330000,192.7635726890991,303.7632829355107,484
57335000,173.20818417657333,327.8556394672378,484
57340000,197.4525854978183,375.56630232329843,484
57345000,152.83062313933993,326.9888334298337,484
57350000,167.15804690284182,253.96948471010984,484
57355000,152.5974668700956,292.98501280904594,484
57360000,199.56327308215796,306.20271151363664,484
57365000,190.54629550670464,293.25141661149564,484
57370000,160.96918914468534,284.805170704243,484
57375000,153.73881431466572,269.1496231491737,484
57380000,199.91759070288686,349.07693355294185,484
57385000,190.98080688263232,333.17687684228173,484
57390000,204.7833152068971,309.66176817637347,484
57395000,216.07013379548428,297.9355467222539,484
57400000,223.96139644744008,328.5379197376577,484
57405000,190.9422421074711,254.16536580117332,484
57410000,167.2775433233732,317.6082849627651,484
57415000,201.09916128944198,276.92572418759477,484
57420000,146.41433910580233,216.09636406277372,484
57425000,172.71731668971503,375.170961124438,484
57430000,173.8081175002869,265.410421948543,484
57435000,184.7715070765419,260.563293838102,484
57440000,188.39221976625572,330.3264284004198,484
57445000,173.39130267579552,321.09436428271965,484
57450000,178.55053955836013,379.5455141649427,484
57455000,178.8399082384494,235.75219660957634,484
57460000,150.47318214779156,302.5222505104366,484
57465000,190.95039828693982,359.53983419224136,484
57470000,203.86611791504728,278.28938400047633,484
57475000,134.63368039130663,253.28459166878764,484
57480000,148.42826380309035,257.71452971209305,484
57485000,161.44262100968714,308.68750114886586,484
57490000,240.90057166887445,323.7944128271439,484
57495000,173.3085035052998,277.27193307019684,484
57500000,171.08517114404938,362.57304956862924,484
57505000,152.00068081050958,244.53971310958588,484
57510000,172.00722056703796,286.4123278179826,484
57515000,156.34935416511243,309.06420553080886,484
57520000,172.62366562852722,223.77318898242075,484
57525000,139.04306384594648,282.98173206618327,484
57530000,191.93704903961327,311.36435014823303,484
57535000,151.94332727685244,331.0196587220477,484
57540000,201.69523230135331,343.5959108414896,484
57545000,130.10518438839992,334.4910823913712,484
57550000,180.98862862507508,246.43061076105263,484
57555000,164.24893997392707,303.26825340730716,484
57560000,176.42159851459334,339.39846446135596,484
57565000,161.0369877314124,276.3107772108698,484
57570000,228.00369355180467,360.13988054661235,484
57575000,161.49075917887188,360.3626033318684,484
57580000,172.2585972693584,300.62861226539104,484
57585000,183.0556361187925,254.0466633410387,484
57590000,208.2769946401429,307.6783413115136,484
57595000,183.4530221209885,313.9546446355423,484
57600000,157.42420670396504,288.4795044799693,484
57605000,176.14996356531842,368.0623379853414,484
57610000,185.83453389097954,287.2632912374878,484
57615000,219.6918402822216,269.26673126103344,484
57620000,166.3559934454212,318.4613774737136,484
57625000,194.507329312269,353.14467576658285,484
57630000,145.36690451338995,313.6950325778657,484
57635000,141.12355444780218,271.42967602919026,484
57640000,175.8682406273481,341.52122674088383,484
57645000,186.23239031859208,310.55467613468784,484
57650000,164.11946175704514,271.38242491074686,484
57655000,174.21593052900764,315.81239862492725,484
57660000,180.25362784834394,318.19063855567936,484
57665000,194.56443064781683,222.04041468939326,484
57670000,166.901263189454,318.98878526101447,484
57675000,188.40229855188426,351.8957416408053,484
57680000,194.76249692622946,298.94785491457094,484
57685000,168.85199791860757,272.0213468039485,484
57690000,176.80500671076092,311.0848021888899,484
57695000,196.5770722343971,272.6650903006236,484
57700000,178.50615746680938,294.8002564053315,484
57705000,212.88049223368893,273.7309675837353,484
57710000,165.26372818905043,293.00790207885103,484
57715000,154.73944292444293,235.89783133341015,484
57720000,180.80454087654144,297.815111918677,484
57725000,208.0578962739997,269.00849309395403,484
57730000,182.2921589780237,310.35231935538724,484
57735000,168.91655757319865,262.01319567791774,484
57740000,184.28384221708217,241.8092837807271,484
57745000,231.69068698815894,314.8014812823056,484
57750000,186.33843030464408,318.32795425172424,484
57755000,151.65748929169018,291.007146586528,484
57760000,198.52502597509655,347.4093192630021,484
57765000,201.01081263018196,310.06593310207245,484
57770000,170.69044359685304,276.7607646921432,484
57775000,163.59277450035913,312.6100493624572,484
57780000,157.2426239284684,300.1192034468325,484
57785000,184.19840521773878,280.9593776897831,484
57790000,189.5198779221366,261.12462393225707,484
57795000,199.26364001190126,265.3819153489115,484
57800000,138.51558358795234,309.85946905810204,484
57805000,193.98268573052303,351.36735269342046,484
57810000,161.4750595117847,282.5909963227625,484
57815000,175.38607405661017,309.24306721420743,484
57820000,144.37249833675375,276.5823720163741,484
57825000,176.33757925943138,297.5474538720174,484
57830000,160.19494067724835,309.50091233754335,484
57835000,172.7167930277414,339.3114771976783,484
57840000,202.65366537539285,264.5402908855857,484
57845000,207.84418104336166,265.1119707548042,484
57850000,190.84972884049932,290.1633505898444,484
57855000,158.53908313480832,298.49404433934257,484
57860000,173.00127544651735,282.180604067024,484
57865000,163.82567472856553,304.38848994967833,484
57870000,172.81516853637447,339.3759388660003,484
57875000,156.10294410563628,308.24525427091754,484
57880000,225.25510210865735,306.2404826005109,484
57885000,154.73638348162052,322.6291113464853,484
57890000,189.589871561819,352.0655803222385,484
57895000,147.14411347270146,261.8782945794763,484
57900000,201.90623312159838,343.0985203365183,484
57905000,174.9319900874911,316.51157827178173,484
57910000,183.14269217979674,284.3628279098787,484
57915000,176.85215140421477,332.78822230413783,484
57920000,189.04962721564914,291.4736680788046,484
57925000,182.44358228081595,277.13259911514876,484
57930000,161.89904045966279,370.76237516388164,484
57935000,169.30793972605244,300.5472146662026,484
57940000,192.6699924806065,264.0169939560272,484
57945000,177.97839176916875,345.00189063913245,484
57950000,199.1208753441288,295.8851837343534,484
57955000,181.72377740941664,297.41314273580787,484
57960000,177.8500332231102,297.8286504671106,484
57965000,192.15820717143325,287.1212685361127,484
57970000,213.064110378745,251.28719949959893,484
57975000,211.20652110931024,348.4270370577303,484
57980000,169.5710266003251,316.8837796933793,484
57985000,129.9471057403681,330.50251356765705,484
57990000,203.37282131082725,250.13684988986822,484
57995000,210.41072483074657,269.34778962613785,484
58000000,158.38275746031957,235.12019290531768,484
58005000,184.36701993544852,244.95889556630675,484
58010000,172.07472881004213,307.0544557988358,484
58015000,198.34110170770583,287.921996300709,484
58020000,191.55619865732254,313.9999196492919,484
58025000,167.58247073045845,298.640226467469,484
58030000,161.18916136165595,318.75107906476336,484
58035000,178.49806523300182,249.3969430281367,484
58040000,181.35131103197847,349.67496109399707,484
58045000,193.79220341252554,332.09780278536596,484
58050000,164.0732398450051,284.1378287416296,484
58055000,153.97346380254237,250.67835698209345,484
58060000,181.89823078974868,339.59283182675085,484
58065000,163.37497441582713,292.26302132871473,484
58070000,236.44754345859823,335.6091471879779,484
58075000,222.91014936928815,274.7100863479892,484
58080000,178.3462922357852,314.5617018605021,484
58085000,170.49327009138426,246.49319861316283,484
58090000,209.81283809559892,292.0482494859675,484
58095000,188.4031015643296,279.3177441157096,484
58100000,168.86127361158745,331.31787822956426,484
58105000,182.13161468359246,411.9605873225901,484
58110000,147.8592900370394,295.76554707838517,484
58115000,165.30429158857572,326.88718231413446,484
58120000,189.09361992063614,258.6707452968593,484
58125000,191.56439820974416,359.0253427970602,484
58130000,176.77102407286958,330.4707645264228,484
58135000,162.6604331982147,305.42358809758946,484
58140000,209.2966854805401,381.41090500843967,484
58145000,218.63897305409498,265.84854535216573,484
58150000,190.3273677145359,261.7072562835357,484
58155000,158.78947934908936,253.90160667984364,484
58160000,172.56895675022372,257.8657290583552,484
58165000,169.55548648212405,237.08713193160204,484
58170000,172.4705477770274,248.19384637183,484
58175000,158.64119919823207,366.6244870790809,484
58180000,162.21250779071482,300.82312245286556,484
58185000,208.45711776879676,329.6525186300546,484
58190000,193.36011226329086,274.0113273278965,484
58195000,165.57129766481432,333.39910764957136,484
58200000,146.75511301043971,300.6278834158414,484
58205000,187.852100758398,325.07488911673505,484
58210000,209.51248776175356,347.7049786944883,484
58215000,160.25157201029148,280.9938456278436,484
58220000,151.4757184543796,295.08091622124545,484
58225000,148.781005882579,270.9988075655359,484
58230000,151.22504230098008,281.8035012042041,484
58235000,161.82042598238513,395.4997206073524,484
58240000,190.9648956496131,250.33180927790204,484
58245000,154.04959966751028,274.1142021313464,484
58250000,184.9114090925944,274.9333817522158,484
58255000,181.37352502825118,274.1072944357202,484
58260000,211.70954811346513,349.6954138798067,484
58265000,191.53742398631044,262.23343019573707,484
58270000,159.4629977197838,315.9496208977542,484
58275000,212.32170382526175,295.92379060271855,484
58280000,181.16424596861407,344.31587840312716,484
58285000,171.1203883616473,274.33642972886344,484
58290000,193.86278874440745,274.95821035741744,484
58295000,169.5263029404745,371.8095687447652,484
58300000,186.36368816284352,267.84108439385085,484
58305000,146.30298119153346,276.0643172377478,484
58310000,174.933972180295,336.9856441021461,484
58315000,212.16588403967816,260.9674180226588,484
58320000,140.98469200173602,287.1291313370342,484
58325000,157.2094728431992,294.35765409870714,484
58330000,179.96186458804175,303.2843010920705,484
58335000,171.49037079091664,310.36414588088553,484
58340000,216.39631425249982,287.9051332472112,484
58345000,193.32276031139855,274.93657359030004,484
58350000,164.60754039696755,342.3713028070274,484
58355000,183.53723657440077,284.3303909888195,484
58360000,187.7866593391606,282.48460145012916,484
58365000,185.39580788653552,366.01085721465,484
58370000,168.12327783921918,298.48980615034236,484
58375000,148.98501659954815,288.67385627424085,484
58380000,166.86351792626428,305.25260936298974,484
58385000,156.393279806031,332.70546690679754,484
58390000,155.6041726262986,290.3715107098269,484
58395000,159.89802656134134,315.6069539828071,484
58400000,178.2612379140644,282.0364174893427,484
58405000,154.0013392030879,325.20848981053035,484
58410000,160.73863015525387,323.1036156061339,484
58415000,197.22974482998453,343.839639909423,484
58420000,170.12714614246516,284.5756613013948,484
58425000,134.3569796185095,330.87756968242786,484
58430000,214.8522830309737,286.0082271873579,484
58435000,192.5884533518456,328.9904620078476,484
58440000,195.48710234293426,296.52652582258645,484
58445000,176.89946113585924,369.9248242395056,484
58450000,187.27319662435337,310.2158451202579,484
58455000,174.02699151943094,321.0111757575567,484
58460000,167.8420856914585,247.15294809107803,484
58465000,147.9299352308678,262.1938990470109,484
58470000,146.02932300576202,310.7265003701329,484
58475000,185.73914871368456,269.33195331026405,484
58480000,192.18460719357742,265.4410971347976,484
58485000,130.10964762442853,306.8672313797248,484
58490000,170.17326931403622,311.1327713848025,484
58495000,181.58073502578287,322.30324471567803,484
58500000,194.3096243378253,286.7277458110791,484
58505000,177.66117879759216,352.4667095243423,484
58510000,135.01928207102415,298.46729106677174,484
58515000,194.79723459796972,306.88941400380696,484
58520000,163.45271875717992,251.54400996086645,484
58525000,203.46832344414747,257.63428132913106,484
58530000,163.80444369224992,336.34048587580816,484
58535000,186.78606883826893,286.3376107737734,484
58540000,182.27301297202507,275.75669681073356,484
58545000,162.5410391537646,270.3413309806952,484
58550000,174.83163476076152,274.73707237451015,484
58555000,172.4175694407334,288.63629976452614,484
58560000,165.75355174938414,264.9175149067327,484
58565000,176.0651613595289,261.25951600346355,484
58570000,190.1768840162261,314.2383967011249,484
58575000,183.71864044955888,360.2363894202793,484
58580000,149.18679640919282,325.85516649051704,484
58585000,164.63377697097752,315.7034209863258,484
58590000,176.50634551861478,288.5336322191984,484
58595000,183.705002652988,257.73351639428495,484
58600000,172.1246053209042,335.15605704555804,484
58605000,173.12764942471915,239.28913408128588,484
58610000,157.61180276744574,289.94747846827886,484
58615000,163.72092771472006,271.57934455830605,484
58620000,166.95671294010458,259.0426487298889,484
58625000,167.75696280500455,346.37291841854983,484
58630000,166.04564794935786,283.82022220139766,484
58635000,158.0253781420566,298.6182403887182,484
58640000,154.60565614989048,279.0594798361123,484
58645000,221.84410284441722,320.21404698891547,484
58650000,169.87574818638504,272.971366663047,484
58655000,189.40310499990872,272.2967508613742,484
58660000,199.73748633027932,273.6539323771272,484
58665000,168.77348759287548,303.13757779596546,484
58670000,173.7489746971582,266.2079242460899,484
58675000,181.44552295136816,297.9041737121412,484
58680000,172.34785554665365,219.60328704835547,484
58685000,170.1712047105205,317.76610296896285,484
58690000,143.84630687160157,249.92195903648772,484
58695000,151.4885105921138,280.201979265507,484
58700000,139.68278097661192,359.3219457690751,484
58705000,176.34498248198588,324.086155517603,484
58710000,200.04590464774935,311.92388443698843,484
58715000,182.554434581006,341.4136030005088,484
58720000,182.72260167564787,322.25740517895997,484
58725000,188.3454786540019,383.7434755366454,484
58730000,188.55385378674598,277.6352973478001,484
58735000,183.53117436125416,260.0097657821508,484
58740000,185.37650997458493,431.57906201906246,484
58745000,201.543711862374,300.6194196339056,484
58750000,158.78642772271763,323.4994097291609,484
58755000,180.4439813972338,287.011458434135,484
58760000,189.30666065736574,357.16722002620685,484
58765000,174.5933145940301,239.89376529031568,484
58770000,180.02148092242507,346.20686014678796,484
58775000,157.3772714859485,276.7104849231729,484
58780000,165.75540988086698,300.5524148091252,484
58785000,182.85519766042972,332.395873419295,484
58790000,165.01088224832293,288.5681294892127,484
58795000,202.0420552527715,346.4465990203259,484
58800000,180.8593528905826,288.48651578958857,484
58805000,176.94256628144444,314.3380688051314,484
58810000,134.78876974386583,275.2388745637337,484
58815000,223.68344296246866,300.3669335630429,484
58820000,150.3766014875423,292.4306534821333,484
58825000,182.7878355248455,291.4762893845398,484
58830000,188.85828555539842,277.6024681401591,484
58835000,150.52277933092012,281.91174381655975,484
58840000,202.49285296725958,281.79511589527345,484
58845000,178.1069099303211,325.4961342363296,484
58850000,147.07520829467782,281.21442745260254,484
58855000,183.87833119819865,274.0586784612823,484
58860000,138.13819319497975,330.10835486943256,484
58865000,181.39450849617964,322.95601131573784,484
58870000,166.07583604279785,298.67063678097753,484
58875000,184.4990062032312,265.8857512835605,484
58880000,163.7785167021891,280.79959132496816,484
58885000,155.01598596582272,303.6203946366256,484
58890000,175.05519482684605,341.40597125379963,484
58895000,182.3355429643913,277.3502871675115,484
58900000,160.169898163136,249.7513852973444,484
58905000,211.69660140472334,356.15881503498053,484
58910000,159.04622707757594,324.3329401324001,484
58915000,153.68321886185453,276.94311928540515,484
58920000,188.6494042817128,335.3210484341939,484
58925000,185.65102318687084,281.2327480158321,484
58930000,191.0367475245487,321.7734238361186,484
58935000,177.82777449651286,359.03287954476593,484
58940000,193.43066262476486,319.1004712916559,484
58945000,176.598548357314,313.500943154916,484
58950000,179.5579049157663,362.5566512789424,484
58955000,175.7613407554306,327.126911149289,484
58960000,181.54343435523805,308.6551056564565,484
58965000,163.39338785717274,296.1815800199103,484
58970000,158.64725229911997,314.70372788183687,484
58975000,193.7193163978164,340.82006805982707,484
58980000,206.65506990544353,293.604425647578,484
58985000,169.6380133282025,355.75761824819784,484
58990000,168.50680896764422,234.85690307510998,484
58995000,177.08396450235574,404.87604176129787,484
59000000,151.83187391197018,279.30300275460746,484
59005000,159.21311388122623,258.6812419911226,484
59010000,166.10291558681106,281.8785779156937,484
59015000,162.9686622478638,308.0624847863656,484
59020000,199.5961050053351,298.68873854095256,484
59025000,182.24315234053137,296.0181173335906,484
59030000,191.4939555358573,288.67587879506704,484
59035000,168.49016909234183,344.84755036317944,484
59040000,195.07996148091638,268.53382847669025,484
59045000,224.20226345572732,313.9575443952497,484
59050000,188.39523591648413,327.12079542440614,484
59055000,176.62467797822322,306.7346046394943,484
59060000,201.54103283078013,339.8381174601564,484
59065000,170.8057254583354,396.37116973909235,484
59070000,215.32916819830592,298.48425122077026,484
59075000,174.03972039091792,338.340836157041,484
59080000,166.67354195626461,297.1599162389139,484
59085000,151.5132448140624,412.0794753412812,484
59090000,203.03986668875078,375.0002079719253,484
59095000,208.85729234559332,420.30449282401895,484
59100000,148.0890395153464,291.0778110377881,484
59105000,243.22789425941775,308.31258325569695,484
59110000,195.51404719765398,303.2101131871465,484
59115000,161.48833709983043,270.0949257235024,484
59120000,191.66808025910186,304.861811951207,484
59125000,179.40112784824154,341.1199174082398,484
59130000,169.09905790495813,320.12157189989034,484
59135000,147.65187890739398,237.08444798755997,484
59140000,152.20744286728527,289.11818615777815,484
59145000,185.2744390660356,407.11427308135643,484
59150000,170.74833577716015,354.4098684638576,484
59155000,169.96997129700048,262.46100068189423,484
59160000,152.13561925024732,263.85683491106073,484
59165000,202.37936507051765,341.21295513579497,484
59170000,176.53549356024206,297.54922548955005,484
59175000,167.98906517005088,302.7707736604562,484
59180000,179.2347976189926,327.4454974832392,484
59185000,143.5180107282093,306.73929667487704,484
59190000,189.4316345419495,288.3826112498656,484
59195000,181.38701934955117,306.12244159298626,484
59200000,164.6159117645869,278.5941764226397,484
59205000,147.4485599575382,252.87238422372582,484
59210000,185.98976462650035,329.3748022591627,484
59215000,165.38850979678665,260.4839590545059,484
59220000,176.5372631640741,279.81777001325247,484
59225000,145.2662442940052,282.99581961070567,484
59230000,163.2591614816958,265.02408487969245,484
59235000,130.4297385173386,304.1307334853794,484
59240000,176.71378607596515,345.29206563939437,484
59245000,214.28789151388392,359.2167390707044,484
59250000,174.01421176213842,298.91847305542893,484
59255000,132.6736633000925,321.2997544955097,484
59260000,157.30556099269904,276.2417328754288,484
59265000,134.4076289605606,373.59703854495865,484
59270000,194.69822461115663,300.55358988983164,484
59275000,163.25882160913332,275.59146354981635,484
59280000,156.21466546203033,262.98219940736993,484
59285000,170.83021277886223,233.85158738168104,484
59290000,186.97284059682704,268.3410466480564,484
59295000,172.40324758044633,348.3407094279506,484
59300000,179.8199115823932,255.17716495696402,484
59305000,221.4297922379861,277.9065116830558,484
59310000,164.3962439359404,302.91777494028275,484
59315000,175.44516997819903,297.3291176586818,484
59320000,153.83542563663772,268.9415956498114,484
59325000,185.31612584502906,297.2169926143622,484
59330000,152.33686416593858,290.6915505130131,484
59335000,152.74717408987442,324.7999412526039,484
59340000,171.33633923103795,278.1534000237236,484
59345000,186.94554280085566,277.2244367127968,484
59350000,173.43343269124122,306.9005285089164,484
59355000,177.22347854473688,253.22065602987598,484
59360000,148.75488639281343,330.92074716686227,484
59365000,158.43500254944485,299.56655429545026,484
59370000,198.211238346335,326.51233342437376,484
59375000,195.47117555553774,284.73740886048085,484
59380000,147.8830463777911,372.9407093392997,484
59385000,151.8346311846529,311.26200349210603,484
59390000,157.97873960034264,302.01084152628573,484
59395000,162.42671587881628,259.3622501728183,484
59400000,227.95090695996032,297.80172057634576,484
59405000,179.2035380615924,282.91535552582155,484
59410000,215.0644887762344,365.9521887415018,484
59415000,176.59773053979436,343.8092113942181,484
59420000,206.4319379555089,276.6819106305861,484
59425000,167.0532254456063,233.65390274493515,484
59430000,211.08644535519332,308.0113502778056,484
59435000,171.3154333975825,284.1456979031239,484
59440000,163.39542340144843,370.96998304935676,484
59445000,214.03339748395987,310.55253660449137,484
59450000,186.62860300708832,373.64458781693025,484
59455000,176.70839293775896,224.28321400373693,484
59460000,164.94962043641968,307.6549057844051,484
59465000,153.69758110838728,314.97656802240766,484
59470000,207.07450198550407,252.4208447592314,484
59475000,215.650606937549,325.05012336173394,484
59480000,183.77895823078507,285.1014797987875,484
59485000,141.8362697662034,299.3222310257547,484
59490000,211.7205408808994,306.03400648622244,484
59495000,166.34110949914273,269.4784715459264,484
59500000,132.80015631050284,305.85849852286134,484
59505000,159.5736085495483,357.8372118037472,484
59510000,214.39668272981086,334.90674643831346,484
59515000,161.82154792378665,265.686477687493,484
59520000,184.19852822886062,262.91212388002566,484
59525000,156.1296129328589,294.9224099213204,484
59530000,185.92086381607982,271.98429088416077,484
59535000,205.29289244559737,292.54840554487413,484
59540000,165.27220698150975,307.28142966704746,484
59545000,179.40189227581385,269.1604231395798,484
59550000,161.7818007257706,346.59022330431156,484
59555000,142.4322959759262,253.63856052617484,484
59560000,169.14317114396695,262.04633108368864,484
59565000,186.51240364783746,295.9469257506669,484
59570000,155.89310436195714,253.84436056214128,484
59575000,161.12467192602335,265.42887391273416,484
59580000,223.29271005248833,291.1878812451668,484
59585000,206.50372710813505,309.10892671658434,484
59590000,206.25039042089253,294.29367924080265,484
59595000,170.36592951040046,360.207728309737,484
59600000,163.2146537766619,314.747768647127,484
59605000,203.6730205416054,301.4621438260002,484
59610000,148.89848086959162,311.5831215432554,484
59615000,149.23683408494097,270.2670836821663,484
59620000,162.58363779693008,321.3735575811894,484
59625000,167.92470048979453,329.39866288657254,484
59630000,169.87096169601534,270.25667324927593,484
59635000,182.68483940666738,332.3839593438396,484
59640000,172.39608922973738,307.1694600409089,484
59645000,188.11776175332952,326.50621495891,484
59650000,169.12291650091896,263.50740702868774,484
59655000,182.9969445846369,274.0054022665503,484
59660000,161.13088845147018,277.5995788365465,484
59665000,154.18423524319022,291.10422826733895,484
59670000,151.15089858535399,275.9616061442454,484
59675000,169.206628291862,312.2390175909309,484
59680000,169.99589712780764,282.6611446637338,484
59685000,214.64363029244987,257.03800646374805,484
59690000,184.95369160171128,327.4989537045813,484
59695000,203.4046594853462,271.8771183954347,484
59700000,173.78786660328518,307.7338832525053,484
59705000,168.80904188283972,314.6701948000571,484
59710000,151.85214091875858,245.42221868937085,484
59715000,174.9135682829259,311.87644676654566,484
59720000,163.8745832791807,402.5043788365696,484
59725000,197.83394626227044,258.5167979110463,484
59730000,192.95697710867964,318.43070654273754,484
59735000,159.94585255192217,280.9153532346454,484
59740000,172.69155014991296,278.69035164081504,484
59745000,187.05098212161016,272.67110956657456,484
59750000,126.2045474786853,229.0437761819586,484
59755000,196.72426659053667,316.8047784940987,484
59760000,172.09980541203956,378.42503746141824,484
59765000,161.83995642023058,310.28710554298783,484
59770000,203.24412697816584,278.2449556598398,484
59775000,200.3587021107698,337.03765449621085,484
59780000,193.0373948063048,269.67389061729637,484
59785000,196.11260384450813,317.59902233593834,484
59790000,182.76000830805452,361.9319352047796,484
59795000,165.4321378388395,311.9122391009308,484
59800000,165.67444354047325,260.0556705772933,484
59805000,201.1049063674504,308.9508634498797,484
59810000,169.72414565952764,286.07961900605915,484
59815000,162.04986536153942,259.39137528226047,484
59820000,181.5345839694885,309.7997327283888,484
59825000,155.31712403390253,292.298476119627,484
59830000,154.26355121243262,313.9969125044735,484
59835000,125.45338539643706,252.1229358315083,484
59840000,187.16034239727372,289.3921014520176,484
59845000,184.89733795213107,279.92907053628437,484
59850000,152.14186630248852,281.97319515766355,484
59855000,180.76682796886956,365.705517685109,484
59860000,188.46918365235112,288.22693564486246,484
59865000,150.027283319531,276.4166637664915,484
59870000,218.35978891336242,294.975257690502,484
59875000,168.25147899794644,302.53683738756297,484
59880000,164.29115029371113,279.91102224585575,484
59885000,159.04638565504732,324.0883720441374,484
59890000,199.6438550891006,283.78389853147047,484
59895000,178.03901573831226,346.99437592072803,484
59900000,144.65746070658562,301.55929152874785,484
59905000,202.5826915609358,268.71676955660735,484
59910000,167.05902283685117,302.5074306119548,484
59915000,142.71730575956317,306.13670628708155,484
59920000,162.32971455702187,330.2175268110561,484
59925000,171.44279215326054,339.1415948667906,484
59930000,167.6527389674825,275.5908133057244,484
59935000,171.37502984698926,265.5779378065537,484
59940000,145.21363521842966,289.24177141866465,484
59945000,163.79632871698016,342.0015440905314,484
59950000,181.2225580832986,283.0396685470179,484
59955000,157.26668418232342,255.15989979520452,484
59960000,164.72007377668217,282.30260105787454,484
59965000,183.23990006636657,282.5815700382683,484
59970000,169.36239285135096,378.60040882941183,484
59975000,164.5465315137346,305.2675078967279,484
59980000,205.70189376388066,345.6668106729062,484
59985000,214.44728074354344,310.16582436983475,484
59990000,177.39883841076832,284.6189447469693,484
59995000,172.4934722205976,336.0939339892706,484
60000000,177.91972780657306,291.89755756631564,484
60005000,163.08334099058223,287.6830200754238,484
60010000,137.6263943011932,287.31229939987446,484
60015000,178.3316419246594,343.0701388850016,484
60020000,141.879856199182,325.8009898296178,484
60025000,184.32422278290002,274.5103313720044,484
60030000,182.2610068185288,350.79216995132515,484
60035000,169.97326282178966,332.94112373010654,484
60040000,164.8856300874623,321.72696743528485,484
60045000,178.54188331612445,352.07293688894936,484
60050000,197.89789446860073,340.4560331930824,484
60055000,179.86927993801584,303.4621548396389,484
60060000,177.4710343662576,377.7243197169412,484
60065000,207.85707292953833,342.5695239459651,484
60070000,183.3012164570206,329.10723732351266,484
60075000,206.90315387975625,294.57132321148055,484
60080000,182.7133818319904,255.2331126141979,484
60085000,160.38487160795117,260.6288642721957,484
60090000,181.32014945129143,248.96355718775723,484
60095000,166.53238083317913,238.4241615196649,484
60100000,170.49731476781307,274.37600101410607,484
60105000,181.06538560517032,381.92000592120775,484
60110000,183.13513257347586,246.02137067416987,484
60115000,174.344906413358,329.3583613442523,484
60120000,174.47934862562292,269.84741426862865,484
60125000,214.89234355643993,329.6266337965093,484
60130000,185.49056460864935,323.47367558357513,484
60135000,171.66820425544208,238.06984618567512,484
60140000,168.21271879489885,277.72719109338396,484
60145000,185.71434064475062,299.66068221737686,484
60150000,203.41121761537977,353.0115299381147,484
60155000,168.48755782320833,336.48657396113805,484
60160000,168.28562572753398,250.08930693010157,484
60165000,197.92081452947338,388.8006736975258,484
60170000,203.32085179465741,355.5380265490046,484
60175000,162.16589487362572,296.361355434898,484
60180000,165.2396767630027,282.85303128850563,484
60185000,178.45390599754498,312.11058141422154,484
60190000,195.22333002018865,380.0725291149667,484
60195000,213.24370505596733,399.30524415271105,484
60200000,185.40364846169325,291.72448524913295,484
60205000,189.96149758484032,361.7452151698507,484
60210000,167.9179689103394,317.53884250740083,484
60215000,211.77854281951707,274.931620902268,484
60220000,199.0691368408781,337.2143924539442,484
60225000,179.54677791013773,241.9229217242668,484
60230000,180.08891077685618,371.0870289039281,484
60235000,165.85514749406164,323.5650470212843,484
60240000,158.3117657609026,306.702491806116,484
60245000,141.85805275644208,301.75278634933517,484
60250000,193.44707110929556,307.8918302307919,484
60255000,164.13209465119547,282.24826980937627,484
60260000,149.58663520884397,291.52245021583275,484
60265000,190.7570437030981,297.86485681128465,484
60270000,149.5065606471299,202.97272852759664,484
60275000,156.00621143544367,263.24314423002596,484
60280000,194.72329717589523,284.61681577863675,484
60285000,174.25718208986302,300.5046340884962,484
60290000,134.1608955687053,363.95671922019676,484
60295000,124.69683015603962,307.7354891060928,484
60300000,174.23116656300647,224.51885241612092,484
60305000,196.56885321401415,356.680501099215,484
60310000,196.66422599075048,309.3008443581871,484
60315000,223.45810182498542,241.40101495390007,484
60320000,181.92119121675387,265.043162739907,484
60325000,160.1824496070345,250.44555078665843,484
60330000,195.13629036295256,291.5919239480033,484
60335000,139.37180682350987,298.89245040809845,484
60340000,172.07779598152243,353.87907717417283,484
60345000,155.70389267684376,314.29437853946393,484
60350000,207.41388323556413,277.3589231517638,484
60355000,174.39609707365122,340.79508904489734,484
60360000,186.71533896301042,271.43707817502434,484
60365000,159.43209008248655,286.4635310123772,484
60370000,168.33734483592016,312.03950514809657,484
60375000,130.62494268442353,265.69868626212474,484
60380000,160.73380512944152,292.0762671702714,484
60385000,136.7212672805833,265.7617908610202,484
60390000,218.73365967601723,261.90633353234074,484
60395000,187.4259879014608,272.89388575474175,484
60400000,177.75846155450466,322.801157366714,484
60405000,179.44744301151442,355.50425539327796,484
60410000,171.7865023367593,324.2070651579631,484
60415000,177.68780609745207,359.4587258226913,484
60420000,182.27821434467916,309.3615308562977,484
60425000,186.77491241557095,297.61851753190086,484
60430000,144.3414350445114,266.199047134795,484
60435000,147.42529271231732,271.46496667304507,484
60440000,178.16844999078927,328.86764055384594,484
60445000,129.52521359755892,304.89001653475015,484
60450000,166.45526393658838,363.0320743541646,484
60455000,200.66011446277938,356.3831431435144,484
60460000,133.74879083547754,254.8333354471939,484
60465000,235.65126344927918,269.9991549180547,484
60470000,162.2946111239572,251.48301631141905,484
60475000,150.37094098929583,339.10107880333436,484
60480000,204.21741600549024,268.7688391564662,484
60485000,174.87283359791115,278.47300216981677,484
60490000,137.59576177728977,249.5988951028267,484
60495000,177.07864831594895,326.95287948238746,484
60500000,170.3971417970088,274.468679211255,484
60505000,179.91644141952256,251.5573135576624,484
60510000,204.57434360556982,343.46483018868486,484
60515000,128.6648681722806,285.5678187686269,484
60520000,200.6735884544852,249.62970780528212,484
60525000,191.62231683824808,327.4609989091331,484
60530000,147.6263212237044,344.7168535646786,484
60535000,194.25079610299474,397.9987885832144,484
60540000,144.36509709056455,339.82427874322383,484
60545000,177.99772960228114,290.0930462450703,484
60550000,188.54014569493168,281.5071226727409,484
60555000,172.3014023551177,332.231545629439,484
60560000,176.2448892751363,357.9957272323955,484
60565000,157.9266370525439,273.4767175522704,484
60570000,196.2907842648305,280.41307910004684,484
60575000,165.06625934367096,336.7626920730201,484
60580000,160.38055473589088,294.9965927043688,484
60585000,158.25767056575867,290.54490198282764,484
60590000,199.73536376775706,338.7131424145725,484
60595000,183.52044508172605,246.09746078451101,484
60600000,225.14775950236708,284.602837022008,484
60605000,142.71257171820545,261.7458583495453,484
60610000,200.56791621227953,411.50266852534025,484
60615000,170.8039055420736,247.3337641610879,484
60620000,193.76559659970755,318.45191840173163,484
60625000,181.9534366134395,319.96331692680326,484
60630000,160.08270842206463,364.7948086749208,484
60635000,205.9464965668412,279.2596421911604,484
60640000,196.97263290598056,394.32814574710216,484
60645000,195.9899701465362,284.41763911550663,484
60650000,177.90161880962975,311.66107488825617,484
60655000,144.52412245510922,256.86032265381573,484
60660000,164.13010081825502,404.606466819604,484
60665000,182.82226264829276,235.20126728986182,484
60670000,166.39677375425364,293.678800426845,484
60675000,170.89992938182942,372.8680999690087,484
60680000,171.25764075336733,335.6919217487816,484
60685000,190.99818772921336,292.6573753038864,484
60690000,138.44172766006938,264.5301928639864,484
60695000,154.18818396173373,342.4871806950134,484
60700000,197.311146951822,367.81768472138043,484
60705000,195.9811095088442,269.2449237534037,484
60710000,150.01090638839082,328.78636612599075,484
60715000,186.58379618887795,281.37808227216385,484
60720000,198.91459057208246,285.1811190084236,484
60725000,171.0162893302507,334.016194376797,484
60730000,188.86469620158925,268.75473849870224,484
60735000,163.29040658662993,277.5097086837846,484
60740000,206.5676454218421,229.05291213840044,484
60745000,157.62259327548216,305.048347974578,484
60750000,191.19544952025475,288.8293895014301,484
60755000,155.16944493721653,252.98785996676705,484
60760000,182.75016435380508,301.62219906947746,484
60765000,172.20079997452663,325.7653759720133,484
60770000,153.47949050067956,273.62183634328443,484
60775000,169.12379410339676,278.81655983865505,484
60780000,198.8990367400228,319.11024192578316,484
60785000,177.60737976138563,315.15093651446523,484
60790000,163.22934156654907,293.9587484764136,484
60795000,169.0506250753393,275.2231110923744,484
60800000,170.68973982031446,271.5600729182099,484
60805000,216.1676816824862,322.53319735892705,484
60810000,182.7959014606612,370.0370809021332,484
60815000,179.09641546096387,297.18538890233276,484
60820000,174.76336247335004,345.89881676902354,484
60825000,168.4019647765485,296.25654003682655,484
60830000,174.61474851108147,327.890773265848,484
60835000,181.7652407413119,329.8460649239127,484
60840000,166.29610032187185,327.8288960061502,484
60845000,166.84855898705155,306.5034643020766,484
60850000,180.0991770264692,316.3777284756737,484
60855000,177.06949713089134,303.5101898779759,484
60860000,168.1824659088108,339.3943598622222,484
60865000,149.50276583874503,279.8252701885574,484
60870000,199.12069351528856,271.7378834738124,484
60875000,194.70314327163166,300.76600320283393,484
60880000,145.65729026196394,303.02905624349876,484
60885000,180.16238000416126,372.4351761482904,484
60890000,221.24797392997417,314.3689971098204,484
60895000,187.229592324603,297.5455886802713,484
60900000,133.0595383145602,331.1401532965698,484
60905000,213.99030590244126,273.63494314622307,484
60910000,177.5731011239121,300.40873040436225,484
60915000,192.25452504535565,347.9977701836276,484
60920000,177.05818213530407,287.3361953564615,484
60925000,200.79756405321461,374.7556488977381,484
60930000,174.4392361042616,323.2742718919144,484
60935000,143.3692706159354,311.37907571434187,484
60940000,167.81369665429253,247.14021025605624,484
60945000,196.417927754313,332.07505245166243,484
60950000,158.70929853711007,331.5176764005714,484
60955000,179.34249663389383,289.1547543924713,484
60960000,166.67730149413737,320.9143566207505,484
60965000,157.2605960414794,301.4467635882532,484
60970000,174.09325565765255,270.3848498189217,484
60975000,200.17214256336098,277.3409717712,484
60980000,211.66347966793893,261.65255316670874,484
60985000,206.40486138542173,240.7991979315568,484
60990000,159.44734958365228,245.48311372851515,484
60995000,142.3757333302415,321.7103345922503,484
61000000,212.9304561353476,316.9953428225273,484
61005000,200.50940570152153,273.97809617355136,484
61010000,185.2812996152327,283.85854714806817,484
61015000,184.07524121714408,297.7008334615775,484
61020000,160.25038359444176,353.443330872423,484
61025000,216.96086957146315,308.19744961151287,484
61030000,191.73071553647608,373.0785191879553,484
61035000,171.20683854030165,252.82488879291438,484
61040000,169.81880993401737,290.8072248139204,484
61045000,157.235905468453,387.14602972691097,484
61050000,166.52902840186113,307.1441222066065,484
61055000,170.3040676722842,255.37297346666233,484
61060000,181.33632909359605,302.96324996176764,484
61065000,175.76344262486276,283.56937447305745,484
61070000,186.91123791152455,289.90821277433736,484
61075000,177.57380418100857,245.34491057856462,484
61080000,195.45589184405705,262.0813513219363,484
61085000,156.71233357252916,299.2487103395651,484
61090000,163.30771453422167,338.39894532627096,484
61095000,157.14481723974092,349.74521453048203,484
61100000,187.54548718057814,309.94014102663476,484
61105000,161.64015976464023,309.58796681857757,484
61110000,182.69288148090288,301.53476594047464,484
61115000,198.77169099773525,364.5381891837202,484
61120000,139.44776072341136,325.81766393355696,484
61125000,176.98981038378707,251.720497567828,484
61130000,158.40861245416778,333.9633989060544,484
61135000,183.32860076527396,250.4405492496821,484
61140000,144.57928064890777,302.94516697776464,484
61145000,247.44917551152216,291.9496410765751,484
61150000,200.41896912370487,263.38048296615733,484
61155000,182.57450956130586,246.41151391886913,484
61160000,187.80333727756624,252.12316606514668,484
61165000,177.26124412378704,343.0764455079694,484
61170000,204.43996523941553,326.7630849184028,484
61175000,170.44696331333853,313.59484134873543,484
61180000,169.56305366095515,329.2924917015013,484
61185000,168.88773127893884,258.4364759431046,484
61190000,188.82728266114242,290.23445410064033,484
61195000,179.46480855361062,274.7239484715067,484
61200000,151.76307320269152,245.29452361760048,484
61205000,153.46139610576046,308.00939997530065,484
61210000,170.43468813096598,284.2545921587525,484
61215000,160.30713206143037,222.69877649481518,484
61220000,162.56264582720306,256.542433633956,484
61225000,207.57176138748662,321.3329926082194,484
61230000,166.92457903636003,301.9247200747518,484
61235000,213.02388260756456,347.0599338842669,484
61240000,173.8143508742658,289.95395449875707,484
61245000,176.75255173360014,250.1478253006094,484
61250000,204.99124758700023,262.4788752852741,484
61255000,156.64574760961182,320.3515674120141,484
61260000,149.3665047433539,268.74595829912084,484
61265000,173.5996844653149,281.73139885350486,484
61270000,180.28446914903648,264.0954733340062,484
61275000,159.3012842135404,291.28851683826963,484
61280000,145.30480306449218,264.3204558687423,484
61285000,191.38279577866095,323.9373965378404,484
61290000,182.84675664259123,275.8796534150492,484
61295000,156.92413252729602,250.02134064966435,484
61300000,147.5138805507675,279.96188894537823,484
61305000,155.48302371764998,326.30260325691717,484
61310000,146.0985849197998,320.95473036877763,484
61315000,222.8901883418281,263.320894910291,484
61320000,186.26497398273705,295.2257528488733,484
61325000,161.30248513994061,270.3984740363582,484
61330000,131.33606400398526,242.75228871045837,484
61335000,206.6808323725925,283.5033740069781,484
61340000,156.16676045207353,317.68074464405515,484
61345000,181.0994865896479,320.8072327959539,484
61350000,178.40940420405116,284.74516142101066,484
61355000,187.29558580196766,305.6833493920414,484
61360000,162.9964542124553,302.99037988041647,484
61365000,193.26778898324366,344.37189456783665,484
61370000,143.1835151717145,258.18134289139186,484
61375000,167.25813400634922,378.3002289275522,484
61380000,142.44608081400725,287.8898565357172,484
61385000,161.712359896362,259.6649671477418,484
61390000,163.95078982879906,397.4091715530565,484
61395000,201.24758893753778,333.4185431476454,484
61400000,163.95643578730161,316.6170855561732,484
61405000,146.42369760270424,284.2581213460839,484
61410000,191.20927583968196,322.19870395278645,484
61415000,135.5618271620659,289.1366758585179,484
61420000,181.76148549808266,290.47704815848346,484
61425000,199.50756533257854,302.1075600028967,484
61430000,211.35440690998513,284.8847930132867,484
61435000,201.89679609798762,332.0579650476429,484
61440000,162.4647787312348,299.261278100009,484
61445000,168.4508332926857,268.7007818479716,484
61450000,163.14700310085885,273.85495181636827,484
61455000,168.07034519028028,310.1003753521874,484
61460000,179.295735989469,268.56293581297405,484
61465000,173.56803726947288,269.22313608433444,484
61470000,156.13580303863185,280.89831886009995,484
61475000,150.90914289131098,303.5907566568735,484
61480000,154.2652147262864,280.1758652652093,484
61485000,171.581554610679,311.77099322856617,484
61490000,241.47203586242784,342.2206630084998,484
61495000,135.45176213693716,260.59415859474797,484
61500000,231.203642393198,280.08706396624916,484
61505000,193.40578616448565,320.76597228262074,484
61510000,184.6046796167553,264.8207123752256,484
61515000,201.65650893560098,295.63081549662127,484
61520000,136.4904330943831,295.1118752509672,484
61525000,154.56444061192622,305.55862928363365,484
61530000,134.7594318420713,264.16953378406544,484
61535000,159.6243500325808,302.6594254961312,484
61540000,126.74426024107534,349.8340447266773,484
61545000,144.60513293775975,338.1125403418075,484
61550000,207.3550017840384,284.44030858236505,484
61555000,150.7705218613776,267.2830383645868,484
61560000,157.5229625998192,281.3250339821663,484
61565000,165.42783721389483,330.6195787664102,484
61570000,172.29670546965176,289.31536622637867,484
61575000,168.4757484539991,309.44597252407857,484
61580000,209.01883722436338,329.9835844168029,484
61585000,163.66113461101713,321.47170705488907,484
61590000,180.19291337124025,271.41999475039876,484
61595000,162.65769158021476,256.9049836445713,484
61600000,167.0160613882656,288.47671398843164,484
61605000,157.754073902726,305.7107852617726,484
61610000,190.1141711482463,279.93912089787256,484
61615000,185.2231218853873,278.6662955782297,484
61620000,134.38068216652488,293.81986427481144,484
61625000,204.60901806052524,298.05550213192697,484
61630000,125.84355935872424,297.7712091353772,484
61635000,182.45527778059062,306.60773585233403,484
61640000,192.81930358386347,344.2585850804569,484
61645000,159.66088939342836,359.44571170592354,484
61650000,178.97744747327474,272.2009980166969,484
61655000,188.22360346329572,282.92505702733945,484
61660000,153.55026065621186,313.6043116850251,484
61665000,175.7062368060054,317.27687112869927,484
61670000,191.7318643750509,277.62869362608154,484
61675000,203.24277923757106,296.54107221757744,484
61680000,150.71710417522314,288.43802325245053,484
61685000,173.10237111405502,292.7193887965807,484
61690000,189.2369152278033,255.64608115503452,484
61695000,224.54101272423483,212.49408131745764,484
61700000,176.6481766618684,252.19572372738935,484
61705000,199.31866137828308,308.6995368546242,484
61710000,160.5163441024924,357.12141647949665,484
61715000,164.6954293991019,238.5033094500832,484
61720000,147.22555623210138,304.5107446965048,484
61725000,186.2715194779418,284.17064257115646,484
61730000,168.60645937913827,352.9811543340564,484
61735000,194.66957736028618,280.85992627325635,484
61740000,207.6646066293398,257.2814422669579,484
61745000,140.24215544983582,293.65067611656764,484
61750000,145.42467759553296,284.4992668468742,484
61755000,177.9671876428771,291.107559615526,484
61760000,148.67623502328541,286.6661418069084,484
61765000,194.2754365542946,379.6900598913071,484
61770000,199.73449787824856,260.97077402246583,484
61775000,137.68010017825912,268.6224909396852,484
61780000,182.92190883647993,353.22089226264706,484
61785000,186.11854965807728,304.71638066091833,484
61790000,152.73425798018602,315.713396248396,484
61795000,176.6743421507138,309.57618443204115,484
61800000,207.86040696508002,311.32454941838563,484
61805000,212.86560222900928,302.0533078580357,484
61810000,182.41310910169065,292.9907309861724,484
61815000,171.8446413395985,252.1830493365938,484
61820000,195.92560584589415,295.4924717745413,484
61825000,167.86155370125454,286.7855295990838,484
61830000,163.4818834305615,296.2459288056667,484
61835000,141.72216754831484,286.1746257545069,484
61840000,188.71971703792545,321.50046415019125,484
61845000,185.75489487096152,354.78170416672043,484
61850000,188.68943406892083,324.8776920129842,484
61855000,156.99937722465725,352.443700696916,484
61860000,194.70127014262562,272.5724720196126,484
61865000,148.09649074608936,320.61431616051186,484
61870000,179.52666013784096,320.37734209014195,484
61875000,183.82684681537685,294.87354104767985,484
61880000,153.4728498484205,320.0211021768231,484
61885000,172.89727834207082,243.36461895558944,484
61890000,170.84252062176142,279.6772551956395,484
61895000,159.63914860925348,301.6788276782665,484
61900000,185.43754426724107,322.1524564129985,484
61905000,185.34587590636815,328.98096654447556,484
61910000,134.0600383985556,299.27823289264074,484
61915000,142.1268540017657,300.529473835613,484
61920000,168.9973847021375,296.2226866091216,484
61925000,177.74346268175714,389.0988844927744,484
61930000,210.20949396720934,367.2172564820588,484
61935000,136.24414650267522,281.7900432771963,484
61940000,177.43528690824382,307.9328403108545,484
61945000,176.02217888681182,323.49099559596414,484
61950000,175.01075116613296,275.91609624787833,484
61955000,152.9795145053132,302.0518960947785,484
61960000,190.79140682438782,335.98898582864956,484
61965000,155.55401506670464,288.79128022737876,484
61970000,168.687031517421,246.84536720241312,484
61975000,150.09234131403525,312.65422657574373,484
61980000,167.12403870011045,308.4768762079601,484
61985000,163.17705530954984,265.5811830692313,484
61990000,200.990630632098,337.2818382870567,484
61995000,188.56183360446613,304.6142117414566,484
62000000,149.11841375703392,250.3966204121631,484
62005000,153.5379220948505,331.6113524362604,484
62010000,207.02732066188645,331.55968137479624,484
62015000,146.90060115187174,272.72226704197226,484
62020000,180.78363295100792,233.34782086008533,484
62025000,210.40454970612544,339.60988636393705,484
62030000,163.2950211244215,378.9662665114457,484
62035000,189.95942266397114,305.4257845993234,484
62040000,166.3306365877999,247.4444882734774,484
62045000,177.7261381110351,230.74210083594855,484
62050000,168.30038594103425,294.02061098911634,484
62055000,152.94354761091301,247.85255064208317,484
62060000,189.619692246557,306.459566041788,484
62065000,159.0934464461583,222.50224661877974,484
62070000,231.47136814843776,276.36306479174726,484
62075000,194.8550490571735,294.0365893827995,484
62080000,162.51064755725554,274.2608532573195,484
62085000,189.34438249781007,389.38381665711637,484
62090000,208.44018939931445,282.5654194392085,484
62095000,189.9918377592273,310.5700207320092,484
62100000,149.65222940106753,244.93773850647304,484
62105000,191.74414742411537,380.87421924360245,484
62110000,175.44398999037782,310.8437222998371,484
62115000,163.74288671555095,301.2971410361859,484
62120000,194.360034742097,333.91148383862156,484
62125000,180.71459513697425,302.12416052752343,484
62130000,201.30595713043576,345.7565376503508,484
62135000,162.79682542089452,243.98447864877747,484
62140000,166.86830875915322,326.46117563963116,484
62145000,173.19871569177997,350.7606689916453,484
62150000,194.21597049116153,263.6695185058913,484
62155000,161.15490209352734,316.4729356509771,484
62160000,205.03165006138823,281.2929232458849,484
62165000,150.56619652667302,333.1901191963067,484
62170000,161.82511045332413,243.43654518727334,484
62175000,148.84590570388295,287.59131528980794,484
62180000,178.16563157085008,261.2232150170039,484
62185000,189.2691196657312,309.27759870005934,484
62190000,153.18006345899087,289.97976462643,484
62195000,169.34561348267945,266.9414277142724,484
62200000,164.1432285133566,365.863543380481,484
62205000,191.31854371220246,332.2907088399887,484
62210000,177.37457413390348,298.8761954367446,484
62215000,171.48451422150876,239.12395630376488,484
62220000,171.7248841188463,417.27378013548235,484
62225000,186.80267063554814,331.1312438127793,484
62230000,218.2236288152116,337.4551764106048,484
62235000,202.4547147132881,280.58473093828854,484
62240000,176.93657254751972,319.14240259640576,484
62245000,160.11840271606388,266.09736158170506,484
62250000,193.79383902582268,300.8698752667015,484
62255000,176.49304026845982,339.0091987333504,484
62260000,175.85249086157413,254.65995992438724,484
62265000,135.87602350185844,276.82217236040316,484
62270000,182.0915623573253,252.1969427135457,484
62275000,167.97493212483934,323.51395423273834,484
62280000,141.15688574450505,310.05236239995327,484
62285000,146.4762836062523,285.26985805676486,484
62290000,194.98082152255665,325.44410584658533,484
62295000,154.42171059802905,291.3286914378865,484
62300000,177.81023666353252,358.38120069477395,484
62305000,181.72744122475618,294.5926915718681,484
62310000,169.35713596269073,280.5844150753864,484
62315000,181.0811190863037,323.81830004814384,484
62320000,194.08311759297973,317.5695244325321,484
62325000,192.2945150008818,345.40300379058385,484
62330000,181.80492326613498,317.21899968679026,484
62335000,163.2929795668905,330.50335385399666,484
62340000,177.06517146582465,330.31378395482506,484
62345000,207.72899609987562,276.12422714002616,484
62350000,183.7045541556976,298.7779457061196,484
62355000,213.96235206873766,310.10243254732916,484
62360000,199.22164290804184,364.5286287671249,484
62365000,174.74155006058737,299.11178823194126,484
62370000,197.75293968527114,250.35238561487876,484
62375000,188.22411588764135,248.5106391633534,484
62380000,198.91966964063923,332.104332189288,484
62385000,153.9648988491854,323.8950250494227,484
62390000,208.271938846858,350.63700537675464,484
62395000,170.23494576371766,290.6760620110686,484
62400000,183.9354736110986,266.627892479929,484
62405000,168.1494389379985,265.96628332252163,484
62410000,176.83714125273912,282.6998447822121,484
62415000,147.37415506419194,281.5651333919533,484
62420000,194.42300092122986,339.5097545074049,484
62425000,146.68963916070345,278.4390326534878,484
62430000,150.21548905636578,272.1293225841054,484
62435000,179.45613644527256,284.6166127166641,484
62440000,164.94337293485424,377.943972405537,484
62445000,166.5689472522989,195.98488016866594,484
62450000,149.69685864419696,305.6142866527329,484
62455000,165.53256715510744,272.99410720144067,484
62460000,162.31192224675897,274.0350850052464,484
62465000,161.77008826503183,276.0808054437126,484
62470000,173.73958306486622,299.11959832709726,484
62475000,214.17566898533408,360.7080841489382,484
62480000,171.58177713131732,369.8653083876399,484
62485000,176.73654970753103,383.78193826913025,484
62490000,192.34122580181867,272.8019742696715,484
62495000,118.77841896348403,281.74329277285096,484
62500000,193.54312022640545,285.11986847379677,484
62505000,168.89112356802832,344.1532712494172,484
62510000,181.50251945118137,290.6056019577387,484
62515000,185.64704758973915,261.0247943455274,484
62520000,171.560884270348,313.55075244458624,484
62525000,183.6411610898858,307.38261634080095,484
62530000,222.04043900309472,258.9077238877163,484
62535000,159.3764793165651,299.0423977133552,484
62540000,172.32950380862331,293.64811428128314,484
62545000,170.83320192869178,283.5869217919327,484
62550000,180.0153336648896,261.4590513565817,484
62555000,203.0965475119394,336.41878884142994,484
62560000,159.40320019527655,356.1990508583045,484
62565000,201.45361531085334,362.5888894358744,484
62570000,149.9701576483139,274.2816188805474,484
62575000,194.54195598666195,312.31014701037077,484
62580000,176.80774309783953,317.7001222289639,484
62585000,123.89578323042612,333.54429583826254,484
62590000,171.98080599011635,250.9638749433959,484
62595000,157.7014305340161,283.64809764895585,484
62600000,207.6154153658856,293.5079950636364,484
62605000,177.4857052811741,228.22474733530686,484
62610000,149.35271952698167,249.4753026961999,484
62615000,218.85440829816363,260.88958963521446,484
62620000,174.14417914536043,256.9136424776539,484
62625000,138.4007895051463,226.20025227111438,484
62630000,161.54251348968472,309.42018880921967,484
62635000,139.73179626969525,284.11377579826546,484
62640000,222.4542641163606,285.8014532008185,484
62645000,210.6048072883214,305.60001578618204,484
62650000,159.96005259624,246.22033977851444,484
62655000,176.35838394385874,347.91899345048097,484
62660000,171.25849532625674,339.3856888257086,484
62665000,219.18666587576598,221.07976208451012,484
62670000,201.11011175702308,296.5065850295736,484
62675000,187.35096108433905,282.01573961774545,484
62680000,181.301452156761,301.3540907042052,484
62685000,167.8457537514838,243.57676094403354,484
62690000,164.0191119978743,288.2295233371887,484
62695000,166.78482015503403,347.5083219079219,484
62700000,185.07030158286443,311.0704014123288,484
62705000,210.53360909916418,315.12945989035586,484
62710000,174.61382272643957,257.87366294776405,484
62715000,211.94331702642418,265.165543969451,484
62720000,195.88572905354326,229.03373932770495,484
62725000,187.56798429824357,259.0228316738919,484
62730000,163.21506414327553,320.17426372865,484
62735000,160.12584238848657,305.9321129696254,484
62740000,154.62996929918742,322.77245525518043,484
62745000,180.6808796819999,229.27820276185167,484
62750000,136.87804903960495,311.564986656195,484
62755000,171.21225944874615,256.5937332616014,484
62760000,168.40568944006273,307.688807978137,484
62765000,165.196337675578,345.29635434770205,484
62770000,175.4097231375332,197.97656045411662,484
62775000,165.30672855762992,266.94541417992247,484
62780000,155.59734138407669,333.25318301331504,484
62785000,204.50706498413987,326.6241727663837,484
62790000,166.51887500455763,286.98583601302175,484
62795000,173.81191692534125,294.26985182513977,484
62800000,159.0605166300183,270.14526964779174,484
62805000,179.21161767721517,291.100738437965,484
62810000,177.7411342471038,285.21410582569473,484
62815000,165.06892166938783,265.99705436698855,484
62820000,171.0358058882883,302.23486632166004,484
62825000,153.7031451187965,330.15625391118675,484
62830000,177.040804348704,320.4084292967862,484
62835000,182.5435147371361,239.7699627987091,484
62840000,154.44591342903843,284.8610441184121,484
62845000,194.75032063627154,295.1341116494195,484
62850000,209.62377356268019,301.61911590596964,484
62855000,171.020274718692,268.16131036508364,484
62860000,175.90694483434928,377.42550492299426,484
62865000,191.2885276560914,330.13173893745443,484
62870000,158.65697751518647,276.29218506567315,484
62875000,212.2425137739911,258.2754922604195,484
62880000,153.16273841169377,293.092529901703,484
62885000,137.0064648177167,206.79848303483087,484
62890000,203.17961724037332,215.50835259917068,484
62895000,151.33749812126914,269.4961581839134,484
62900000,200.942095584284,280.2359340358826,484
62905000,182.1543067926477,262.28305724721184,484
62910000,232.214371934289,324.826825928727,484
62915000,170.7351345196628,274.2111373099316,484
62920000,176.55972633094467,349.3840806789024,484
62925000,162.19001157435977,295.72131099010346,484
62930000,189.23916782120793,333.44485437750325,484
62935000,220.25920060424767,275.17887541325734,484
62940000,197.49024192664243,333.57283526189116,484
62945000,184.52679804131105,344.8976271860261,484
62950000,166.82364598048042,310.45110043478167,484
62955000,187.9892879052049,267.8400333707456,484
62960000,177.49342489700442,243.1815438190506,484
62965000,164.0285095522326,356.1564079176967,484
62970000,225.98126743947375,250.63197075653133,484
62975000,158.47909794223125,327.9327755790199,484
62980000,165.9236804853916,271.66539759263696,484
62985000,213.88636673870303,297.30200954633403,484
62990000,148.45698042806922,287.0805081041521,484
62995000,223.7409235037176,341.6809741697896,484
63000000,177.54830057926276,353.2069254366184,484
63005000,163.50660228145492,290.3275061328109,484
63010000,187.96466547893667,388.1507181344913,484
63015000,169.32472623962275,327.06729708132104,484
63020000,195.70138385968568,339.65777911010053,484
63025000,149.67719878874837,339.0325423744993,484
63030000,175.74549357285133,281.01252390077104,484
63035000,186.0636512800485,285.82592227834397,484
63040000,227.17743283933433,378.60921641419407,484
63045000,147.3393351588969,317.4707086644718,484
63050000,164.9200913623353,297.46864376042237,484
63055000,164.1118109343705,256.3583865974967,484
63060000,168.9755798767528,321.35684128256804,484
63065000,204.14379710728736,279.9424523854987,484
63070000,216.89939941792446,389.63790926923997,484
63075000,173.20090360658588,330.64440886769745,484
63080000,204.85588916528363,322.7165397798354,484
63085000,183.95575482131883,240.19738656676557,484
63090000,217.02635481541924,301.83973558335214,484
63095000,156.9286789991358,263.24534630754437,484
63100000,199.65741850373246,323.9419892943416,484
63105000,153.1197055514523,310.9967988863254,484
63110000,146.31965622277073,327.819923755007,484
63115000,175.1658555307844,274.48196120213055,484
63120000,158.7272082036832,324.0991704928709,484
63125000,180.3857366441585,290.6635968801162,484
63130000,177.100344949861,314.5485081314432,484
63135000,168.8865536938974,239.68297156801512,484
63140000,181.55560295413227,290.40582625100166,484
63145000,161.34945011450102,275.56664115690984,484
63150000,199.16977712898563,351.4124402872518,484
63155000,189.93046132945463,247.36220491167705,484
63160000,181.2933020145817,326.73969868896563,484
63165000,155.23774727911515,268.5464279194437,484
63170000,141.76836438100497,308.1740451147756,484
63175000,178.29149167288796,322.49712186446914,484
63180000,194.80266914276555,272.2804393513736,484
63185000,217.17931780088952,307.8219365397876,484
63190000,213.6217017890514,327.2182499003357,484
63195000,171.70613533489515,279.3821635650421,484
63200000,170.71590228003754,275.78834613596786,484
63205000,207.35231225846792,306.132708962186,484
63210000,158.6715767812427,279.2857402760962,484
63215000,163.22010479380484,276.5400362813054,484
63220000,148.09422060971707,282.45401125197213,484
63225000,153.9326140047611,311.1643049998622,484
63230000,185.29116632098325,297.7056772035869,484
63235000,177.95589643605143,305.1999783048661,484
63240000,202.15815836554387,282.17909323479614,484
63245000,191.21979051159786,293.5644052754292,484
63250000,196.56101708762444,296.9987218799288,484
63255000,173.27095037311653,288.31645581364427,484
63260000,157.64917430309976,288.10552729473574,484
63265000,156.6470741873205,374.6511898601777,484
63270000,182.10243380786295,304.82969070316807,484
63275000,171.44965935909303,280.17583295286164,484
63280000,203.77003769800308,273.7165182387636,484
63285000,153.44675469256154,301.8639600099646,484
63290000,172.78698325171567,298.96572764537365,484
63295000,174.17227687459814,309.2325781643687,484
63300000,172.7569045794942,347.3819238661735,484
63305000,191.6725400619224,295.3713610296551,484
63310000,154.86601262154434,339.37509756826483,484
63315000,159.45167489629608,303.73427212540577,484
63320000,142.10306358763464,279.9573393084548,484
63325000,175.871638029345,321.6820839854753,484
63330000,169.38862651379722,304.2595915819435,484
63335000,151.0462928882624,306.80519872644754,484
63340000,151.94526402253211,289.5700547893474,484
63345000,169.85647307552128,265.4783524550732,484
63350000,151.44774890854399,290.22513213587615,484
63355000,150.83880720867586,271.29883414829175,484
63360000,148.75198850239343,301.7616713977666,484
63365000,179.1529649409713,336.8823513229281,484
63370000,140.11715981453662,276.35698223157755,484
63375000,190.43072488998985,316.3585027385206,484
63380000,185.26223095994965,293.41827544354373,484
63385000,177.65603753699364,298.8843613325796,484
63390000,207.15886682169517,293.56868112913037,484
63395000,139.30197191429914,297.340896207031,484
63400000,156.45696682767752,295.01479960427463,484
63405000,161.11500428094718,313.31758451581527,484
63410000,188.8231912729253,298.61556145828473,484
63415000,192.12771913885837,234.7800059292393,484
63420000,154.45477407463983,264.44702607314343,484
63425000,138.46794210200673,254.4197455642333,484
63430000,194.433147643641,310.69165243990227,484
63435000,161.59057003474118,299.1314142607168,484
63440000,165.8304352349921,240.57303666656418,484
63445000,177.73268451922516,296.13229619082244,484
63450000,150.55865384409805,269.3289056708103,484
63455000,177.27718642133783,317.7632978997318,484
63460000,176.9013577614755,273.2071669237456,484
63465000,205.7949199260008,307.2331411861327,484
63470000,213.35166687225544,314.9544042219226,484
63475000,179.90961104383013,332.4299991493917,484
63480000,169.0570905910335,282.335049754303,484
63485000,164.2378895607527,283.09875796797655,484
63490000,169.12801618843076,262.3942992689901,484
63495000,182.88638552780992,263.1789844804654,484
63500000,193.3567429282745,299.2583921445667,484
63505000,161.51613045839025,299.135783840677,484
63510000,179.6027539017098,265.2860525757137,484
63515000,166.48546857181248,320.5377657745781,484
63520000,143.5991367825976,316.27701374482024,484
63525000,186.13251972776368,295.66462453389437,484
63530000,185.32097728847685,318.3098190082216,484
63535000,161.9164166320545,368.13727726234515,484
63540000,178.32782800498404,334.73024076239136,484
63545000,181.18661049174,281.7502326342322,484
63550000,162.75013071779105,293.89041227477657,484
63555000,147.59675949288035,283.31434759786134,484
63560000,187.7572994383656,292.78228634469446,484
63565000,179.44213171302863,222.59571274802434,484
63570000,183.73223178959395,300.7664196892681,484
63575000,152.94369548401582,305.3262023109675,484
63580000,208.6242360042989,324.7082257723033,484
63585000,185.2441182356403,310.7370955400561,484
63590000,151.42224765045967,285.1625713464156,484
63595000,142.50292219469972,274.4448143438396,484
63600000,173.2855448549951,310.39217753228,484
63605000,142.67879676341545,262.84504704278896,484
63610000,213.50956455385156,270.55513890271646,484
63615000,181.8418857212507,274.0192274514197,484
63620000,207.32386936188078,344.2157410589864,484
63625000,174.1634641188299,283.51409550714897,484
63630000,145.01501897642657,332.0704469406973,484
63635000,192.6807535022158,326.54619166505336,484
63640000,161.3148921447842,276.89336413980357,484
63645000,145.69243053212904,261.05137206476763,484
63650000,138.97039819148813,259.0022749219586,484
63655000,177.61486618704126,280.3681530894494,484
63660000,206.19966121206267,256.0053778405535,484
63665000,213.74867074969328,327.04219798698495,484
63670000,184.12853581218081,298.0244690285034,484
63675000,147.7650714165594,325.19396415572794,484
63680000,200.19322996371133,285.2616657327718,484
63685000,174.7014920904405,314.7897099048058,484
63690000,163.02366926399944,276.89794252034983,484
63695000,190.7737285322011,262.66839488450177,484
63700000,198.6499405950325,259.5442537357554,484
63705000,191.84337121273109,341.05947244450977,484
63710000,150.30789881078869,333.93444575484784,484
63715000,179.5850948597869,291.4658758204528,484
63720000,168.57422475006328,295.54022922962696,484
63725000,177.41422416133807,271.0643694903641,484
63730000,168.23541605211022,317.85356028516554,484
63735000,180.3731413482157,340.00877776615937,484
63740000,187.37131047816706,279.9392748518085,484
63745000,170.82961588094048,311.94955260754625,484
63750000,184.2874543893924,295.12966004112474,484
63755000,147.88530584398148,301.3366281215011,484
63760000,133.3159349557512,296.2239425616256,484
63765000,200.1036624023668,292.659212932236,484
63770000,142.7474238464876,271.71895690468983,484
63775000,151.45306115328424,296.8645513022732,484
63780000,175.73294509159737,396.2294983122554,484
63785000,174.90078529589883,311.1001341780304,484
63790000,175.26517735969668,296.91872602832115,484
63795000,191.3603840198636,351.59835477767524,484
63800000,156.29817721408338,365.8050311539469,484
63805000,173.7257531657174,314.4169154776393,484
63810000,193.3883828189767,350.6956363307703,484
63815000,200.28290117764064,320.18662235411506,484
63820000,143.51169852018847,305.8024546468987,484
63825000,178.50273833285283,273.31882200333393,484
63830000,229.79902855550526,363.20717725796123,484
63835000,183.04516115163364,284.9590323584153,484
63840000,204.34268783689978,339.1955897978583,484
63845000,130.26983480448484,303.3742469689178,484
63850000,186.89028744216648,279.8399243011635,484
63855000,174.4720164696617,309.4834629677166,484
63860000,169.9770178026421,295.75491349468626,484
63865000,158.64570014866283,270.38469984880726,484
63870000,199.34358548579493,321.86123590027086,484
63875000,159.97825801801247,348.89476695114024,484
63880000,158.71320966856547,283.15299280099384,484
63885000,170.07688140432649,289.50718921925716,484
63890000,194.55262780839232,305.2685531280847,484
63895000,167.97232723062018,266.2713084451954,484
63900000,210.06099581466717,295.9056064898613,484
63905000,168.36947160495896,323.713309994918,484
63910000,172.14365565505696,339.25037031916986,484
63915000,183.484937172294,354.83396323033253,484
63920000,156.22544789993182,315.230042473985,484
63925000,237.3792700071357,291.30211148922746,484
63930000,174.1201014951917,289.8786050581032,484
63935000,168.82958127412297,280.7205641698089,484
63940000,175.22435380949472,279.3963792421524,484
63945000,202.15428228635992,306.96039233160013,484
63950000,210.81621020673825,333.3289581371926,484
63955000,156.36815614365742,256.9874165224993,484
63960000,166.38565813943006,291.61351035326425,484
63965000,158.96824592806254,299.6944664744706,484
63970000,178.36511701573062,242.82356853648596,484
63975000,181.51519669360695,304.74497257894336,484
63980000,166.95880749910825,301.31437127124553,484
63985000,156.7152707432728,340.2375470990534,484
63990000,176.00615274287824,271.6476605375912,484
63995000,165.18865181945844,243.88671460626875,484
64000000,183.58266359313146,303.4552608644164,484
64005000,200.2562975598131,317.14147304524994,484
64010000,163.25708884793988,331.22653166046575,484
64015000,140.61209236016256,257.5428377162083,484
64020000,196.67463758935727,286.6634178242243,484
64025000,189.66309872200748,317.84573646216955,484
64030000,169.24513174757217,303.39018280649407,484
64035000,178.62268426307253,291.0865167718835,484
64040000,176.62579236343151,369.3298946679619,484
64045000,190.24809084189695,252.04841730027943,484
64050000,165.77770901354643,254.33865021982172,484
64055000,187.25530837406416,282.2133629429133,484
64060000,163.87596063778636,306.55203417324924,484
64065000,189.38696167012392,295.87611241761067,484
64070000,184.04100446191794,373.51527021040204,484
64075000,182.5724902644114,310.26268693913073,484
64080000,186.98774295200357,326.2529560368898,484
64085000,186.70589244069015,319.44717908941203,484
64090000,185.2233950348598,283.39127106847985,484
64095000,190.84567703307246,321.5386551292552,484
64100000,170.679292119007,258.51238184539756,484
64105000,153.5446113027731,333.5298640877425,484
64110000,166.87326726133523,286.6667998341133,484
64115000,145.1875644357436,313.7560906709944,484
64120000,150.01382578854094,311.03917189910834,484
64125000,191.73624071866834,262.9124536655695,484
64130000,168.18249091771247,342.92185237682145,484
64135000,200.72832376981083,310.54196725725205,484
64140000,187.53170981529658,282.162070766952,484
64145000,167.28778750506604,282.90718036356117,484
64150000,153.5414304968609,333.73392250673095,484
64155000,157.04237055309824,315.8168554569384,484
64160000,169.09861290808078,341.5776684432586,484
64165000,213.7825342246403,304.49453085622673,484
64170000,148.01743228679717,319.49240140493373,484
64175000,164.85841717310902,269.6037534399176,484
64180000,173.95355239596253,266.52997803507253,484
64185000,181.7606800162598,361.74631749706197,484
64190000,169.58805411359637,289.8123512327991,484
64195000,189.0511412104249,235.6733531887885,484
64200000,131.08501023674884,302.50311263620245,484
64205000,177.54716660749733,291.5994722921355,484
64210000,182.2663259323688,318.28935175395156,484
64215000,166.06799103528422,333.6204388314522,484
64220000,146.48685198831174,294.5434198502584,484
64225000,170.66528753799022,267.1866816592943,484
64230000,208.72516173843738,346.08921699589604,484
64235000,187.25974446187524,304.2579393400604,484
64240000,154.32827332829825,304.13958733177253,484
64245000,182.7002470425565,314.77847278388725,484
64250000,182.4313622916768,300.1513718254813,484
64255000,153.4874919510318,306.75056555517625,484
64260000,169.4937361549745,275.88694007205044,484
64265000,168.4488388421824,220.7020702996536,484
64270000,180.97632943677394,292.38710285675245,484
64275000,163.52978026757322,286.8895744819408,484
64280000,171.31098688896853,303.672709255184,484
64285000,158.6456399869553,308.6015518998087,484
64290000,155.9622589101534,368.0651303486018,484
64295000,155.73058709898405,347.68067161212605,484
64300000,186.65904016469193,355.5557923266848,484
64305000,191.2168418874214,330.8712901382953,484
64310000,171.03983868868397,344.62241061502687,484
64315000,201.5307086984504,239.47874008015168,484
64320000,152.91488575129037,295.94597239506044,484
64325000,141.64675493347562,375.36938575943276,484
64330000,166.12315870050637,260.60561209716684,484
64335000,143.27260635488477,279.0188852869154,484
64340000,186.20162634685525,299.43425221009505,484
64345000,153.81423383904195,267.46342787857145,484
64350000,169.00109927233174,323.57130618114974,484
64355000,177.34374415485087,384.31335447417507,484
64360000,257.4176017927263,271.79166691020845,484
64365000,181.06645093384748,371.1591159530682,484
64370000,176.79849608078814,324.96382772292617,484
64375000,171.86559246467178,345.31560066335464,484
64380000,181.0439191161004,315.80953716893356,484
64385000,165.70051629336345,279.3884314360674,484
64390000,161.26323313018003,339.28326180147366,484
64395000,169.4553924678732,297.8882344859446,484
64400000,196.18226101631737,304.1203190351371,484
64405000,155.46964702675834,271.3176902285609,484
64410000,159.55412871905023,296.89510287885554,484
64415000,188.34791629709252,249.9136091904292,484
64420000,153.89781992048736,281.6311258986155,484
64425000,190.4490254084617,313.8088054005985,484
64430000,194.10850840496923,303.73804992944565,484
64435000,161.8734747986257,324.9461036416925,484
64440000,209.4385642808799,346.95687282131644,484
64445000,186.54219097203128,324.5986340735253,484
64450000,184.16613329413568,353.0426866818703,484
64455000,208.12933167252106,263.932428549511,484
64460000,205.533099859061,262.61945144256964,484
64465000,183.12370793916187,298.32076516357586,484
64470000,144.38502001594202,291.67615494109606,484
64475000,176.02494722927895,292.7557294914655,484
64480000,168.48556149658847,334.3816753675091,484
64485000,188.81598709080583,310.8970276011439,484
64490000,184.0485691124413,284.02806441352055,484
64495000,160.72822167012882,314.76133058918896,484
64500000,186.73629773680966,249.50714825234425,484
64505000,185.16818222308427,282.9904789759715,484
64510000,174.8247764077525,384.04951963271566,484
64515000,178.0182588272265,391.5443075480256,484
64520000,197.8510654271793,312.09226267781173,484
64525000,142.36458881453802,341.08637808933014,484
64530000,183.91012095678445,291.7782782999499,484
64535000,175.24247274660232,291.66280076642505,484
64540000,173.83929289445845,317.47425615809107,484
64545000,187.20821826103816,290.9489857850019,484
64550000,204.25078341929495,281.977229286434,484
64555000,188.0473497386416,337.75507430695035,484
64560000,181.36130606283953,298.5448587283812,484
64565000,217.42497156923693,351.02371729733477,484
64570000,191.55092832805542,286.10257994820057,484
64575000,188.61004691816194,282.87157114275306,484
64580000,154.72846427007846,262.9471023529416,484
64585000,159.41204397866915,267.60553584143855,484
64590000,162.14487086011695,279.817725336213,484
64595000,186.71456048567853,308.7660870831139,484
64600000,158.52714277933433,302.22326165737655,484
64605000,207.75918136715728,285.5664963882792,484
64610000,194.87140605881655,314.41659417293727,484
64615000,192.44892546150962,273.8351871520965,484
64620000,165.65393563338898,217.09529018383083,484
64625000,198.21823266980454,310.4346120989654,484
64630000,199.09308436859118,357.65083200202497,484
64635000,176.2180568548274,265.9630633188054,484
64640000,163.41653387129122,273.20452860857495,484
64645000,174.3178744463477,333.48785859833276,484
64650000,147.6453258638221,292.8259514838581,484
64655000,150.3455427095767,325.4898401823302,484
64660000,199.23215855125463,287.4683915506806,484
64665000,187.4170147514113,275.72657131040705,484
64670000,149.88036156129772,383.6858942109185,484
64675000,142.06374051444777,313.6777553660911,484
64680000,154.78846819372714,334.3749864811745,484
64685000,169.22356162008774,330.63068579030397,484
64690000,184.1317665820566,303.3657640863307,484
64695000,164.41683191123045,320.2528740312079,484
64700000,213.52893949338286,361.50856700619823,484
64705000,177.5276664425128,273.2844491656859,484
64710000,188.99457594408136,350.4392465584734,484
64715000,183.24039170635953,247.74155275397413,484
64720000,169.50633709170395,328.41672650540005,484
64725000,183.83630705070314,356.8309951522127,484
64730000,145.6944835517816,331.23980930042035,484
64735000,170.0667190124226,303.31891748344447,484
64740000,166.98855800035938,345.5892676097229,484
64745000,137.91862292585492,355.14023569526995,484
64750000,165.01099384820682,348.3741081139572,484
64755000,169.4276687561773,243.15347207709473,484
64760000,183.9555290150265,254.93264174845177,484
64765000,201.52143953689188,324.6143536519196,484
64770000,177.10950685452522,332.0761154704416,484
64775000,173.24612629375508,333.1289918754674,484
64780000,172.76678462911323,263.62868625444486,484
64785000,195.6357421059444,305.53902566121474,484
64790000,138.6751567365623,291.1793526361202,484
64795000,195.61620970203646,289.62102633105263,484
64800000,163.96027709880573,327.9020999601632,484
64805000,158.95596385430696,321.0955129999564,484
64810000,137.31891767161494,282.6898596138267,484
64815000,167.37344346719078,309.7169000245754,484
64820000,170.26650654566146,258.9450118845849,484
64825000,132.11324897928677,298.4110301198707,484
64830000,156.78742821671972,305.5554985921677,484
64835000,166.75876100887038,286.95098916498466,484
64840000,159.50378570601134,310.4040739237727,484
64845000,184.4912718841325,309.9773918316051,484
64850000,135.63159181680865,281.8583292730221,484
64855000,182.46513077598846,337.30859221499213,484
64860000,155.49977253259627,277.08336931590793,484
64865000,172.5734018580139,245.45119428468473,484
64870000,195.33163365635144,291.26188534019974,484
64875000,166.78797263625756,268.0090258238361,484
64880000,170.7590587103402,332.09506773757016,484
64885000,183.40222049552298,293.5234285852874,484
64890000,198.6202561132209,326.2428190644201,484
64895000,165.87720666881188,272.5623152586885,484
64900000,187.60768794457536,244.64079383626506,484
64905000,186.80461165055837,290.76932591920354,484
64910000,217.20432620294787,308.14593411565266,484
64915000,195.99768771396324,290.46555130259,484
64920000,177.12007335177967,261.909906083291,484
64925000,197.07162724217417,316.27620362981776,484
64930000,188.91674286722778,345.1158574029902,484
64935000,178.5970296638035,282.45802904413745,484
64940000,179.48354400899294,269.6527923766985,484
64945000,171.4918353080434,225.12169141324085,484
64950000,149.8835494467819,281.76837695506174,484
64955000,152.4494190399286,338.69179097468447,484
64960000,168.11674855708438,318.2157966761231,484
64965000,180.9854430522553,334.2079256700081,484
64970000,146.07339223789612,334.0728075556297,484
64975000,178.85675473406963,279.32674617293446,484
64980000,183.75199392740154,291.8689974595281,484
64985000,147.64047084542133,304.83090843949446,484
64990000,145.1707471949989,325.9380080841191,484
64995000,187.9201660115374,252.7350698339454,484
65000000,159.47072664200365,257.36614109563374,484
65005000,142.5134853262186,293.9920182608287,484
65010000,182.5858232375877,334.8504702235366,484
65015000,185.28919127917445,250.5503020503443,484
65020000,160.09156390457815,250.53195487604464,484
65025000,184.64137332379795,236.27797200650195,484
65030000,175.49671767198467,334.02383223579557,484
65035000,214.39723616241568,325.85348350685933,484
65040000,208.37174294774007,325.21225817373323,484
65045000,172.30449144749684,308.5198413312101,484
65050000,201.29341004555934,306.16476444571055,484
65055000,166.99548493466685,311.0963385874082,484
65060000,217.3890086384704,276.3755060689093,484
65065000,112.0583908215336,258.4862370751677,484
65070000,161.16351715105307,282.0457646420972,484
65075000,175.3146940882231,268.02439526943795,484
65080000,199.71036669442955,326.682889002255,484
65085000,198.61868198378377,372.1006486442234,484
65090000,212.26533980669987,301.52419100053106,484
65095000,170.1219515159356,277.9535688757123,484
65100000,195.021732108958,268.4256050952093,484
65105000,168.1736656351657,287.4547790935831,484
65110000,189.41579675911552,258.323962930552,484
65115000,194.3716938038828,273.9388219563991,484
65120000,179.30341942921376,328.7570219459422,484
65125000,163.63317311549724,379.5169445367175,484
65130000,168.7147798726424,215.15599013921138,484
65135000,187.78277306513866,315.39807842561345,484
65140000,229.588839867835,320.9559209881905,484
65145000,165.30672085384893,263.4523357185218,484
65150000,168.74489045915942,293.9140958305664,484
65155000,199.93985667333044,306.53055008247986,484
65160000,219.69774780628174,312.6440349361621,484
65165000,131.37082759647882,210.09074352085705,484
65170000,166.41594924868022,285.21812893243276,484
65175000,204.8331683032149,309.7678718765818,484
65180000,223.7152877965417,289.67837419189306,484
65185000,157.01108081859545,305.28165852893,484
65190000,178.6850500292947,278.58293173053937,484
65195000,177.5350963146261,367.79862219562733,484
65200000,152.96709671490785,302.89238109727506,484
65205000,192.33473639098105,328.36606707353343,484
65210000,166.37945070132088,285.4483293120762,484
65215000,171.35724715546263,261.81802345292914,484
65220000,149.9839609731789,341.69778580861924,484
65225000,191.12066474483487,308.24443657941146,484
65230000,185.6942771636277,279.1639750395759,484
65235000,196.88669612819282,307.7966778550966,484
65240000,150.901004917512,322.0772773859484,484
65245000,183.7161226417701,257.1807050987241,484
65250000,183.45509422906213,309.84295639414916,484
65255000,191.5941734852312,252.59701511863824,484
65260000,184.1168772707336,304.9745106354073,484
65265000,192.02992992995698,366.7170682656614,484
65270000,189.18457861509313,320.7359207657264,484
65275000,195.41977941426887,324.0499577409146,484
65280000,187.96821034020834,253.44097774730278,484
65285000,185.09252878706098,280.2645459520419,484
65290000,144.00910882131055,299.1781934590236,484
65295000,211.05593155701695,287.1774206307951,484
65300000,176.25173235365006,287.2776387200557,484
65305000,173.3368062064132,269.8277284447858,484
65310000,177.96169722200395,286.8448290705628,484
65315000,219.45287352356766,267.4844384161007,484
65320000,143.71227183259163,221.63923356970628,484
65325000,143.9130847519684,274.7720361060903,484
65330000,194.7499458721651,291.73896896228246,484
65335000,167.90022131854562,300.17876806694414,484
65340000,145.55616720530068,322.79253325607266,484
65345000,163.5531916902008,329.664685513736,484
65350000,182.21794831790365,315.9786153501277,484
65355000,178.16790415078177,290.7395686698669,484
65360000,157.78887569120306,333.54189558821844,484
65365000,190.9081009730685,382.08534385411116,484
65370000,173.2617657500421,273.1800200829925,484
65375000,177.20698700091828,241.68422614265378,484
65380000,172.70570185428477,350.10787946351525,484
65385000,197.18964298306975,301.37071921399996,484
65390000,171.38879198316542,310.58605357540245,484
65395000,199.7607898868815,282.59065425018576,484
65400000,195.06975157714365,283.94781645041365,484
65405000,174.2157629358893,302.3784122808547,484
65410000,184.706814813866,297.9406996762632,484
65415000,166.18169535114106,266.19727157990883,484
65420000,187.13531780459294,319.55212452625005,484
65425000,157.50889076226974,297.359214137246,484
65430000,167.1933474746604,280.5099769826041,484
65435000,186.0116761725133,269.9920494129869,484
65440000,186.7164235422265,259.3148378348909,484
65445000,204.02560659782637,271.2817331782288,484
65450000,172.60219366620237,328.175152573012,484
65455000,169.58983705981058,252.65510043676275,484
65460000,172.7631904126552,246.95240037328148,484
65465000,164.18346166038538,298.48952916909894,484
65470000,186.58314976927014,288.09935135983926,484
65475000,211.161768903796,294.09489792972676,484
65480000,186.421080837262,315.8852807580857,484
65485000,171.2634520940461,397.54484757837395,484
65490000,175.20339926000173,314.8032896464746,484
65495000,176.70319393186347,314.89690246566477,484
65500000,165.62846427946147,228.42788872979432,484
65505000,168.0610190931872,290.4034173291075,484
65510000,190.7213564157724,339.70946797579575,484
65515000,161.60715565076464,207.5294390976015,484
65520000,177.68112354309167,331.88315504882894,484
65525000,200.13403064612487,324.52108470975423,484
65530000,183.07324642400891,281.5942881751488,484
65535000,202.33206683141495,351.2623894627085,484
65540000,215.2751242610093,284.22649802271343,484
65545000,184.67074739482814,275.8763162536179,484
65550000,186.44505084768124,270.6767625979338,484
65555000,197.12673035072413,320.37041652116466,484
65560000,166.28977484405362,282.7690370029484,484
65565000,186.81931215734517,355.44271563416345,484
65570000,172.97888266078058,239.77291437947366,484
65575000,157.03012323702833,275.2671046896348,484
65580000,149.47883951907943,329.58639975962967,484
65585000,145.05286473118124,211.3931221169998,484
65590000,202.5193392268661,332.51249437302613,484
65595000,151.21906503598433,240.4338523187489,484
65600000,206.8173551490536,259.3697158870604,484
65605000,163.56656198659402,268.7175197839242,484
65610000,133.92486832802277,314.57777095170945,484
65615000,202.53913755270148,281.90309960501145,484
65620000,185.5650583897713,284.901971312456,484
65625000,195.09482270419508,374.1990740786042,484
65630000,162.16118224467843,295.0160549956106,484
65635000,160.74589134193522,261.18801994413786,484
65640000,198.52988541006047,355.7732275908249,484
65645000,167.45479881607358,285.5031135619723,484
65650000,200.37767896845338,271.2835780170014,484
65655000,181.6321745824073,257.05568494339127,484
65660000,190.5678431759392,327.88024870729276,484
65665000,188.8548256894028,306.1366546346953,484
65670000,194.44070635265234,276.6447669873791,484
65675000,197.84873365547702,366.06639151773606,484
65680000,129.1450385506504,284.6661145556756,484
65685000,159.40272935946618,319.59745107811193,484
65690000,173.0472083415681,223.42949558825143,484
65695000,195.68733112121527,243.95421420789543,484
65700000,169.60001234198185,217.43341736851062,484
65705000,181.05034264265637,282.66927289922546,484
65710000,163.30346738632755,319.04954363176506,484
65715000,180.1550954017871,330.8723665630205,484
65720000,170.7202744664774,270.6527176943644,484
65725000,155.95602710484076,293.6673818498652,484
65730000,183.3316055135905,311.22840359113667,484
65735000,148.70029107346184,275.9642321494812,484
65740000,153.88503835413485,284.8629735778715,484
65745000,155.28817502667235,287.6290461952456,484
65750000,192.3291077514302,271.5610551610652,484
65755000,177.56857229312243,329.70334192551354,484
65760000,209.74538612628058,230.8159171709011,484
65765000,167.54385805095194,351.242101956089,484
65770000,186.76207185182952,283.0489220708342,484
65775000,187.39610914204948,302.71074981783266,484
65780000,182.96282628416088,330.0558779356508,484
65785000,189.4613775909254,326.247754064539,484
65790000,150.6347225532204,408.0683509978483,484
65795000,156.44778813540995,285.5429742163625,484
65800000,168.58390800498663,252.23083184195417,484
65805000,180.6987847043391,281.1651756617414,484
65810000,163.59587303052936,250.4754483365466,484
65815000,230.278656594942,351.5372798642529,484
65820000,166.40740009128265,330.78009093378046,484
65825000,186.23289912282772,275.67866671550246,484
65830000,154.9954340157152,311.00818590316754,484
65835000,146.978256510424,307.76620168088925,484
65840000,206.01551483877515,299.25846931724135,484
65845000,181.88207301194865,300.86132956190926,484
65850000,156.4984746746059,380.295417675553,484
65855000,159.03282230933686,298.7012112288774,484
65860000,161.10297361032084,255.74203055690307,484
65865000,190.19086742250443,281.42492656725193,484
65870000,156.30343563588923,278.81002777170147,484
65875000,178.6901772429916,277.30044855854396,484
65880000,178.89214713482107,277.6739820742256,484
65885000,147.57653790967893,357.69653637476665,484
65890000,171.18722290242627,230.33048471396933,484
65895000,171.50136939607063,279.5557996356883,484
65900000,207.61159692817716,264.14325678270535,484
65905000,176.14912908977223,266.0314827143606,484
65910000,162.44078616865116,326.3882237505634,484
65915000,203.74517698394547,285.3872150886101,484
65920000,159.88645319642035,295.14254357789287,484
65925000,155.89032383490783,209.39822950452825,484
65930000,136.64593739006688,299.33392594580636,484
65935000,162.95121589987238,274.37156749933763,484
65940000,123.76503685917073,313.56047383559945,484
65945000,143.72589298725197,345.46602383497606,484
65950000,197.32115743600997,319.1220980216023,484
65955000,196.81898222895308,309.1429050754774,484
65960000,156.1623485678429,296.9802024001317,484
65965000,160.85378913255087,350.9001864703373,484
65970000,136.16023224008384,303.1118767045618,484
65975000,155.19918547382758,286.13261480832557,484
65980000,187.47906009643367,302.5372538131841,484
65985000,156.87102125028892,330.6320551404255,484
65990000,153.8051568851628,330.1505866594505,484
65995000,167.53711065361077,271.4440155076244,484
66000000,179.30058260251988,351.6149535935319,484
66005000,126.80224666356396,277.01384166417284,484
66010000,145.90737197796165,263.7876882462976,484
66015000,181.1901362655196,240.93719063916322,484
66020000,199.06572391377006,303.5846361918061,484
66025000,165.11709237146172,269.4131979062882,484
66030000,154.7150315093181,308.5333558527114,484
66035000,186.851358657287,284.086787132605,484
66040000,172.4736246150041,310.13523182738896,484
66045000,147.40077536500476,277.590594051577,484
66050000,169.18988912829155,322.01692090983244,484
66055000,177.9731086510017,239.57905313836332,484
66060000,180.60515147034738,280.718010197516,484
66065000,162.5212906394116,347.8817951067969,484
66070000,151.43405531463142,339.6331616002151,484
66075000,184.0605211204979,328.6638098001409,484
66080000,232.45565737110394,315.2225883576598,484
66085000,176.3007557399981,265.7107333580943,484
66090000,160.59805600773072,317.13006105837877,484
66095000,222.84415101480775,261.08728468875285,484
66100000,202.20152426492066,271.2097623669389,484
66105000,174.94910445100047,280.55194754038007,484
66110000,161.14223972702501,325.10362773234124,484
66115000,132.27448299856144,266.9042637673394,484
66120000,194.06952044429508,310.71910209963744,484
66125000,195.32721069066244,274.2880454974852,484
66130000,205.1437182223169,286.58786096044906,484
66135000,149.788894912436,262.49529910319876,484
66140000,218.8609562331509,359.08788868295534,484
66145000,208.62034155321788,292.46823746664563,484
66150000,216.00564178369615,374.34572994851044,484
66155000,210.72596425401488,354.31004537475576,484
66160000,154.10983942500948,344.9153765756262,484
66165000,119.4063953693068,295.92334481343704,484
66170000,134.26243440292666,277.8651219557487,484
66175000,148.30858818944608,284.2340174763443,484
66180000,193.79362382049158,270.8195786314021,484
66185000,148.83386915644772,264.9077873482525,484
66190000,174.57938909727588,306.01910021920656,484
66195000,190.38936043094486,297.424383409926,484
66200000,152.3415790920042,325.9333370484982,484
66205000,161.9593869429901,285.74035273749905,484
66210000,166.74593633878143,302.15037524163614,484
66215000,185.7656271357579,305.7767527648297,484
66220000,148.38810980620457,295.17438380737696,484
66225000,198.42051347917015,297.7628471830336,484
66230000,135.6875062829295,314.0903902268922,484
66235000,157.6434208909696,257.7867051425882,484
66240000,180.07866818705548,289.1561407344676,484
66245000,155.5129633680523,330.5784804036557,484
66250000,164.39221495062586,323.13416586710855,484
66255000,159.52067593248958,301.998967364836,484
66260000,171.51442708253737,297.2754899439152,484
66265000,165.9715926368155,272.773989437022,484
66270000,160.12884494687924,300.0943703367593,484
66275000,138.27273506949604,314.9656218215961,484
66280000,151.66519312180185,279.7552042068589,484
66285000,164.71063480686448,306.35357534247663,484
66290000,202.40394225369224,312.24772872148867,484
66295000,146.81490038717777,324.94497456713844,484
66300000,178.94780592434833,316.44276097382425,484
66305000,147.72776152408724,301.14526562859135,484
66310000,173.09366880904125,369.12774826243935,484
66315000,196.70927493527662,316.25576006863196,484
66320000,173.7082263014442,282.8475767613105,484
66325000,164.08015290707064,333.36745955936954,484
66330000,203.32880171607283,276.92710916069854,484
66335000,210.90356808844982,352.18550532482226,484
66340000,151.28155865653875,290.6139643724843,484
66345000,191.92989997377464,319.3284276760001,484
66350000,139.9825697166681,316.1909604146699,484
66355000,151.67699548254242,248.84754231338533,484
66360000,177.32049470733986,219.82214220040606,484
66365000,200.27871728722403,259.42252800304533,484
66370000,209.7020546282571,308.1386170199856,484
66375000,157.07264436838366,279.01342009290636,484
66380000,148.4014186354914,304.1525051993353,484
66385000,167.11637406614176,292.6969660842178,484
66390000,170.6765273281644,265.9769156579606,484
66395000,162.83546736490703,252.25336035106733,484
66400000,204.40009381305765,276.4422885945337,484
66405000,171.33051778964293,404.5478488079242,484
66410000,153.94415209297543,262.0163685104132,484
66415000,174.09642107488546,261.8652562304204,484
66420000,165.6068432919741,263.3334886383471,484
66425000,180.97508115493866,282.51576402262606,484
66430000,158.06396700614135,293.9463163243622,484
66435000,154.9694562011135,232.55243921811808,484
66440000,145.57245058752466,280.9774989595757,484
66445000,176.5105456612006,274.2676996356792,484
66450000,201.27888263483294,331.74664168878815,484
66455000,174.06515624036226,263.9645846602704,484
66460000,227.60841600759284,271.4340590711093,484
66465000,177.90385378120945,258.13080438980836,484
66470000,140.1280389133824,336.46726523878795,484
66475000,147.3389295428905,273.4946258139825,484
66480000,166.6913335307528,318.049921300398,484
66485000,172.7441913292144,285.14461158561556,484
66490000,153.55318897677682,309.3235337826172,484
66495000,172.20773550494343,244.6166144348737,484
66500000,184.0867370051459,274.77900586786814,484
66505000,163.68977514828313,269.4263717081092,484
66510000,161.20713892455223,317.7116264414297,484
66515000,203.74453644465993,281.9988779182916,484
66520000,176.82855969669023,284.0695375519168,484
66525000,183.6851252659091,314.99415629069324,484
66530000,180.3956869477346,269.9569856745202,484
66535000,186.4828567455855,296.25819532044403,484
66540000,144.64173355669388,264.5775552677027,484
66545000,186.87256227362312,273.3901058271827,484
66550000,189.4451081394487,290.34050122710164,484
66555000,201.81273465786245,310.0912223225348,484
66560000,165.0248746021463,364.3306070128999,484
66565000,172.22768309119274,295.9044190752229,484
66570000,205.965259918545,311.3439244188622,484
66575000,238.7373493359426,318.67658173881546,484
66580000,208.27604786054053,313.26327454530104,484
66585000,166.64948463346772,265.6484319924566,484
66590000,175.26683580796478,337.05866559309493,484
66595000,173.98841104445165,258.9090875703586,484
66600000,189.08246225517115,327.1384681959679,484
66605000,166.8717041614683,333.12115126744266,484
66610000,152.542572677809,347.3010226992698,484
66615000,198.9667714610148,248.92312960670722,484
66620000,162.05050897169747,321.6497767999109,484
66625000,176.19958844523524,341.5674702380832,484
66630000,190.44055361195993,335.3626535180973,484
66635000,180.14985394979595,279.00388025604394,484
66640000,199.67479773903682,351.69029460617753,484
66645000,189.3116412031774,277.50975725121987,484
66650000,182.44362136406107,400.9343177637322,484
66655000,175.78668440635434,291.9001478052233,484
66660000,164.90862212218136,277.9139262415051,484
66665000,186.46296293876813,301.933706076496,484
66670000,162.80589398956053,260.1103269505016,484
66675000,212.67610891444295,287.3351486086048,484
66680000,209.31661589963048,309.0284507025188,484
66685000,152.0232282102056,290.9032787946183,484
66690000,174.7610851547368,350.9527397777642,484
66695000,208.950168801122,285.2743414690528,484
66700000,181.23278112030786,319.63198812880523,484
66705000,217.06895801453908,368.73829042530417,484
66710000,171.33950583116652,326.76974305076635,484
66715000,203.22546403557868,307.31771566633705,484
66720000,178.9295768498119,296.2811882238022,484
66725000,163.79925443016077,302.8595716158665,484
66730000,164.57366214942087,269.7948797532342,484
66735000,203.98243439999547,314.9329915360492,484
66740000,177.09524057737408,356.5891120848978,484
66745000,203.1563534464936,267.57853768919716,484
66750000,199.09088039304805,354.76079397322394,484
66755000,184.94703957682475,300.10945512441845,484
66760000,175.1607791795841,279.3941260041262,484
66765000,164.37544330321234,285.84651003316577,484
66770000,177.84141054265973,318.6518525734898,484
66775000,215.67478941005112,259.2734368686949,484
66780000,178.85105468874582,339.3828397252767,484
66785000,156.64170489646799,260.07038892618624,484
66790000,180.67663403461012,309.4364757439636,484
66795000,191.0977648188391,294.01442502248796,484
66800000,188.18031038867463,351.86970772944295,484
66805000,161.43685921455796,310.9058172690294,484
66810000,166.05300029006392,305.70000754878083,484
66815000,229.47563413836144,277.5246302951051,484
66820000,180.6071115930071,296.87500627085933,484
66825000,215.95331140012394,363.8140468265056,484
66830000,171.6324222393401,302.7928210048931,484
66835000,192.55526108557552,345.96395702934905,484
66840000,179.83653368334558,289.3886545353639,484
66845000,168.88138920242898,262.8335547282382,484
66850000,198.24429817739718,260.02126929914834,484
66855000,172.15887219466913,250.35829779367086,484
66860000,186.69535565898352,297.3867372848362,484
66865000,206.00873442112228,310.0932954656265,484
66870000,187.03056473628982,299.205906033066,484
66875000,184.2577513230951,310.3866995708576,484
66880000,166.82175624924207,291.1592003590918,484
66885000,171.2472370425739,257.84327976993666,484
66890000,171.86826271559502,315.9112496168699,484
66895000,149.52800777983023,258.4172526236089,484
66900000,128.48409733290615,277.23271234742174,484
66905000,181.84619582617975,274.133601113575,484
66910000,216.02047999192087,329.3417540042662,484
66915000,182.10219096114773,327.3484004800862,484
66920000,155.40163781051695,251.51410623275922,484
66925000,193.6591338967382,320.72154483283174,484
66930000,172.12648611227124,283.2262007528984,484
66935000,191.53329398288113,349.4254944030673,484
66940000,208.87305362104357,320.06823368734433,484
66945000,188.76140785434205,330.8096158666413,484
66950000,142.50114568765431,327.96541120030366,484
66955000,205.27919741182905,342.0674323501495,484
66960000,203.39121948448124,306.2165420027727,484
66965000,246.5713517584894,310.1351266427307,484
66970000,211.18787909188353,315.6500841658943,484
66975000,216.18552053520187,316.46210169432413,484
66980000,143.7058582335917,298.5148658848358,484
66985000,146.97736372171934,316.26113329886743,484
66990000,175.3546949973767,320.23800360714176,484
66995000,149.49999045637483,333.6052244796587,484
67000000,176.47722033140187,331.03865717214956,484
67005000,181.9240947277146,269.58730215020074,484
67010000,155.25954974486797,353.5247152784466,484
67015000,195.84779723723224,270.3884498840343,484
67020000,189.17496491304314,261.29758205680554,484
67025000,194.27125582028432,296.1665206647309,484
67030000,184.64018156080036,273.20963770230486,484
67035000,173.497598836026,263.13945700902957,484
67040000,172.89805924035105,336.83695415753044,484
67045000,184.17850267629603,344.13169478468274,484
67050000,185.9046043363245,346.16889036070484,484
67055000,182.54037972216815,331.2526091398295,484
67060000,180.0047856244039,363.77926985423284,484
67065000,195.45404826049375,287.86286103626753,484
67070000,160.4914899392597,322.4353607840051,484
67075000,177.27025101034508,366.52595834175605,484
67080000,210.70529611077708,241.5264666839721,484
67085000,155.52816089717936,327.63312668112803,484
67090000,159.2929299828321,343.0997890904145,484
67095000,173.12258215245356,276.4642791748812,484
67100000,179.41371899576382,306.4291192854291,484
67105000,149.46758166326796,261.5610351667504,484
67110000,205.6201287934608,311.8845824845529,484
67115000,203.5178856048612,345.50767242568793,484
67120000,138.46631204194503,245.80994632289173,484
67125000,178.8903398858519,223.27672030797814,484
67130000,203.12212858049475,257.76239442768866,484
67135000,187.49862499314787,335.7543705076487,484
67140000,163.96768849152002,276.1404805163466,484
67145000,191.71825388019712,257.3104019072165,484
67150000,166.84625303942556,329.85168262170566,484
67155000,160.34247189639743,338.9726425509145,484
67160000,133.74817912595802,270.92639098807047,484
67165000,170.85711107010187,288.61942919033766,484
67170000,188.87038286093096,284.30807901214433,484
67175000,174.1904430173705,291.85830458561657,484
67180000,189.5448962456827,310.43251632519105,484
67185000,152.0295045762458,288.3528700056527,484
67190000,140.8592872188714,336.53683313185866,484
67195000,164.6076553954888,289.616964002364,484
67200000,223.10412968808365,222.8377636776924,484
67205000,172.0784598649979,313.3195589120948,484
67210000,156.85544108873785,289.28534923972995,484
67215000,177.41969695502934,341.7690735615586,484
67220000,179.70373843727054,272.13950302109834,484
67225000,180.1900557128754,307.55673466911776,484
67230000,161.73952278839138,273.32340007031326,484
67235000,177.70558190434198,322.61984483540743,484
67240000,169.82592256680817,295.67634589670416,484
67245000,147.80854159838364,327.0298507866111,484
67250000,159.84520123984643,279.8835915036262,484
67255000,164.38793462444465,351.93516420980325,484
67260000,180.16043422111917,234.34490641905398,484
67265000,153.83814165558536,226.90546636046184,484
67270000,166.24999489886383,309.01827956629626,484
67275000,190.66205845412907,306.4295691315561,484
67280000,184.22672665196058,286.5677982731371,484
67285000,142.65667101864983,248.9329905293352,484
67290000,142.00877222543588,274.81385025017966,484
67295000,187.50359320829816,369.566787990218,484
67300000,171.3055729081667,240.68576131966685,484
67305000,207.97923135666474,249.91045259153677,484
67310000,177.29112978856108,277.15621130484317,484
67315000,175.19030011556703,356.93459532320423,484
67320000,194.08508660210134,286.7605815308937,484
67325000,191.89597561760377,318.3415449469832,484
67330000,217.85746410963205,286.22028487627034,484
67335000,162.6628872634334,354.20950456371867,484
67340000,160.89741566017005,393.57161199756786,484
67345000,172.26888370305335,289.51732637048934,484
67350000,163.9069089470912,314.6823647723329,484
67355000,143.27319119088637,277.24165989920704,484
67360000,155.8901907609439,281.48103628333564,484
67365000,161.9239928242022,300.95946585936815,484
67370000,165.56505986536382,277.20601470080385,484
67375000,162.50126194143462,327.6530151092212,484
67380000,161.22668104949983,304.02501410662114,484
67385000,168.45063030450197,352.3138265183863,484
67390000,165.86151273876624,364.0565131431797,484
67395000,155.74300706819133,283.56043538237526,484
67400000,170.30666052896316,375.354365612844,484
67405000,133.69173508503684,315.82679856076226,484
67410000,154.80524885355055,308.9596745280724,484
67415000,152.36969480593137,289.7443908517736,484
67420000,159.26251973896336,334.09357125845884,484
67425000,192.98515029344412,236.67648745704707,484
67430000,167.25010332716482,285.03083534891397,484
67435000,195.26622119327618,321.04050914778514,484
67440000,197.20978398991193,327.57205380189635,484
67445000,143.39584183962745,236.5090839870208,484
67450000,161.97929927872815,340.30257039267974,484
67455000,169.61140127810953,313.19514692051325,484
67460000,174.81551192037207,316.3466725862105,484
67465000,171.22266717611447,254.4634229394086,484
67470000,189.66607662012248,272.54244481954254,484
67475000,187.83440776802522,305.11335354852326,484
67480000,145.675684261616,322.6984754232308,484
67485000,197.2666854320232,334.79905165618476,484
67490000,163.01462989916394,278.4881298731888,484
67495000,199.1859041243502,272.06177601137824,484
67500000,196.31133605903463,294.7296719354595,484
67505000,170.54984541665004,341.36237187208707,484
67510000,159.34761393513264,262.3733396385443,484
67515000,138.11554035972873,265.0922929894639,484
67520000,178.4158292570328,334.61810201621273,484
67525000,145.10462406307775,275.48096990282653,484
67530000,168.73217952739353,288.7791669204752,484
67535000,163.52787651072967,235.38861388540067,484
67540000,160.2516596597269,384.0344903187104,484
67545000,179.92190969931102,299.7787171301619,484
67550000,221.6689567159361,276.9447096276635,484
67555000,161.93742042568238,339.3365116425008,484
67560000,164.81927591504174,251.88403346203987,484
67565000,167.12270435393128,289.57669946941434,484
67570000,195.5415307729133,258.54419540602737,484
67575000,170.18447178460303,315.3933012178406,484
67580000,161.88385868328928,267.9004167128043,484
67585000,200.06977498345643,287.7813731998427,484
67590000,149.4575943428918,276.07128615466496,484
67595000,205.41523095102409,380.8460545154969,484
67600000,174.420060215676,266.296456901205,484
67605000,214.4757436515458,355.60602365465775,484
67610000,217.23999748917495,320.09588805842145,484
67615000,177.99999839812784,357.8641641947119,484
67620000,174.44401118480678,288.4331190110931,484
67625000,168.70543733865645,270.35160627397676,484
67630000,166.38239416716914,258.83017704514043,484
67635000,185.31663015664262,276.3826175425247,484
67640000,194.616292942764,246.36345168486795,484
67645000,169.84992367101103,293.5575774111234,484
67650000,152.30103950827225,297.3621858890886,484
67655000,237.25031635666846,326.50115299225746,484
67660000,156.9174775018993,313.32924159009167,484
67665000,166.62007660840675,291.97779355985546,484
67670000,194.57231711305525,320.87138277891984,484
67675000,164.45273893794757,341.04585792090427,484
67680000,177.9461211676079,338.34869966521364,484
67685000,196.70472326710063,204.80061459320274,484
67690000,165.24437646556015,261.12130653045364,484
67695000,165.521511750128,267.14763214053244,484
67700000,159.86677104884583,332.8876840631046,484
67705000,174.67189800201155,263.9378276277191,484
67710000,186.51201524473498,333.3928621566956,484
67715000,168.76756082750657,262.23378189555876,484
67720000,232.13921255182595,380.89269013378953,484
67725000,173.86384879584222,261.5706803959752,484
67730000,197.9177944935287,328.30941238783004,484
67735000,179.07225028918435,341.9145207614121,484
67740000,209.6110939943874,351.29672041726604,484
67745000,168.26896813158038,308.6677372813807,484
67750000,187.39784277458486,350.81418492758854,484
67755000,175.27110550513032,323.1584369459988,484
67760000,177.1522114924436,298.3357477459343,484
67765000,158.5240237838989,359.57855421281283,484
67770000,219.75999224420124,348.153809512889,484
67775000,141.0873113361378,232.2563863024712,484
67780000,177.31410540285614,290.4938346303837,484
67785000,175.8355994786691,287.69355150903766,484
67790000,174.9577963365244,275.71938101422313,484
67795000,172.47506940969956,348.6375326610636,484
67800000,179.475753905486,269.7224462759142,484
67805000,188.17250161537387,286.82535105478564,484
67810000,169.56381352093356,308.7800819606653,484
67815000,175.81316871988847,319.6597437047436,484
67820000,205.9658829158128,302.78634224908177,484
67825000,174.27852885031982,251.93980809006072,484
67830000,150.52813852769805,327.6314281477607,484
67835000,131.9081410217957,280.79632319776994,484
67840000,201.83335888949514,331.5965365039107,484
67845000,141.60779284845538,305.76755006017527,484
67850000,189.87259366286705,283.54485626924395,484
67855000,172.1152538732659,348.83854694582413,484
67860000,182.01409352814554,277.6285994680422,484
67865000,162.80346215400385,286.1848602415352,484
67870000,178.69315602379095,289.3063845039392,484
67875000,206.02482311359333,285.2123436123683,484
67880000,194.32312311953248,344.0084756323439,484
67885000,156.05860558926355,302.25721092601964,484
67890000,184.7507125232845,295.64265525778404,484
67895000,207.209298717127,225.80466485253146,484
67900000,140.70321412212442,295.0423402910589,484
67905000,172.86771267246596,292.3718128566167,484
67910000,159.873023013357,270.5915986380685,484
67915000,160.29902034808285,303.7059716387996,484
67920000,201.42663701186714,308.39628503181007,484
67925000,199.48197102590524,282.8147954779473,484
67930000,157.69181288213244,306.0432844915319,484
67935000,162.43306859683355,313.2612546709374,484
67940000,175.75726585556043,313.3569899824508,484
67945000,198.68297489047848,263.2995216299923,484
67950000,194.3743381840369,268.09916844883134,484
67955000,146.28703389111496,286.87684468633887,484
67960000,163.75145038610714,234.82790359369972,484
67965000,163.21084612404098,329.3163283760673,484
67970000,166.2820645066643,271.9230312447689,484
67975000,173.91140667441493,300.08155848885497,484
67980000,137.7418611710209,350.32490031778826,484
67985000,177.197104413529,313.7836190950038,484
67990000,172.55604360116158,297.892957284224,484
67995000,167.1548134410966,305.3358243356276,484
68000000,218.30787745895273,355.5066144200553,484
68005000,162.48251880350898,296.9362708708957,484
68010000,171.4755448441571,295.7983923443172,484
68015000,213.25999364977298,357.0930071780392,484
68020000,189.7215793467657,291.18418053091904,484
68025000,159.52441081347297,291.7838255701864,484
68030000,188.3749067893406,365.6498931964572,484
68035000,194.99313687868244,342.3406250743139,484
68040000,168.25449477063162,379.0813248112134,484
68045000,160.6144939589664,232.22043249809497,484
68050000,180.55072797929878,265.8847196322,484
68055000,186.71688797246642,300.03214402826,484
68060000,183.15637324549007,227.97788600822855,484
68065000,171.46924964584318,318.4117158381563,484
68070000,185.93162537227627,307.4304741558608,484
68075000,200.25914707562052,330.04449023144025,484
68080000,140.9400486535977,278.50400962899147,484
68085000,192.72250584731975,282.4130769755818,484
68090000,187.9130227494557,306.15110260900127,484
68095000,177.21336161263392,305.61092027783985,484
68100000,135.23008474878495,241.5768722515024,484
68105000,183.4388865862234,355.85857580448516,484
68110000,170.25436091662422,274.70763483746185,484
68115000,190.12521665730603,299.0239938620507,484
68120000,187.77351547721952,259.9513314622107,484
68125000,129.36746389086716,302.3712712711483,484
68130000,179.27954394524042,351.80451100991473,484
68135000,181.0176200073752,254.6681796339801,484
68140000,160.78627249234717,325.3514221777851,484
68145000,135.2974591478986,256.61178908501137,484
68150000,179.7455863624942,303.8206966410995,484
68155000,178.6914895927156,312.6186832261966,484
68160000,177.59556839734825,330.8147066646183,484
68165000,184.8723589008908,302.3065819896811,484
68170000,201.33106113111154,282.89684736850296,484
68175000,149.08746894462186,297.4622743406907,484
68180000,160.81097645595088,295.75991654295484,484
68185000,138.6154887819798,268.517424117965,484
68190000,172.78826851480227,250.90893319003516,484
68195000,182.08473092443563,291.50900942158614,484
68200000,126.13041886927158,300.9198598706633,484
68205000,213.55310342829043,344.6101761330905,484
68210000,154.7727279270995,281.66807432172664,484
68215000,197.86518721517558,330.7162654420938,484
68220000,165.56349137099855,290.0257420579098,484
68225000,187.59625202877316,330.76834487032687,484
68230000,170.07633130546796,288.5687525714629,484
68235000,163.00998871278705,271.18374726307405,484
68240000,169.15765153195247,331.01465774110045,484
68245000,184.0300243386596,316.07710940014,484
68250000,207.91505160781455,325.4741922163693,484
68255000,123.52282206257983,254.77360767609457,484
68260000,165.94775609427288,314.79294943570187,484
68265000,168.57559314788855,281.24365145557806,484
68270000,115.2334669174947,265.0034617709864,484
68275000,186.82407937689348,252.51630785519203,484
68280000,197.0190552718022,310.7834780201523,484
68285000,191.7290085569626,245.19356516051107,484
68290000,172.8679726738337,264.9578866088432,484
68295000,208.75013438533566,323.87747368991666,484
68300000,166.22709581711493,273.7835098947541,484
68305000,181.0181526499254,297.4652338376626,484
68310000,176.16422026881614,289.9607139466381,484
68315000,168.2767235101326,290.93353038724257,484
68320000,170.07675452555546,344.42315007350754,484
68325000,149.54491959725044,286.7661844727516,484
68330000,160.65504213591672,291.58104992267045,484
68335000,146.79335385546324,319.7114507217805,484
68340000,171.02301226551424,276.2867863200474,484
68345000,165.10177060259733,258.71929910498324,484
68350000,166.7932366607948,219.09703186651066,484
68355000,203.13966612078212,281.67967784511626,484
68360000,178.0748206231027,334.29247393490635,484
68365000,170.21016291714537,344.98557604276164,484
68370000,169.496227626786,253.28749742941997,484
68375000,230.80598061075435,265.03216158783056,484
68380000,182.57175553168204,294.6500313654829,484
68385000,194.0245262584786,255.68464457931844,484
68390000,166.15491772791825,269.66252710993814,484
68395000,181.83866672181514,359.52998746996076,484
68400000,180.0713948287344,313.0094600167869,484
68405000,220.87612296409765,317.09985166981085,484
68410000,147.18724472235724,257.90566906731357,484
68415000,171.3591323709387,364.53663938534976,484
68420000,164.09073310970908,301.02937231403126,484
68425000,194.8423022755306,304.3194432487436,484
68430000,146.67168422031168,255.61188889182623,484
68435000,152.74184964952934,304.1261755164723,484
68440000,155.67732530110317,237.9496689490665,484
68445000,200.0478665614813,322.96357937562624,484
68450000,166.4769826009469,299.5218738681426,484
68455000,250.42876098188114,282.736445250544,484
68460000,158.71018147956332,299.637534662052,484
68465000,167.447545360977,289.2209407778284,484
68470000,191.25794289269365,274.4883177843618,484
68475000,198.12469659830631,314.2453924087089,484
68480000,179.26232005735847,331.5999434180601,484
68485000,172.97735681606483,299.23455763402,484
68490000,167.07663062126358,308.4978685215129,484
68495000,152.58183039582082,276.1285718306556,484
68500000,174.3031399936508,298.00614270534777,484
68505000,159.30895917498248,282.0781294645897,484
68510000,188.3493524673761,312.63452537636647,484
68515000,145.2607277589263,293.0693548628239,484
68520000,187.53634169387803,311.1852652991715,484
68525000,144.02492894368385,292.90263487387796,484
68530000,162.27189672768915,309.0727633791855,484
68535000,219.20738875677475,264.0012756638309,484
68540000,181.17754492671736,297.6528919617605,484
68545000,175.14257816428133,271.82160792230525,484
68550000,168.80988159369474,264.93786542972305,484
68555000,174.2759858054932,330.4186271685033,484
68560000,150.96369664661896,313.59360594487913,484
68565000,157.10693778391558,258.6374974130434,484
68570000,160.8120446284787,293.85664090586016,484
68575000,161.09454021090608,303.7391035589856,484
68580000,233.2387857304939,314.99520387540207,484
68585000,142.03517063489977,314.7956037097699,484
68590000,171.10946918130963,236.87752174053605,484
68595000,144.23918619646898,252.58620924763164,484
68600000,173.9086984628801,273.4463582224541,484
68605000,222.95845200501037,265.35248770974675,484
68610000,155.95527148888104,288.3715723542996,484
68615000,168.17360940238126,277.44534466706324,484
68620000,175.82187053999868,298.33159461989544,484
68625000,191.4161699548636,312.88519425280504,484
68630000,127.31613114371491,290.84761975780276,484
68635000,195.18585359266035,290.6512807041224,484
68640000,152.71218995679976,275.44620252667795,484
68645000,174.53515793060654,280.5470419249008,484
68650000,134.1316686971668,288.3992624629712,484
68655000,179.87368512503127,327.0909093937744,484
68660000,187.24069370259502,305.31205937258875,484
68665000,161.50788265425751,299.4360669886599,484
68670000,179.14297267873462,184.94849209106076,484
68675000,166.25428266494615,284.9421176550401,484
68680000,198.4496452130224,279.62481021686284,484
68685000,207.61726398071883,298.3968548375766,484
68690000,184.8180192325911,337.4849148932797,484
68695000,162.25832034067625,297.940211290785,484
68700000,169.90738809874586,290.98872608620627,484
68705000,167.479404398845,282.9275498472592,484
68710000,182.91844107877102,342.4642487879758,484
68715000,185.97324866536013,287.9364550648319,484
68720000,173.6997638590582,340.1345826672527,484
68725000,176.76424590599444,325.773538520152,484
68730000,176.85942287989914,326.0053070099383,484
68735000,147.0191045026786,336.02666990198713,484
68740000,168.2587587424447,317.10731872951084,484
68745000,210.2980604677484,329.90641792979017,484
68750000,178.92021338077805,334.5729574388514,484
68755000,156.3211514521147,273.60836493639954,484
68760000,169.43832410306274,345.01980810475663,484
68765000,141.1227445522873,273.9771756170422,484
68770000,200.38188567117035,298.2894735738497,484
68775000,187.85702383338324,300.661265078798,484
68780000,188.81278122151608,289.66085762176164,484
68785000,167.39196268791076,278.4885160159108,484
68790000,162.13951953921548,391.5814670892779,484
68795000,204.39976144833128,333.1553639264205,484
68800000,127.42438460856371,320.7230586626557,484
68805000,173.61270156739857,312.3354718094251,484
68810000,178.76225599653228,307.17536089607734,484
68815000,158.9907083229268,331.0694225624389,484
68820000,163.74209612209123,286.90557167968905,484
68825000,188.86332856648806,332.7821164424247,484
68830000,149.77328602807657,343.32360062156346,484
68835000,171.06760660439664,245.3232149534712,484
68840000,207.6948459065234,322.4903556185399,484
68845000,161.033142778263,376.73059059413157,484
68850000,154.02400857537705,286.2223654123036,484
68855000,171.7941534370889,289.5987459975815,484
68860000,153.56962750262412,368.498395129955,484
68865000,133.7450505012308,275.1401387951823,484
68870000,172.65658040761016,290.3374560668937,484
68875000,171.90854160952625,279.84377717285287,484
68880000,224.8595202041602,293.1653172161293,484
68885000,155.09347791527247,356.28302371249134,484
68890000,229.4411322057609,295.86665027096865,484
68895000,145.763600170708,278.8989889557232,484
68900000,160.00229863053465,271.53799514169805,484
68905000,168.28102302265555,283.05626424083897,484
68910000,184.685391045708,235.7779709039873,484
68915000,150.5487110205234,309.7959457479825,484
68920000,194.5073236394233,293.2468588892598,484
68925000,154.7747673561612,261.8348337609605,484
68930000,150.67855636759225,333.85787064618876,484
68935000,159.57023361603206,315.88473763815136,484
68940000,184.05401477804256,388.9690363813668,484
68945000,169.66672215926044,297.40531955652256,484
68950000,185.45566905963523,297.32900062115397,484
68955000,164.5312783343634,263.03135995874356,484
68960000,146.30985187274948,333.3115986954037,484
68965000,164.8853793006629,285.21647398143784,484
68970000,160.51894297414168,344.51534148073597,484
68975000,198.42163804708207,308.3343204786442,484
68980000,172.84008664022974,268.2888231580556,484
68985000,168.0853316176871,314.04806189185894,484
68990000,164.30131517113094,293.79396049233463,484
68995000,191.18413070564017,270.2072274614268,484
69000000,183.76072296214332,303.8725792859284,484
69005000,165.79433994677098,314.04316531251953,484
69010000,200.40460037399313,342.4193747383448,484
69015000,157.06615444977604,289.6857580545854,484
69020000,192.420207066806,291.37016652913627,484
69025000,157.30276383602103,271.8682307844489,484
69030000,178.10267699707381,275.81908224709144,484
69035000,138.36890417511415,308.4898122946665,484
69040000,172.2201003877879,245.81918215975645,484
69045000,157.10705861823692,294.5962596248123,484
69050000,203.15991400711943,318.66609949760635,484
69055000,177.96309372282855,349.03072890694267,484
69060000,160.10756545373528,293.0022840853111,484
69065000,234.06981450806978,327.75456091782684,484
69070000,202.04040616834712,312.9506748174046,484
69075000,186.88837075096413,297.2756157183475,484
69080000,193.68122790498674,332.78566841451226,484
69085000,177.18451672019768,282.2860145159837,484
69090000,182.39785788056295,264.4982250379417,484
69095000,161.5626241495925,225.62811640523435,484
69100000,144.18297228397552,286.89774496473865,484
69105000,177.5707005086544,289.8981854825911,484
69110000,158.5721610365458,288.23687545663586,484
69115000,139.6343270915928,286.906649110806,484
69120000,154.89943787109786,267.0678745489818,484
69125000,163.50456917914119,309.24448842168096,484
69130000,158.88010238344918,310.2606409528718,484
69135000,151.12450312356827,330.2247120015043,484
69140000,174.15555852002717,284.4087900960844,484
69145000,157.07555787663995,262.5398618546765,484
69150000,171.93949720337437,379.68757926478185,484
69155000,178.12903946594034,273.4409836415134,484
69160000,200.77383996162175,283.71909642178144,484
69165000,185.700891340809,306.1129543048662,484
69170000,174.64748018238262,282.2438376942815,484
69175000,193.15508736664728,356.10249036845545,484
69180000,174.70052788552383,295.8155046465699,484
69185000,157.78730543199944,317.82475722326797,484
69190000,154.47474480568457,338.80661590822734,484
69195000,150.49490293054785,287.17648791418105,484
69200000,192.15859574112454,300.58630076520126,484
69205000,171.38935032979626,305.1641094508127,484
69210000,168.43537471016438,267.8068056073633,484
69215000,192.773920369326,312.55534125179236,484
69220000,188.65794323748062,343.363475393166,484
69225000,144.69636352792025,261.51581396095344,484
69230000,141.8685117847307,301.82246628557954,484
69235000,192.8793253927814,310.92827127497713,484
69240000,199.0178787035927,303.29292242960105,484
69245000,187.46213948334542,306.6111355266635,484
69250000,172.33957530560338,249.4492005866565,484
69255000,185.28042661712482,322.5307465076556,484
69260000,199.31527820814557,278.93786310244985,484
69265000,219.11351049726693,319.17648980034204,484
69270000,212.76417178891305,273.8971670650455,484
69275000,148.39117128585755,328.698540744857,484
69280000,181.16272291199667,324.90369120499406,484
69285000,181.45165480234732,346.56180443019474,484
69290000,174.13619593136616,324.01303557877327,484
69295000,164.47535205601903,310.0304758268429,484
69300000,186.0042562872535,290.76478036515863,484
69305000,176.78536376776634,310.2062302248921,484
69310000,152.83970714925297,312.66028869374935,484
69315000,144.44045193742073,323.00208729530385,484
69320000,165.889996556674,305.55211262266016,484
69325000,160.7919813869421,286.6132856070665,484
69330000,151.60897583361006,325.4284672972238,484
69335000,196.90632732927193,337.20315528896265,484
69340000,205.56639153754446,319.4846834258541,484
69345000,171.62692849098318,335.57391428900024,484
69350000,148.0537445745226,290.1466809872541,484
69355000,162.43970105590344,272.48696137479754,484
69360000,172.44982096931463,336.8407097740176,484
69365000,146.72945035353243,261.77713362662666,484
69370000,183.8940756282264,373.81235163817956,484
69375000,160.01348482194072,273.3993811253282,484
69380000,169.12004187898253,342.4059127421873,484
69385000,207.82669713830532,284.8691287823076,484
69390000,196.1154587641511,293.1724332285384,484
69395000,170.15766883711893,313.04641880922816,484
69400000,195.71895542463633,280.88964677135635,484
69405000,178.64388218117648,343.27921286051566,484
69410000,169.58590168684074,270.2883698760915,484
69415000,218.08439105416113,231.53594011299847,484
69420000,182.180890168277,317.542558590456,484
69425000,178.4174198535512,309.250572479579,484
69430000,189.28878495208141,308.3861564054984,484
69435000,159.7604356552657,280.5492537208796,484
69440000,192.68008550622113,300.77848710627666,484
69445000,150.28294236502103,417.6495756957926,484
69450000,162.33630698853668,259.00540908552443,484
69455000,132.23306273282668,317.42476136365264,484
69460000,181.6011757015421,313.54626080306093,484
69465000,184.9256513954353,269.8036995370726,484
69470000,161.89022272549897,333.6492385296075,484
69475000,152.2882905737285,326.2293486249864,484
69480000,194.54553130859,301.0308486464267,484
69485000,186.6766518764287,296.50734845465973,484
69490000,170.25047940127908,332.53453836420186,484
69495000,171.9048602821409,322.2849026120726,484
69500000,178.39382288183722,300.13968769703706,484
69505000,194.1519351947235,312.00916574658265,484
69510000,218.18380552597904,223.8719068208523,484
69515000,161.2625396629736,263.5192874769206,484
69520000,189.03928722926364,273.5267514492277,484
69525000,190.58653987108752,277.41723148391037,484
69530000,190.124257126317,316.65139824714845,484
69535000,162.13942346068436,306.528528919311,484
69540000,183.30616503927828,230.8725996344261,484
69545000,171.8982680556158,278.32735385027684,484
69550000,170.478852551742,279.7766448413009,484
69555000,218.6037319110456,270.0584633896993,484
69560000,139.70507197842656,267.7221846560723,484
69565000,174.64431368084087,331.46248290199554,484
69570000,168.87432471322128,339.52406571182394,484
69575000,195.95409059434706,254.61655616004475,484
69580000,207.62572123965623,324.4440937994529,484
69585000,170.8666119995784,347.8299747042458,484
69590000,174.12279564850914,334.5725700590166,484
69595000,171.04678045309254,313.7910629354137,484
69600000,188.88835285029165,396.5152188172354,484
69605000,184.04167396262625,297.2437390595831,484
69610000,202.9749399277012,244.3409059679165,484
69615000,171.955868261159,298.66398078413494,484
69620000,162.32545690190972,271.33698914577894,484
69625000,209.7154827288488,331.9099236395405,484
69630000,205.5528097484205,338.4863674938292,484
69635000,212.1404287630991,274.72071401975666,484
69640000,190.33895824776033,297.9182387649,484
69645000,193.65830777711136,254.1085318515198,484
69650000,169.7687940048096,270.7922652346344,484
69655000,203.64139404481426,302.199777288054,484
69660000,151.80996061292376,344.78222737973175,484
69665000,175.46078088082086,350.7158654878057,484
69670000,166.62881619374892,331.79801338153794,484
69675000,156.00440857454035,308.5531501214231,484
69680000,212.89657559861539,287.1965525895979,484
69685000,131.61491278033265,315.7125381174031,484
69690000,189.51772520780455,300.50434802186015,484
69695000,218.65238456243898,257.50054795044736,484
69700000,183.42068290222699,265.0847132843482,484
69705000,171.89731996063333,325.87913340666273,484
69710000,194.06661568489946,401.32995997365987,484
69715000,145.81629180513534,286.45067199889354,484
69720000,163.41146001396115,342.75872014720517,484
69725000,173.09043152888597,334.827368324615,484
69730000,201.5671064058238,306.10997984111765,484
69735000,190.42978697705303,304.5122301476039,484
69740000,167.71421277644396,359.3446063899492,484
69745000,160.68983864528306,252.53409293837592,484
69750000,187.45786484024302,346.8841610386963,484
69755000,163.61078978827575,258.9406738776313,484
69760000,175.70703942903123,259.208229074989,484
69765000,186.11562211578234,341.62200430282684,484
69770000,141.6480953692155,368.28294709314076,484
69775000,207.69389731775078,282.79734423547757,484
69780000,174.0640882181264,250.06366202413483,484
69785000,176.60394947977147,315.6283141198128,484
69790000,172.90711478456322,324.9035248927237,484
69795000,171.83092017852192,238.51169385784746,484
69800000,163.5105371815563,235.3071788207431,484
69805000,202.07342942842877,312.6015634096159,484
69810000,121.28924432667235,275.7567518020313,484
69815000,130.27769693878673,261.5653644209129,484
69820000,147.98079581388916,253.8947010227829,484
69825000,181.02149016210473,352.6175088248507,484
69830000,188.30489403504762,341.236292833172,484
69835000,170.66098387763657,284.5935947610539,484
69840000,150.7065505626688,271.57790196060864,484
69845000,173.86581991047268,272.5823733435093,484
69850000,152.6780780844844,281.4938131594776,484
69855000,192.55254595506307,345.8104058147293,484
69860000,173.49618914860017,362.87895152249337,484
69865000,176.60243646099747,239.414937280715,484
69870000,123.38459138567173,293.64178888481064,484
69875000,152.29779255190007,242.20881279211852,484
69880000,162.80253121710194,310.80038403769544,484
69885000,220.55295114838893,244.29499038593116,484
69890000,203.58599927094406,277.65919735572146,484
69895000,173.6095994052915,267.3420057379039,484
69900000,172.14957396025082,344.59041556246365,484
69905000,163.49550204039195,278.62152480930257,484
69910000,156.5449942321399,275.56302377252416,484
69915000,191.2038434871705,298.5197192087675,484
69920000,162.72766764731435,308.3689822451842,484
69925000,161.69498853464407,277.5261123568345,484
69930000,177.3588283034536,308.34373323648515,484
69935000,172.08762027763947,281.55850705730256,484
69940000,194.9758634661306,314.91100743752116,484
69945000,190.48470313063933,225.12009602484915,484
69950000,177.36418399985465,299.51970814516113,484
69955000,199.74304293907355,309.6713161755898,484
69960000,164.20875384600072,261.257531510076,484
69965000,156.0088244138731,313.3678916821738,484
69970000,191.8571409810193,308.7074346418902,484
69975000,142.279992488554,283.49601576306145,484
69980000,192.67938896571724,302.50726743958097,484
69985000,176.79886116452244,266.74714368490027,484
69990000,218.77748377174834,285.57892534434,484
69995000,176.84530997211982,276.664593152301,484
70000000,170.4829401075883,309.9760507067529,484
70005000,192.44022232349946,300.0536509534383,484
70010000,193.59039650642072,332.09440566181024,484
70015000,157.8854546830993,324.5974755504393,484
70020000,198.2302253069608,325.4894095996754,484
70025000,124.4484013165256,305.44477610382694,484
70030000,154.78612207390344,271.8945458611882,484
70035000,172.47940592580414,236.5425262494946,484
70040000,168.77585051188626,249.07538570558418,484
70045000,159.48684581530506,291.7956855338441,484
70050000,212.4494643072889,327.89889278100685,484
70055000,169.48340907554365,229.7444182995404,484
70060000,168.56832619560242,273.97223963312,484
70065000,179.2792510557677,297.03421824473406,484
70070000,214.02335035707284,285.5442991330159,484
70075000,230.9433860419865,392.67883232658403,484
70080000,179.46328748614567,270.0223631645156,484
70085000,157.3361354814144,305.65766465874964,484
70090000,175.16731421285184,344.5460624644775,484
70095000,149.23109154603125,314.6648762857463,484
70100000,167.1773573669148,266.1611616234807,484
70105000,189.67662242520223,273.0283808868711,484
70110000,152.82878487720794,265.15465868873673,484
70115000,174.57134432317196,286.5692744717849,484
70120000,160.23310482811985,305.3712958913152,484
70125000,166.0288146177352,325.8483922867765,484
70130000,195.9507814895667,323.9007510273088,484
70135000,181.28283969701576,301.41277290984453,484
70140000,186.56910487878187,287.90221664676403,484
70145000,212.39311541344958,344.21735081635745,484
70150000,225.2734539909537,328.87558555080983,484
70155000,183.85049607402814,261.23593546206274,484
70160000,178.9683845189054,318.63324312523395,484
70165000,160.33579400212736,283.14357225795004,484
70170000,156.91928979625146,338.387090150246,484
70175000,188.16499300143056,293.8737817994098,484
70180000,165.87642577514617,438.12281291042297,484
70185000,170.5930093363281,274.50085949959146,484
70190000,149.59132983040263,292.58334540153305,484
70195000,156.3791453298828,325.6166609528219,484
70200000,165.3700162218526,299.4009378033322,484
70205000,205.2654272948983,325.32609801372803,484
70210000,177.9930968720913,295.7790274504065,484
70215000,174.48993736168333,303.22354814632496,484
70220000,194.77164876070864,347.94395418905606,484
70225000,176.4291579342164,310.7010085361341,484
70230000,132.6572601147231,248.4431307094242,484
70235000,158.3537470372704,284.3707412543814,484
70240000,204.87245776570208,286.66732358510393,484
70245000,173.32371239545137,334.219538071864,484
70250000,158.97297719985602,235.01375310218438,484
70255000,160.8284545145276,297.3612875590898,484
70260000,192.7977335569994,283.0445103807603,484
70265000,181.64836736905087,284.6436380418235,484
70270000,183.38525730470153,274.6402472242218,484
70275000,171.8586514708516,302.78915703477287,484
70280000,180.12796577669948,313.09080123267427,484
70285000,166.58219569955057,293.7947646140194,484
70290000,204.60079032202128,364.06587615318267,484
70295000,172.6120396234105,278.8265984046424,484
70300000,168.53952836450352,297.7549057930373,484
70305000,167.9740705896526,292.0814082834445,484
70310000,201.56243595792327,290.4605533154463,484
70315000,209.86054321298042,329.8542857603137,484
70320000,147.0085697675372,263.08755647316485,484
70325000,166.25231382511555,326.89718104802245,484
70330000,170.68260106340585,282.0793056817665,484
70335000,184.1595264626928,404.5804829531644,484
70340000,192.97952730306287,324.2818292633631,484
70345000,183.93566376201233,277.5406638097943,484
70350000,204.8694907655528,330.1277870144655,484
70355000,146.36491184753714,374.40037485361694,484
70360000,193.17858396771294,336.4196935963139,484
70365000,137.90794833763965,302.52272698088814,484
70370000,186.18093498250053,359.2377752715041,484
70375000,184.04302913241554,265.0258237657906,484
70380000,188.62720275404604,336.7425901718054,484
70385000,160.14757241583226,351.83434198644227,484
70390000,155.96961783467015,284.9937228087572,484
70395000,131.8919427947862,253.06663490685744,484
70400000,177.67288997745263,289.57242044935316,484
70405000,177.5881174289652,307.60635050253467,484
70410000,161.44641831884974,258.6026231059738,484
70415000,212.72200155724497,339.8962694128311,484
70420000,161.3400022194568,307.6455423487237,484
70425000,181.27067780512243,279.06817875132623,484
70430000,212.7617652536911,335.8449923416185,484
70435000,220.53165179266193,316.5325182838963,484
70440000,159.89209926089362,285.73293070073913,484
70445000,164.41503495740292,303.0513068482815,484
70450000,176.39062680953856,296.8371730373077,484
70455000,155.19182895457084,332.3408019295468,484
70460000,164.61107019393188,315.77352877478523,484
70465000,130.22147929214475,283.958656275988,484
70470000,164.93710014369776,264.9362130800742,484
70475000,180.69837650435352,313.05905891246283,484
70480000,148.26701969643784,279.72774242537616,484
70485000,166.1827561597938,360.6341717616406,484
70490000,162.32463484027733,319.53695915975123,484
70495000,148.27127533770204,295.020137288683,484
70500000,173.0371066021709,252.6339112429926,484
70505000,187.4805111004671,296.34225888789274,484
70510000,199.2887811989231,312.11680070278175,484
70515000,175.1398221208875,359.9977758730206,484
70520000,147.24624001767026,308.53477719452746,484
70525000,190.83450523018993,272.0580487547558,484
70530000,175.63439822792841,330.7108172966525,484
70535000,145.92433260485973,295.26342752193517,484
70540000,168.5198696207709,293.9514561778381,484
70545000,186.3235433657415,310.4377082523521,484
70550000,185.7479172305975,329.7018899078078,484
70555000,149.4755869673531,349.46529246713226,484
70560000,125.37891396472236,293.52979710025386,484
70565000,164.85144756633792,325.9338923948941,484
70570000,128.52307102404353,295.69707060324197,484
70575000,180.00371247231402,250.5079239707267,484
70580000,186.59032374096086,345.25358932835894,484
70585000,164.1079789010834,335.1678215948016,484
70590000,150.20833985023455,249.7579654096555,484
70595000,153.9724914241184,234.1621125389993,484
70600000,166.22375947085558,274.0880767701944,484
70605000,189.28307011352925,302.48035180794176,484
70610000,146.67051179263152,234.38220993979186,484
70615000,140.00539058015454,274.8994379485113,484
70620000,151.64817970626038,328.17551419969294,484
70625000,129.02628576885013,300.927109519154,484
70630000,140.64795619602504,316.276817423681,484
70635000,131.67635036149963,300.26816941586264,484
70640000,204.52838316822147,254.21083682282435,484
70645000,176.77512958580976,272.78810788619245,484
70650000,177.3133390718756,304.30234526568756,484
70655000,195.90940797633013,402.36693218202504,484
70660000,193.87888724490946,296.6787313580038,484
70665000,175.16268056627482,239.6979728583064,484
70670000,150.0641968577283,317.02830582598875,484
70675000,156.99096581767984,275.84900350364234,484
70680000,151.03845206048268,302.5963056694493,484
70685000,156.8936339829289,299.9084094424197,484
70690000,168.82219952245197,314.5064112363724,484
70695000,151.9464615203227,305.742646974514,484
70700000,188.22485450260783,352.35425280101373,484
70705000,167.26715395103474,252.8885356997517,484
70710000,167.9333165730617,282.29849946778387,484
70715000,153.04579708890122,255.13425106534692,484
70720000,145.88078295324928,290.11181506640133,484
70725000,162.59430857017094,267.8743596025684,484
70730000,159.7582902780905,284.2030260557313,484
70735000,165.79589830303854,289.01747738591615,484
70740000,144.2394098475976,288.92106642897755,484
70745000,196.85471949112423,241.131200375387,484
70750000,179.09212616428226,277.93354367275856,484
70755000,123.20922101757789,241.47613380577098,484
70760000,179.64874385225363,328.41522128590617,484
70765000,156.1682504863544,327.20817705334963,484
70770000,203.1447243926208,318.93566859300347,484
70775000,214.23651006410444,306.14759063066447,484
70780000,156.8803266275051,283.91381769325363,484
70785000,207.87908569095052,233.9751705168605,484
70790000,209.55102249618966,307.89349519556436,484
70795000,171.01366713145708,328.22006271174337,484
70800000,217.4438329005335,312.0757930017501,484
70805000,174.07336801435972,292.6491009083749,484
70810000,185.04603559971451,298.57369156735007,484
70815000,195.3567889137517,284.5175730197699,484
70820000,161.09214172170027,243.39298971427704,484
70825000,155.18107740431253,289.0097910835193,484
70830000,181.29920347759247,328.7964660024425,484
70835000,158.98609748795022,257.914362616871,484
70840000,135.79751775552208,269.1110081116356,484
70845000,165.932397815469,312.1207585185279,484
70850000,167.9473769108663,257.03925527282587,484
70855000,175.86682985952268,330.5610880111535,484
70860000,228.8620902453809,310.47235735340547,484
70865000,217.78506134254428,320.2137949708055,484
70870000,171.65749004951036,289.52600364113704,484
70875000,160.42777989863188,286.44398112954065,484
70880000,181.74896092256827,319.54619391135066,484
70885000,162.25052305228377,313.0407341731062,484
70890000,184.52452681860325,228.77468753996902,484
70895000,194.0208246308765,340.7501288893156,484
70900000,164.813818021793,334.915012416281,484
70905000,159.29697732342908,284.02474733278683,484
70910000,171.22655702721912,310.1953159753762,484
70915000,183.0389817002895,306.30066140393643,484
70920000,234.33762659811714,303.4367154767084,484
70925000,196.9363323763782,265.79146565415857,484
70930000,158.30014541568363,268.39275074348217,484
70935000,154.5024436113557,302.21308959972015,484
70940000,181.97059700613934,267.2220418670743,484
70945000,160.01634401976702,333.632540695702,484
70950000,184.61113170589414,306.07884856672996,484
70955000,205.5544933942266,383.8795595220441,484
70960000,216.96540501256027,329.60722784642184,484
70965000,181.6548120630794,307.3239535563123,484
70970000,165.76499049815382,290.3900434005202,484
70975000,195.78586929773624,311.93489038762044,484
70980000,158.2668211724867,286.3812618539602,484
70985000,174.87229592854925,272.1231125092159,484
70990000,201.37150832787333,356.8681060441012,484
70995000,153.13588843215913,375.45677111186035,484
71000000,171.15985204743288,295.81173480891977,484
71005000,205.2305310081189,284.8549377259702,484
71010000,140.2859753809951,263.44664298655056,484
71015000,183.88111324505337,295.34356315023166,484
71020000,175.25380931812185,300.98416405526115,484
71025000,156.04920490603644,324.87899517883835,484
71030000,191.47266477048518,309.7752336270941,484
71035000,214.14425119757448,357.2520203432259,484
71040000,143.62842318185312,287.5523611204364,484
71045000,198.87747187643902,330.07098866057623,484
71050000,192.40345867914303,421.3991218503015,484
71055000,161.88859390904244,281.33110781586987,484
71060000,194.97458104645477,297.63575915471347,484
71065000,196.74968645746534,296.812967559751,484
71070000,145.73026230548146,311.7167352382278,484
71075000,167.24563634282012,265.6700787642034,484
71080000,195.6259042993637,280.9624695116593,484
71085000,181.65538696907464,252.38453662985992,484
71090000,172.0833121497254,264.90789709890373,484
71095000,172.6175281438178,323.51030078192315,484
71100000,196.73419352396783,358.0622897352449,484
71105000,142.02191918862724,325.6793708650664,484
71110000,156.53091207978815,280.04444522200623,484
71115000,169.52716452766535,264.65779337330525,484
71120000,178.99247405357244,313.1331476890327,484
71125000,161.87920014622304,280.799302055575,484
71130000,169.92272728845148,278.4844894416,484
71135000,190.23594466461992,293.02251802075943,484
71140000,171.75513428398492,313.5858281404856,484
71145000,149.71470157657131,327.0119671869163,484
71150000,163.08046369837768,296.86492127420246,484
71155000,150.85954396311445,364.55401476855286,484
71160000,161.28710991169007,317.210687679596,484
71165000,158.3238524594933,258.2043717943988,484
71170000,174.27639081778602,300.1527872988889,484
71175000,149.0941147758081,297.1277062140173,484
71180000,182.21774293416283,303.53486457917353,484
71185000,161.09443860721126,279.1759882890158,484
71190000,175.74178043097209,286.53637987104077,484
71195000,132.40445945773303,242.1696926472061,484
71200000,183.1234445343737,244.700877547199,484
71205000,195.85423738221317,330.88995378924886,484
71210000,209.07874940966164,341.2773552919824,484
71215000,144.7763666739092,244.1818666341514,484
71220000,199.4891749822224,360.79007521940474,484
71225000,197.6104179546875,319.9814853609414,484
71230000,213.56385441067886,314.48086766882136,484
71235000,210.89801457759933,283.3862960257614,484
71240000,164.1360407875771,266.1716879853109,484
71245000,171.91147689936406,293.3296348006935,484
71250000,135.39110507948004,247.01408635777386,484
71255000,166.1201906893898,266.09054994265335,484
71260000,180.57063894637892,282.91894847346134,484
71265000,149.813160384557,264.16802347940234,484
71270000,178.95510571691497,290.7367907854241,484
71275000,136.7106133282233,328.5674619197386,484
71280000,156.01587873201404,353.0027438923378,484
71285000,151.72448510135922,248.1126932060216,484
71290000,171.05176607648116,287.0082332309797,484
71295000,160.20835045482482,339.96916868628455,484
71300000,157.70574656831965,401.8324290739831,484
71305000,201.1772591941303,307.54307007161714,484
71310000,196.16476280916487,365.00695132545195,484
71315000,191.73973114346776,315.879643305013,484
71320000,167.42765005329414,282.6459403807689,484
71325000,135.76025202408024,217.725868283485,484
71330000,193.86226776278224,287.25498720934473,484
71335000,170.4535728282887,274.4508188926401,484
71340000,148.06348414140257,262.86246048510753,484
71345000,162.84067481425424,336.70855832888515,484
71350000,166.5319719747187,285.36163036228845,485
71355000,236.6516737857852,240.06673433400513,485
71360000,159.05068742130905,274.71605720207157,484
71365000,156.77028986131546,321.81581760988826,484
71370000,174.85714096034002,340.36996018672687,484
71375000,167.4371140906953,306.0541725972943,484
71380000,194.16835820293926,245.80919654104127,484
71385000,151.28968989787091,333.0773504593896,485
71390000,226.91612277387003,298.312033146886,485
71395000,151.08592527993912,267.48370900446935,485
71400000,228.67386753852534,305.64630140138036,484
71405000,216.24675459897156,327.6068888380584,484
71410000,197.95721597851303,292.48821072390734,485
71415000,184.49650404970905,292.29660870989505,485
71420000,218.4314111991939,256.62713842255096,485
71425000,186.82547914494,292.1673173416847,485
71430000,161.2864808434318,299.2618218106622,485
71435000,188.96919346268908,304.0103196853362,485
71440000,181.91624480964225,290.7395606429351,485
71445000,200.69131449786488,321.09286726000954,485
71450000,169.66908300138428,317.6539862076549,485
71455000,177.4363604897375,238.89193167930725,485
71460000,169.0145973492648,312.0481201972921,485
71465000,189.665444028577,349.6628298047932,485
71470000,203.98132119235007,315.9940851455383,485
71475000,133.00835780868857,300.8120900036909,485
71480000,201.0249741616483,402.0577922062504,485
71485000,189.25362605417172,287.8795271985267,485
71490000,189.0019447327275,304.6144418622105,485
71495000,192.39176981451277,308.20986977731695,485
71500000,162.04105597708568,252.17746582248813,485
71505000,161.94768359828706,283.83897916613535,485
71510000,170.314224862573,268.2104389406492,485
71515000,174.93528150693916,268.35664633980576,485
71520000,194.42910068652287,253.1801987404146,485
71525000,186.897118305547,289.4799941581785,485
71530000,174.2946109812952,309.66924790722004,485
71535000,171.97368526305883,312.0487574230062,485
71540000,153.77698067202772,316.9609926916386,485
71545000,227.93139347098327,423.005458244789,485
71550000,180.1260605805499,274.4543458509282,485
71555000,224.01928312625947,272.3667130432728,485
71560000,177.10821443737012,227.13427814943495,485
71565000,173.1423048714554,305.7592572770848,485
71570000,186.97027327610624,352.9115512800686,485
71575000,200.38366307328087,361.29917020411455,485
71580000,164.20614213324183,325.83943144293124,485
71585000,166.30831234648196,379.08842945950886,484
71590000,209.53642057328165,339.9514670365218,484
71595000,156.66547919705692,325.7130700452721,484
71600000,159.15980494608067,388.2132917126152,484
71605000,168.0195273205905,322.0913253261475,484
71610000,198.6809085406567,260.04913009404294,484
71615000,199.97632501756652,307.7594489268273,484
71620000,169.82832985482762,333.59767919976736,484
71625000,170.01338839017265,286.31553614378294,484
71630000,151.36971739587318,358.01328291634167,484
71635000,172.05508286630496,300.30879773165503,484
71640000,156.3790449058226,313.13273046175885,484
71645000,174.66209261657033,277.85784630417874,484
71650000,151.4877041278297,248.13111698283282,484
71655000,160.89486642257987,253.81259674303368,484
71660000,156.81063741660535,302.3266930109691,484
71665000,200.48223708283123,332.87023034238103,484
71670000,141.3701431087418,312.884698598358,484
71675000,166.86661545578184,309.0504356057818,484
71680000,159.28169223080226,307.2049729531403,484
71685000,162.5438618810498,267.91496764550675,484
71690000,179.62884458431313,274.50241963538963,484
71695000,154.3676910772902,250.1445552479298,484
71700000,189.78115352275984,319.043821708907,484
71705000,149.93164317635993,292.3003836989988,484
71710000,178.0626177283872,333.75234421261825,484
71715000,180.06230896952272,280.6517181089992,484
71720000,194.03703662344242,326.7659991853901,484
71725000,153.90900110205854,246.9558743758151,484
71730000,196.06492952614616,334.35796034872135,484
71735000,161.46492126084115,261.2886792784356,484
71740000,159.50967591463635,291.61275426301444,484
71745000,155.94478036769326,272.34968116537055,484
71750000,185.63211582032892,298.8467313687088,484
71755000,157.80274299748314,315.2336071290702,484
71760000,163.80442742769696,319.39440892808796,484
71765000,173.09844467520762,334.69671170156204,484
71770000,181.9123392185726,296.68102563312664,484
71775000,218.5339493046427,314.81365827747095,484
71780000,141.63630934385338,231.70049497755858,484
71785000,132.77070896206445,318.6124423334866,484
71790000,143.03671502353717,270.7993805210491,484
71795000,145.0708389351028,332.21976533656147,484
71800000,189.177834631286,310.09781325744547,484
71805000,179.29050925457975,272.8948281844831,484
71810000,195.8248156702841,305.17705678982,484
71815000,156.100515698071,268.9728319454252,484
71820000,189.3336285813711,248.47296339448567,484
71825000,168.74137798816722,270.5026503642047,484
71830000,166.22964730803258,264.7769554787945,484
71835000,170.9402070623346,311.8758995239647,484
71840000,160.83494073289867,277.5495579760728,484
71845000,161.2744907649443,265.63657157973574,484
71850000,135.68068169327591,288.0760503287251,484
71855000,164.94071777182808,340.21425628044807,484
71860000,160.64936626120797,291.1284856675132,484
71865000,210.39519489555036,295.94562970264485,484
71870000,167.49802058183985,257.9038139914862,484
71875000,171.60795780472185,294.69770696774395,484
71880000,199.08097730602327,294.6842332982224,484
71885000,153.62407947023215,247.6801632748986,484
71890000,162.51269175627505,348.6201016236847,484
71895000,148.7202076768087,245.08943249059783,484
71900000,153.89684999972786,277.67942768903265,484
71905000,136.81241610031708,288.12407166559683,484
71910000,167.10748475432905,316.8384546133491,484
71915000,162.00265354104664,293.8066272218415,484
71920000,172.9634286490676,309.90260533887744,484
71925000,179.0695134120542,342.01942280595847,484
71930000,171.68518223990992,275.56485724408964,484
71935000,181.73980373469962,311.13430792210414,484
71940000,182.36869166703502,278.0308155257666,484
71945000,189.05733782586483,285.27856772802954,484
71950000,203.21850841358844,303.27417763403315,484
71955000,151.92436220182083,307.68762133476116,484
71960000,164.76973002615236,275.8268403718709,484
71965000,136.72659892493408,264.63634523959763,484
71970000,161.03865046451156,316.1848248631116,484
71975000,187.65103810062354,315.5023910311565,484
71980000,146.9940706782496,316.18937814594705,484
71985000,154.27155677756355,310.71508040029335,484
71990000,204.27478650656275,311.9637921266581,484
71995000,202.15804991141528,290.9448993699962,484
72000000,171.90864209044838,280.2967895918769,484
72005000,149.61413225412926,277.46738538247854,484
72010000,151.25777782903478,310.95519158085574,484
72015000,194.57443586296745,240.16359553693795,484
72020000,200.4360835883796,343.8818838378865,484
72025000,162.33780109163732,243.90591803984694,484
72030000,154.98509030843087,342.1659527935211,484
72035000,200.42611902717036,265.2481894936114,484
72040000,152.64661376853698,286.8238353965033,484
72045000,166.55943371252033,272.92750114367817,484
72050000,146.95503761334706,302.4616245897107,484
72055000,142.38396167305643,318.13315979079425,484
72060000,154.34084604368041,273.80110934190367,484
72065000,202.26578047957906,310.0249808710158,484
72070000,135.026632996415,292.6958128546024,484
72075000,157.22498605583033,299.2402513225208,484
72080000,151.20848777337784,265.73707448101396,484
72085000,203.6407713517068,288.5826258502225,484
72090000,170.20599650269605,280.32925659880317,484
72095000,192.1902537963061,304.9076267160496,484
72100000,134.0087753364685,312.54345924336207,484
72105000,153.21352894075284,327.20450232488355,484
72110000,179.10350058124874,316.0264177987784,484
72115000,198.63009810721337,302.30352494686673,484
72120000,161.52440635713688,255.1679057853919,484
72125000,194.77832131404176,270.09606472725164,484
72130000,168.28864634546505,266.0931110209222,484
72135000,146.40054350851756,286.2698841793195,484
72140000,190.77079642946768,265.1740553975419,484
72145000,165.45753513037204,269.9081692601741,484
72150000,136.53369340559533,273.3632723659021,484
72155000,143.55909396008377,326.3474796529717,484
72160000,171.52446793763298,228.69787475155027,484
72165000,160.94340134846905,315.27404791904604,484
72170000,177.80645845043978,285.8668120408593,484
72175000,208.30537513367173,310.50556807547605,484
72180000,151.21773783254852,295.1674081788359,484
72185000,204.42766183787734,299.4467285681834,484
72190000,186.96973626995336,224.81391653326176,484
72195000,190.62399371727503,297.013499327691,484
72200000,135.18845690479463,306.24496932624487,484
72205000,162.60788681918103,294.5216658234531,484
72210000,181.5926856708639,309.10488777142,484
72215000,160.03623483534813,277.1311923934524,484
72220000,179.40286687842337,321.1326676100551,484
72225000,203.44853322986674,289.3946134701905,484
72230000,167.24191621393643,237.41785534466854,484
72235000,187.13698543851896,291.6858821756051,484
72240000,182.63351620150382,353.86748254525554,484
72245000,177.70456302869627,295.75374565224524,484
72250000,187.91505652631952,280.97508254180525,484
72255000,134.80506136812173,326.1865298526707,484
72260000,199.43525232543672,335.9561869611945,484
72265000,144.394949382402,321.9519091988719,484
72270000,143.9091010037873,298.923392484309,484
72275000,172.0025261099475,304.4552969872991,484
72280000,192.34835914807638,369.40484702978165,484
72285000,186.4969299642507,282.93683766885255,484
72290000,151.46781701982493,319.8525128475168,484
72295000,164.86184791856033,329.3131753663063,484
72300000,143.46624711456224,240.45976538839813,484
72305000,228.05994965440328,284.8821958129356,484
72310000,185.5526620493646,316.94214390096306,484
72315000,216.37121994464184,365.26370456678006,484
72320000,169.6309255680927,317.7227674825156,484
72325000,199.638726304995,301.9119573273038,484
72330000,188.06255359392685,326.27362294890463,484
72335000,208.2866255922432,313.02115462130286,484
72340000,227.48758165333274,337.7949466875046,484
72345000,138.23860940159824,256.6367626158533,484
72350000,158.64227176288495,294.76535557511653,484
72355000,206.26847407108068,333.7215403780214,484
72360000,178.17700969367365,308.8291540129179,484
72365000,195.8109396145938,367.80067636059044,484
72370000,147.58770267251714,214.61772441574522,484
72375000,223.50091705147105,325.1255293821224,484
72380000,162.55100630952938,264.414382462646,484
72385000,177.46347323559777,277.4385117027608,484
72390000,164.02907320109117,322.23123241567595,484
72395000,189.79799507379389,328.5888110709424,484
72400000,222.0637699457013,315.60571475216807,484
72405000,166.09281417996712,266.5827236037803,484
72410000,185.13565597035523,339.26179362066745,484
72415000,132.67538996988617,368.8008834010411,484
72420000,157.32592859176205,288.7369656379789,484
72425000,187.9516054595236,281.01249350500626,484
72430000,141.58778678126384,343.43808700068996,484
72435000,171.55383991270318,324.4631047437274,484
72440000,156.5000716559596,246.09880894777862,484
72445000,165.83425537823376,266.83150254962624,484
72450000,152.93309170259653,300.49199436035275,484
72455000,169.46327204522666,317.62425547261444,484
72460000,180.8758677110225,291.36621433338337,484
72465000,186.95723761165382,274.51008414444436,484
72470000,187.0429063994575,310.2145414891202,484
72475000,181.75222409963374,254.74960955257447,485
72480000,136.87735289421497,259.6730678977246,485
72485000,177.5505701268019,261.47137969330396,485
72490000,187.21166567131152,278.5585047586835,485
72495000,211.47323997898948,246.60722312378442,484
72500000,155.47423294202608,233.2064157724238,484
72505000,153.90818369721907,241.64958617415547,485
72510000,173.2117856263734,293.7196878541093,485
72515000,183.94329263690304,328.38071271574216,484
72520000,180.55268186661263,303.552024652639,484
72525000,188.68334529007203,325.4324960363394,484
72530000,174.8889430219241,341.410126960838,484
72535000,165.71643701443392,295.25307047249146,485
72540000,184.51634139856068,239.7723393830652,485
72545000,159.93006451930827,331.40993283054195,485
72550000,190.98376092142482,397.5911433305519,485
72555000,154.0996502013284,290.9545518431704,485
72560000,219.8337317586218,233.21758393692502,485
72565000,173.80130050304845,228.86759320993434,485
72570000,154.44526430768235,271.0193338787283,485
72575000,178.87400863039196,369.293219027641,485
72580000,190.53123715947999,255.7374937157723,485
72585000,165.9458699129129,282.4469170310821,485
72590000,158.92189249177608,300.9845681992934,485
72595000,155.3769841698889,269.74050274104775,485
72600000,183.6383318266486,347.82609988136846,484
72605000,193.0230932515166,288.9732850549711,485
72610000,181.3711195843261,264.00683218054377,485
72615000,182.82532309592875,317.6242201120264,485
72620000,179.44288984020048,269.7940287927951,484
72625000,172.75605642811058,297.80126860365885,484
72630000,221.5404061131308,314.33085081296485,484
72635000,209.64328857655028,284.32982196717916,484
72640000,177.03887398635794,272.1856000550544,484
72645000,196.11043245947613,330.2311620060155,484
72650000,146.8280995036926,283.2411773093046,484
72655000,206.5532916311955,351.2629843085575,484
72660000,214.4355478352978,324.43315518691963,484
72665000,164.72506422846638,290.58827008829263,484
72670000,163.55117113278448,299.75934315889685,484
72675000,156.18804124506985,319.5356561511281,484
72680000,182.91163808264272,255.55940239033143,484
72685000,188.30847609021816,341.5262376682786,484
72690000,177.26758751870733,327.306959864442,484
72695000,156.27329385759342,265.11615429996573,484
72700000,171.40400835289037,282.95798017046684,485
72705000,178.77316531006923,246.52546576282066,485
72710000,235.01463024611382,366.41968241088625,485
72715000,155.38702016677243,293.51884263325263,485
72720000,162.2523250012971,367.95915638663234,485
72725000,226.55362585486796,262.4430527591417,485
72730000,180.49221107749617,256.6928510098793,485
72735000,144.89990705535297,264.08874146068314,485
72740000,164.06000917073456,319.7176076581724,485
72745000,156.85760632667592,287.85274309563613,484
72750000,173.44119565641924,303.38416285227623,485
72755000,183.6345318111531,329.4431511337076,485
72760000,168.95460168392881,343.889124854938,485
72765000,169.15583612915893,365.1650441910097,485
72770000,164.66307170474153,277.72065975511896,484
72775000,183.91593649950607,269.03479819738635,484
72780000,184.89113455833436,253.4984518555436,484
72785000,152.03663768255453,255.47786386936667,484
72790000,181.51572185148623,321.62643573482455,484
72795000,175.4686262029903,287.354936900278,484
72800000,190.36311990056245,300.3406082304716,484
72805000,199.48892844522524,376.36831759001626,484
72810000,187.5859912418539,235.23898333833733,484
72815000,165.39965161465364,287.3179798268227,484
72820000,183.77206074804116,270.44158311577826,484
72825000,200.37097899593385,334.50349993625633,484
72830000,155.91251847111147,296.62415341629173,484
72835000,186.45856183151707,417.5320267501679,484
72840000,178.58189297000357,273.9641419000208,484
72845000,176.15241617628192,284.902474794855,484
72850000,176.650316410272,344.5675003703639,484
72855000,195.7721734746876,307.30328610482087,484
72860000,190.31189696480092,321.8883701725896,484
72865000,182.5950404684209,311.6952189437269,485
72870000,186.97361812140616,255.73194139571197,485
72875000,181.81620170541674,337.4688060103852,485
72880000,160.4334209604678,342.6134038442093,485
72885000,195.19067551124638,308.21087907796306,485
72890000,173.7866692086057,260.13926201147217,485
72895000,187.93973044279505,290.6286641085566,485
72900000,172.33964916709058,332.1195787552467,485
72905000,162.6380041117602,333.77726739605276,485
72910000,173.15619247500942,339.0548448902352,485
72915000,214.95867733567633,295.13034921963265,485
72920000,175.78524126200227,296.379677511211,485
72925000,177.8805167302972,291.4712225690125,485
72930000,150.30685534839068,297.45942421746,485
72935000,161.14765327083825,330.31704766096266,484
72940000,173.04397175867277,227.24096359170727,484
72945000,172.13177964846895,332.3828019514349,484
72950000,178.0586146029719,343.42849422481765,485
72955000,172.63313720585103,252.71732523092206,484
72960000,186.10527391985056,297.4155772602115,484
72965000,171.55135598829614,310.77413012474943,484
72970000,175.72035925413152,288.2612112030957,485
72975000,180.73490738314956,313.2341967704877,485
72980000,157.28614761127568,300.3728114394087,485
72985000,135.09460213260297,281.9890346635464,485
72990000,181.29545328058967,293.99182431513515,485
72995000,166.2104679093593,230.68822122248088,485
73000000,192.84915538453254,322.4007546189621,485
73005000,176.2910797221395,280.88343011917294,485
73010000,181.4259080526188,278.9878941854365,485
73015000,152.27061634823016,345.31618280610206,485
73020000,175.08408491870563,299.20006081106294,485
73025000,140.95078926937742,212.83814117117427,485
73030000,173.01120062015156,352.9665155237928,485
73035000,181.37415893278921,368.9397991935276,485
73040000,182.67184074154628,337.41653210116556,485
73045000,177.6594050187852,354.20494701484364,485
73050000,207.1271662165302,260.0307446489074,485
73055000,188.65669888588076,250.73799050636825,485
73060000,162.00946951648362,296.1731015337551,485
73065000,134.8806747452459,264.64171707526987,485
73070000,213.53312504807562,293.7793901963139,485
73075000,153.21449224337738,342.2723150130117,485
73080000,149.7447009933752,235.9297812389268,485
73085000,173.53745638633268,303.6302899299229,485
73090000,166.54737362412803,290.8459501965988,485
73095000,167.13177624855686,245.50200669388647,485
73100000,154.05782210803244,256.17239786701754,485
73105000,172.7478192681425,260.2041649429915,485
73110000,209.5226066171245,267.98259282353894,485
73115000,159.52653182093923,234.88999351608018,485
73120000,141.10391657764058,284.2594707618673,485
73125000,191.18807424581328,292.9582753486462,485
73130000,176.84179337810042,281.0803372271117,485
73135000,207.48756441745462,273.75297508445226,485
73140000,153.7928300416633,321.91955886590006,485
73145000,156.28557349613632,310.72450856839475,485
73150000,170.14182546603905,286.8146587058923,485
73155000,185.28703293227954,280.17196075608035,485
73160000,186.36934456774776,319.88918028645554,484
73165000,160.6769334571749,296.97375074397,484
73170000,181.70155587695325,250.17820858972428,484
73175000,211.61817956021184,315.61379383982916,484
73180000,128.2304238843607,293.88786699968597,485
73185000,164.60470393867064,322.2019685364789,484
73190000,140.43935264846513,319.81568298896036,484
73195000,123.23639757368632,277.37005276828125,484
73200000,168.06463333986065,343.889956220953,485
73205000,202.18761027533324,275.6317654154583,484
73210000,181.27076028897133,281.3934100021798,484
73215000,156.2150590057279,304.3097861608295,484
73220000,245.41053749550443,330.2438362800032,485
73225000,143.90347810422858,345.79549104547755,485
73230000,224.2761520994992,321.2953784200781,485
73235000,148.3612504964447,249.72556085233236,485
73240000,231.38705129902576,262.7048350828436,485
73245000,171.98346760247748,304.6312699024688,485
73250000,139.7583446792186,312.13400570700975,485
73255000,169.68891949883704,228.34849272768847,485
73260000,172.94779874384867,266.3192426547635,485
73265000,155.62070233756907,299.1322055099396,485
73270000,177.38406185970734,273.1783870824125,485
73275000,136.4209761466717,281.9475690011148,485
73280000,177.41119720788137,326.0152192906803,485
73285000,164.77486888719687,349.5259139105787,485
73290000,166.80653398809721,283.2290469024678,485
73295000,170.64351220868593,308.2725664249152,485
73300000,208.68468784081546,304.10973265258065,485
73305000,181.78741861582833,326.6362260404441,485
73310000,194.4422176493177,302.3912860804463,485
73315000,216.0941333017826,297.0803857897863,485
73320000,177.35026038976508,261.169920011073,485
73325000,180.2715853229521,402.5510918365461,485
73330000,151.5283244196921,400.627880090411,484
73335000,185.28778715192075,241.56624512804703,485
73340000,155.9249829869252,237.292980791603,485
73345000,180.1526284965815,298.2636174273969,484
73350000,179.16000976023798,297.5483076577479,485
73355000,180.9789345455391,299.69593174458197,485
73360000,156.84099550226176,259.47792732670985,485
73365000,150.4386645998251,261.9526354065868,484
73370000,176.02558325384626,277.47571684489446,485
73375000,158.1064427757763,277.39346890115525,485
73380000,173.23997785975592,354.86983005004237,485
73385000,180.45548690554756,300.37294816854165,485
73390000,206.61113874164838,319.7966557519669,485
73395000,231.24809268529722,262.3795252271531,485
73400000,154.08806144668694,281.65693412886407,485
73405000,199.33974751017269,285.2955413872113,485
73410000,197.9406957840864,377.6380051646122,485
73415000,219.8705126464664,290.55829398874573,485
73420000,173.49463620814944,325.9797200152701,485
73425000,210.0181666199713,304.13518862504435,485
73430000,165.54252288288345,286.87304087198123,485
73435000,193.08016522804365,271.23538060731687,485
73440000,178.13352078067138,289.774912289374,485
73445000,178.21355366755162,327.0018996726526,485
73450000,171.90775589008936,297.2732719949205,485
73455000,209.4567000379951,334.7326834750766,485
73460000,180.3730094455946,283.7883845482514,485
73465000,171.76430176832727,291.8661314890551,485
73470000,162.39717524739174,298.2182815492765,485
73475000,213.94109633872293,286.59725289791834,485
73480000,186.066085772643,346.4025513095438,485
73485000,152.1540775840824,277.078127502742,485
73490000,217.3353646235126,287.2435344746588,485
73495000,177.32284134869633,334.5787967438219,485
73500000,216.96748365946644,266.5570424111007,485
73505000,206.77299876801172,312.2773877525409,485
73510000,167.00330939241334,230.8819321298584,485
73515000,179.64591291469637,323.0168030125295,485
73520000,164.3247123026579,293.1035520902495,485
73525000,181.5123943450295,328.85831497922857,485
73530000,186.39427619029786,339.5068452909919,485
73535000,166.0293308408044,250.5284018392586,485
73540000,166.76961649983048,312.7814022600735,485
73545000,233.36889435619835,273.00557375810166,485
73550000,195.15907255240822,317.7304596046447,485
73555000,167.04765137120108,309.16174795720457,485
73560000,161.0462982084977,322.81300501003625,485
73565000,174.690463616287,303.59031626179376,485
73570000,186.6159015027922,278.9530625703726,485
73575000,152.02468871451495,324.78733891059375,485
73580000,172.6356411305214,244.26229147157488,485
73585000,163.69256098054757,316.40289326592364,485
73590000,210.92985251785746,260.2710786833826,485
73595000,166.30068624413772,374.20890094193146,485
73600000,175.9373471564998,373.60181173046584,485
73605000,183.73935732419818,297.73161960896175,485
73610000,168.81636477113187,326.92873484676437,485
73615000,128.28487423189225,301.6272611420544,485
73620000,176.99681659094207,238.73792148189165,485
73625000,167.84656836944112,271.61449955113204,485
73630000,170.6587688965506,291.8397562709442,485
73635000,181.7216575796631,326.31126901144876,485
73640000,141.70739613098016,345.6424586770759,485
73645000,182.13558986503824,260.12353808731706,485
73650000,213.3676777059711,315.08172102421355,485
73655000,161.60301203669928,340.7910986789865,485
73660000,185.47041292859097,329.4760710593409,485
73665000,193.4473456900593,340.6750894892697,485
73670000,137.97662483134556,236.4177013425442,485
73675000,150.66096879645798,218.08981378860256,485
73680000,197.3002918449782,349.71907534136216,485
73685000,163.8702770368763,333.1103871527645,485
73690000,183.10646014607764,279.2619269747596,485
73695000,160.03945006797596,247.0538093989751,485
73700000,170.25588690586937,283.3489428920658,485
73705000,180.62543497773672,295.9117500495392,485
73710000,181.13463544671362,287.02083422829224,485
73715000,171.59873721738325,317.4346688821181,485
73720000,160.9318755906489,281.18103058936737,485
73725000,199.2009045428806,376.06847609482315,485
73730000,217.8886985392305,314.2149305749191,485
73735000,154.80647197430838,239.20091779766008,485
73740000,189.12300445639914,308.57188967996143,485
73745000,181.56770255804548,371.8561262599329,485
73750000,116.45982463448188,257.03978585603323,485
73755000,150.32927925829162,257.5958449716752,485
73760000,166.07400091565236,314.7439446653036,485
73765000,152.13050896372542,311.76576184699076,485
73770000,175.8798899315231,282.0289494722797,485
73775000,200.06852615813895,277.16302831828096,485
73780000,171.47471733065143,332.59289583961674,485
73785000,190.10653605535538,335.70621288132224,485
73790000,201.28320855411116,303.6813031617472,485
73795000,178.5154841425706,325.8697921384405,485
73800000,204.70409821505936,265.3776415584597,485
73805000,177.89823146098905,287.4657830856658,485
73810000,140.70148606091945,290.2803156574795,485
73815000,204.95406074203618,338.0427405902228,485
73820000,175.05425461353357,312.24381607913745,485
73825000,167.03071826616943,293.18537499332297,485
73830000,182.87163937121403,243.2787473094612,485
73835000,205.32890813640307,255.02883126296206,485
73840000,162.29571128428134,336.022383157511,485
73845000,173.78775027307026,276.5856001163184,485
73850000,167.04212010298633,323.335917766648,485
73855000,192.83393237126143,297.3910739558985,485
73860000,216.79982966893309,277.7651952826055,485
73865000,159.31639396440906,283.1915809418532,485
73870000,173.27799418241938,277.0437404414008,485
73875000,176.03231720435815,288.5763288922625,485
73880000,171.90783817264938,331.32284541634874,485
73885000,179.9618098463513,286.32122365692226,485
73890000,162.54135045317452,323.0875283114325,485
73895000,147.68992921007722,284.1253952664212,485
73900000,202.18748878140562,401.182688534722,485
73905000,183.63644163224606,264.5798338672595,485
73910000,156.78085041443592,297.57101565108525,485
73915000,168.5879660145388,272.85279529714444,485
73920000,204.81710568483135,289.08374300020495,485
73925000,178.3890353026397,370.00161357744685,485
73930000,162.43366893409873,289.61970643256046,485
73935000,191.3247552699674,308.30338348839507,485
73940000,170.23432585600276,279.9824008365585,485
73945000,149.45581302318848,310.4053741287366,485
73950000,191.86109475178333,290.09276333527123,485
73955000,134.69262467091554,296.36756408889136,485
73960000,181.26365388301235,304.61229524026163,485
73965000,185.68473179377628,300.7902421188082,485
73970000,196.60921045468072,311.9365611493143,485
73975000,156.08120675123584,294.6280705440215,485
73980000,129.50634325963276,260.0055142907687,485
73985000,159.53442478041487,294.509268463464,485
73990000,187.20689506819463,262.4838049909764,485
73995000,196.44032986394308,436.0284205713419,485
74000000,203.18926638703584,301.07691078065056,485
74005000,165.54297400161263,366.0132190235973,485
74010000,152.44277400645382,264.6247687662688,485
74015000,163.27326626044746,240.56327800109705,485
74020000,153.53574352351936,270.40834976237124,485
74025000,205.25390810522086,293.5127544719581,485
74030000,222.97241527922142,323.19979952467156,485
74035000,137.28498778667512,325.12027151143815,485
74040000,162.74130937906804,288.36365561687427,485
74045000,156.89192624536815,294.2427397870541,485
74050000,183.68866016222833,283.798809288377,485
74055000,169.65805033713235,274.34212434330453,485
74060000,141.0242102919243,275.03006425447063,485
74065000,187.80323483683026,307.0069171636638,485
74070000,169.6737421510613,287.79735810580956,485
74075000,215.45872434894815,409.9506676434424,485
74080000,166.11465585216976,344.99671241231994,485
74085000,272.87470361022247,345.5331601140336,485
74090000,191.50448621530273,309.88826695665733,485
74095000,141.65330925634416,293.8931750230794,485
74100000,228.31307923638974,350.74693552554805,485
74105000,185.39825843719535,301.2502740900116,485
74110000,195.9234095717129,343.3166312218051,485
74115000,196.294315411602,275.32116364388355,485
74120000,189.65291138094153,267.50853624238476,485
74125000,195.87561383519395,336.06952825089274,485
74130000,199.8243012434145,318.72474609325724,485
74135000,194.91301248635202,308.61234657123924,485
74140000,172.28601689486948,262.3722769858958,485
74145000,223.96302865357106,369.0876117744485,485
74150000,222.57429267846766,292.12033454226446,485
74155000,184.0763473721361,266.7284417429145,485
74160000,192.23729717800381,279.52198803505814,485
74165000,199.63187873680465,403.8641775178663,485
74170000,186.29373467022623,276.1780281919941,485
74175000,176.31222680787334,263.3969301018896,485
74180000,168.60264222846382,323.9082346277,485
74185000,184.3584669778046,319.9307425731691,485
74190000,164.01417432436793,291.93375664341613,485
74195000,232.00144572462793,325.06910117434796,485
74200000,160.8749340313233,354.5710727311139,485
74205000,221.90390830668738,353.41677699835003,485
74210000,163.30288103385803,310.44543237069576,485
74215000,180.29283549181025,337.5161819978092,485
74220000,195.152174263248,270.3220134512879,485
74225000,176.5482218629382,276.84002515972287,485
74230000,245.38478686104878,312.3964720758432,485
74235000,196.34626025384483,296.6925712231305,485
74240000,159.38495379409537,391.59930187910396,485
74245000,188.11113319223324,217.81094371576089,485
74250000,159.623680313082,322.88220520961823,485
74255000,182.8087865055982,282.93914454724876,485
74260000,195.89823860479098,279.72382430687725,485
74265000,169.3207310593299,302.66995356811253,485
74270000,179.95861546613077,308.8460095357749,485
74275000,158.0268020011003,270.25198024706697,485
74280000,154.6775731061037,261.0742753912088,485
74285000,192.28321035606413,299.0100557341448,485
74290000,188.11872446867645,280.2304232707837,485
74295000,173.73372755879294,291.16770913947795,485
74300000,160.03513931088625,276.5715443477278,485
74305000,166.5172687688314,325.4660274987446,485
74310000,178.96023242659209,324.8055929849375,485
74315000,131.83179423702256,265.90402516475876,485
74320000,135.84242158587742,350.32392709641783,485
74325000,200.35686735077755,300.3015694858829,485
74330000,170.4286509678866,229.91701976612043,485
74335000,143.6302897037336,278.95719028830445,485
74340000,156.3448730927519,319.00149914747044,485
74345000,181.92994261444005,323.3888163405182,485
74350000,144.51322642088758,289.82895535233763,485
74355000,151.44541155563593,281.3924467553923,485
74360000,159.18943976332477,281.68743040253133,485
74365000,168.33830335878136,259.84919163707326,485
74370000,175.70345847938438,350.7901522151589,485
74375000,151.58002257126188,271.85257877061025,485
74380000,187.29517418947052,263.40151764790954,485
74385000,184.80323178920938,314.5331222388957,485
74390000,165.31482542524293,302.51327484856495,485
74395000,182.48769945686354,285.79796612918426,485
74400000,154.408683817935,307.52380884716365,485
74405000,179.34769434710523,294.5225377906299,485
74410000,178.84029042835078,245.76762160637318,485
74415000,155.19171200294412,289.6256251577198,485
74420000,134.00250760395093,251.86225144392154,485
74425000,159.04560239392245,342.2214578193596,485
74430000,172.0067114148975,323.8085485481218,485
74435000,185.35190319187635,318.935251013971,485
74440000,182.0995151452495,222.8252899959382,485
74445000,181.3914935368291,258.2719944415299,485
74450000,167.30910558599172,340.47469658699805,485
74455000,168.57637563110163,281.3441125467606,485
74460000,149.20285497676196,333.0619133097927,485
74465000,144.11609428444396,283.56872463365914,485
74470000,165.94223096050385,277.1048991297706,485
74475000,216.4423003260577,319.9879633018282,485
74480000,202.664068117153,243.86264065705635,485
74485000,182.55661691469987,292.5383610431768,485
74490000,158.77656173524548,302.7480572659532,485
74495000,183.11291749306065,322.99650372104725,485
74500000,168.9973954138287,280.5758674497204,485
74505000,183.65578780072317,283.43436442199896,485
74510000,191.3471822733068,300.18377842456493,485
74515000,165.53465271610685,272.2591382527521,485
74520000,190.76563407119454,364.54481795772676,485
74525000,181.01786972777924,286.23116885643583,485
74530000,173.23836548165113,268.1674977450992,485
74535000,160.63523159212428,310.3621464524981,485
74540000,146.2585472590554,290.4148088317091,485
74545000,165.7014247711923,287.9225246119486,485
74550000,181.43561674820353,369.8460088223016,485
74555000,158.0811495409263,300.43435830779947,485
74560000,198.79685030665243,307.69359708393347,485
74565000,163.99612966810355,263.4681608919121,485
74570000,205.81190405282334,312.5894750403714,485
74575000,162.56466302779103,293.61568706826915,485
74580000,165.76189814475444,361.8853112196222,485
74585000,164.36378873995764,299.78371618164374,485
74590000,217.96656053281785,335.13705858405586,485
74595000,173.26399435334426,292.3641845751791,485
74600000,168.24976712790703,289.4380781065453,485
74605000,163.20483655311568,291.87209867666945,485
74610000,149.5672675411663,268.92455482393547,485
74615000,196.11949141513432,361.26121455922123,485
74620000,153.65401783972885,334.1893655667986,485
74625000,199.8268548228585,268.704496929246,485
74630000,208.49002966186575,370.8258022494813,485
74635000,133.95992093475257,279.49747320596526,485
74640000,185.03074759805833,323.54359128876837,485
74645000,261.52323453699813,337.204097631989,485
74650000,141.5870689641311,278.74482678519615,485
74655000,232.35309495495443,305.1191942664989,485
74660000,127.81901458927761,306.8111732229906,485
74665000,136.73028103214898,314.31840904893346,485
74670000,206.72753600237039,311.3371779700219,485
74675000,143.33704224257053,310.24965816718276,485
74680000,167.89648722696515,295.9990031341443,485
74685000,180.66558583192753,269.3085868538775,485
74690000,158.95964230613035,322.53366385318316,485
74695000,176.35381666761432,331.4945751343672,485
74700000,162.71859368702107,299.72415561014236,485
74705000,215.19242361809987,266.4115854188887,485
74710000,184.33031371223188,258.9825096276759,485
74715000,167.5596288653352,263.78354701929993,485
74720000,173.79408005115846,301.2370032040479,485
74725000,169.89853475496616,284.44943133292884,485
74730000,171.28473761518626,278.43919126637576,485
74735000,230.00728175001575,324.7763908496033,485
74740000,190.09671390006153,322.5337345480691,485
74745000,134.8828907532894,265.71816755120784,485
74750000,196.95707784637963,343.39551181643014,485
74755000,161.05188882047057,261.1923160773565,485
74760000,161.30053237444932,277.67157595342746,485
74765000,218.27205216842046,329.56392489482613,485
74770000,153.2472197210971,251.05849454213313,485
74775000,206.133288547917,306.98220092441164,485
74780000,149.77506896268895,242.29525097392653,485
74785000,154.44296366348175,330.7732956558045,485
74790000,171.5052880527974,301.09446199097914,485
74795000,208.74202883174434,330.8399840927317,485
74800000,172.8613277078039,246.43281691801363,485
74805000,196.10915794473718,280.08895422665023,485
74810000,174.69316736828307,237.94957372480465,485
74815000,196.6804173293215,333.0598361008135,485
74820000,151.7487555458987,298.7812083061759,485
74825000,170.01412192073263,268.9144737051683,485
74830000,167.5740028334812,232.81935040757043,485
74835000,153.91416495797964,229.2785682810215,485
74840000,161.02102130825028,295.27338980043714,485
74845000,172.33446381113774,319.7041661082546,485
74850000,169.57265225366953,268.1909767317391,485
74855000,176.37691119931839,279.0405479428358,485
74860000,182.617927531846,253.0457157250572,485
74865000,151.00948113697638,245.38075540956626,485
74870000,152.2009607575064,337.1156130742546,485
74875000,201.9013017381742,304.9329494610633,485
74880000,180.3374875649204,303.0071781687103,485
74885000,203.99483506273006,311.9278397526417,485
74890000,181.1192987102884,277.6962861448602,485
74895000,177.08328925781456,267.4375771407374,485
74900000,189.16067713609633,327.7136676453829,485
74905000,165.5683882181385,292.30209067978257,485
74910000,166.55079562161075,260.22884377277614,485
74915000,184.61959753363357,294.6147696403744,485
74920000,212.64530474796106,281.2255858428616,485
74925000,138.78957846913215,334.92075386009395,485
74930000,154.59404835141177,355.5552893757273,485
74935000,180.36453944080532,302.81479879943714,485
74940000,258.15213868327885,340.95643944019923,485
74945000,172.95438520741877,311.8710134864527,485
74950000,165.96113036970283,332.2281232070617,485
74955000,181.93170319027377,285.918347727241,485
74960000,195.31733868326296,347.53797841527495,485
74965000,204.18227576138267,257.66670769586983,485
74970000,179.3492880556825,267.08403794497264,485
74975000,162.93378439382116,352.0716766088941,485
74980000,176.43278381193392,263.78713104334497,485
74985000,164.95619609341617,303.07209379174316,485
74990000,194.0986286383818,324.24311847471483,485
74995000,227.63265222800314,315.8985090572654,485
75000000,194.7203473279985,377.1817443423714,485
75005000,178.78630999130698,332.6265702625188,485
75010000,184.81252903670486,279.9669852615882,485
75015000,200.16274521821182,361.4264438843434,485
75020000,151.13720843481607,337.2170107383673,485
75025000,156.0288341987108,353.80167623316214,485
75030000,167.35416513601388,293.1830722280408,485
75035000,143.43924715781077,333.0573094226546,485
75040000,186.21040043273385,326.4005386762934,485
75045000,184.50490445731728,326.0567541620948,485
75050000,180.4972811469453,311.6323296015023,485
75055000,175.4643456788448,238.9459606770647,485
75060000,171.93828451710087,313.59054823584387,485
75065000,194.87546572971272,340.9490324833712,485
75070000,163.7833098272457,292.880960352953,485
75075000,155.86438512259554,311.49606696761333,485
75080000,163.6871167627029,276.35696964434584,485
75085000,171.99806232401838,318.2720081162201,485
75090000,148.77268079755157,285.6391755393295,485
75095000,178.15868218798477,338.64969333328366,485
75100000,148.57360142045596,339.3758117852042,485
75105000,173.99271418751806,375.41666123493127,485
75110000,181.8908301395383,297.3550139813128,485
75115000,171.99066662277616,287.31567533809346,485
75120000,186.17547995911445,271.6046829373676,485
75125000,143.8388061160082,295.85604550760013,485
75130000,169.8551186167871,302.52253899953104,485
75135000,173.61879917858028,267.9044564169904,485
75140000,187.511280105524,289.6109421417569,485
75145000,125.1466861334693,331.0922577275699,485
75150000,151.93040264204248,260.127913114411,485
75155000,201.26510079610972,332.1076254502454,485
75160000,169.4551089279566,300.0571338161097,485
75165000,196.78062399483704,253.04275395925598,485
75170000,189.17922992926646,281.33691163751445,485
75175000,193.60125329310642,338.89942186996836,485
75180000,160.71306419125628,285.19504804173283,485
75185000,139.9897206291086,299.95684731232524,485
75190000,159.87556533927284,346.8185673535516,485
75195000,151.25501417839044,299.36842686564336,485
75200000,147.58133828047994,217.28018528191902,485
75205000,216.75803679804739,349.69518054322657,485
75210000,187.5359787781012,307.77110220481944,485
75215000,176.02965406489795,282.0579346311384,485
75220000,187.3030480991633,413.2674169321292,485
75225000,152.40330153128536,331.85396483631297,485
75230000,205.3261410572467,291.0400628379844,485
75235000,177.77908567791732,266.9476226937857,485
75240000,201.5765088546394,321.24853246361874,485
75245000,181.20019044764106,268.4094293655758,485
75250000,210.06334900099498,344.36234360983593,485
75255000,227.0998855850112,347.0839079482555,485
75260000,176.18951218776593,271.97227506529885,485
75265000,155.4703775055586,276.2003395426224,485
75270000,152.44479527332606,310.25098794128706,485
75275000,168.2608750512196,273.01423993000986,485
75280000,221.480210779853,304.0364576954055,485
75285000,164.77144468951727,250.8385553898825,485
75290000,167.01046620988086,301.4786391011581,485
75295000,166.3842338971329,296.81876624293983,485
75300000,178.04367690018512,295.04055495934307,485
75305000,193.3519529523901,333.96094338493833,485
75310000,186.66538317069265,312.2987183488715,485
75315000,189.8431248897523,257.7277597749483,485
75320000,187.5569606227209,318.7707387704441,485
75325000,193.18186394821288,317.61903183827224,485
75330000,187.06014125824728,326.00532218413304,485
75335000,167.14144938109297,249.2828937701295,485
75340000,175.07114472977457,220.96437424924326,485
75345000,180.3663128350435,286.0355605368956,485
75350000,175.8473229375988,282.565588707911,485
75355000,174.3772810788287,308.5985186501351,485
75360000,219.76928675293823,326.3081619714255,485
75365000,149.62044152576172,293.22088661157704,485
75370000,203.50056373911193,201.27189750403736,485
75375000,167.6656625701927,325.5807610067781,485
75380000,164.10516395186002,334.8965676504746,485
75385000,199.7109120756487,266.58032816063155,485
75390000,158.8469527483772,293.73187081554,485
75395000,159.8123762948764,291.4623360188494,485
75400000,186.82636892271287,355.483370234668,485
75405000,169.52204995252166,258.89426744555954,485
75410000,171.88235421946615,366.71313174063914,485
75415000,222.9105211367071,302.60631655886954,485
75420000,151.70752043049913,329.90381761259755,485
75425000,166.4202186877398,286.81814834687896,485
75430000,178.41036427920446,254.74111366444174,485
75435000,155.60642405420825,329.8838486342198,485
75440000,171.0312490577876,261.0304981464029,485
75445000,177.02089599937347,283.1165921624645,485
75450000,161.42010496944567,345.4467577648492,485
75455000,169.63346912504656,292.2280776676646,485
75460000,177.2966175486521,263.21699482600155,485
75465000,205.0849030351312,393.0798320342353,485
75470000,191.05134815121323,295.3771904128812,485
75475000,185.91867262506165,322.27124229238535,485
75480000,176.91933445412772,311.5770939160748,485
75485000,135.63903998273085,286.16287783960536,485
75490000,159.68054859671614,284.0060111757611,485
75495000,168.0640160336013,240.11045637087136,485
75500000,209.02828278506192,312.1601020798444,485
75505000,189.13432660115745,291.06405139426437,485
75510000,176.59981341026085,308.633752619003,485
75515000,200.77747314182864,274.06954368062975,485
75520000,149.80892635414187,395.7916330579243,485
75525000,159.82437243810645,284.7334518280939,485
75530000,175.90563710896788,282.1732931527963,485
75535000,196.86778427603164,318.0226987393846,485
75540000,141.62591743546142,320.540228662327,485
75545000,160.10810370054034,278.0062817399924,485
75550000,178.67845771380294,309.9890588830159,485
75555000,212.57063349028803,310.8695008182811,485
75560000,169.55980548740044,323.3233171569136,485
75565000,165.4510777679983,309.14195491787365,485
75570000,164.26610167501977,296.5579974433375,485
75575000,192.71584656795102,302.977278384949,485
75580000,178.66150350488752,272.5039662278289,485
75585000,195.54641264394593,302.22383365996706,485
75590000,181.12536478340928,302.79806556042485,485
75595000,201.5907425633649,315.2568838649742,485
75600000,172.80485506804712,339.1037733789217,485
75605000,137.3772124141681,325.0637616753815,485
75610000,162.96011911621892,291.16447921186403,485
75615000,141.84485582960158,305.66802464012517,485
75620000,192.54533394728392,271.1608338663436,485
75625000,189.81719843990388,274.82438221438326,485
75630000,181.082365572574,361.63835223473603,485
75635000,199.11227900716085,319.4951751032731,485
75640000,165.27258602830977,308.68629498606924,485
75645000,179.16087251190606,317.18689137697015,485
75650000,179.98488994787203,298.18560785702033,485
75655000,150.7941867318891,336.86401514543337,485
75660000,124.0496748866914,290.09035070144154,485
75665000,169.4860687508186,239.4304692221368,485
75670000,174.8084871811567,276.96073139172745,485
75675000,132.63035142881415,268.3219348717156,485
75680000,165.108179727471,279.0206862802144,485
75685000,125.26301671849615,279.1042007797889,485
75690000,199.2547452876629,229.42726211791492,485
75695000,206.05397224232556,277.1587662180331,485
75700000,145.06482805233935,292.91982703377323,485
75705000,161.74390847596328,275.432961102812,485
75710000,155.30876005100444,276.1667352862827,485
75715000,142.79085799220903,358.3022776583062,485
75720000,143.57119712292226,350.93095112262966,485
75725000,149.60222508028255,304.36334690343483,485
75730000,190.69009344441056,309.1043019608662,485
75735000,204.19004563468522,275.9517933814854,485
75740000,139.34174833278777,242.03276823618944,485
75745000,157.68066556143356,295.04395429566284,485
75750000,190.88840772537523,303.2278221299329,485
75755000,172.96812125809367,272.5398010431648,485
75760000,160.89357145750432,329.53706075368353,485
75765000,184.27865646162778,326.8669690633069,485
75770000,164.44894302254932,353.3197350865732,485
75775000,185.18768503079983,276.8060896505599,485
75780000,183.23574188746323,287.56665419017446,485
75785000,185.71872514668715,294.7480588603599,485
75790000,144.21277689675222,362.0361315717126,485
75795000,198.28166717533256,363.05739973025425,485
75800000,172.46979452544792,300.4045863921337,485
75805000,175.58190808444465,264.71422278141443,485
75810000,187.3053303117008,240.62281000983407,485
75815000,191.94645410976938,323.8083314013457,485
75820000,149.94710535343697,303.99564377665155,485
75825000,176.4027590069992,353.9398037792983,485
75830000,148.15760346161048,329.87762468497203,485
75835000,185.03058656345289,296.9594663494215,485
75840000,179.48947382353165,300.9425131265133,485
75845000,181.75537906055175,296.16035812030964,485
75850000,170.56481831332744,291.31098877583395,485
75855000,179.68615512625053,317.28321106398977,485
75860000,172.60918220249783,328.6171373341004,485
75865000,210.07196713543803,393.96321991588616,485
75870000,166.64088980496328,288.8527778157706,485
75875000,191.9895545739879,315.68172112358695,485
75880000,180.14699426160425,248.1391753975419,485
75885000,150.3609207485145,307.1512956681217,485
75890000,184.24130889500785,325.5237403871512,485
75895000,130.6494625867224,317.0616442054281,485
75900000,142.63255797001045,316.6808131791834,485
75905000,143.94088688822578,279.85564544734393,485
75910000,161.43974683618134,324.2839639801662,485
75915000,190.25149308188043,345.818034274584,485
75920000,215.99053685914217,343.298402333397,485
75925000,175.63789672555637,272.3338021777094,485
75930000,168.35423750052405,367.74448535105483,485
75935000,180.439022614736,344.47554367671086,485
75940000,165.86515613034368,285.9528299831119,485
75945000,167.61639955447149,325.88705668079734,485
75950000,158.76189330491525,292.27460867059784,485
75955000,178.56025056872085,320.8084866805286,485
75960000,192.36079030491038,333.69255217195183,485
75965000,160.3329929452056,261.66617830509745,485
75970000,147.4279366092718,320.1705326736215,485
75975000,152.0406762968112,379.15716928561955,485
75980000,183.19981742999872,325.4975016930395,485
75985000,187.84740490014735,259.9775089129073,485
75990000,141.5934814776345,305.5896922130422,485
75995000,210.86341201981193,272.36878486352714,485
76000000,152.03647858555598,305.36980178860665,485
76005000,191.1543958918322,298.55711618843145,485
76010000,183.2270417067748,271.82730527745804,485
76015000,165.30146040431373,282.9730699526694,485
76020000,158.94655551890094,311.77907979383065,485
76025000,197.0276735322608,296.81575180075197,485
76030000,192.58846513689375,282.51404764880243,485
76035000,213.15504352199207,243.57977852151072,485
76040000,207.17143637367445,290.2039604172481,485
76045000,193.60363543575488,292.82701499182474,485
76050000,154.4389241358325,300.0454617211344,485
76055000,203.89151843250892,341.2441999852219,485
76060000,154.69667117913093,305.6928482817235,485
76065000,178.90825139448813,339.1186386014254,485
76070000,206.02401683417585,281.1070553540725,485
76075000,167.36730546142766,297.10887567973407,485
76080000,196.2351494662418,293.5649665570134,485
76085000,189.1635822465162,327.2925530903807,485
76090000,171.75250037965992,307.3370873538253,485
76095000,222.49529301105633,370.4667684771732,485
76100000,182.88303261679306,324.11424765704487,485
76105000,179.14408440266905,269.45170765098356,485
76110000,174.03247510588633,271.3061236078467,485
76115000,183.29414141438374,318.32138221428795,485
76120000,158.94428265539474,339.74579793471145,485
76125000,164.47182623128114,305.15765120210307,485
76130000,171.2808957934756,352.6659149315168,485
76135000,175.84034247201237,321.9952494447159,485
76140000,167.95034094524195,255.1236920666796,485
76145000,181.20768653136756,293.8903929066461,485
76150000,179.05095369389142,271.4941251767187,485
76155000,162.42865630105678,247.62078779681147,485
76160000,175.71732005532104,286.03303060881814,485
76165000,188.87592759424595,308.305435334402,485
76170000,169.12465928684583,282.7494238437601,485
76175000,187.47148097793053,288.0908633197586,485
76180000,164.77778135631476,289.3216863514322,485
76185000,176.0328856818828,251.75227799237382,485
76190000,146.1910883549659,275.88526897966284,485
76195000,153.98823282646697,247.04268398395936,485
76200000,193.9388160191339,339.844869393742,485
76205000,215.51483815282413,256.4080900384593,485
76210000,163.38882432634318,284.0877563515496,485
76215000,182.46787411646542,256.9739330592826,485
76220000,193.2757944468139,346.5406241196958,485
76225000,168.12612009095741,309.53738042993325,485
76230000,197.89977190583627,308.37195795636046,485
76235000,135.71917119306897,322.9150518538057,485
76240000,158.86311708427843,279.9559506143163,485
76245000,172.55414875898296,252.27771840190084,485
76250000,185.65085489983852,327.6584361355264,485
76255000,162.6634186283181,384.8037850905959,485
76260000,187.2842251695328,292.33592924687963,485
76265000,194.84671229332568,318.4568117685958,485
76270000,181.1746631490504,247.92071136544988,485
76275000,226.72736789260634,253.1367757994737,485
76280000,184.38430014295517,317.97782603334207,485
76285000,167.9409834023806,352.2590541643036,485
76290000,192.50670340452132,294.91418389088443,485
76295000,170.80052921022346,253.43896328961335,485
76300000,190.60309469625804,364.74195606057503,485
76305000,221.3281654903443,248.12804352172407,485
76310000,146.27323921556018,367.4995484773886,485
76315000,202.63188899679622,384.5144945915437,485
76320000,176.83324563831246,279.3976594482657,485
76325000,139.32044866858698,382.07907228340235,485
76330000,199.6870731246983,258.25080278381614,485
76335000,190.03708746780828,294.7595591094025,485
76340000,209.33241941530054,322.30729341059657,485
76345000,192.3541725834345,303.5120596298986,485
76350000,186.71469495811724,282.8101568231718,485
76355000,173.16162906819108,265.6091740238064,485
76360000,166.3456459085432,320.3154400373593,485
76365000,195.29851772232973,276.8235681222174,485
76370000,121.03854853727236,277.8782409524794,485
76375000,177.79735771377466,291.53583679173516,485
76380000,168.30447407560496,341.1441629644015,485
76385000,188.9903218617675,290.39105934967904,485
76390000,153.6708859906846,270.18035691668797,485
76395000,176.06222563319105,284.97273481613604,485
76400000,165.89103905792578,412.68327220506166,485
76405000,174.07644542045165,308.7233856542987,485
76410000,180.44951429403176,264.9306186776723,485
76415000,174.66563812526147,382.5557080775143,485
76420000,155.5092443347302,309.57159894088244,485
76425000,232.10156865303875,321.4125282618072,485
76430000,145.53412568024928,298.34471696769543,485
76435000,186.07832625707243,308.29883105799786,485
76440000,211.17720821121802,383.18137923491395,485
76445000,171.6375276898841,273.84193511717615,485
76450000,184.87068418733097,278.1835254797738,485
76455000,152.712729308112,291.6396968457799,485
76460000,176.02442970722763,323.0256035504677,485
76465000,177.6107094107887,299.1900503004856,485
76470000,171.43547378712083,265.83906935215094,485
76475000,139.1988723004575,331.7015670077738,485
76480000,148.63726834179315,313.0004263589043,485
76485000,196.78597102967396,306.2728502697866,485
76490000,193.72676310852376,296.1083153103313,485
76495000,195.92806254034883,329.5218288019667,485
76500000,171.69337119272944,225.07589198370417,485
76505000,161.5831637614925,272.87681400459667,485
76510000,146.60009894498526,308.6400330946921,485
76515000,194.6212532218971,339.3578559269886,485
76520000,163.9326875081488,350.0374093306014,485
76525000,191.6944403231015,304.57606495206863,485
76530000,167.50674524890243,302.1133901584812,485
76535000,231.74307634753112,376.5318746642156,485
76540000,188.06556507655858,288.8059307684697,485
76545000,163.06892388384898,340.70546662162974,485
76550000,161.33175339717636,338.660472358843,485
76555000,163.3454182846466,331.2741837712838,485
76560000,162.25478217860976,276.03096982647486,485
76565000,159.1113563349386,298.42700461038424,485
76570000,150.7222334447335,333.1736156227814,485
76575000,167.23254653658722,299.18334246673265,485
76580000,208.77214610854253,274.33222479310507,485
76585000,158.55741862451782,267.24056347196966,485
76590000,148.8540771327669,310.139622416552,485
76595000,166.9853567427615,253.57184557143998,485
76600000,200.25923381982557,270.24931264282384,485
76605000,155.60736590833557,232.3706509012969,485
76610000,181.52795253362186,300.7632386989489,485
76615000,204.48237975351756,337.2419212554305,485
76620000,169.96247926452756,317.83175866005575,485
76625000,209.50963648006785,275.27654023068874,485
76630000,176.6794525307145,272.0851923751224,485
76635000,211.97809195147286,334.05568981391696,485
76640000,175.84656178876918,281.4808127512807,485
76645000,183.98492061858485,345.72922870357615,485
76650000,139.12854171124664,264.051356899071,485
76655000,180.97468806512921,280.5277148643945,485
76660000,175.01818780063326,278.02121954184923,485
76665000,181.01011108200962,314.033461497455,485
76670000,182.88117792059666,288.03124896145147,485
76675000,159.57862042430583,304.43850686904403,485
76680000,195.13863509331426,354.11484225780623,485
76685000,134.3135556840566,316.2349602668968,485
76690000,184.2801611681074,311.92447890031343,485
76695000,174.26372652105056,317.46056024969,485
76700000,173.10030373902492,323.5553292147165,485
76705000,218.737617325453,320.5513342026722,485
76710000,183.37814496541824,295.1845106514792,485
76715000,172.17062544467444,308.1621068818161,485
76720000,152.40029913498427,282.43744872663854,485
76725000,127.74707554376673,298.0265946705861,485
76730000,180.48223194868183,288.7923967200763,485
76735000,196.89542145958617,322.1186727119975,485
76740000,200.9495135706059,292.4655425310336,485
76745000,188.56704072301753,355.5730809886295,485
76750000,142.57749466735126,346.7150377404422,485
76755000,195.2458890152773,261.6926377298574,485
76760000,164.33993284681696,327.1783781844128,485
76765000,196.80282661126208,299.920905780067,485
76770000,186.41924986505077,355.39727753245506,485
76775000,173.39317229382442,298.8007955523442,485
76780000,169.8609371179088,286.4031136113052,485
76785000,171.55950175218362,308.5494311803191,485
76790000,197.87916771851252,223.51753644061404,485
76795000,178.28445951206413,303.6499076818315,485
76800000,182.68019716867022,285.35885726167584,485
76805000,172.86401387457266,299.0349478616365,485
76810000,166.4975325262133,364.3225467900198,485
76815000,199.26889318246606,329.77576235314297,485
76820000,137.29080799621616,357.8396768183487,485
76825000,153.0780117824854,280.31306108020823,485
76830000,147.42449932416795,303.2479941007188,485
76835000,136.4143986521293,333.4053685830297,485
76840000,177.80841840680884,342.83300992188225,485
76845000,136.99018267189896,357.278368217763,485
76850000,202.32612700527818,326.7420829566478,485
76855000,129.74878500496493,266.54245550004896,485
76860000,187.89994654087167,269.7139855702149,485
76865000,160.86672090668546,317.5335622847361,485
76870000,130.53211075594984,312.16165961586574,485
76875000,159.5875827865794,290.7352994614867,485
76880000,180.6679049577966,279.9759613417303,485
76885000,177.27388844888713,269.6897371211039,485
76890000,190.95685774373683,282.4829017441164,485
76895000,176.33579638865587,285.1793790028776,485
76900000,169.15542598592364,306.5811243454817,485
76905000,186.05466704073223,366.74378019685213,485
76910000,201.18326883693246,291.29539375685226,485
76915000,200.51553928384806,303.39730533985886,485
76920000,156.0420576595002,293.9943470199489,485
76925000,206.35843380884646,344.6105457548181,485
76930000,188.2362898094404,311.3965737366768,485
76935000,200.55851749248075,286.2099092055216,485
76940000,172.8402250913422,385.029448564014,485
76945000,182.51260740059723,320.3990069810362,485
76950000,189.20256306361728,254.73969449121702,485
76955000,189.51497307014031,337.4775625453565,485
76960000,172.79956664345528,368.5366909697643,485
76965000,158.19144872814329,258.30166465877323,485
76970000,179.1300701354413,280.48349698884095,485
76975000,194.32717701030006,353.5400347209843,485
76980000,209.27357347346057,325.5472072539089,485
76985000,196.60818515479673,291.45765099293465,485
76990000,170.91442823862712,354.18750807260574,485
76995000,178.772301458451,282.4737703349654,485
77000000,156.25764103003354,227.5352978067318,485
77005000,140.42706433515212,325.88847540648624,485
77010000,140.521754062358,311.7167849028917,485
77015000,155.41042785172903,283.1945166769818,485
77020000,196.35830564821194,282.4574244622679,485
77025000,168.2417562186612,302.5726563378581,485
77030000,173.6216571812001,341.9007963693729,485
77035000,170.13860735694362,332.3772598634466,485
77040000,203.2973387696083,281.63738823945465,485
77045000,194.81153960889623,309.405116035876,485
77050000,183.9136107909185,320.5107104094241,485
77055000,180.81617217055845,296.3041072567324,485
77060000,146.03757092406926,287.7472787630586,485
77065000,148.4918081243646,294.6936662954769,485
77070000,185.77940974698396,331.3616165787438,485
77075000,158.82958976284672,283.83940453812806,485
77080000,161.29066778986441,264.08736614040697,485
77085000,166.65721885263056,338.0331013098543,485
77090000,167.93339906703469,250.76492302925902,485
77095000,164.79747769682962,349.1649351593769,485
77100000,164.70761547636823,292.82829927597595,485
77105000,201.22634966454027,334.14881835613767,485
77110000,149.58591622854513,299.8460150226802,485
77115000,180.83793285786444,325.02136913941615,485
77120000,173.29927173315428,251.94597085524455,485
77125000,208.37202927197995,338.27771758301367,485
77130000,133.20345346518,311.909164060898,485
77135000,178.1089845122863,229.81659301086532,485
77140000,177.94601484786955,275.96306011147317,485
77145000,201.45545715330346,320.3242540994741,485
77150000,156.27600899225186,240.26832984947717,485
77155000,203.54607531090852,245.14241477085852,485
77160000,190.76598761490925,322.4904418710308,485
77165000,164.59519789933017,258.8891517131618,485
77170000,188.8253433545111,277.5314829501415,485
77175000,169.02612729407747,319.32360004898356,485
77180000,186.754043294549,238.18470189358297,485
77185000,180.00784212457722,289.2373575401939,485
77190000,137.1048274509446,293.69099718073227,485
77195000,174.24311579344797,258.3373022649651,485
77200000,167.86027418755526,387.46102873662744,485
77205000,163.63501982256597,346.84207223249956,485
77210000,192.32508454707113,243.36229821297533,485
77215000,192.71986069593459,274.6145791975138,485
77220000,173.59384797954857,280.880127296173,485
77225000,160.12802456865592,257.08180563992755,485
77230000,183.053478439632,308.8837888349002,485
77235000,147.75449670406138,292.4986828005349,485
77240000,175.40611992241466,264.8389010613131,485
77245000,151.12217090951435,326.10687833247243,485
77250000,213.3793567009752,303.8597345989761,485
77255000,156.9075049929644,330.12252588618844,485
77260000,161.92450397034474,314.02635660344816,485
77265000,166.67972220339425,331.3229294874883,485
77270000,187.70079968537905,301.8403923005588,485
77275000,167.09095752865957,286.58805077263213,485
77280000,179.30817340955178,257.70971018606707,485
77285000,174.6937083993531,329.4098637767066,485
77290000,153.75969515937604,321.069945412732,485
77295000,148.79426124167654,294.0251889925487,485
77300000,164.167247376819,276.4857041645996,485
77305000,113.04760393405698,201.3178377708056,485
77310000,138.7311431198364,280.6828895563257,485
77315000,185.2544009899939,323.0308986768767,485
77320000,173.3835746635283,361.16259932187825,485
77325000,162.5710475232807,277.98269303577916,485
77330000,201.90147455626303,372.8610156497807,485
77335000,178.30320806884941,341.00785562731255,485
77340000,161.5376799365535,346.4319484636917,485
77345000,182.60001338665674,285.75380803690217,485
77350000,164.15419420681235,271.0821944610077,485
77355000,154.2471772119166,285.0129428669327,485
77360000,169.20346444680365,293.7867850249288,485
77365000,165.99595405992173,276.54198472238835,485
77370000,178.70059270075512,295.08099096711464,485
77375000,192.9052108769504,286.313225263387,485
77380000,196.88261755844513,334.68689752998574,485
77385000,187.20274130022548,295.2742490819579,485
77390000,157.69044571096205,368.4023280629326,485
77395000,195.08127691692962,327.25058332526413,485
77400000,150.32538140287116,246.8050432299449,485
77405000,181.0640386683519,321.7625123351962,485
77410000,183.19897199795872,238.31775958916026,485
77415000,219.00538299756764,239.82599565198,485
77420000,197.4030899841691,302.0427386121149,485
77425000,177.04486993352023,318.652956057667,485
77430000,140.73603374011944,354.3419434618682,485
77435000,144.56168659827554,309.0696326541407,485
77440000,186.89572346635404,361.97397306180886,485
77445000,147.66986175150066,308.6916576157104,485
77450000,180.93018660337913,244.54908525179974,485
77455000,201.99509813095332,277.2000192804101,485
77460000,152.10513465643777,231.7735120483342,485
77465000,172.64872814457655,310.37898631573245,485
77470000,173.8196669484871,293.4565922314212,485
77475000,155.651069440702,321.90976560919376,485
77480000,200.01826161904265,288.70514009444355,485
77485000,189.895276440271,319.38027161213995,485
77490000,135.99486052269106,352.2174537650593,485
77495000,181.45868888054247,247.10588203234718,485
77500000,184.99466224808756,335.6556894121749,485
77505000,153.34925887896676,326.120681803705,485
77510000,179.40085175639373,297.9316244805006,485
77515000,187.96001198101774,280.9879651462243,485
77520000,170.3074560343754,307.60835331314183,485
77525000,198.99607446444136,328.9305531774038,485
77530000,160.86843502127832,322.7254975378613,485
77535000,199.54315081502043,320.9028335864414,485
77540000,157.91639330256453,282.09319414695364,485
77545000,208.21842743564355,307.36765630662717,485
77550000,161.3378718762917,251.98210425977192,485
77555000,175.4869193522,261.6414005728525,485
77560000,177.84999438088107,275.04409659902547,485
77565000,190.471912616785,341.4394935823881,485
77570000,175.47962939925264,379.52787408746775,485
77575000,152.73175901210135,290.84642403435265,485
77580000,139.1762455692198,311.3678011629835,485
77585000,174.66681910452638,315.97589760142284,485
77590000,179.97189267187335,336.19250096311873,485
77595000,173.22186533544036,290.58627222725676,485
77600000,164.17072135040107,335.11978305756105,485
77605000,189.87580395313273,269.11444786627345,485
77610000,178.42498366564155,325.4851380798511,485
77615000,146.62931487103043,269.57204655543745,485
77620000,166.11739223086693,300.7853479241161,485
77625000,136.6544064757745,290.2570746455631,485
77630000,152.2100425035339,278.5382233318709,485
77635000,172.68405870001908,255.82024577802449,485
77640000,170.03718251947618,328.57365905003974,485
77645000,218.64631803217097,292.45092493439034,485
77650000,183.43279659803397,321.99628074357616,485
77655000,206.77659599741736,278.63376793357577,485
77660000,183.82315815200596,283.3401548327505,485
77665000,208.95459473566385,342.872176463843,485
77670000,169.17401684594122,321.4454800727495,485
77675000,176.38994131919884,293.1921625698579,485
77680000,194.32539863005067,320.5987077084278,485
77685000,176.54873309406216,258.87245153027897,485
77690000,143.83359296923547,296.85386050250617,485
77695000,190.2296655872975,338.75567259627445,485
77700000,160.75660813058647,344.15944641845033,485
77705000,154.93120493925358,257.41642516299083,485
77710000,180.85686783352148,251.30985296885143,485
77715000,194.49757468724746,268.99470644245554,485
77720000,160.0075004100197,322.5460764348324,485
77725000,191.8360889102963,297.6176903407845,485
77730000,177.47885617589236,275.5433296083327,485
77735000,180.23074399258954,333.23216887052104,485
77740000,141.3429209345944,285.8897096214879,485
77745000,185.68224986262163,290.788280502706,485
77750000,168.205252164906,276.0657131913873,485
77755000,191.07286003167775,367.86101874073483,485
77760000,167.9134487528755,281.3933866087209,485
77765000,159.00023140558056,360.50314794621545,485
77770000,158.65145427320397,302.4695888227454,485
77775000,191.17104343645397,272.46119495689123,485
77780000,200.66878949505013,396.2000299668822,485
77785000,151.69324502625474,279.6991560679161,485
77790000,174.93673642660303,310.6628841896086,485
77795000,205.62422457003703,335.353927624079,485
77800000,150.77004264741845,313.83822112601183,485
77805000,160.21933970479802,261.28048037249675,485
77810000,180.66789271574095,252.9892985611173,485
77815000,188.9597139035474,305.78430607451656,485
77820000,182.61122466173347,274.5957600155486,485
77825000,198.34409599908975,354.6933920168769,485
77830000,188.4962432312638,338.46107772115454,485
77835000,170.66938248964695,247.73003570295836,485
77840000,168.3292655950905,347.8128698494284,485
77845000,204.0012946260452,378.3345575794666,485
77850000,174.98363745491955,260.97426055599044,485
77855000,185.77111851431022,302.90183471134884,485
77860000,204.36214593674296,263.19465585642985,485
77865000,146.88465911066854,312.579011829624,485
77870000,209.4130232424378,325.77938639903925,485
77875000,158.36332944652762,245.94539021520873,485
77880000,178.8727973359377,284.40980571516417,485
77885000,174.2186335009742,186.52139749916682,485
77890000,161.80379213883998,304.98134521441085,485
77895000,169.60435573080994,341.0096655779773,485
77900000,193.08912966863866,380.3478774597848,485
77905000,163.7921266012143,372.0825596631475,485
77910000,191.01354752280662,295.798988123607,485
77915000,153.51021154278556,290.39571526683596,485
77920000,151.67184334220062,270.3932508449665,485
77925000,168.42309128015881,282.31997012916264,485
77930000,177.9174260169367,314.8683624562436,485
77935000,187.32522294113093,365.06183581007156,485
77940000,197.42266121969234,336.0967071441566,485
77945000,175.6806115535673,270.65974193200236,485
77950000,183.90464522244437,278.38172779589934,485
77955000,174.37824993057947,259.4594865910874,485
77960000,115.98269851443384,311.35728364449966,485
77965000,183.19096811321725,305.78025813912893,485
77970000,191.6753938414634,337.07139610328414,485
77975000,179.20246713098538,291.59441004474667,485
77980000,190.3244629069859,302.3374454158423,485
77985000,160.70130349083334,330.3496409510214,485
77990000,167.2745697601227,293.1836595842863,485
77995000,192.43298967137815,273.86211784063016,485
78000000,168.85086587724078,337.0864310682997,485
78005000,225.25462065237093,265.9139094602791,485
78010000,200.1027754843394,268.2428774862312,485
78015000,164.4338923946015,333.35896022402494,485
78020000,188.92059236374655,309.6927429748698,485
78025000,173.84353202635094,316.66806698425546,485
78030000,148.21154704844884,227.28935850884824,485
78035000,191.4560556312709,258.24846730273134,485
78040000,176.15017432931657,338.45148330836537,485
78045000,171.28105394231704,302.3611032844334,485
78050000,195.28191053042758,273.7338842039152,485
78055000,217.9292614637945,291.0236014098524,485
78060000,175.93154397065456,348.8009318535905,485
78065000,168.7137934390595,292.95471369889765,485
78070000,186.32359543849347,359.9516389623412,485
78075000,174.38817113350035,242.12448238346602,485
78080000,161.82784838034658,258.9334901507792,485
78085000,159.4385345048749,257.4055844171981,485
78090000,179.0662280466994,323.8489097622468,485
78095000,162.8542419766789,329.58452367016514,485
78100000,158.70050736500585,280.1555287111283,485
78105000,182.92319631220667,300.6636758058393,485
78110000,200.2135698299772,372.1334770098722,485
78115000,161.94106869405667,269.8463154955844,485
78120000,165.07419087741044,346.4632163344163,485
78125000,162.28148308305597,300.82407924511153,485
78130000,177.38902892472558,293.5216319635925,485
78135000,188.40192535477343,287.3170599335966,485
78140000,204.1977589930607,282.20584805233204,485
78145000,187.3044539194403,302.4219642665872,485
78150000,169.91661847763652,351.72796045168747,485
78155000,192.23935702959554,335.5714467771261,485
78160000,165.282838141082,317.4621683339621,485
78165000,174.01936433786426,310.35924744609935,485
78170000,193.50897019778043,309.2307296147258,485
78175000,169.28998988033473,314.48691146181454,485
78180000,180.97128294471725,343.0348303467938,485
78185000,200.10187621625695,291.8144180129529,485
78190000,216.08080857126652,309.57305213065723,485
78195000,171.96456241069654,313.2956714429063,485
78200000,161.16842440668603,382.7179502017265,485
78205000,221.18193949320099,331.96601152744995,485
78210000,147.43391181456596,252.30725438002764,485
78215000,161.36589289105814,270.24233251081097,485
78220000,183.33485337112182,319.4422943066897,485
78225000,180.55902842613665,299.9680604897777,485
78230000,181.49180817976017,282.4963379878686,485
78235000,202.3961528661746,276.25145896608177,485
78240000,154.5437342842243,324.9160296332389,485
78245000,161.45272476047316,296.1753286052214,485
78250000,158.77245905122808,289.65452731754283,485
78255000,132.32597104098357,293.3512840444113,485
78260000,169.00172236407502,267.1229035182038,485
78265000,206.00926453640648,325.60130429522155,485
78270000,181.1837366875072,292.85945115448055,485
78275000,160.62346714994786,324.2871857381557,485
78280000,185.30446784431766,332.9156549652233,485
78285000,145.4652132332565,290.3846319762363,485
78290000,162.31162741187356,266.99109837446963,485
78295000,168.89406909495224,255.44418968404847,485
78300000,160.69093817061466,295.2944709751876,485
78305000,142.57269053866435,305.1568227837994,485
78310000,144.68125491753253,294.2908729005321,485
78315000,190.11279263235116,282.60911818407664,485
78320000,152.53576646289937,232.26055732037517,485
78325000,176.8708798425378,252.1181548752972,485
78330000,182.2924731031123,218.54487080576766,485
78335000,182.56662322986907,253.77312498116316,485
78340000,162.13004169081614,321.1794549823038,485
78345000,174.04601398994112,269.8262093858562,485
78350000,185.07137004247093,330.8250915766524,485
78355000,174.09006169037377,320.26803966842186,485
78360000,184.319741765706,297.60240573573606,485
78365000,162.9512489671471,249.11190572518103,485
78370000,181.10465153756013,350.232643116513,485
78375000,229.96930930472803,322.1868717753278,485
78380000,165.73401269738685,297.17494026486645,485
78385000,160.66909060237782,262.60030073084954,485
78390000,151.12403523471517,243.77187644500881,485
78395000,155.94730136371297,292.3787489212525,485
78400000,184.1862852143625,283.1062022138266,485
78405000,203.35150702718593,333.88344638147555,485
78410000,173.7782061528558,299.6342139061252,485
78415000,180.75392586589072,288.41130287339433,485
78420000,177.08073697369315,350.83815907956784,485
78425000,169.3039904002224,308.67572126073236,485
78430000,171.15897868492942,310.8759034508913,485
78435000,195.37875749213163,258.49014700237854,485
78440000,161.01863290108636,277.24619475185784,485
78445000,157.28556225723955,308.2385677426041,485
78450000,192.29861139651376,373.60185007492703,485
78455000,172.9953352653233,275.8218930737129,485
78460000,162.87471820424213,257.1391889495168,485
78465000,211.8518718328744,299.24735634047846,485
78470000,165.70509202196337,338.5932491403113,485
78475000,177.88419589301947,305.5482939978918,485
78480000,173.22522990007835,288.78543889291007,485
78485000,158.00007139642813,290.86942874369925,485
78490000,209.86786888024574,329.62217987992716,485
78495000,165.55747287661308,329.15597109990296,485
78500000,178.1830304952018,271.9782098021537,485
78505000,153.25364585205637,320.8540917784127,485
78510000,165.22830884142815,249.94869953374908,485
78515000,168.53041554612884,295.343278196073,485
78520000,164.32722777588813,254.44161942374137,485
78525000,167.07730294760546,258.5333628434117,485
78530000,179.20170515814232,310.80326691026227,485
78535000,191.2781073784466,274.9472737006852,485
78540000,177.0604635360032,325.1619867786437,485
78545000,171.4821733747878,264.06388849963537,485
78550000,186.30377842685024,294.95353425853295,485
78555000,164.17498273340345,278.3797316390121,485
78560000,185.43244610024607,244.89991349222566,485
78565000,173.24459229222984,306.9909173879556,485
78570000,185.14131013496922,256.4087211331807,485
78575000,153.31334890272558,348.4279434490125,485
78580000,188.4844701071591,347.2752844902542,485
78585000,151.00970141505084,289.3228009791989,485
78590000,177.57020814058095,353.9035403863586,485
78595000,143.42282746620916,315.2194388597836,485
78600000,204.61706516719306,252.2451399790125,485
78605000,213.10312113783957,331.9598797778239,485
78610000,156.07697381051105,313.4329374156317,485
78615000,217.62056919895653,312.5868596660981,485
78620000,169.16960464070533,330.36828294919076,485
78625000,170.2761084950735,256.8395076688862,485
78630000,182.5862541256859,276.0568720197351,485
78635000,194.16720679563488,335.2882887172588,485
78640000,189.75945626872021,324.39293765996854,485
78645000,171.66647967193452,292.63200556886295,485
78650000,172.34412729441038,310.80111373942697,485
78655000,163.3365607403784,256.1828116922689,485
78660000,171.78579067251883,337.14523940517176,485
78665000,181.70523524413863,266.2129170539404,485
78670000,173.16227665239646,310.59386360438066,485
78675000,180.23205833878737,252.80070328014665,485
78680000,176.37688060229098,331.51514342292785,485
78685000,154.89540198835758,335.36814831936016,485
78690000,175.79279754007598,276.124265051442,485
78695000,180.1612779006603,329.8654020055074,485
78700000,196.47669361791287,364.2665667941133,485
78705000,187.67161485456074,345.6610992355405,485
78710000,187.94158190807607,344.14262370610095,485
78715000,230.9089107807042,374.4794722713685,485
78720000,147.23797380631984,303.75388745430234,485
78725000,172.33818823861176,285.50340548334253,485
78730000,194.74575371608265,265.9366736662506,485
78735000,200.78342665304245,320.4882550007196,485
78740000,179.51237302346735,284.82958851135385,485
78745000,171.47315492166757,291.04564291976453,485
78750000,179.3101317746698,307.5224490940706,485
78755000,186.54240564085532,308.0412152906006,485
78760000,203.47494554991977,311.1266791656637,485
78765000,166.4866146497864,275.7552525973621,485
78770000,144.02910153417722,259.01504547188074,485
78775000,177.05761826485707,299.3206351933535,485
78780000,142.6155035512336,284.32268056046536,485
78785000,183.77582419582447,271.95313152642956,485
78790000,197.47367064951192,289.59999543391825,485
78795000,200.91564795786726,277.9859258116529,485
78800000,214.7642692890554,392.29356194356666,485
78805000,145.07085913631255,324.55386470215325,485
78810000,155.73976156343878,339.01751738997353,485
78815000,140.281878750496,303.5382438477829,485
78820000,148.53049727760956,251.27200378801012,485
78825000,161.7076562962172,260.76567862503293,485
78830000,164.33276435967537,302.14220091268396,485
78835000,180.007754101195,339.8513825067046,485
78840000,196.47108550152203,317.6343733602435,485
78845000,189.13271666169447,277.0441618714019,485
78850000,127.26193252557304,247.19812121054704,485
78855000,217.0783207234245,284.95366997876584,485
78860000,173.1540376130151,274.37448657136446,485
78865000,214.5223102011575,309.66458204798397,485
78870000,152.55735177398577,311.5404035067466,485
78875000,180.9967078927925,262.5209271723755,485
78880000,144.1165487490523,264.08319045493664,485
78885000,169.71764255234723,247.83787812857324,485
78890000,161.13683913566132,285.4644034991141,485
78895000,176.50859706592257,267.4848467477074,485
78900000,175.66718999998366,329.0864039524934,485
78905000,210.98192795877006,274.3378023433389,485
78910000,162.3960783278812,308.36182109819043,485
78915000,212.43926756066412,282.0415911025454,485
78920000,150.48419003240542,234.7733126000721,485
78925000,146.87285341946702,278.0677310845092,485
78930000,189.604477574661,316.4169083080021,485
78935000,158.5141092778869,288.8227831800685,485
78940000,174.26314367359313,244.367357407439,485
78945000,178.79135119818756,337.3374531254678,485
78950000,162.666312606986,316.95733921862796,485
78955000,190.61587246325885,280.70931847108693,485
78960000,156.0481820288795,256.92160084428446,485
78965000,215.66906026943587,317.93144067083625,485
78970000,177.1686744591114,292.2572023965264,485
78975000,198.36350011988824,290.8723676421609,485
78980000,149.0337530938329,353.12703299371077,485
78985000,166.01749076306498,243.74399684287084,485
78990000,161.8056134909703,227.59463522698363,485
78995000,146.4905086318906,241.26770528442552,485
79000000,214.4272481812962,354.0352604068161,485
79005000,173.54070999506752,350.587418339333,485
79010000,164.9880432013336,318.4541739711933,485
79015000,208.2556271146894,338.0223970646333,485
79020000,143.85474450923758,266.66677864747055,485
79025000,188.9057809451476,314.6092280780775,485
79030000,195.93052603983043,287.9458550579119,485
79035000,179.84933215347812,293.49204607249163,485
79040000,192.75184260214877,301.93890568343255,485
79045000,148.74194518962904,324.66899918680923,485
79050000,170.02378156284104,318.91214280610563,485
79055000,192.57116687942857,324.13685164139685,485
79060000,143.2058301988097,268.15536027270923,485
79065000,187.46489418188003,255.9426910811282,485
79070000,175.16928148401882,280.9418436433704,485
79075000,207.920145758185,268.5310005477863,485
79080000,174.85227344620063,323.17513970039244,485
79085000,174.8210306453476,354.14743044866054,485
79090000,134.51749941228468,290.74170342449213,485
79095000,189.91627202228793,300.3875965799291,485
79100000,180.20778951630865,333.2255341565713,485
79105000,201.6554114312946,257.79176360327796,485
79110000,191.8557160522061,355.444398357836,485
79115000,164.7503375760103,252.05606273070015,485
79120000,155.6558591424043,274.3090374626228,485
79125000,136.88135111741857,281.9377419303106,485
79130000,214.38583869379588,271.86420516446935,485
79135000,222.91325738718618,361.354369057476,485
79140000,175.36400475719572,274.0708358352488,485
79145000,171.9011010485504,301.05345452839674,485
79150000,149.18356747458978,293.12018076851916,485
79155000,166.31784132155985,270.77478431727644,485
79160000,179.75632297482798,322.5513345907839,485
79165000,174.4105386048758,246.9920118829992,485
79170000,223.68076518149599,305.67902819544287,485
79175000,174.04403272137841,298.85877853818533,485
79180000,161.23126444187014,351.84192189235216,485
79185000,165.94442409750616,294.37736270755335,485
79190000,162.2897345540987,355.7524433353042,485
79195000,178.10447020549978,358.2023261612501,485
79200000,168.93714890404277,310.4497551205843,485
79205000,159.08791739988203,339.3193576448185,485
79210000,207.62385080693224,369.26594526974156,485
79215000,157.7892476015485,295.3489606437755,485
79220000,154.25178747924897,279.66012681941163,485
79225000,170.50019055231704,336.89709659834193,485
79230000,202.28134087597064,330.5579393225541,480
79235000,184.0267075327406,353.2995674316767,480
79240000,215.82642220865876,324.722021290745,480
79245000,153.7713447803489,353.4212146921446,480
79250000,165.80836896540302,251.5160696489569,480
79255000,198.7364349558743,318.6160086132316,480
79260000,143.99228791329966,230.49121105190156,480
79265000,165.92495510495476,359.14713172700505,480
79270000,162.87305644853106,346.86855116846067,480
79275000,207.73189167637736,299.75342528891093,480
79280000,170.91789816169006,316.19799103587513,480
79285000,174.94751224748947,257.9903695382116,480
79290000,180.86255517125517,368.78812453775464,480
79295000,175.67074365577383,235.83211040255645,480
79300000,183.56629636360654,322.88136632056006,480
79305000,177.09178475796642,284.98749038505116,480
79310000,205.4682093661491,314.08702086924734,480
79315000,161.05489273036665,312.19774953267347,480
79320000,186.9054727648404,324.3727111934341,480
79325000,173.9218655888758,321.2703890050677,480
79330000,192.08696221764842,248.31742077212536,480
79335000,164.03848590154396,292.6563860605501,480
79340000,154.49092217785108,332.4589620125401,480
79345000,196.6094826257291,341.5284948123942,480
79350000,157.74938520345938,249.90212640128615,480
79355000,189.98641758319832,282.417379554714,480
79360000,224.72675457931334,241.81106511393185,480
79365000,143.21366029718067,272.5294158482231,480
79370000,157.4503896468446,274.6915217335119,480
79375000,154.70707783945073,252.51510190630881,480
79380000,190.76305197115724,290.7063523759253,480
79385000,172.00289559064205,282.6914734359166,480
79390000,171.62029727971992,281.9156436086198,480
79395000,167.06303110210456,321.2891227362325,480
79400000,236.92108068676555,254.45843779056847,480
79405000,166.3242946655969,282.5527160829836,480
79410000,180.50626304254956,345.7387591132096,480
79415000,181.88420595247615,276.47110496734825,480
79420000,162.9240865677243,314.54013120290966,480
79425000,173.53087138027698,310.57787346690185,480
79430000,157.77961170026367,319.39674261494486,480
79435000,209.12121797369832,313.0310205147516,480
79440000,189.78485081434292,306.7292692895638,480
79445000,136.4443366386473,328.25271847732955,480
79450000,187.27175264623185,360.0581206165586,480
79455000,168.2760160431289,276.65932337883584,480
79460000,208.65584114894912,295.6567676394048,480
79465000,161.13425903208497,251.26559566124573,480
79470000,131.1794186417353,318.743462461186,480
79475000,194.5071117628936,275.7066503690611,480
79480000,178.42719690091522,276.54270570266823,480
79485000,167.14799304412128,298.63869960957186,480
79490000,181.71846850438382,288.7145716597173,480
79495000,175.10022033107782,265.1273979152796,480
79500000,170.19849670739086,315.7889715909573,480
79505000,174.39779990553043,342.329640484164,480
79510000,203.86549214839744,241.89879209197252,480
79515000,174.13172890340704,301.32651030486954,480
79520000,165.86938856030278,307.22089049713975,480
79525000,193.8297895575929,268.23432055667445,480
79530000,168.6807107249122,346.78850830227094,480
79535000,191.99349912930947,336.5849560951996,480
79540000,184.70389042755482,253.4761714694469,480
79545000,140.1750138526321,236.64230072002218,480
79550000,189.46956335799575,255.94745799250467,480
79555000,180.98040457383078,346.71037792844277,480
79560000,181.64191567168265,297.2037297836868,480
79565000,164.4323378942019,289.23927687866353,480
79570000,163.4977121909115,391.96444015969246,480
79575000,189.8761632040269,258.9038267865613,481
79580000,152.16570186604022,245.79684952119942,481
79585000,185.6241215082184,320.74557220820816,481
79590000,200.96248133714548,245.85228915341233,481
79595000,203.85010351202908,254.54874308425335,481
79600000,152.51534293423194,346.739859385109,481
79605000,203.90927265131742,301.2753356559087,481
79610000,146.73355909856275,273.1566659039798,481
79615000,184.09631521533535,293.6781374992089,481
79620000,176.48468635434892,345.8563497161719,481
79625000,175.33285865873128,290.3743651008551,481
79630000,187.62354984159035,247.05466940485223,481
79635000,154.12855031569796,330.98637786525643,481
79640000,169.1519309913489,331.5146057004552,481
79645000,185.84803561828033,293.6278279180405,481
79650000,185.1707835609791,329.98451384059956,481
79655000,192.36509996081685,309.6816334359805,481
79660000,151.18201498418716,303.20493294487693,481
79665000,140.4658273967685,327.57155913027646,481
79670000,183.1919365166642,280.7331415336248,481
79675000,169.21797426691245,277.6599980660714,481
79680000,178.11418835547144,289.6094792972632,481
79685000,152.3756697719837,252.177781039767,481
79690000,173.2103158483184,310.8277122708681,481
79695000,154.35415619528612,311.46046947825045,481
79700000,154.20279226857278,301.7247868609319,481
79705000,147.36713879519672,346.68572695682235,481
79710000,165.11775988784473,286.76511228132773,481
79715000,144.9735318981586,220.04172327510219,481
79720000,151.48502970738784,272.38124364251365,481
79725000,189.67781528414764,308.48859351266805,481
79730000,179.96920436299118,269.48510689524693,481
79735000,161.5515479758553,280.01841306109543,481
79740000,158.14653616069495,254.9060337480165,481
79745000,172.87684102666262,322.99351569257306,481
79750000,172.78593660890724,314.75871884916694,481
79755000,171.90473824552433,298.6164334498963,481
79760000,177.64766575385957,314.4145138010113,481
79765000,190.55640350831888,302.35367291595276,481
79770000,151.8077889644889,278.65037332397264,481
79775000,140.59179387954887,266.05524071121965,481
79780000,159.41650233099907,304.2236150679105,481
79785000,173.97932727266104,235.4863499332583,481
79790000,164.3714287486416,301.41753442953205,481
79795000,181.59316594027825,281.5008456130516,481
79800000,144.37228243867924,252.81129445201105,481
79805000,144.04728485299722,285.8176413235327,481
79810000,148.99828618673962,356.1435700474826,481
79815000,206.4963588501394,297.4259971526558,481
79820000,171.02286359233932,339.13936027823104,481
79825000,121.1480786734395,286.9383417443351,481
79830000,208.28962490063518,329.2320189644366,481
79835000,188.31123994356662,272.10203997196163,481
79840000,189.57986782775458,273.80891710194487,481
79845000,147.38092919720916,277.9864439119111,481
79850000,172.65513037242874,347.8687848122531,481
79855000,179.29240047218866,291.7050009358539,481
79860000,176.4713389558515,312.3131340135858,481
79865000,209.7316852806054,285.7235757028662,481
79870000,188.57582123671554,298.8406017000033,481
79875000,175.27440967982457,335.0673030336809,481
79880000,165.4688310920922,346.4158961701368,481
79885000,157.36014962306834,286.22226350245694,481
79890000,175.6803046636428,321.906517425725,481
79895000,193.75928730528295,294.11827975370954,481
79900000,168.13792341186874,328.6342466226649,481
79905000,198.27160075944823,255.10222111081643,481
79910000,162.0022394554506,292.23147461623864,481
79915000,153.29664044267474,351.94395252096575,481
79920000,172.61636132727438,285.5582023343223,481
79925000,166.39663978048765,347.7810643030016,481
79930000,160.05994776446397,326.6497051847254,481
79935000,193.1614312893794,303.6537116932965,481
79940000,212.9958593075624,247.14827449282538,481
79945000,150.76154562422474,364.35909715291365,481
79950000,164.18838493134103,326.2830127415165,481
79955000,186.17738458679375,343.4333355085696,481
79960000,142.16453657319823,348.2498756781278,481
79965000,190.28683070849644,271.2750321472613,481
79970000,179.77145178366388,372.6001272333106,481
79975000,178.60089410155842,296.50664149594877,481
79980000,182.36484880398316,277.4998103501229,481
79985000,196.4521776736777,329.9429278545777,481
79990000,163.13865663898795,265.07542209994944,481
79995000,168.8233418011099,327.17792431068483,481
80000000,188.14927890968693,283.1158670865807,481
80005000,182.64046956841233,315.6607939364319,481
80010000,180.97123767723377,311.5014880224809,481
80015000,173.82144581306974,303.9973769085108,481
80020000,211.4245272745384,274.792341384774,481
80025000,152.5953832467015,338.01284861029836,481
80030000,167.0127296951361,361.4414989130691,481
80035000,172.4992390783251,328.75706495083966,481
80040000,245.96675955321174,298.693050827048,481
80045000,194.3153169548616,358.48342106597914,481
80050000,197.25986516805608,285.6717148200933,481
80055000,155.84048607810672,301.62613675741136,481
80060000,202.273375434784,259.34333065196563,481
80065000,176.6846752499146,223.97557308040956,481
80070000,170.31857021622412,240.47954822458115,481
80075000,202.83927628920458,271.8841773845059,481
80080000,154.0551505248084,282.6341763072658,481
80085000,202.3071985670731,270.84477516121433,481
80090000,160.89460223005509,262.37007506826586,481
80095000,193.27566329269322,254.04857791993567,481
80100000,164.4351472235251,280.22450861785023,481
80105000,193.42473245267038,287.0259197057673,481
80110000,167.0321256689921,261.7311980153043,481
80115000,127.95728394101799,277.303940888277,481
80120000,151.20622689694437,317.73655140801355,481
80125000,211.1606553201894,322.9073444684927,481
80130000,194.99339421928835,286.87023095570623,481
80135000,198.04886790114836,355.917979571872,481
80140000,159.96187259251963,353.0212680740408,481
80145000,210.18491014935827,308.971423725355,481
80150000,219.19220967899886,285.64381894491805,481
80155000,210.77386242011906,323.6897342288716,481
80160000,175.29958868877014,279.49793536167385,481
80165000,208.24954686576586,279.9682737067947,481
80170000,163.56963760707097,299.345910501512,481
80175000,176.8933805654137,297.188914558128,481
80180000,178.73402038130425,306.37801833175746,481
80185000,175.1441065511382,319.16334708647616,481
80190000,142.6659602595502,286.9419668524856,481
80195000,189.9140391830597,338.9751774655909,481
80200000,207.10142084407417,268.8219901815275,481
80205000,168.8047974871327,358.92112362145866,481
80210000,216.14752987191025,295.69755799734037,481
80215000,212.96469690343375,283.17968281705924,481
80220000,202.01704283881057,266.6977668217782,481
80225000,158.59633074139734,332.061187280072,481
80230000,180.8185394836741,321.7578158967119,481
80235000,151.97721302773226,279.45983163476706,481
80240000,150.8758152899691,297.95265888403117,481
80245000,148.79184697840154,305.9405696485545,481
80250000,166.1944759355438,292.7758322279376,481
80255000,224.4688671344386,334.60926655611115,481
80260000,160.46836152957303,321.1778149330473,481
80265000,234.04738152150472,283.965589363325,481
80270000,167.8863887394442,267.54097277435255,481
80275000,178.66806766217465,375.7900460508269,481
80280000,182.56829808219342,331.27295579948003,481
80285000,184.754101923448,351.904267186688,481
80290000,210.18967766449086,318.27912381600896,481
80295000,173.09031751961166,301.7631626899581,481
80300000,160.28703371292107,272.4013553699128,481
80305000,171.88555263544302,207.30903948668296,481
80310000,166.94483576683666,273.942827946742,481
80315000,159.0814612526971,289.80157143377284,481
80320000,225.59098021221646,309.27189506654884,481
80325000,164.7667509927852,290.80950255807954,481
80330000,162.58912119605074,239.94890732185567,481
80335000,179.75492082897853,312.7069453092197,481
80340000,179.48115432873945,254.18652377902862,481
80345000,188.2082045720352,308.5247469884422,481
80350000,150.08960500490116,282.04123830267923,481
80355000,168.11361054864773,380.34261297267756,481
80360000,146.28565484159424,309.7886819712202,481
80365000,149.8034133838724,369.7865397873489,481
80370000,173.24784847142882,285.80502489730327,481
80375000,191.59694714288145,294.92474765950254,481
80380000,171.67752263865822,312.16928203868775,481
80385000,192.98601921763023,300.99911389300973,481
80390000,197.2087698869083,327.9658767077237,481
80395000,173.43199304147183,312.8479209784494,481
80400000,165.9550735930047,280.59242042895477,481
80405000,204.11159558250952,337.9396497838528,481
80410000,156.82528704892653,313.38550802194885,481
80415000,178.37588378298415,284.19859121725955,481
80420000,147.47141354396337,305.9208299283333,481
80425000,199.69065728070197,326.15925653420777,481
80430000,188.1709377344999,313.91164104242876,481
80435000,198.63826418538915,308.44618807239476,481
80440000,209.1884383036176,312.3613740644976,481
80445000,177.83818238072533,331.48327189970036,481
80450000,174.1236802781572,300.72514613424437,481
80455000,205.71438716394894,332.1014887748847,481
80460000,211.18242514015893,381.19248437972027,482
80465000,142.85299532724517,240.35818853096515,482
80470000,161.5252485149177,314.40075496972906,482
80475000,222.95646998330585,305.2812863389002,482
80480000,175.59480169464499,331.9123949877107,482
80485000,161.5500428019213,316.93869755409895,482
80490000,186.3197844054114,277.11976290323275,482
80495000,165.16209066871255,297.0705123869988,482
80500000,209.59432217497263,345.12112989300965,482
80505000,169.3269226847952,248.85641737843673,482
80510000,204.3076901510474,266.74301822181377,482
80515000,149.70249915081894,301.5214019351307,482
80520000,171.54823667264958,322.3810988758134,482
80525000,172.63346022139936,301.19418169441093,482
80530000,174.83633519467173,293.9285609989122,482
80535000,165.57618029846344,331.265609353024,482
80540000,172.0561287571722,264.43019458705567,482
80545000,180.6659199662737,305.78263828010245,482
80550000,199.63126512646772,301.40461035681636,482
80555000,160.34192144227558,313.7051692892339,482
80560000,171.66133669388714,282.7247081253132,482
80565000,163.77517133442095,292.05823462573267,482
80570000,171.73540391991062,341.95509111163534,482
80575000,156.7053947535492,253.27445358669226,482
80580000,172.30596415718477,287.84171256289596,482
80585000,163.1131734997442,259.76383926199395,482
80590000,180.71049724083107,293.607535322594,482
80595000,172.6806978813544,301.1643339008195,482
80600000,173.34531806158398,282.9402415770377,482
80605000,121.91801481162021,274.8596890646409,482
80610000,169.9063548339663,328.20955318449734,482
80615000,189.86919449722743,289.41997970301276,482
80620000,148.25107389425517,244.68507366388138,482
80625000,181.1387777611892,289.2118275017896,482
80630000,162.5569900968393,343.46897170050664,482
80635000,190.99079665806332,258.70024150241346,482
80640000,149.91426974470167,288.7140741309108,482
80645000,183.91063357420956,329.0006601690199,482
80650000,183.77787199341262,355.7936589394073,482
80655000,149.73374924447455,279.13257453947296,482
80660000,187.11297500591206,355.29116154495085,482
80665000,165.03768851144707,319.7706309864097,482
80670000,160.77098182885237,258.23657761022423,482
80675000,174.7038758271021,314.21028730299844,482
80680000,168.59640143089283,310.65400243893396,482
80685000,163.5127414140377,323.6209841444384,482
80690000,138.9881722352514,309.724832584008,482
80695000,154.65025895392608,295.78609694108945,482
80700000,175.01683334141987,302.978035061646,482
80705000,187.45754010066395,285.75120017210713,482
80710000,158.69888286123248,260.1640029364073,482
80715000,161.62020382824954,311.54502230762336,482
80720000,145.55354710892516,274.1689020985419,482
80725000,188.02104760408193,275.54174135490615,482
80730000,153.53723453574023,265.05272185204126,482
80735000,211.9828614484759,347.3712834982872,482
80740000,175.95810679065391,254.2984436213716,482
80745000,176.6061902002478,320.5143355728017,482
80750000,140.5600608889037,308.2028111215664,482
80755000,144.22786858858873,352.822395744806,482
80760000,170.97743830538244,275.0704216286903,482
80765000,213.61238880952345,293.177977823341,482
80770000,188.72759495983806,323.95830281271844,482
80775000,196.67257984528675,383.6074526504758,482
80780000,159.6592819075091,254.3948542002375,482
80785000,150.83934275171225,390.8238962178355,482
80790000,158.3809629523869,408.93292723587024,482
80795000,185.10537515965788,318.4580322105967,482
80800000,167.03194984277872,265.80901968461967,482
80805000,164.39772061592856,246.52538229621985,482
80810000,166.35925595853982,274.3941327701069,482
80815000,219.51797525269026,373.7990644067981,482
80820000,160.77632995836353,289.1044808445355,482
80825000,195.86235870816637,314.07172209409316,482
80830000,197.3081524280229,265.8862905632267,482
80835000,190.1021040039774,347.64858899582043,482
80840000,166.42531059919747,301.9861880144094,482
80845000,136.539719446202,246.990146224425,482
80850000,175.3426607483523,319.9462383701648,482
80855000,151.32215466500637,274.4615541222547,482
80860000,155.09021972703562,250.2751750350512,482
80865000,201.8400692364819,307.62086770361674,482
80870000,160.3154545021261,251.64639009629786,482
80875000,196.3552400957715,277.15671212176886,482
80880000,184.46802608866207,266.6540198193571,482
80885000,208.67905498982478,309.17281342687176,482
80890000,184.84749820180227,348.76664714463345,482
80895000,171.89816774770523,303.66845409834605,482
80900000,168.67137868269387,331.54547483817635,482
80905000,149.2229514620883,268.4555119906609,482
80910000,173.36100642744296,281.6168416639535,482
80915000,232.608283895508,280.39920530925065,482
80920000,176.7042701613249,281.08694908313345,482
80925000,187.977772075811,344.0883488927741,483
80930000,199.35291055998977,263.06851478275087,483
80935000,207.1948456270437,332.62724228288624,483
80940000,202.35066024872262,413.8487870032878,483
80945000,173.9002343195963,319.20608123329663,483
80950000,191.07873384029367,291.10113914527255,483
80955000,150.02868812617032,242.93567732549255,483
80960000,200.41639413795411,307.8677763788694,483
80965000,159.88251408752822,292.88240278164625,483
80970000,159.72579265944285,264.45469112923246,483
80975000,176.74322448363418,325.5152228310337,483
80980000,166.93314610812587,280.02692470854214,483
80985000,183.43080708999202,283.44828226364825,483
80990000,206.9114765716571,296.2976926544593,483
80995000,186.9997769208015,319.8458786968003,483
81000000,203.4496208627419,286.61484540559735,483
81005000,185.31364821565654,329.84641240949554,483
81010000,182.38358479161477,282.5082997000257,483
81015000,163.2594898260446,318.8757051475554,483
81020000,175.7287909195217,310.87848450537314,483
81025000,166.1591615655898,294.3112468843749,483
81030000,203.59651937570044,270.93263340021855,483
81035000,158.2749910034764,332.38563345017207,483
81040000,185.86812612020967,294.2274922163309,483
81045000,162.2411180402565,293.43616803626435,483
81050000,187.1885793656716,275.5628841653725,483
81055000,147.0236790859053,335.5924413248151,483
81060000,204.32559085523087,297.15408485189636,483
81065000,177.48376174691754,258.1331156821298,483
81070000,178.43776442034306,314.8161322287226,483
81075000,194.16873633536585,282.9243100241921,483
81080000,159.55481614992343,307.76770641887583,483
81085000,163.99907644760938,297.7897722387269,483
81090000,163.33726624332547,302.0736311216433,483
81095000,164.81918000311632,334.8232311411089,483
81100000,146.25545872544333,249.64744493452417,483
81105000,149.30135411507388,264.1358292605793,483
81110000,139.69803901530403,333.40335352795694,483
81115000,190.7164098365045,288.54753874082974,483
81120000,187.2679468365109,299.86274745519916,483
81125000,169.78349670262196,297.0174236686459,483
81130000,189.9635234819815,304.77394487578266,483
81135000,123.82796685202203,274.4077602760904,483
81140000,147.53894178618896,277.80645375564706,483
81145000,173.2338138348137,327.7712253273248,483
81150000,156.63478426664915,330.43629033107896,483
81155000,163.8059083672699,323.8685588200305,483
81160000,200.0506644363065,340.2096773417778,483
81165000,171.90756992501431,369.7502318371379,483
81170000,170.1338907284218,292.811436496243,483
81175000,170.59449789885485,248.95089292544043,483
81180000,156.6200419334104,328.9534677178326,483
81185000,155.77268540359378,313.32310481796605,483
81190000,177.18452007280837,246.271775274601,483
81195000,175.8311150243351,358.10454053294706,483
81200000,146.10038042213876,241.69788017936614,483
81205000,224.66493754186106,366.47256623451625,483
81210000,134.59144718754294,239.18432458488306,483
81215000,165.37731540238946,329.4706392020676,483
81220000,137.6920212451106,298.2185237284952,483
81225000,176.0474347006192,295.39066158181754,483
81230000,168.0232691579915,342.32234609205017,483
81235000,177.93737589088843,327.74895037648196,483
81240000,184.24583001618498,295.2764666734507,483
81245000,155.2235921674362,370.9639839734345,483
81250000,177.70349368537177,295.9193570645186,483
81255000,159.04792501024656,285.8062519908101,483
81260000,142.90110755519643,287.98993577194005,483
81265000,157.18985408507876,297.9261199598798,483
81270000,169.8525361928665,239.21937653038347,483
81275000,190.55954789758684,366.8313616652386,483
81280000,120.32630085467144,319.18857212082605,483
81285000,162.33570432777017,362.17532920048257,483
81290000,158.52547076183365,251.7906048567281,483
81295000,167.0063210625794,325.75847735090423,483
81300000,179.97307941249395,320.21305379677085,483
81305000,180.2230259438478,357.63174651909253,483
81310000,175.63267522607333,318.3395802009294,483
81315000,167.01676997578153,258.8151148713455,483
81320000,172.15990462702422,303.09945673398886,483
81325000,196.2593237347128,288.67357699680286,483
81330000,189.235359145325,331.0418368402621,483
81335000,187.24700471098325,272.92847368281565,483
81340000,186.36199398466277,307.3815906386444,483
81345000,143.4958810590761,258.4849627177562,483
81350000,166.36756288837287,312.3685015666506,483
81355000,190.46728565041187,232.84446041439827,483
81360000,194.5767332118181,261.5927066060253,483
81365000,180.41244361155842,332.4332172907198,483
81370000,213.4408676700775,332.7420000953964,483
81375000,168.45047108486057,272.7039702153384,483
81380000,171.4749357663551,317.24275569081453,483
81385000,169.6796093222124,263.73549923564184,483
81390000,203.9856126337747,230.26480455809158,483
81395000,180.7004560501487,256.2937473800667,484
81400000,178.72916754173056,326.9984610472703,484
81405000,188.43870113852546,341.56129300442217,484
81410000,146.81950935625426,276.8277703573849,484
81415000,170.3612678993649,308.95756396862504,484
81420000,182.84145034680748,324.46432537420554,484
81425000,134.24648748369856,272.71457743880586,484
81430000,195.54441395767796,305.9180189570138,484
81435000,175.9357851014006,253.77212286254542,484
81440000,170.9306539966019,290.4119981686013,484
81445000,198.96492701475722,274.72431272874076,484
81450000,148.7091458283926,238.51651361451425,484
81455000,177.12781626486094,296.57459804595607,484
81460000,195.23229254741534,307.49017260380685,484
81465000,181.55494191427465,355.22575313656137,484
81470000,185.7858508835991,356.4260333285392,484
81475000,167.26535830336493,283.9373364237872,484
81480000,191.07747537490334,360.3731637718848,484
81485000,170.20280520035251,296.1684002998824,484
81490000,195.8850863367872,281.2725421583153,484
81495000,130.02346580112317,281.41775905852495,484
81500000,182.653090316052,363.8454507411294,484
81505000,173.45335797459353,355.4470762034762,484
81510000,164.64521184816488,257.68447663049255,484
81515000,138.20403668537554,237.41751019332466,484
81520000,175.94534406217613,233.85979176535554,484
81525000,184.98998859495487,354.072682457134,484
81530000,166.4262684311003,308.38406931834186,484
81535000,230.95968335932054,325.1372906302675,484
81540000,140.1921675263251,292.2857362688687,484
81545000,199.80393131111566,278.9101827101027,484
81550000,243.944769997591,295.7656026023728,484
81555000,150.5055180280859,271.9801870064925,484
81560000,211.04617628321023,317.1976797339373,484
81565000,198.24536414972954,300.40985169514386,484
81570000,170.65532771091873,254.21883955184165,484
81575000,144.8537035447275,347.237496984693,484
81580000,153.71120076828845,345.35006806255757,484
81585000,196.77278300373203,269.6105311821294,484
81590000,150.40398552005433,337.9136990979732,484
81595000,162.94449036176283,313.79074063462144,484
81600000,194.43237268982446,306.54751502469355,484
81605000,176.36881738012744,334.1356022386229,484
81610000,210.97612494293546,305.38261117460974,484
81615000,159.72320039603883,266.63183509503057,484
81620000,163.99747083541246,298.7907104486717,484
81625000,174.05807748386533,292.67590517708936,484
81630000,238.3063755099638,305.89823742170876,484
81635000,209.5887728207598,312.86253416888803,484
81640000,201.13771563295734,284.87693065744946,484
81645000,165.10091063172354,286.73515624540164,484
81650000,175.6621677438116,277.252394501154,484
81655000,165.3717356413595,279.20509982560696,484
81660000,156.53402540063908,300.0003605089715,484
81665000,156.56468993096115,275.3935266577734,484
81670000,153.2300704584339,263.4009139017891,484
81675000,147.36730432295877,312.02251030102406,484
81680000,178.81082482564568,289.5312530983818,484
81685000,190.01904160102586,311.71855207862234,484
81690000,189.48231954277585,214.34999465954616,484
81695000,176.90310888103465,331.54376300277374,484
81700000,131.7638611521224,280.2185824356739,484
81705000,113.97937809021465,308.20790224224385,484
81710000,169.93990514645165,320.71166374898104,484
81715000,164.1239217137069,319.1007987290638,484
81720000,171.86618813682412,269.37841053121775,484
81725000,176.0856274498742,341.1340405817559,484
81730000,163.71868650520778,285.409925126594,484
81735000,176.03773823274085,308.03303632292466,484
81740000,139.84781127038949,315.7220690091782,484
81745000,169.29024252054288,247.51876227084819,484
81750000,164.04111138929176,310.47641556777194,484
81755000,186.28436976380252,293.6881984475141,484
81760000,192.96892163678845,292.31990894863435,484
81765000,173.96757556737958,260.0648369517475,484
81770000,157.53250015222991,291.9046918982465,484
81775000,157.83006157831346,346.6879092375174,484
81780000,138.8480296122272,275.8609096011131,484
81785000,177.78914042735613,261.6868287082553,484
81790000,163.17776782537496,260.1298178725144,484
81795000,167.72455205314301,294.61332060675085,484
81800000,198.9038890315844,259.34067679107125,484
81805000,174.8063915246388,282.5082851021947,484
81810000,146.44015871795625,332.4847891907707,484
81815000,158.48171169632934,238.00339198583794,484
81820000,178.67313800164376,301.35362012731565,484
81825000,171.82711371223016,306.3208222153556,484
81830000,165.2565493265524,298.8932708386304,484
81835000,167.69130019499497,358.76334848627914,484
81840000,163.75873799030282,273.9827388408093,484
81845000,153.01076656095287,286.1758458990028,484
81850000,197.58775521513456,316.65920648715723,484
81855000,186.62728288462517,361.2910904966484,484
81860000,204.3105180170782,230.98252961041442,484
81865000,208.72871473260454,234.4273563233568,484
81870000,203.79777511191108,255.4822623312109,485
81875000,187.13848805650568,326.3793170762657,485
81880000,185.6019900321015,288.7897103591506,485
81885000,147.53469963553755,276.1662853553063,485
81890000,190.94172117745788,257.8914082596153,485
81895000,213.90756676785608,365.3053413213509,485
81900000,174.16947611528056,255.44863482995189,485
81905000,171.07754782289484,232.36393106177132,485
81910000,204.30023225970174,300.79878569812035,485
81915000,146.14766216704598,315.26003084202546,485
81920000,159.63178423799195,255.8942494769698,485
81925000,159.40317844581074,262.19110320478626,485
81930000,189.72346221160592,328.97554537027565,485
81935000,161.82697542808367,265.27590992682804,485
81940000,163.3773924434633,357.6337563754806,485
81945000,157.14896373888106,323.5470683321872,485
81950000,166.08295932311248,273.9177204881764,485
81955000,181.09795238363012,301.2023524901995,485
81960000,166.62738920252568,339.06930362928887,485
81965000,163.45308475521134,301.09418031237385,485
81970000,215.93348578136892,335.3758039328928,485
81975000,180.38590370372347,315.1358300128785,485
81980000,173.1462438287118,244.763642273323,485
81985000,187.94923924371267,252.07320375585485,485
81990000,174.44258613037238,308.2458742157105,485
81995000,181.30026281538406,285.8062178724865,485
82000000,169.19281889966814,282.9231539820334,485
82005000,161.7333645687475,327.1989129849706,485
82010000,191.09777199332953,403.95657857660615,485
82015000,187.27700264345694,291.3245326653083,485
82020000,176.76448888779566,253.35028528127162,485
82025000,220.3221714249499,296.66054556822155,485
82030000,143.97812662869836,275.59033993485156,485
82035000,160.9998971084017,323.80797134210763,485
82040000,195.8025986451108,285.6331149295094,485
82045000,168.98302871825877,316.3345958972526,485
82050000,191.8575512686173,407.92837855356566,485
82055000,170.28378589756062,296.94238839645953,485
82060000,160.93613546589754,291.3402586390353,485
82065000,147.59155499898066,258.16009777318914,485
82070000,168.43142161034257,288.81183603582986,485
82075000,139.5074404384041,347.0759961790486,485
82080000,154.43754665774338,277.33715899076566,485
82085000,205.42937706744476,330.6303646340855,485
82090000,182.77304838014282,312.0869386950686,485
82095000,249.1232572016695,249.5708657441395,485
82100000,181.06931899630257,294.96550233548766,485
82105000,201.13986669757452,279.3649899634868,485
82110000,126.40352484335949,239.44391606142506,485
82115000,145.8715744600532,321.5222971825815,485
82120000,181.52775220743015,286.6345078750953,485
82125000,149.4749792133395,257.9015985216287,485
82130000,164.12205155128785,317.2205942909319,485
82135000,176.7712352105336,236.142306109499,485
82140000,146.14996418332362,242.29264086706345,485
82145000,171.2703506875055,347.2859338099784,485
82150000,165.5683713327117,306.8544494917835,485
82155000,142.50024410486256,326.2624213025331,485
82160000,207.9675675673147,312.82298716697187,485
82165000,151.36410636013704,259.2522958327005,485
82170000,150.97007969563668,296.90860320972104,485
82175000,180.52724573744186,298.7906793409672,485
82180000,151.55570769420837,304.4274250100134,485
82185000,172.08263671617365,291.5269223807587,485
82190000,165.87050614034774,264.05707649670853,485
82195000,127.03935923990245,339.60784069007565,485
82200000,167.28921308645914,322.8013123795669,485
82205000,165.20212134611666,301.8445705525678,485
82210000,163.35126956106083,251.246172499336,485
82215000,165.28432975464,290.25500223337934,485
82220000,168.66468446539355,316.0715237883716,485
82225000,145.77907574067282,326.5865182854475,485
82230000,188.45535685412037,372.5721254190236,485
82235000,177.8459296861613,232.2328730158171,485
82240000,173.0642278796863,309.51462499343336,485
82245000,174.18443123752226,301.3573354350519,485
82250000,137.66374916606827,309.41992155678605,485
82255000,210.40659414163483,338.8074094083069,485
82260000,159.48820356687426,361.9095301379887,485
82265000,169.69993154891574,268.09743296211997,485
82270000,165.31737879522404,371.5832781297388,485
82275000,191.21058180370323,303.0849906187229,485
82280000,171.6342127808461,268.7678739185066,485
82285000,165.74307962628927,307.62404583933903,485
82290000,180.29075137882688,256.17758370558704,485
82295000,142.84544866311822,255.27729826672157,485
82300000,173.168547923951,292.1475374985805,485
82305000,168.9219852966067,303.74015828214164,485
82310000,195.0715240650065,306.1731529700818,485
82315000,129.98440203509932,302.25465584152465,485
82320000,178.57827316321695,323.9397607546334,485
82325000,163.4799654500663,303.1903451860135,485
82330000,203.3827121234927,348.50755015901757,485
82335000,161.73009414301208,290.3343763082162,485
82340000,201.37658740384677,298.2838133817951,485
82345000,172.26356039390137,366.082256391295,486
82350000,183.4693691504964,311.0639195230925,486
82355000,184.68059135123343,324.7834570224855,486
82360000,145.30362848450346,318.570908760223,486
82365000,172.19113097737267,305.7442486172341,486
82370000,201.94844576434463,273.4043657140124,486
82375000,150.96198193366862,357.42636865306446,486
82380000,151.0087814993624,257.23986053214185,486
82385000,204.81183496717395,314.0995979020138,486
82390000,187.68019332896,283.7903839788495,486
82395000,185.66364293031614,279.30711355751237,486
82400000,188.94039161242702,344.0892151996086,486
82405000,182.07141730058342,308.4698507319083,486
82410000,159.8496386446519,310.0476482550217,486
82415000,207.9302438279979,323.0013001578198,486
82420000,189.6959114068673,343.0906389588124,486
82425000,176.0937168215105,350.4377843256631,486
82430000,178.5467393748928,306.70532715329443,486
82435000,162.29049936260884,318.8047148303512,486
82440000,135.14743524199557,323.1471669701266,486
82445000,161.41126305201973,256.1793966246696,486
82450000,147.37275761707141,301.37598862513073,486
82455000,196.96117938054107,348.57947444493544,486
82460000,175.63149799314132,334.5348506719696,486
82465000,117.54866980333661,254.86852250938074,486
82470000,232.30535514248152,329.9446276397002,486
82475000,182.94198390396713,281.6146553169946,486
82480000,161.0298746979377,222.3240375289035,486
82485000,164.86534412936624,232.14827650677864,486
82490000,190.15308149476573,251.89500944226083,486
82495000,194.60746312346484,288.9021513407146,486
82500000,174.8921436673577,325.7017472103708,486
82505000,175.51548891395223,282.37140400002625,486
82510000,202.0297321274998,292.0484160946602,486
82515000,149.92341130546714,243.1956773112284,486
82520000,138.91895392672174,233.2378334141586,486
82525000,179.5175715826122,331.7586270489983,486
82530000,194.68674685147408,282.31202592908824,486
82535000,143.04217761685345,334.2583166240478,486
82540000,187.0268300387193,287.3622790865606,486
82545000,127.42573718236889,296.3503613499338,486
82550000,155.24068702295253,267.9437793742525,486
82555000,160.06915301273716,347.3673811342972,486
82560000,175.38478288925532,312.4662699055087,486
82565000,201.02632469092026,270.14371465399387,486
82570000,178.07128778789237,292.102713582772,486
82575000,207.47650692159706,322.71151798277396,486
82580000,176.03012549710712,261.8486129537895,486
82585000,160.2096154490275,345.54095586956987,486
82590000,154.8826110737952,279.260785941005,486
82595000,128.54634287030197,277.4628679829128,486
82600000,186.47439199878818,376.54954243421713,486
82605000,184.48005829142383,300.4051630781023,486
82610000,202.5889625657097,339.5145320870797,486
82615000,159.55811395518523,279.3882480723758,486
82620000,184.81319976338975,308.8620452548727,486
82625000,184.1848382496918,350.1963923080685,486
82630000,188.2727314425535,222.65354167230018,486
82635000,182.14705905147355,299.8984111663218,486
82640000,174.68187470338626,257.55040428965367,486
82645000,182.1270878453154,379.1150174941429,486
82650000,144.4017298430644,339.4556120411277,486
82655000,184.0534378080886,294.7326748034291,486
82660000,169.0968070348103,312.44375490374546,486
82665000,202.97492736998126,286.4672052386891,486
82670000,174.3732174245197,324.434486947838,486
82675000,184.42704405366604,340.6797606904794,486
82680000,161.09435810556516,287.85777576819595,486
82685000,157.74421032789718,299.343369120688,486
82690000,200.71377516954632,303.2091073999662,486
82695000,194.28712255902144,275.6563869035706,486
82700000,188.92879460647583,313.5386350236514,486
82705000,166.65925005410514,270.7253208575246,486
82710000,173.33622062293662,204.19881598056296,486
82715000,174.7145519742001,307.8313377944509,486
82720000,148.37286913584387,350.6826740904774,486
82725000,157.050388358127,354.8731707596894,486
82730000,198.78863405161866,289.8417771039416,486
82735000,192.41104316761152,324.25132243747686,486
82740000,152.63002014062533,285.80255231120617,486
82745000,185.64559426189132,356.8058430856545,486
82750000,180.7029263371487,319.0743417649346,486
82755000,151.98244913058028,323.3491172792391,486
82760000,169.96906216132794,328.21580813500054,486
82765000,193.27288164211913,326.94044794186357,486
82770000,163.76881438972404,256.0042616056042,486
82775000,177.89073292709907,275.67057264241816,486
82780000,152.39143338887587,263.29660395572034,486
82785000,159.47354714010717,235.77816700524443,486
82790000,150.00311275169548,300.6095949217562,486
82795000,156.64836234458681,234.70141254833334,486
82800000,149.29462308285545,355.585319114714,486
82805000,191.83333510671852,354.73138917720576,486
82810000,154.08740174793903,316.7714890801884,486
82815000,143.6423467979355,268.2571271520823,486
82820000,194.14408853207357,276.7199143019303,486
82825000,179.81692992626517,303.0939463883483,486
82830000,165.84026315711213,282.2277954076551,487
82835000,155.32170410279437,304.64393291117614,487
82840000,200.6879589221343,323.7497230147499,487
82845000,165.4143382265103,297.1487146231531,487
82850000,172.1118004144099,402.88127370864885,487
82855000,166.56565669152184,285.36835941588976,487
82860000,161.84652409509565,316.18797341700275,487
82865000,176.4759213134078,282.8692955936658,487
82870000,176.8444525390549,322.4894870371029,487
82875000,166.71337852227725,255.54736802428707,487
82880000,226.66775073948526,328.1649868114889,487
82885000,151.18779013094556,313.5077009618482,487
82890000,190.48841216745555,310.8078473078831,487
82895000,165.99394812859376,264.7876062792061,487
82900000,166.17344776546366,257.1687382695427,487
82905000,131.5115616164171,330.8616370570811,487
82910000,162.5828537670008,305.15418582539917,487
82915000,205.76779397407725,304.6945733360524,487
82920000,179.9952344831156,376.4730184743951,487
82925000,183.15331188617975,337.1480103209857,487
82930000,211.66277136231736,310.35013405590547,487
82935000,203.35128089066765,292.58611733774416,487
82940000,180.1829036678227,265.2595161660187,487
82945000,178.375489069684,336.6152935495433,487
82950000,149.7804072118475,309.16893947717654,487
82955000,172.79592419156006,304.02409038289375,487
82960000,148.41843933479086,263.67694508680063,487
82965000,158.234410923942,286.71365417649156,487
82970000,158.56178308981202,309.3560719085931,487
82975000,169.97535312549627,259.3090682863515,487
82980000,195.65523829182143,304.0873400129984,487
82985000,158.93959187464534,248.69308018774663,487
82990000,170.856238568333,345.1138809442972,487
82995000,171.16691788484476,331.54377104451453,487
83000000,164.57853228022992,285.9164853238066,487
83005000,136.15227490777778,339.5380407098282,487
83010000,174.48386157390658,292.09821071144154,487
83015000,158.4745101772716,362.6296010909662,487
83020000,150.02973086501282,299.5199573078228,487
83025000,164.03129330335977,306.6692974671549,487
83030000,179.05913326167655,301.16850799610353,487
83035000,203.0560626373704,227.15180766987308,487
83040000,164.56026357722138,371.1271120385709,487
83045000,183.92853700032444,300.35891473804105,487
83050000,144.4708319239027,339.0659444146612,487
83055000,159.2599633020151,263.57258730630286,487
83060000,196.15224377138054,284.3490388544314,487
83065000,189.91297239548055,327.5090700353117,487
83070000,176.09386274480693,386.0129765443171,487
83075000,167.02888158992565,220.09285042859275,487
83080000,177.75539939394875,246.41765838320308,487
83085000,190.97405911982628,294.8369316884361,487
83090000,201.90912824189292,289.13832051530693,487
83095000,160.54147537896552,277.0865452352287,487
83100000,200.55835604983469,248.52791079336305,487
83105000,175.86336513361994,275.69791539204635,487
83110000,175.72318833207186,304.4296876849239,487
83115000,226.36180218330898,298.36484325049645,487
83120000,164.65988756082194,342.3354478648235,487
83125000,156.89471050812983,312.7842213913726,487
83130000,201.20648022690327,299.93761461104606,487
83135000,157.62912806330718,310.7791359676884,487
83140000,178.6138848851603,321.1743871958304,487
83145000,188.5695730117549,339.5732341062826,487
83150000,190.20483084406524,275.91917210729224,487
83155000,158.60911411473546,314.28022085307964,487
83160000,143.56960594423555,286.15788701523655,487
83165000,205.61489671811853,310.8193122982242,487
83170000,175.88751494428627,306.65571388238527,487
83175000,117.7999760664323,274.34904083516926,487
83180000,179.57426243328953,292.5655496744968,487
83185000,163.78996056494177,303.03443870625136,487
83190000,182.98214685416542,300.47005259136586,487
83195000,171.5772240547376,259.78178769107063,487
83200000,178.78068742505195,290.5254728616874,487
83205000,179.69094997655378,330.73933214877593,487
83210000,196.45094982011574,297.2663166380097,487
83215000,184.57684869822347,304.11874101102904,487
83220000,172.31256775378597,285.84994371167755,487
83225000,216.96689831537492,351.02898086067995,487
83230000,124.70817075752134,261.75794963573884,487
83235000,172.6840715906705,371.39197791980894,487
83240000,158.83103706583427,255.04092523613048,487
83245000,193.0293217661509,295.5761167379987,487
83250000,129.28915291422254,311.22977920909034,487
83255000,149.78975936655456,343.5421064705227,487
83260000,150.42355906354274,292.93062324200673,487
83265000,168.15024209543887,269.57792561666014,487
83270000,190.29787107643554,307.57916353505266,487
83275000,198.36893625780075,252.3843653953513,487
83280000,180.8510443331321,352.3816304159881,487
83285000,152.47651985368225,255.5272776739449,487
83290000,165.39569423225313,316.386839839036,487
83295000,168.83128328172137,309.6934923603297,487
83300000,177.64482094843157,348.89719182605165,487
83305000,142.77540680228424,314.67127934267035,487
83310000,205.1694711711008,333.58606625268715,487
83315000,165.15875093248238,353.5971200392963,488
83320000,171.03149744665893,264.7499057272261,488
83325000,155.2692884759414,321.54547638616117,488
83330000,191.3613787962896,297.9278818449506,488
83335000,172.14752217128256,381.2593777198019,488
83340000,179.84914482832897,314.2019105250026,488
83345000,190.67164545464556,275.4963629519224,488
83350000,165.81236575431234,220.4565828096455,488
83355000,150.66011150761102,318.34695355237795,488
83360000,154.09403736227532,253.59045755717884,488
83365000,170.54269093754232,319.4108981838407,488
83370000,214.8956679507947,337.8655952276916,488
83375000,153.50665835536216,269.388904045054,488
83380000,200.92446593609034,269.75703443316337,488
83385000,188.08501703646465,300.0227736031499,488
83390000,197.58334171257556,374.9354491036936,488
83395000,202.53662314684163,269.8492624356296,488
83400000,153.6545144343482,290.9602219318643,488
83405000,175.84273206726633,293.991784874328,488
83410000,213.81538880958087,356.0161127771215,488
83415000,156.16141344393773,250.7767614131217,488
83420000,134.81829678031184,283.35778403503446,488
83425000,164.9961504308123,243.20364915962546,488
83430000,173.55336102169795,389.0193321558728,488
83435000,175.92389418015657,302.2657729863956,488
83440000,185.25631139299958,302.2665938347901,488
83445000,133.06923045652047,266.4962008890638,488
83450000,170.93018102674262,326.277304763842,488
83455000,177.67995564966128,324.44033626464153,488
83460000,184.41658609708372,260.16666206257577,488
83465000,168.9598936648926,301.58414243433367,488
83470000,185.5231617445311,350.5654259091982,488
83475000,172.63200998898736,291.27399095109496,488
83480000,211.6313468977425,316.69568784216165,488
83485000,225.68595395458698,276.45278269015046,488
83490000,194.96199718538912,320.5562371231352,488
83495000,200.05938643224115,254.74338217780334,488
83500000,191.77967621538207,296.8350704822536,488
83505000,165.25579131045023,260.85079158732395,488
83510000,177.56837022950995,311.5864870277325,488
83515000,162.0236107514161,285.9283422885322,488
83520000,159.49050118820716,253.8509191033302,488
83525000,180.9667312410837,335.2240602905381,488
83530000,145.49417003774408,332.6854185924993,488
83535000,159.37313489581584,303.73678794452627,488
83540000,170.64690193882552,321.6928546894801,488
83545000,197.85622667839695,377.8332006643156,488
83550000,162.60357732998995,272.43054527045507,488
83555000,217.86017207519777,344.0645654246118,488
83560000,175.52045432498304,319.15184763300175,488
83565000,169.630073460567,260.0576802274435,488
83570000,171.08077125531156,308.3181058803665,488
83575000,153.4288175199137,253.40045304806043,488
83580000,189.52785924539498,297.9719700374262,488
83585000,189.6281039477679,284.4629230476363,488
83590000,161.95939307857958,348.7587512268319,488
83595000,187.73247235857855,281.28005145530966,488
83600000,176.14690996839482,251.6530324289603,488
83605000,160.94144094621103,272.0265124000983,488
83610000,159.45627965911703,222.992119340807,488
83615000,148.79655599503266,292.7223321659376,488
83620000,156.49427997222008,280.65656005775605,488
83625000,168.55790483759785,271.48985693499066,488
83630000,172.54467546865274,307.4088150624332,488
83635000,175.6011614794791,287.65411244185395,488
83640000,155.90665166127738,334.3648227904826,488
83645000,183.6225349875613,307.20609117033524,488
83650000,195.57112422762285,381.1071435037918,488
83655000,230.79767555722307,256.55825569007044,488
83660000,165.00204204908172,277.62422814605554,488
83665000,181.75766705663986,266.35348420852375,488
83670000,205.9071600617492,353.0074672486585,488
83675000,176.96613090861635,341.61015516411305,488
83680000,187.2545473191657,295.3973272030424,488
83685000,159.7091462785,270.17006615828427,488
83690000,154.66941758974147,249.66458449759276,488
83695000,166.33014088899017,319.76140271773966,488
83700000,178.3989067180451,315.8720971710239,488
83705000,188.04603974616853,365.4341697190915,488
83710000,174.90225243154765,316.0290104322115,488
83715000,166.61446189320026,341.04219616418203,488
83720000,182.04088320337766,267.47623013419116,488
83725000,197.1171051084735,302.60550457625817,488
83730000,165.85118253242732,311.2427622201042,488
83735000,173.08239685305324,319.7636026606396,488
83740000,187.3993057498132,340.43853923755444,488
83745000,184.37753128424697,367.03676508958324,488
83750000,166.82255854463207,324.71323292998176,488
83755000,152.8355627084043,353.1160388061465,488
83760000,190.5949215071654,302.9196911527865,488
83765000,178.46942196846175,328.1500642088473,488
83770000,155.6092462125659,337.08534194901307,488
83775000,185.62427109529082,284.2239013545933,488
83780000,162.06548822859256,252.4238260325126,488
83785000,167.83774810939985,303.1366082045503,488
83790000,166.1408690741633,302.9569010800797,488
83795000,157.04830780384265,357.10759338963373,488
83800000,158.57872049074615,369.22912825990386,488
83805000,186.15826211263712,326.96830504657845,489
83810000,178.89404619501448,243.3130165491422,489
83815000,181.87842317896468,288.009692145845,489
83820000,167.83408421353715,267.36808322638126,489
83825000,136.13038075975808,265.8670335147241,489
83830000,167.73226390367446,318.0007399196582,489
83835000,176.6051212902848,371.15127975992647,489
83840000,168.45259284282523,339.881365579012,489
83845000,153.29591270999998,287.7799004929773,489
83850000,158.23615716210224,330.0024730042521,489
83855000,179.84642970119162,270.4541754833679,489
83860000,225.51068486334333,281.720608184046,489
83865000,191.02385049144496,289.0798239047869,489
83870000,182.3132088531423,353.1162310074838,489
83875000,164.91564097985702,304.7104129919331,489
83880000,190.72037973693793,299.4778567250257,489
83885000,180.59751035631513,312.7536281105757,489
83890000,194.40177120882305,308.08506822363404,489
83895000,192.47999721231957,333.90117717890735,489
83900000,175.826606852504,311.34387854717136,489
83905000,171.8668221886601,305.97718071441165,489
83910000,198.02877930603088,291.2237160660063,489
83915000,140.56794340139635,332.19960458328717,489
83920000,189.68660194520425,372.56003175200806,489
83925000,172.52420675747857,335.5106547110854,489
83930000,192.86042710476775,350.84066632476424,489
83935000,181.58954902053117,266.05807163337334,489
83940000,171.28274502636208,275.3605466334787,489
83945000,170.04041172680607,334.55060498632355,489
83950000,170.36913467362922,309.36671999599736,489
83955000,183.83232811497973,265.37795588507834,489
83960000,190.3544762855044,331.95283064513956,489
83965000,171.53625878758453,312.73141150333487,489
83970000,209.0536058716654,364.212875021537,489
83975000,194.23443502830855,285.8975035726891,489
83980000,152.3025545895266,265.6701729672063,489
83985000,189.18035370041105,255.7735638283802,489
83990000,168.64373527591096,346.53579773347735,489
83995000,196.55410083810423,309.85450801977515,489
84000000,193.5618519348838,260.701185802592,489
84005000,184.71742012733372,297.91540777475586,489
84010000,181.579067653775,327.12324768437463,489
84015000,223.1793735663824,279.6728338503524,489
84020000,166.19036017704272,362.9420347927344,489
84025000,190.85512621225075,303.83004157743085,489
84030000,202.68134048557354,259.5490493193381,489
84035000,139.71620321260855,312.13112656052425,489
84040000,167.1796462799358,295.29364555039217,489
84045000,204.245511322173,260.70799824173616,489
84050000,177.61802890421188,255.7108006387383,489
84055000,220.27652527838214,284.72806851391863,489
84060000,170.3570849232638,280.8964602113492,489
84065000,135.8666849271717,271.60637940266554,489
84070000,187.1855833368407,311.1010936462516,489
84075000,189.3813719631461,263.5566125284283,489
84080000,146.10045822768913,263.9160560231219,489
84085000,161.0594455198698,317.2775000497879,489
84090000,178.63491479002107,359.9960906189865,489
84095000,185.17688299488822,333.86139760598735,489
84100000,154.87382073896504,328.09860279718356,489
84105000,185.2850574586345,285.95804305810833,489
84110000,197.00065362350043,324.4557701576535,489
84115000,184.2888693220104,375.2760751314371,489
84120000,173.27478229748007,258.70903200768754,489
84125000,168.09611586592595,260.4330197370575,489
84130000,165.2419204029818,382.9958554281158,489
84135000,199.52468485333875,258.01462320428095,489
84140000,140.7541520747213,272.64900490301596,489
84145000,159.84057696308366,316.0399109476223,489
84150000,191.86209924094823,316.7046794962436,489
84155000,151.24053183155826,257.3713160333416,489
84160000,195.66735522072926,346.3702666993326,489
84165000,156.9703615398963,332.4032236944612,489
84170000,164.51830567195086,348.5201039365237,489
84175000,183.0492938923845,279.02048079534245,489
84180000,173.1294284995454,337.82605098325536,489
84185000,173.30906330380745,301.05246560919716,489
84190000,161.53960144197018,245.01839334586643,489
84195000,197.8944219135431,277.3388029782903,489
84200000,147.63747972922664,332.6717444263136,489
84205000,182.37695764297365,279.80717891576364,489
84210000,164.51580580417468,298.78621040804745,489
84215000,198.47100835316098,306.79935218110364,489
84220000,172.24059451806346,323.2140678503908,489
84225000,196.44301724387333,352.86058578690796,489
84230000,188.79660426345075,334.875591908569,489
84235000,175.2789853911954,319.23752059982866,489
84240000,159.30176763483027,275.2197751657812,489
84245000,186.79562228391526,286.62288888854374,489
84250000,205.45797093158475,282.9257932628698,489
84255000,207.7176091726553,266.7508602578178,489
84260000,167.16177274727838,244.14701149951102,489
84265000,184.9771240307708,266.43754210321913,489
84270000,184.28864683129154,270.2350988716596,489
84275000,167.75119545150454,257.7782746968277,489
84280000,175.10857364872572,261.58529454283524,489
84285000,186.87892793467026,293.1155755204589,489
84290000,182.112534219244,308.5357878525141,489
84295000,161.19540171479753,300.2592497455434,489
84300000,159.00216677979586,317.84401412494395,490
84305000,214.35876028438904,328.286327372184,490
84310000,170.8999647954469,384.3304678147175,490
84315000,156.1021015196403,322.9460270309066,490
84320000,171.24730922518052,293.4899076758145,490
84325000,177.17832502621607,259.9396690011899,490
84330000,126.77143620074403,290.2179388331924,490
84335000,163.0977499549058,322.812095062346,490
84340000,182.91244980371582,322.1681330746104,490
84345000,163.04329772936376,292.12901762055316,490
84350000,160.76361563608046,342.8666677368403,490
84355000,163.48620732895338,277.14062702598596,490
84360000,199.04598225137218,268.85612324581143,490
84365000,218.03260071622066,336.48101168243403,490
84370000,193.87595758149143,297.5177813477446,490
84375000,221.95240272662343,373.6749871935773,490
84380000,169.0814097253517,316.0870605164554,490
84385000,160.0108432398407,310.86078722456193,490
84390000,155.4745990369624,281.07999789719463,490
84395000,201.02202630326084,313.36581746938225,490
84400000,194.88199529870332,300.44280729138717,490
84405000,195.6945105879459,328.9170772624781,490
84410000,176.956561830379,305.54417658257404,490
84415000,152.13677441774922,262.06014298719134,490
84420000,185.8851967499952,280.70305530358775,490
84425000,166.30455443279996,310.0370771727328,490
84430000,145.94451893790335,212.89286447665862,490
84435000,158.21631362730582,244.79447056116783,490
84440000,168.12120767078324,336.84291893913246,490
84445000,151.38649104782903,374.8737330810233,490
84450000,187.85942957582205,326.83723414223573,490
84455000,184.92546930805034,250.33109637818075,490
84460000,209.05427601682058,334.5009318091434,490
84465000,153.71848891509345,273.9901714968205,490
84470000,146.02684443961607,273.36174321495855,490
84475000,159.07950320619196,230.27413478056744,490
84480000,169.5721019221762,293.3039768163112,490
84485000,178.07268550207158,292.38714507327984,490
84490000,169.32012784348404,270.86372972238775,490
84495000,145.73277141453448,301.9829635597351,490
84500000,143.07289641764694,320.82739764679815,490
84505000,185.54724506443438,327.133765818891,490
84510000,172.80918424415864,287.2179472059096,490
84515000,189.69248537117764,320.0370403336201,490
84520000,181.6459140133729,247.37619446449324,490
84525000,179.1086875218661,325.3688373262251,490
84530000,184.07788711133185,339.87671624203824,490
84535000,149.8860937877816,235.64356555172154,490
84540000,156.42932985537018,258.8960256579958,490
84545000,138.50657510251617,240.11018999040775,490
84550000,149.8125024608953,249.47630805215553,490
84555000,185.5973391462363,238.1741534345204,490
84560000,153.04569381000516,314.2211394024722,490
84565000,209.01618787055097,358.4132328195057,490
84570000,161.43233878010426,256.13179108610143,490
84575000,164.39775807249762,341.3868234639331,490
84580000,159.87892353044398,219.02610274936035,490
84585000,199.63676473180803,250.06208503149352,490
84590000,190.6161147411719,304.8593780464991,490
84595000,176.0216808746796,335.0682174197704,490
84600000,178.77693861655115,316.1014441568658,490
84605000,148.98976713908743,295.5111015318371,490
84610000,168.67242235160177,261.3988237371433,490
84615000,153.50697669642545,210.21410373608904,490
84620000,222.78709017863682,293.3676475400749,490
84625000,171.4951852774709,269.6345413440439,490
84630000,193.9866880203033,283.68567597180356,490
84635000,163.03603673107244,252.02404096488712,490
84640000,193.2819209372793,351.2583694091617,490
84645000,153.69732887324676,337.7881824863008,490
84650000,187.5827593128583,300.93266811708855,490
84655000,168.69228512298193,299.41156789342784,490
84660000,176.69217772650538,315.9290250842153,490
84665000,157.20794177505826,277.56566146703483,490
84670000,175.60477167346303,293.39909193218256,490
84675000,175.46016219916882,314.7985713081414,490
84680000,194.60524318621265,330.2582622509204,490
84685000,169.4464043161068,266.3134518110748,490
84690000,182.13633992476596,279.9289475408309,490
84695000,165.3662758241419,256.1558199378414,490
84700000,170.6665882868978,304.6874487305375,490
84705000,137.8647200687727,276.3537263020733,490
84710000,225.66778301799727,343.6856794230348,490
84715000,186.41024876389025,271.5422952003112,490
84720000,171.24340307185489,271.06916914255885,490
84725000,176.40011778614348,265.2240125330687,490
84730000,191.3225632351877,299.7703790214457,490
84735000,180.03719340729003,310.41682032802436,490
84740000,197.31613253489934,222.08113298749348,490
84745000,153.86122943155107,264.40671618806675,490
84750000,156.46175404232918,272.05107478987895,490
84755000,215.74210348114678,281.97705610735665,490
84760000,169.6757486461951,232.1856339346136,490
84765000,152.72448894336273,292.93638897468395,490
84770000,172.18888681509398,325.6212141232736,490
84775000,163.8215468694598,285.7074800788263,490
84780000,162.9774910905765,314.07177063141296,490
84785000,185.81936824874438,360.5672209798668,490
84790000,174.4640931882662,324.97654203747663,490
84795000,126.0070338788063,306.4185512557669,491
84800000,209.24301705773692,343.62644955797913,491
84805000,150.0455367978395,292.2622359638265,491
84810000,161.16288772169287,277.65209619321365,491
84815000,188.82323603867425,298.2441032415662,491
84820000,159.70176866536085,346.2350869662065,491
84825000,223.26820664854762,376.6374495903339,491
84830000,190.9655762452998,300.07443764293095,491
84835000,214.20773727381513,261.76853995593467,491
84840000,140.8171220717005,361.0506169270694,491
84845000,156.71673059559774,247.92639821515488,491
84850000,222.42392203236622,271.8962591333502,491
84855000,163.29381124470086,317.56641437030584,491
84860000,188.16706831683166,360.4714369026522,491
84865000,180.6735585607435,324.25995232582574,491
84870000,167.01130691886087,269.7947414640573,491
84875000,173.41737689114143,259.5796818318623,491
84880000,178.12983563585027,291.5503352172194,491
84885000,173.69021971599983,305.1305095443635,491
84890000,163.7887985238529,304.33701277774094,491
84895000,197.88129022957634,263.65649709548575,491
84900000,173.4154234515729,282.35412648561584,491
84905000,140.09252487063583,297.8403506803414,491
84910000,195.33809205908997,277.2930462991602,491
84915000,195.78317385892126,239.29201510947917,491
84920000,182.27671566052464,336.26156452623826,491
84925000,173.26813719768884,340.52032917297504,491
84930000,227.65780212914953,279.8049046012095,491
84935000,193.5938662628798,291.22245825252503,491
84940000,205.713183761373,291.8683558963371,491
84945000,177.1617612447523,351.65101923600326,491
84950000,141.28038040946268,296.6921952960987,491
84955000,157.68428223245996,263.5830706242982,491
84960000,123.11044695898266,281.1240810093588,491
84965000,162.76905734768647,276.6398065810595,491
84970000,170.44461972805328,188.86392391711283,491
84975000,167.4887198276671,325.2912850532768,491
84980000,157.75736408953676,285.936628329418,491
84985000,196.22347684848063,351.72992621983224,491
84990000,165.08125662833768,292.8862402982263,491
84995000,178.2141954113981,305.9780071795446,491
85000000,181.54178573450594,313.25780152420253,491
85005000,222.4288552905539,234.38667893410954,491
85010000,144.05814992971364,329.81341481914853,491
85015000,219.07805512247597,316.7316828958004,491
85020000,133.9840079210489,292.90029792756917,491
85025000,183.56771119742538,327.920485897691,491
85030000,218.79270600245835,331.9920862570944,491
85035000,187.63492436883817,309.4805025509037,491
85040000,175.0967267044625,269.82810561700023,491
85045000,154.49460806763662,293.86464887407004,491
85050000,184.6965745792591,315.0752107481312,491
85055000,167.5192435428947,301.4852345535046,491
85060000,150.99573264361737,258.654624283235,491
85065000,191.41689072829985,295.66054223298187,491
85070000,223.15339548357917,306.4063801500055,491
85075000,191.67395208046912,282.5504104185249,491
85080000,176.59980718570324,304.3396679813258,491
85085000,189.1762426107723,318.36533099029566,491
85090000,192.10993687418707,252.41375481833538,491
85095000,141.3293845079095,338.5553469802327,491
85100000,195.59543000998463,315.62143095356157,491
85105000,186.77243214421975,251.86623553160004,491
85110000,171.09204995332877,264.4403323285466,491
85115000,153.0651804910107,297.1531183786784,491
85120000,192.66821968495387,358.43034784142293,491
85125000,126.17225679655657,210.20219781692404,491
85130000,173.04315270869571,312.33024439288096,491
85135000,166.45719447798095,279.439409886367,491
85140000,175.63537915972807,333.3236803938375,491
85145000,176.9591543965875,268.31309948386087,491
85150000,202.81969263468952,271.0941123189887,491
85155000,165.10540852661444,283.8366679758354,491
85160000,141.52883284875736,380.2636490570196,491
85165000,210.78556282355268,223.76181511024993,491
85170000,123.56630192454779,255.01507053083455,491
85175000,170.80351518491,379.9578518427786,491
85180000,196.77578046977965,274.7505065682275,491
85185000,169.80561029059658,269.3003953037477,491
85190000,191.01478264999557,325.4076713066245,491
85195000,204.89596963690605,376.38181786883496,491
85200000,178.46755617957987,304.39167300410185,491
85205000,181.19785636655175,259.78343417647426,491
85210000,144.38670229091295,360.0483033573273,491
85215000,208.57127000852878,338.4529673255668,491
85220000,183.00445110920916,316.5893435421657,491
85225000,153.8527244028306,279.77483720151076,491
85230000,167.43115322279877,362.0412252387801,491
85235000,150.56358381162752,290.7588744796531,491
85240000,189.65312419780415,320.70920202738625,491
85245000,145.26915360198873,318.6274559502213,491
85250000,176.28686047364363,245.79571778086208,491
85255000,157.02693428074164,331.1203173827544,491
85260000,154.9959206962023,285.17416887666485,491
85265000,210.58690294752003,300.5247934036235,491
85270000,168.7884422475116,215.47604552286967,491
85275000,161.9232987707955,341.6316580743253,491
85280000,180.0082042241572,254.8958227452215,491
85285000,173.85269613984187,276.6559978729391,491
85290000,195.7933515129023,256.81708186760756,491
85295000,182.27129090666602,286.89008367543096,492
85300000,147.7263707651675,345.61467754558316,492
85305000,167.98491957403982,280.2252356816618,492
85310000,149.80086290892655,287.65454243171655,492
85315000,185.83884407687384,295.20756210921877,492
85320000,143.30068074365008,295.10202928331984,492
85325000,169.73284165679613,311.6001419564754,492
85330000,151.67031387277288,311.7008100807465,492
85335000,166.44735281959765,290.3560187359203,492
85340000,226.95526236509636,310.09882038963207,492
85345000,180.82824869344168,356.48062302712674,492
85350000,152.55206792605142,277.45132897736767,492
85355000,203.53538145888967,316.81184766927214,492
85360000,175.7941952680691,309.3182838739521,492
85365000,171.0757399780737,250.13500318269826,492
85370000,156.594613882644,286.0818050328598,492
85375000,195.4964412141027,284.2268214643386,492
85380000,165.61078191379661,296.6600794505181,492
85385000,140.05561570550293,339.49700855775194,492
85390000,156.65316443734,322.38314996058546,492
85395000,169.65093545667915,265.1988784155805,492
85400000,161.55427235231264,322.37768968582435,492
85405000,190.2569278280296,308.5177769996324,492
85410000,194.5082673668032,333.91986065661837,492
85415000,185.7100806941763,243.29426899528795,492
85420000,175.76002526479542,280.78686388818386,492
85425000,165.75945540254997,247.60897615671024,492
85430000,213.81039301047198,333.4044666944277,492
85435000,143.66723090320437,239.22309157210526,492
85440000,135.73203619395198,354.3271608327789,492
85445000,162.730380907227,280.0865605519704,492
85450000,193.19884736753767,308.49471491091913,492
85455000,135.7307182676975,342.7901339563718,492
85460000,177.42635918201017,279.69070171426006,492
85465000,158.0666329681805,309.9335857388748,492
85470000,179.36996584609767,267.38660887813944,492
85475000,209.66411965527948,270.22296189941875,492
85480000,155.70127591941613,296.19049296973446,492
85485000,216.3595366868432,326.27067361454294,492
85490000,167.98052716736117,273.7620693261447,492
85495000,223.6696992515016,321.49832889417235,492
85500000,190.80698588164353,326.4706798426744,492
85505000,165.82688962148993,343.6992784556832,492
85510000,165.89601852143372,257.7963951539974,492
85515000,186.9854525087232,272.76160990365383,492
85520000,156.80932029129877,241.8836635662542,492
85525000,190.52144762360865,307.11914039673263,492
85530000,203.3329668364687,277.68851030663615,492
85535000,188.66491051242286,296.26322731983976,492
85540000,174.3983387923831,269.57761636899176,492
85545000,117.1152174752895,253.2590290841702,492
85550000,206.62010181496143,272.6263785657608,492
85555000,176.54845766369226,325.50221150030535,492
85560000,153.33003884571448,268.2197823099799,492
85565000,155.80711698238747,308.04780184634,492
85570000,183.2825083867702,295.9099319678594,492
85575000,178.09598510327444,272.0128312716371,492
85580000,136.3587335083841,290.49901900191935,492
85585000,174.6229956546942,295.76245312317025,492
85590000,160.71602127968367,293.122151178,492
85595000,166.49232252352084,342.61351865311065,492
85600000,165.9896055746315,304.8156109947476,492
85605000,181.07348504486848,337.01710815170776,492
85610000,169.851164487634,298.60129530974973,492
85615000,161.0837180133648,275.7662902745515,492
85620000,178.75670985021404,323.0369152623658,492
85625000,206.46347710871964,255.58427234236342,492
85630000,174.6088504992316,281.9262919624993,492
85635000,183.74156164713466,282.12288863748205,492
85640000,199.5770082905325,340.37879292271185,492
85645000,160.19401065234322,258.1070909469441,492
85650000,175.7884602216704,290.06951278315324,492
85655000,187.5487748374503,328.1092898149119,492
85660000,179.66704253646358,331.0538307674024,492
85665000,190.21902425432577,335.4331573791068,492
85670000,202.8533077127242,274.1581659536096,492
85675000,163.5050240748842,291.21392824071637,492
85680000,178.07505145618302,301.8447930551664,492
85685000,211.63452125270422,311.7840217481983,492
85690000,145.49438324104568,277.0285091023759,492
85695000,185.98109079007133,299.3348073769839,492
85700000,182.2999621314451,316.6249145182785,492
85705000,140.49229787227355,272.37894467729757,492
85710000,166.58081393514658,276.1046867080772,492
85715000,175.56203066898868,336.30888835217996,492
85720000,140.09205529234953,339.79280002359417,492
85725000,184.58432631326897,331.2270364674898,492
85730000,182.78729454876412,250.14048055301024,492
85735000,166.44578985439856,297.16147986823523,492
85740000,161.71704106598474,305.64030947101554,492
85745000,186.24691684972873,327.1186244782197,492
85750000,164.17896516175236,300.79394236692235,492
85755000,175.431282445527,283.81718775624023,492
85760000,171.24050434072709,340.8520179076939,492
85765000,178.41566215420798,268.3536328828687,492
85770000,159.31629521125456,306.146049006663,492
85775000,157.369856336032,326.12092146038094,492
85780000,175.89403701123672,312.9442758142834,492
85785000,174.28332051578502,347.34459304075466,492
85790000,180.1592121358844,234.72142128402677,492
85795000,189.36263249581006,297.44586685180184,492
85800000,151.65940223661292,272.8409543283165,493
85805000,168.63656552087298,359.01864501441764,493
85810000,182.8610744780096,313.9421138795093,493
85815000,160.56783604580144,281.6849471896995,493
85820000,201.0423731608923,322.3275098617103,493
85825000,155.08628441273942,299.2102700948226,493
85830000,183.385179773097,295.22745421040435,493
85835000,171.01086996702253,285.2423588319169,493
85840000,169.35341479009577,305.65351657031573,493
85845000,178.37703266759425,279.66668737832254,493
85850000,161.85465472554222,242.43577703029194,493
85855000,168.88289082456407,302.7047242631887,493
85860000,163.59214331263425,330.58026308202284,493
85865000,192.30512205233626,323.5258268178612,493
85870000,166.3001528023814,307.119331907445,493
85875000,178.58232888580088,298.78479231059964,493
85880000,148.0653249703588,337.77261288811553,493
85885000,183.79019277808231,290.3622311831041,493
85890000,173.57906832992788,268.900834094531,493
85895000,203.20300096768818,321.69054858607456,493
85900000,156.8683050781321,256.4343540704573,493
85905000,217.4859220357496,297.83189003236066,493
85910000,188.79992130407763,285.9482980522103,493
85915000,194.28124193173434,358.68221573251986,493
85920000,170.90838054672636,343.62586557543506,493
85925000,170.38190920365264,251.34183454563964,493
85930000,173.73758462879047,299.2802552757468,493
85935000,176.97238446714846,320.16714067125434,493
85940000,195.57155309521465,294.8992577964407,493
85945000,192.36388071331825,258.50486418866154,493
85950000,163.51122965927578,303.8193228353059,493
85955000,137.4957133900045,280.3069906538813,493
85960000,210.8128151855702,265.8542361034553,493
85965000,185.418470058196,296.98736897554153,493
85970000,173.05853343497947,337.3250685705709,493
85975000,146.09391627150666,263.0170555803845,493
85980000,152.64908037941916,228.45269523603733,493
85985000,158.73613159344362,268.1652837890935,493
85990000,153.82896129522587,325.7733376849715,493
85995000,210.79927127389155,385.1580889409916,493
86000000,123.0629998587081,236.64171930813146,493
86005000,169.82047678325,329.30034236381664,493
86010000,182.51303121710313,264.35106175515773,493
86015000,182.64609356386032,304.12851048609133,493
86020000,202.95167135338173,277.83895113034765,493
86025000,136.22477536902485,328.9991662712665,493
86030000,211.17993194462593,243.50194742221566,493
86035000,180.37013936360356,294.0446754718911,493
86040000,189.7189160234005,357.21787432697033,493
86045000,211.54325087075873,252.04531573751458,493
86050000,184.47571032768778,354.6558231688993,493
86055000,183.59565196495862,289.83284481854895,493
86060000,167.84770906936185,267.6474959422976,493
86065000,207.0107739402468,291.5701674701639,493
86070000,200.3035388690812,364.0637079614219,493
86075000,203.18516454203632,322.9512162249501,493
86080000,168.65205111555724,281.9517735443811,493
86085000,182.6128503419832,284.2182687988082,493
86090000,167.86164007284495,255.40032127495687,493
86095000,154.9348751614096,277.9676968321436,493
86100000,185.4470055027791,315.0976314700088,493
86105000,179.09879245813838,261.20233463952866,493
86110000,155.20101352404149,287.97597291427866,493
86115000,151.89622532869618,282.66302196546457,493
86120000,174.95065109490247,315.6952578652854,493
86125000,188.73239534972052,259.7702522436476,493
86130000,135.18066515689293,244.2883387764366,493
86135000,154.06361114717285,277.7304528187515,493
86140000,156.33750369979367,291.2642230969022,493
86145000,188.38054711185154,249.2865193521091,493
86150000,158.6451488969,283.7957005392559,493
86155000,175.65208468129606,280.8472255105822,493
86160000,158.68354309256526,315.8510778579241,493
86165000,205.48869738933175,281.4843847248808,493
86170000,173.08834966386536,406.34246193264437,493
86175000,194.77347694534978,262.54330116990985,493
86180000,175.9113131533586,304.12542497568825,493
86185000,160.84897333469556,248.53063199624782,493
86190000,186.86368743440727,333.08450500393894,493
86195000,205.83709710302472,309.5531062718668,493
86200000,170.40668914382627,316.79022728628115,493
86205000,166.34338142418946,219.40993920044903,493
86210000,179.7077203035957,377.0223717608758,493
86215000,188.91110184508184,299.7703079734294,493
86220000,220.83009844898257,276.38320348868405,493
86225000,153.07077695999462,294.5544033614935,493
86230000,188.40505522246633,261.91412251358304,493
86235000,196.47353229643122,294.48801590695973,493
86240000,170.38625213058114,287.272615464544,493
86245000,158.26309012878957,269.16202813626256,493
86250000,150.0913297849928,236.61666494338013,493
86255000,156.6200961956275,300.01379532762456,493
86260000,147.69465418735658,333.1614641750625,493
86265000,164.74533082963194,279.65498701060784,493
86270000,149.19371692823546,297.2968187200273,493
86275000,150.0511792032961,305.4889410275684,493
86280000,174.34997735756428,355.1981371612075,493
86285000,208.66195602085608,269.0896097536498,493
86290000,197.45626714337942,343.5507275135369,493
86295000,168.84875901792367,315.3571511426788,493
86300000,186.25344107676628,339.76456863618586,493
86305000,190.1978343002463,319.7190395667866,493
86310000,149.21655041499648,316.83286790424006,494
86315000,141.53769677861848,277.2614200528672,494
86320000,163.83845688759757,375.4409022084036,494
86325000,172.60539628158645,245.16048268762913,494
86330000,168.63409595676066,308.2955746516776,494
86335000,188.84771648925567,290.22400465700275,494
86340000,178.10706123963374,302.8614356283796,494
86345000,163.10490262175787,306.59581179517835,494
86350000,159.97091116484486,276.5922164758485,494
86355000,142.1560350403445,314.9724795825292,494
86360000,155.0163257472264,335.9145372288594,494
86365000,160.42590810705605,358.34567894099246,494
86370000,176.58516790662398,266.6095553223138,494
86375000,194.35041715488632,283.2874580211892,494
86380000,195.67358344155846,305.7422860759196,494
86385000,185.4615647350406,265.3340354097331,494
86390000,190.5404672969752,289.2808552900631,494
86395000,189.28545101402887,322.2616223670538,494
86400000,211.46253338418276,292.0878118592116,494
86405000,171.0770410987957,327.37640994817866,494
86410000,195.4980261522691,322.6422745999351,494
86415000,184.31758422609488,284.7121599041354,494
86420000,184.9173974621,263.25473166710333,494
86425000,221.5463893515249,366.59308810194705,494
86430000,142.82459722075052,308.5175428367425,494
86435000,187.05774400163688,333.3409592062489,494
86440000,164.87077416975288,243.68930988085782,494
86445000,165.22401621298945,282.579925640749,494
86450000,187.42233293531882,367.2458312110147,494
86455000,169.38293836871986,312.4675015113624,494
86460000,181.64490603839164,299.94829298822475,494
86465000,176.16208787919572,324.24585132193533,494
86470000,214.87529010215457,324.85212280763807,494
86475000,175.16421017487409,255.68745625376948,494
86480000,178.60622883366577,264.03712820073724,494
86485000,173.23158898964758,287.3072693071622,494
86490000,178.7346947928608,373.576765696816,494
86495000,137.23647546307436,302.3335225007027,494
86500000,143.56584846110243,263.660991350569,494
86505000,162.36340358419812,354.4169985246033,494
86510000,181.15569190165334,357.779360295919,494
86515000,147.0777508654562,267.4216684439508,494
86520000,207.97074560272517,247.1176958428512,494
86525000,133.88007021274015,343.91619117541893,494
86530000,199.1395865692161,305.00791654676686,494
86535000,164.45645900455003,321.0010981110994,494
86540000,168.20884325394832,298.58070095612896,494
86545000,148.2596801733371,326.4525998740464,494
86550000,197.79396841627175,310.6712796912698,494
86555000,175.77661201472756,227.2378017214117,494
86560000,171.02479916641312,317.9701134757325,494
86565000,206.88801336362553,318.19958555623344,494
86570000,176.48352346640758,269.2414676061337,494
86575000,184.94203846947872,292.9718787070903,494
86580000,166.87099150317042,297.399189250938,494
86585000,181.54285976131234,338.7741012207644,494
86590000,185.9363944838808,270.96553649609547,494
86595000,142.22089576178473,276.071634899316,494
86600000,182.17539472684115,291.89538183671203,494
86605000,180.3214667412246,298.5359478810319,494
86610000,148.79408039640293,296.45773960431234,494
86615000,161.47731050828963,294.5998632983719,494
86620000,195.58639852321764,279.89074971925123,494
86625000,194.30530265400853,253.59955860641836,494
86630000,202.89369648856058,339.7370046775679,494
86635000,172.3039771863815,341.46234925045644,494
86640000,146.47616191273391,284.93024338970304,494
86645000,163.43910870610358,300.7453435675933,494
86650000,197.2688050541831,335.5787106112922,494
86655000,162.16694238689752,326.4231742635136,494
86660000,186.82485508054046,350.2037147825142,494
86665000,176.8979706576372,301.8811293699925,494
86670000,215.66133269897273,291.1949036295319,494
86675000,168.4499607283763,309.0305135860291,494
86680000,200.19185823949474,335.32590217355295,494
86685000,152.2416640104974,350.4458350414555,494
86690000,163.19176083857377,309.77642738388244,494
86695000,172.49971017609002,363.446617070774,494
86700000,237.4897036111053,244.8491403226749,494
86705000,197.46061563508061,277.43773411149374,494
86710000,184.52613121472234,332.12210700740025,494
86715000,173.98758224686517,285.30436223237643,494
86720000,181.3221363702247,323.4350968174809,494
86725000,157.21514055202445,327.99812330975914,494
86730000,175.14853043532946,308.4774600584244,494
86735000,146.60931434623544,267.36734067702776,494
86740000,222.72766475150513,332.61867324260834,494
86745000,192.08553354710077,370.99122990798236,494
86750000,181.53563020483205,334.5834927453609,494
86755000,170.9070652750028,283.8751572893095,494
86760000,185.16173115602962,312.904828584348,494
86765000,213.44689005096555,290.75330327478673,494
86770000,176.7055361571674,307.36471849736324,494
86775000,183.12207704896127,301.02754381467577,494
86780000,160.64893577827416,235.92230532834847,494
86785000,177.40189921279872,288.7069911255458,494
86790000,143.10801799129197,293.3325004581247,494
86795000,161.85848775240603,303.33538658243623,494
86800000,182.4185732355244,304.89379883446156,494
86805000,170.3379680804127,282.2491783624065,494
86810000,155.02383693201216,312.0510243777857,494
86815000,162.83737157476656,275.5444218443887,494
86820000,149.10042225518285,358.2656131971619,494
86825000,177.54423609328015,326.77661346634466,495
86830000,182.30893272324195,289.6346080503678,495
86835000,167.11783768025637,352.9738811845976,495
86840000,193.2570902305646,275.0104813026489,495
86845000,178.93045975069003,299.9932755019951,495
86850000,196.55198333343074,289.2472293963407,495
86855000,158.6462684724163,343.1493452893233,495
86860000,152.39462505649385,311.8185912252046,495
86865000,201.10765067436515,294.51840700892114,495
86870000,172.93341558268264,267.3805651177334,495
86875000,159.4235705384166,338.01591622859866,495
86880000,140.73991293141688,358.03635587226404,495
86885000,172.0900190354444,316.93715949866373,495
86890000,172.3919879654311,349.00705953439626,495
86895000,153.39091935988105,280.57550118760713,495
86900000,192.3224055434022,300.4070537309183,495
86905000,168.4855893990265,266.02436423036744,495
86910000,156.03941595607782,308.22666204532436,495
86915000,159.80033099739384,337.6042801848361,495
86920000,227.481458119911,310.9308257320091,495
86925000,177.07674322484473,226.17921291773175,495
86930000,161.6965361576264,309.94723906119066,495
86935000,178.1111365799874,229.03706826772347,495
86940000,167.62247036692702,372.02450639622253,495
86945000,200.89437271847913,269.37227516993926,495
86950000,166.76193160998534,226.98515238830558,495
86955000,198.01140244500834,245.06555612265066,495
86960000,196.73040993726437,274.50851067877073,495
86965000,129.87669113293322,292.1937634603473,495
86970000,173.96542615636352,260.1209290545266,495
86975000,179.26230072585926,342.84267999202035,495
86980000,171.2008922067831,307.4399226490674,495
86985000,185.31694752919853,313.41497542710056,495
86990000,181.0575721602004,316.37640418917215,495
86995000,178.31840259040325,339.2808344948886,495
87000000,138.62183953283395,300.16961764010335,495
87005000,227.82606394125514,327.6019904840352,495
87010000,169.85317150254775,337.49263434908465,495
87015000,150.2078179696437,310.2485833089803,495
87020000,173.80215546141966,315.0904014774292,495
87025000,195.26043664603853,288.980887963332,495
87030000,145.02142918000413,340.94110206682655,495
87035000,169.75500153178416,237.57450194542,495
87040000,197.0567732064416,324.45001979803277,495
87045000,167.08252414672776,316.91506290344904,495
87050000,189.1048947352261,329.497768183524,495
87055000,160.58028797567343,299.7458588112394,495
87060000,167.31746383077723,345.01615912830323,495
87065000,206.33802502052072,275.2341710953914,495
87070000,162.4603943614838,237.23030268688578,495
87075000,185.04529899721084,355.2991521874727,495
87080000,183.173375888408,337.14180786769,495
87085000,174.47564322228743,273.9476212643674,495
87090000,172.6352934839407,248.45528076347446,495
87095000,150.01885763343637,280.578996303674,495
87100000,176.3107627840071,319.84793631603145,495
87105000,180.84645795091825,277.7116135634269,495
87110000,143.08318564493763,280.89014059732915,495
87115000,172.55636062077664,300.13681699804084,495
87120000,173.48473440755362,306.80482905936674,495
87125000,199.83110201637876,301.4495161980401,495
87130000,175.99464004377305,322.27617474893157,495
87135000,149.46872092265656,314.19714909857504,495
87140000,164.73375607635097,331.31991906526054,495
87145000,145.11168337698123,239.71358019386048,495
87150000,160.5193493657199,284.5559351341386,495
87155000,128.48527348097207,235.70752868039742,495
87160000,202.82424828575907,337.6478487959029,495
87165000,200.68216567003915,311.41817304511426,495
87170000,177.19761501570477,243.89135908965773,495
87175000,172.11112588238473,296.7033930187892,495
87180000,163.1323347568078,251.3028462061404,495
87185000,163.84472903109275,311.3292228893866,495
87190000,151.9307570774783,309.771351000623,495
87195000,178.8900390058715,316.26805313172065,495
87200000,175.46764888517072,251.88422641344428,495
87205000,184.97706642985472,288.5769135141302,495
87210000,190.91391741282828,268.96168725590127,495
87215000,171.29252926261807,271.4838865500605,495
87220000,168.9249360895402,324.18823841017155,495
87225000,177.49916384093504,271.52314565546226,495
87230000,173.88637079277242,290.30738908700505,495
87235000,155.49877548453904,367.9649719868509,495
87240000,157.72992068750395,304.5062412667325,495
87245000,161.9860441950169,258.1365639413332,495
87250000,190.20710409079,334.75732593788655,495
87255000,184.75158767210226,243.4121678869828,495
87260000,202.7900234835434,296.34594348174875,495
87265000,168.11615802732126,319.1342735050525,495
87270000,156.97216586099455,320.0051560106711,495
87275000,141.86437158770812,314.373972293336,495
87280000,155.01765836646695,271.4241559036131,495
87285000,211.22279377353493,311.45103371983697,495
87290000,214.41959711430357,274.05129738123696,495
87295000,141.18768370613435,288.9987114789247,495
87300000,140.33538958306752,305.0949040046238,495
87305000,170.0733125720941,341.07075188613163,495
87310000,171.76864296527705,322.8344780866081,495
87315000,154.03798360200517,293.1687241518967,495
87320000,191.47127282754423,352.30396744537717,495
87325000,173.88122500635458,304.0997191635874,495
87330000,221.92402080068544,364.47062634162825,495
87335000,162.59616865858294,264.0850450580949,495
87340000,195.82010157017243,340.80620271940285,496
87345000,160.7533581410917,250.23063295478448,496
87350000,220.19161270302413,304.6896633776263,496
87355000,198.1836898214585,280.57331258930327,496
87360000,198.53092407344522,290.68421666148953,496
87365000,146.9540603957845,313.3815815138399,496
87370000,132.71904950235978,244.30824634942428,496
87375000,154.36284988427474,316.9984773804687,496
87380000,205.3823643899175,279.299072304896,496
87385000,185.2867452464235,338.1301544714341,496
87390000,161.3724711742753,375.0469008375518,496
87395000,176.99513217174456,289.8637414620308,496
87400000,174.9474975525135,242.48534731395193,496
87405000,157.0393918109689,335.44661857827043,496
87410000,181.6030213140163,260.21057598299643,496
87415000,187.324913725719,243.33252989978024,496
87420000,168.41481298101587,277.1218907398991,496
87425000,166.22461085614052,277.91570261852576,496
87430000,164.4539162118302,335.5607472457483,496
87435000,154.464960731298,282.46602921827935,496
87440000,161.29500902500527,274.67558203313837,496
87445000,220.3908403353571,320.1276137078505,496
87450000,158.81527174955286,312.0235661508335,496
87455000,181.32973590318437,297.7911301637227,496
87460000,195.59275060428803,277.5861752563228,496
87465000,178.72221123820054,229.1720950929286,496
87470000,154.64457221094716,302.92934822420216,496
87475000,180.248112374453,351.61534354003817,496
87480000,175.45882090352416,346.65249637285643,496
87485000,201.89125246571223,298.1830864547156,496
87490000,189.1901858144599,375.4627138534878,496
87495000,176.8832722628383,282.3524123826597,496
87500000,155.9840377672786,298.82025227651485,496
87505000,181.93763560874442,356.0928312087432,496
87510000,166.31984687033068,274.52724261792247,496
87515000,154.81626451756551,325.94039660393736,496
87520000,199.40878603455818,295.0340872872706,496
87525000,206.2936688356096,313.39667027364385,496
87530000,195.27301222506787,334.86899850579897,496
87535000,169.4197886110684,263.40357473773895,496
87540000,177.85694466214144,371.6753147802374,496
87545000,158.31380266079378,335.3788655821747,496
87550000,168.79405480566174,368.0500382825181,496
87555000,161.17576664096228,346.82920158823123,496
87560000,175.63849925853296,319.0812234594809,496
87565000,180.1507217957761,303.21062851644047,496
87570000,204.30740351193637,281.0404852028149,496
87575000,153.19026813118933,263.2123049150386,496
87580000,168.17612916471518,306.2245084393566,496
87585000,177.53570450571547,313.26779007390223,496
87590000,192.14885624407208,314.72919714948756,496
87595000,169.86506516217463,304.32744355784666,496
87600000,197.053509439258,233.71415139694508,496
87605000,165.56926805219896,316.2511004873668,496
87610000,188.75206513578382,287.3705701439804,496
87615000,176.1357627743161,269.9955174119204,496
87620000,175.6526593001919,320.0717234886245,496
87625000,198.24543483836007,280.7052196445459,496
87630000,139.89142484040576,348.1128643078248,496
87635000,186.88791307177914,353.1090103043086,496
87640000,158.28470210642206,303.28586858497357,496
87645000,194.9683352256069,264.6686389219644,496
87650000,201.31620064244774,320.5396992411518,496
87655000,143.3014923530995,255.39330774054713,496
87660000,168.9047446890276,312.0866161563485,496
87665000,189.03190442513002,346.96404737377316,496
87670000,179.80432486550453,297.2607767377881,496
87675000,146.2613160255991,260.6022926704496,496
87680000,151.90500804902135,316.79720443503277,496
87685000,198.42583627261152,335.8349533657919,496
87690000,178.1346537949466,288.3769708342987,496
87695000,180.9568952480741,321.5548519709415,496
87700000,208.05445716583668,266.62148370716056,496
87705000,152.6144992500098,343.82150661298505,496
87710000,150.06350613563058,263.53724661540565,496
87715000,195.16302345846609,316.9222497245458,496
87720000,170.99125471193747,347.2554842025892,496
87725000,161.8664991587737,289.58369781184416,496
87730000,168.88119881803723,311.4672738135788,496
87735000,206.7940768651935,247.14672297179632,496
87740000,184.9383101922799,279.97974068997814,496
87745000,155.25669901825714,298.1577821225363,496
87750000,161.0975061676395,256.4342399880349,496
87755000,164.9221380706989,236.43610972571514,496
87760000,144.3456059765415,290.9988216518395,496
87765000,195.41660641272244,359.445881193828,496
87770000,217.1204319724296,282.2860418677379,496
87775000,174.68081999228812,313.77187495335437,496
87780000,148.63294721214416,311.4035926431106,496
87785000,135.48166006114292,289.61594444408433,496
87790000,170.68198219323028,242.9052967765336,496
87795000,173.86090045911365,318.4526643099613,496
87800000,150.34301903851835,321.0249390655659,496
87805000,220.89198398750779,336.8205455336918,496
87810000,146.89951614189852,334.7194833535936,496
87815000,171.25171691408585,310.99035599384433,496
87820000,184.9431181803196,237.50731462793635,496
87825000,209.6233673348934,302.3044136757134,496
87830000,133.4904497222519,261.53624613765254,496
87835000,173.29660302718924,253.06273231648274,496
87840000,232.39976308846423,318.6256179455839,496
87845000,201.25206195724812,341.9619276571441,496
87850000,210.35912509319314,292.2947818241994,496
87855000,174.02402440812781,321.9796598707773,497
87860000,175.74544571938307,279.8459177422589,497
87865000,173.86992479852736,272.54950904385225,497
87870000,195.11263315290168,324.47439790025055,497
87875000,138.09399960911134,215.57784269949593,497
87880000,203.07289624079024,295.7705831500618,497
87885000,180.71703060910923,335.01115249609313,497
87890000,176.71254094802782,280.8815590947367,497
87895000,205.8612330666756,280.9479649701381,497
87900000,143.5984984028237,344.7979148325492,497
87905000,193.7134426258035,293.5322132740035,497
87910000,150.72194479434285,322.1735974287694,497
87915000,194.51073206101526,294.24461951853436,497
87920000,170.98031964751968,294.635868783874,497
87925000,184.88906712659292,339.0038384398349,497
87930000,191.79109903193745,368.1920824220859,497
87935000,196.86531308553967,271.81880124170715,497
87940000,204.61745504323278,317.4856407369456,497
87945000,153.72178797380107,338.505725187251,497
87950000,152.17749763288768,314.46850203863545,497
87955000,179.23254153536445,362.99230169819043,497
87960000,172.10905582715486,269.1577219103916,497
87965000,167.84428377306153,277.0156000529773,497
87970000,148.33058921992915,300.25338236614533,497
87975000,127.51172202801304,275.8883308354703,497
87980000,158.56037836247896,274.934801530767,497
87985000,180.50001484073115,299.782430946309,497
87990000,151.95223883555468,257.57004050404316,497
87995000,200.46017429007168,254.4118418807375,497
88000000,179.7886142238019,261.9384895793451,497
88005000,166.5251204733311,321.5966842510417,497
88010000,196.58423066525728,254.44512248535233,497
88015000,172.5796516576456,312.9316806796419,497
88020000,178.03261751645582,309.777445518238,497
88025000,168.58432366771413,259.04855176518083,497
88030000,182.9896132370478,331.3837118250161,497
88035000,169.96546545924608,344.1293939801102,497
88040000,178.47714100324154,266.47393897532754,497
88045000,153.85809927769571,285.5152933136209,497
88050000,190.5940111473746,315.56724806234575,497
88055000,163.1872590058189,300.31274247576437,497
88060000,179.97798023211794,307.5802249917417,497
88065000,178.823004941243,293.83707476079735,497
88070000,168.50387117179724,279.9590565746718,497
88075000,184.35584061763427,364.40437652132294,497
88080000,175.36073444216237,296.2340430334102,497
88085000,196.0721278716285,303.92084696728193,497
88090000,161.73518908572288,235.05860597369167,497
88095000,206.52188548677677,287.0161508385025,497
88100000,204.72658101329944,274.5416477505613,497
88105000,169.40068632363665,274.5839936654073,497
88110000,191.3164122068096,338.68881833010033,497
88115000,188.75802019079543,334.3971029876828,497
88120000,204.8009603073734,267.79991894702374,497
88125000,161.30337519148216,262.5242023355565,497
88130000,164.67001042678464,292.36179744358196,497
88135000,176.8897286872508,277.2823092822604,497
88140000,202.0943640206566,330.4409298875711,497
88145000,194.3320120311135,317.001687868232,497
88150000,197.79823769085493,317.8736281828756,497
88155000,163.41130564172786,246.0843987148663,497
88160000,166.0140125487563,354.19875423231423,497
88165000,150.18568256435498,284.45563541347366,497
88170000,179.78928349452354,268.8287586236478,497
88175000,189.9697839053952,254.44352531177094,497
88180000,178.16455279585267,348.17484595839795,497
88185000,186.2523916629363,323.1951486466777,497
88190000,179.99686022203488,295.0134949946609,497
88195000,194.40873606802728,323.7479835272333,497
88200000,169.3202167139236,331.8844788351595,497
88205000,172.67988021196797,256.3192015418516,497
88210000,167.22252005266623,328.4298628125612,497
88215000,170.7658357736796,298.3492353754696,497
88220000,181.8756237765987,306.6987539019169,497
88225000,160.12615416093988,245.4658151532427,497
88230000,191.11000176340787,293.6789447011748,497
88235000,158.14256314391574,275.1316810691779,497
88240000,182.75949136083509,292.0175529333051,497
88245000,178.44015056472264,258.1099517034905,497
88250000,175.25914754515873,313.3687212643716,497
88255000,155.31086845311205,325.24860735117346,497
88260000,219.43680084034625,345.49185209591474,497
88265000,172.0330149945428,270.0857574139675,497
88270000,177.22326469137892,360.1232820441082,497
88275000,210.2974765656929,330.5826566457057,497
88280000,153.21957030445827,293.07388584383557,497
88285000,140.73764117945248,287.542269256046,497
88290000,221.91253693108013,269.71241732270124,497
88295000,195.46110172123392,310.8588834911057,497
88300000,162.06596585620457,261.277071175246,497
88305000,167.64940676424135,306.0833015238674,497
88310000,175.90269432258356,334.6991112168844,497
88315000,177.02102834339155,320.28900624041654,497
88320000,177.1747567765503,295.5129105891528,497
88325000,171.99404162251332,265.7459243170778,497
88330000,176.21876123136968,293.24248453023137,497
88335000,171.67171216912158,307.11434174188184,497
88340000,165.43606950549173,269.975562977718,497
88345000,161.75129969891373,318.2301312982091,497
88350000,219.29572245259004,306.64862988862916,497
88355000,138.18805258727045,304.3992173179065,497
88360000,163.175875244795,328.1333208835755,497
88365000,184.13396489181758,278.5101687816333,497
88370000,154.58525526015902,301.565101777764,497
88375000,162.22602667419042,366.7793688533869,497
88380000,228.45361617607944,297.60283348835065,497
88385000,204.41090905798202,300.3805272592432,498
88390000,178.8859785069148,268.697621934355,498
88395000,182.11092803834146,346.69080585170093,498
88400000,184.7161436371369,347.61986550353066,498
88405000,185.76262202844947,273.9563760748988,498
88410000,175.23724772422045,268.21607028890594,498
88415000,206.94124258370348,262.6956706369626,498
88420000,248.68867542341874,303.1284276302037,498
88425000,209.02994849570763,259.05470131623383,498
88430000,202.53628296692014,290.36949826210184,498
88435000,182.6741360753172,311.79858718150683,498
88440000,157.88220630455118,284.79195094029467,498
88445000,191.02691739100752,324.43926567080734,498
88450000,161.75716679915473,323.95773664195934,498
88455000,196.0642703093496,297.68215222555216,498
88460000,165.85953766682522,266.23637322362043,498
88465000,177.52787117323535,329.5070151084978,498
88470000,149.71288479084893,272.39699765303385,498
88475000,172.36509479783408,290.74933480459714,498
88480000,151.51744989435616,293.88227633541317,498
88485000,190.52147370813307,241.8745118217515,498
88490000,165.05923608029207,218.65389243610605,498
88495000,200.90796277916886,305.3594123199894,498
88500000,196.92869441869843,257.6017283915618,498
88505000,186.62790998132817,373.6900146218104,498
88510000,220.96244274266894,269.9590293855301,498
88515000,205.63904515532818,349.53915513733637,498
88520000,168.43575812305897,293.4595996102525,498
88525000,173.96640107732904,255.61003928565523,498
88530000,166.36604808864092,257.8804016042395,498
88535000,146.61298334774875,275.92606652288424,498
88540000,170.8191277024169,293.8035991400374,498
88545000,167.60246383386698,259.4822577153411,498
88550000,154.81649437539699,298.65390056288504,498
88555000,167.05886329697992,288.61372922106784,498
88560000,176.60432947306737,264.3405082947117,498
88565000,185.27065868046247,254.01171739789925,498
88570000,218.77526238339078,269.34305901866406,498
88575000,169.64355994347957,342.8987635275886,498
88580000,172.80275625886154,290.26328730379004,498
88585000,180.94142002330514,277.85686382009425,498
88590000,199.4846299409595,357.2395930614639,498
88595000,169.4407853188574,274.987750742381,498
88600000,183.32671595456887,326.00604783678193,498
88605000,165.73686293148754,266.58094095653337,498
88610000,188.02818126727846,281.01157468018397,498
88615000,147.51444873286707,278.2080748868055,498
88620000,172.75006364194817,278.3676229427635,498
88625000,168.23169114822744,307.7170464755856,498
88630000,153.27576865905885,287.1503029417347,498
88635000,188.6497067420315,273.2744787029974,498
88640000,178.820825262776,379.4982557249438,498
88645000,164.38288387711776,323.28031340878596,498
88650000,168.24564192527583,315.7041737467815,498
88655000,196.77881390514762,270.8452467756017,498
88660000,209.60236086687345,360.42737348059677,498
88665000,205.36991271697875,364.57825642759735,498
88670000,193.69824724727383,287.73443461905833,498
88675000,182.8767676054525,329.379579364808,498
88680000,141.66772561394163,295.9602979240151,498
88685000,171.50862622086476,309.2419473457875,498
88690000,228.81652888083016,282.1728674699656,498
88695000,192.42060928685248,295.40298629624664,498
88700000,189.71582586167995,239.1515702495221,498
88705000,188.77486886864142,383.48497852858725,498
88710000,151.4665094605617,303.6986031297594,498
88715000,186.8719915793198,286.103530095225,498
88720000,197.16343635143497,293.9776433869367,498
88725000,197.92042789130065,298.1705576985162,498
88730000,190.98107906626072,301.1488701999933,498
88735000,165.39295971447598,330.3472544524184,498
88740000,153.98416266308317,235.45702149485226,498
88745000,203.4164304759898,318.7871036372003,498
88750000,197.02951594613913,264.69848366850425,498
88755000,179.29593546930386,319.752014300287,498
88760000,176.03649788343583,269.8175791655334,498
88765000,240.32628599901625,267.53436437125487,498
88770000,162.6762242939596,252.6769812347911,498
88775000,169.42066370216844,227.96100128241565,498
88780000,175.2966699053088,333.26895424866944,498
88785000,168.37502420587114,308.4625971891328,498
88790000,156.63431011326236,300.5934252025915,498
88795000,169.48442828228062,323.1109439531293,498
88800000,193.6972764009386,332.9769950648743,498
88805000,164.61259679728147,299.4842002240486,498
88810000,189.77351170112544,249.79405333469654,498
88815000,153.1023201778472,331.2776111892044,498
88820000,184.69540421893626,263.17599849894003,498
88825000,156.57479679661253,234.2194267695749,498
88830000,157.2215829117378,259.13146666571714,498
88835000,169.4739883295078,256.5177282147464,498
88840000,192.7910264768603,307.80419563488897,498
88845000,172.32503530781526,249.34060328514343,498
88850000,189.99912231365428,261.30820557324313,498
88855000,129.43587256892545,330.5022895311052,498
88860000,183.67891957642703,323.42185258347115,498
88865000,156.7319853919984,252.41481839404213,498
88870000,206.68983622173502,301.0043585680208,498
88875000,181.07054162986358,331.3366999256013,498
88880000,175.1436264072558,269.5654540581971,498
88885000,195.8514789899877,285.3157433880497,498
88890000,220.9835373160127,271.55054513398727,498
88895000,236.1311843017535,300.74920779403084,498
88900000,173.5202942556885,326.91388129960126,498
88905000,177.77954033775174,261.9907063176469,498
88910000,182.7190863615267,335.0424769972804,498
88915000,177.06573107499838,288.72508769640405,499
88920000,183.93589993550256,329.29009888366085,499
88925000,152.75671907568986,286.81852940726856,499
88930000,198.1003081971569,283.29791603286924,499
88935000,151.40212908745562,311.1484873439519,499
88940000,175.7684366406796,313.0499301813547,499
88945000,145.42970631632795,303.43884542071373,499
88950000,167.49200924256536,309.6692634993193,499
88955000,178.24765781444088,300.8208916838649,499
88960000,170.7792206462165,282.8217752458115,499
88965000,212.59571900610683,313.29137031362666,499
88970000,196.1114808564214,284.8748406727082,499
88975000,130.47723918896835,303.45853307018615,499
88980000,191.19523240644443,331.58108380550385,499
88985000,186.00062569713432,286.7746738041106,499
88990000,173.8988679633315,296.46035254369025,499
88995000,158.0360236045861,295.81878645195155,499
89000000,188.8214468421596,235.96670301670727,499
89005000,174.12592783933619,301.2447932865268,499
89010000,170.7843179522966,352.9849655234331,499
89015000,178.28070432609934,338.0170798419051,499
89020000,205.78290322772432,304.37228693885044,499
89025000,177.6490033127561,270.27320949163067,499
89030000,172.631626498182,283.0700523460238,499
89035000,159.7654292075261,254.77714537136399,499
89040000,169.0945024686655,250.68013413486517,499
89045000,202.55357848327935,307.5558536211267,499
89050000,166.13077984599278,302.85852411664285,499
89055000,166.69002792438422,317.80400747486425,499
89060000,177.09232287601304,259.6128097290551,499
89065000,150.05725006382266,300.3277578943762,499
89070000,182.5933238518929,317.120241840497,499
89075000,193.2164287248343,303.1601543645341,499
89080000,185.6589350544462,308.07508619816207,499
89085000,234.9854487165829,321.57629360625907,499
89090000,174.06344878602818,331.08952288984665,499
89095000,186.05043385546855,385.2215843077506,499
89100000,198.37821029434775,305.94210819376536,499
89105000,171.77299895332854,317.76407309929084,499
89110000,162.38092903533547,316.49579961273975,499
89115000,211.85590230550284,321.90219771818056,499
89120000,169.2807363310127,269.20558233027134,499
89125000,174.06024329480607,198.23382498351515,499
89130000,185.51497338637915,318.7369407984232,499
89135000,179.03898184404446,289.7230085482626,499
89140000,172.73813408591067,244.69299900584568,499
89145000,211.20328948027043,354.20995895125844,499
89150000,213.67892801234308,364.73523104168544,499
89155000,150.34061542923703,301.6555255862932,499
89160000,141.03214567982,344.7358762217417,499
89165000,208.34755469367727,207.65433789347918,499
89170000,164.51519302733232,215.75284758772608,499
89175000,244.19624474603788,320.97432943298736,499
89180000,210.90963350126032,308.67777872596463,499
89185000,136.10361070081964,261.99987077995473,499
89190000,175.49911205167703,288.29144398069946,499
89195000,153.57427932693903,332.85162020116235,499
89200000,198.2759857398953,299.75768473494327,499
89205000,187.99797415237944,308.2519740170484,499
89210000,178.70302547291644,305.8437179009157,499
89215000,168.7023704184434,274.5562776919724,499
89220000,172.2188540005329,258.85819384192695,499
89225000,208.61052608349277,278.39130293055405,499
89230000,165.62962430455457,277.97249277720323,499
89235000,200.43535645972685,343.788254196728,499
89240000,183.72083058706016,296.05867769825227,499
89245000,193.5884951802776,347.3264002271393,499
89250000,146.68551230985724,286.0471641139301,499
89255000,179.9044598187914,323.2559586415964,499
89260000,168.84006611207428,283.8182526806524,499
89265000,153.4414833235121,286.8517396395964,499
89270000,154.4425203661651,296.11387437116764,499
89275000,217.05948454388596,310.5235250408815,499
89280000,197.02051663727158,305.3498412811603,499
89285000,151.1251967766466,363.19753136854763,499
89290000,203.88641352063377,346.78937662444383,499
89295000,143.50619440497246,268.0886205263335,499
89300000,160.48927289230545,272.9103573515763,499
89305000,188.47634940965636,279.481018331557,499
89310000,199.02416852527534,317.41287696800754,499
89315000,221.55855332111503,326.52816006973524,499
89320000,191.46575508408534,370.4301330492862,499
89325000,187.74566572093443,320.25620432179954,499
89330000,170.96180657380577,338.30103498208405,499
89335000,161.97928642993412,266.66677649788426,499
89340000,208.4667101344472,261.3186649843097,499
89345000,179.20691030969672,244.02548224059836,499
89350000,165.87366203057456,312.28652748057965,499
89355000,201.84813475128198,316.34869809076514,499
89360000,186.14788424393046,319.0805687408572,499
89365000,190.1518997112443,320.4206810695848,499
89370000,176.58029306651912,367.06513675113746,499
89375000,203.34490078503234,302.41847421796547,499
89380000,160.46060891196288,270.5989046982693,499
89385000,152.25253867608058,371.1592065632713,499
89390000,231.97343660734327,270.8766948871069,499
89395000,155.38494639082415,284.0187544317957,499
89400000,164.2781513619892,261.4191050848216,499
89405000,159.55127681879816,253.12484335509106,499
89410000,197.73509115332388,394.81081160418466,499
89415000,183.34170625769747,291.99454765543885,499
89420000,199.15391526028392,346.9110708044036,499
89425000,133.26109004729327,328.19971774531336,499
89430000,182.07756827593886,261.7231894291257,499
89435000,220.10698152335004,298.8078943489217,499
89440000,196.3846309184554,331.1268121127518,499
89445000,201.83419791882062,297.7983859211181,499
89450000,185.21573634730404,271.6997972572663,500
89455000,197.0750415664899,258.90571743020166,500
89460000,219.7089410429793,369.1539884317679,500
89465000,165.61582591979248,276.177373853428,500
89470000,178.40324727314277,345.69333776272293,500
89475000,188.00553013051683,268.19324506653265,500
89480000,163.66759299041027,265.0330866180942,500
89485000,192.11179638950125,307.836092340195,500
89490000,158.54721538512473,299.0829384991232,500
89495000,151.54195315802662,255.1046956921106,500
89500000,178.6151080719604,291.47882795415813,500
89505000,171.44549912184178,305.8187835924801,500
89510000,193.8449114021992,205.60295529378214,500
89515000,170.65082619436362,368.1831208729882,500
89520000,166.04644224097348,252.07684296385153,500
89525000,179.99589683344286,328.87603163722446,500
89530000,165.5515281591522,300.0417914291514,500
89535000,152.5032625366504,328.96478781366875,500
89540000,204.77457544332563,244.8718172583766,500
89545000,150.4909580463189,292.40201482614634,500
89550000,179.54541901460345,304.6925915615002,500
89555000,170.05693230531472,295.41349240773303,500
89560000,177.7230661636725,301.25134722700824,500
89565000,181.85987981334415,320.9896590993463,500
89570000,162.33441265147945,298.77837780731943,500
89575000,186.25720592897983,363.52326507441995,500
89580000,154.8553743178572,245.28883602406555,500
89585000,188.8818348687028,242.74725300120858,500
89590000,168.50964505099128,366.5340460324949,500
89595000,168.70657060696797,260.00071731930893,500
89600000,210.77649548361444,292.6369293813242,500
89605000,194.77031385790806,283.34195998483295,500
89610000,204.74877384801647,356.3363530221506,500
89615000,189.2407804088676,303.3076692184752,500
89620000,207.2686952989732,269.8136361566093,500
89625000,170.39932264451042,383.36070977900573,500
89630000,200.96956426284513,298.6325180633369,500
89635000,191.9026654261485,416.0301842178574,500
89640000,209.35767411415537,287.1115357334223,500
89645000,185.23797448296688,240.40936842030544,500
89650000,154.0887208036734,331.5000402466047,500
89655000,175.03964985590298,373.29196675273215,500
89660000,158.89200017608076,272.8672343041721,500
89665000,183.7505594177449,257.84136013356573,500
89670000,146.95795642018174,256.00423135313736,500
89675000,177.17112290306025,293.5307846944139,500
89680000,150.21194095358373,259.0418737549182,500
89685000,156.4942885706416,297.29169181476664,500
89690000,138.03199858941184,247.10700927991348,500
89695000,173.47523035214772,308.660651333244,500
89700000,169.1806509301607,293.87603449037687,500
89705000,141.49200249928575,302.1151566496367,500
89710000,202.1541384447068,315.28423713145924,500
89715000,162.7573200255003,333.2428387590904,500
89720000,202.83060151197967,309.29292955238196,500
89725000,155.51114753312922,268.99432727112344,500
89730000,162.6731857363887,295.8295346135015,500
89735000,186.29772772660812,355.6637616122648,500
89740000,148.37784897751078,228.0339626835714,500
89745000,169.9445016598317,260.71881554053334,500
89750000,163.6519901929032,281.2448086237546,500
89755000,206.66088084934754,260.15714040084566,500
89760000,185.5748397326374,280.61279494448405,500
89765000,203.24022809651538,312.2586865295125,500
89770000,210.81896654371994,303.0555322130694,500
89775000,165.04513483268954,342.0693921215224,500
89780000,176.52524191061755,365.86975398325603,500
89785000,176.35646003044866,310.5215688684436,500
89790000,194.65336905600975,304.02621327492136,500
89795000,149.71028836656478,321.51493040906814,500
89800000,161.8409849122079,286.7276579880503,500
89805000,182.3324881732417,292.66002244175644,500
89810000,189.45525479712867,286.20378157693074,500
89815000,157.72340725060144,289.27967712280383,500
89820000,149.93584251139222,221.7081877726301,500
89825000,208.95857198668227,294.8298082476268,500
89830000,210.21155529220627,273.1251350199155,500
89835000,228.04231259285146,314.52826755799487,500
89840000,194.14450388146383,308.167524734431,500
89845000,193.77385955408087,277.53547690705466,500
89850000,220.69536610616134,277.9284254458102,500
89855000,153.66061298832582,298.32805865602074,500
89860000,208.6317760352067,235.55071082713013,500
89865000,148.65085102322965,348.38453873771533,500
89870000,156.49311309260997,346.5320592484776,500
89875000,156.92185683670826,388.57717182095206,500
89880000,193.5279099081087,270.3711379744552,500
89885000,173.3696348463179,284.33414878216945,500
89890000,175.14359874238528,286.2678459622442,500
89895000,174.01191398645057,233.57924195615624,500
89900000,151.74813254702502,349.88806803141574,500
89905000,173.16797559020384,305.15697112178475,500
89910000,186.19277114377283,285.8475662041734,500
89915000,196.54449297221853,303.66365980424024,500
89920000,186.9931600352722,319.91254962094024,500
89925000,161.09601819791163,339.6745552972307,500
89930000,194.6588090450616,317.724701196636,500
89935000,191.03626688090355,360.6539109668336,500
89940000,173.99118651896424,347.41959131863393,500
89945000,195.18104897867187,344.4697129235396,500
89950000,175.12326825243326,217.78625242709887,500
89955000,151.94360220484322,308.947385702344,500
89960000,176.96870730205964,255.32509203225962,500
89965000,203.97069817944003,324.1661411700936,500
89970000,167.61545513334426,310.8972373960131,500
89975000,159.85667449054046,273.01039761854224,500
89980000,185.40120523636608,263.7577076994593,500
89985000,163.3433845928866,313.34161558932664,500
89990000,199.74895208792975,315.5246898231126,501
89995000,170.22096885822376,345.7506105170422,501
90000000,198.18888233759003,296.3472471614009,501
90005000,179.53313712708382,290.7609893476261,501
90010000,164.40409217485842,343.01646157265066,501
90015000,180.56468123014335,291.626793252797,501
90020000,204.27213677740158,257.9342577235886,501
90025000,183.31983587198255,320.7768596854096,501
90030000,205.5120741339415,341.877738182196,501
90035000,167.02687649725647,272.45604913554655,501
90040000,155.45708037961276,295.4792965800419,501
90045000,121.91282577485599,328.91935733770924,501
90050000,191.5375010628528,310.9413846167101,501
90055000,126.07893361099794,272.86049576196774,501
90060000,157.15948286577225,335.2248628382327,501
90065000,158.04655029645016,195.45215675067178,501
90070000,188.1001937311626,364.5295398924765,501
90075000,150.33631391641745,267.7717206784435,501
90080000,204.53046471862268,277.5976169322453,501
90085000,191.91833074153374,282.1586204683061,501
90090000,228.99243163974475,313.73809274149005,501
90095000,176.6742238175776,366.515001755813,501
90100000,132.54939626406977,276.8672573071634,501
90105000,160.0229520095914,253.70536100936974,501
90110000,212.8314852359166,310.7546478764813,501
90115000,160.31588834008127,396.43887090289536,501
90120000,175.26002731848337,325.95209806226495,501
90125000,209.0334070050315,372.70005390837224,501
90130000,178.16503139433584,331.7765427434572,501
90135000,187.53948388961933,277.29224113184813,501
90140000,178.86978931147704,323.3572879796163,501
90145000,169.1118454420321,308.42166430459076,501
90150000,146.430393694821,277.6711608439463,501
90155000,193.46651586572213,326.3191750350987,501
90160000,203.12662629590398,301.790920427125,501
90165000,176.50454919404206,295.9273167563451,501
90170000,200.334325126372,369.3095613336834,501
90175000,178.8600566100004,339.44381197411815,501
90180000,157.94536445888727,288.5842345342256,501
90185000,196.66004148038857,321.2182473564084,501
90190000,177.7339922763949,295.30297494085835,501
90195000,144.94935284294573,293.7611778764516,501
90200000,169.85094007098166,299.1674629098875,501
90205000,144.8873520460375,308.3784400652904,501
90210000,197.57693151598457,312.44557805398307,501
90215000,172.97415389396855,338.33957663953174,501
90220000,180.48844270950494,345.6351638565941,501
90225000,157.74769694224995,318.247935100209,501
90230000,214.26759786483512,336.74532321774285,501
90235000,211.24969821695677,313.72358554830925,501
90240000,183.168063188002,234.71164020836582,501
90245000,178.95486160256343,323.20728623519176,501
90250000,220.96621077859334,308.2786667438778,501
90255000,163.13932611981602,295.17673778809433,501
90260000,170.84315400570182,245.72821051450148,501
90265000,199.9200482969126,296.6525031025728,501
90270000,160.89583884211018,271.59034155604826,501
90275000,182.8447607970526,267.1113011274021,501
90280000,191.96158184495926,272.7227304260297,501
90285000,170.3278701609516,280.77171690315953,501
90290000,191.1660355308049,268.13201263140076,501
90295000,164.94660217520845,253.02690099062823,501
90300000,205.93082979779044,308.1373758046356,501
90305000,173.63529778044736,282.86985494331907,501
90310000,199.38542992681494,306.9325844396491,501
90315000,172.0955690460994,360.8972984600614,501
90320000,197.58263308674594,275.8689149529945,501
90325000,180.84538096866862,291.69669435084256,501
90330000,186.83026451594512,273.3387931321402,501
90335000,176.2208713805752,349.40303817484516,501
90340000,173.44937821663814,315.19237240034624,501
90345000,156.70110651913888,296.5128550864287,501
90350000,157.81043518055412,266.2077800343925,501
90355000,202.4353965834354,325.07803859690466,501
90360000,194.84537264032764,321.127849838702,501
90365000,173.62185581676167,257.6972545061904,501
90370000,171.5208062014261,251.97511562293468,501
90375000,155.81105225761738,251.53943423791853,501
90380000,179.52366517577948,314.71835824829344,501
90385000,185.91251460262998,275.9358989370483,501
90390000,224.80222384955835,265.87899239808405,501
90395000,177.1766454899081,273.93851913091663,501
90400000,162.447737532302,319.04572067320873,501
90405000,158.0193777581386,254.52742536383772,501
90410000,144.41491025532304,272.4922916551183,501
90415000,199.8924768601462,346.0273703124244,501
90420000,203.9409075114628,263.0145523331024,501
90425000,179.80375128411964,311.5649139033418,501
90430000,211.89178098025144,290.9472833780457,501
90435000,172.3382595118428,294.9412144281175,501
90440000,134.42460403056987,244.2863168589099,501
90445000,184.15570797229822,246.42945912218948,501
90450000,194.9420491734445,297.0293185650531,501
90455000,207.54708543952785,349.4521200792061,501
90460000,170.2719648899206,345.06622488877827,501
90465000,209.9438384566899,272.4132406516015,501
90470000,181.7741331866839,288.0004524513161,501
90475000,183.8090604294964,363.58379650744234,501
90480000,174.48249476130542,288.2254445907763,501
90485000,176.41869047491323,325.83977954044315,501
90490000,178.68275321127223,262.0468270205249,501
90495000,137.3126672578888,264.2640281787793,501
90500000,168.65880522047982,322.43970473291284,501
90505000,202.45041349939194,297.7842405015046,501
90510000,196.7342443689132,285.5907180731212,501
90515000,221.13994748170808,295.51132244891176,501
90520000,187.7751554325934,304.8244273776718,501
90525000,186.20025477433663,326.524462997048,501
90530000,166.8102417587556,310.55367770178276,502
90535000,142.08808389434506,261.7797964029815,502
90540000,182.43358134196006,339.6878588176822,502
90545000,186.18248078210377,269.2077167845838,502
90550000,143.69708068431873,273.02216465425767,502
90555000,168.56729655020447,273.44116470314054,502
90560000,189.24369991317937,304.32855307292425,502
90565000,156.76864621667718,281.8426825396035,502
90570000,154.27779780436896,241.9935211990803,502
90575000,135.86183581777786,270.14884605661996,502
90580000,179.57627618071,269.72668698198277,502
90585000,158.73221257347882,300.02491190788703,502
90590000,156.72910586569316,316.4143498139115,502
90595000,161.42472538870493,292.08157169360743,502
90600000,178.85974607859532,288.2010511439488,502
90605000,178.77339639973826,308.7747301535296,502
90610000,167.05894070899342,317.71228820196137,502
90615000,186.6800330051371,274.81396111877075,502
90620000,190.69533911792303,306.232966124225,502
90625000,167.3956328912108,227.09309663121047,502
90630000,137.04888084530498,290.41998611547234,502
90635000,188.25490298809183,308.3096397105339,502
90640000,212.15132611795036,276.79728408281716,502
90645000,199.42330200236802,337.32415425982725,502
90650000,158.87721960912387,279.477102581192,502
90655000,147.5284151677876,291.69714239478367,502
90660000,151.16661170148998,293.92179678099376,502
90665000,205.50051343275058,279.9332184314098,502
90670000,157.31637668590926,257.31371151677564,502
90675000,173.76687665446528,335.9632237764508,502
90680000,167.59580644019442,246.39473434295607,502
90685000,184.51498678237274,314.95653236698706,502
90690000,143.9851397902898,246.4408453856468,502
90695000,186.12975301686154,318.2417706348298,502
90700000,118.94182303934599,310.77203040779517,502
90705000,168.56875699523977,315.0721539640584,502
90710000,183.4305052566619,312.75680862056555,502
90715000,217.95244939548408,303.02341257247963,502
90720000,156.81125802998787,319.17021432490134,502
90725000,178.13554277884523,279.7695944620079,502
90730000,150.7507028126721,320.97716360070376,502
90735000,174.568905507502,264.09762348857475,502
90740000,189.05692731925728,308.1940666754607,502
90745000,218.54559664707318,324.14770590123067,502
90750000,204.48573972447554,270.9529327213018,502
90755000,147.41404329962464,276.99065539343036,502
90760000,214.97001490515242,303.72715318024007,502
90765000,182.69386685412957,282.4989209668517,502
90770000,171.48391066578515,274.4755226123212,502
90775000,175.69213033604203,268.43563596933114,502
90780000,163.61853047964152,254.3345382738389,502
90785000,178.99853059814942,371.1826988139528,502
90790000,151.54335499878584,301.4013036105036,502
90795000,164.28465376201575,271.5453530742434,502
90800000,165.14308660528195,310.7413717119595,502
90805000,168.44626278113773,291.4146157040749,502
90810000,234.14718065981347,279.9783258688628,502
90815000,155.69655623153167,308.3453513091638,502
90820000,166.65313516460728,333.26039071701047,502
90825000,201.68898745167579,281.97553853717665,502
90830000,200.2107678525775,305.7292314196546,502
90835000,166.81505725756082,272.5251877461841,502
90840000,154.18702643744916,327.9384595488156,502
90845000,191.75462871852488,342.3891231576997,502
90850000,150.48412310906048,313.11280896807403,502
90855000,209.90213443922696,262.72174610923093,502
90860000,208.23456613646903,348.04929065429036,502
90865000,124.17376084290117,246.70909643286498,502
90870000,198.44692981516516,300.36078026599967,502
90875000,200.21288241364311,262.3869029591739,502
90880000,174.92926326264242,268.41000493618714,502
90885000,151.44373164788394,289.56703257268333,502
90890000,186.30163929689806,274.5018672703576,502
90895000,135.83329856788978,236.12691618381655,502
90900000,179.49960088597294,300.0532616872129,502
90905000,188.84657413200532,392.3548896294285,502
90910000,193.6806688718134,277.3029053830232,502
90915000,191.2028148281406,369.7467611129383,502
90920000,181.98881592165455,290.6289851726346,502
90925000,183.39772296946106,347.0432881772898,502
90930000,168.73801465346244,352.02854706518735,502
90935000,158.76215662503648,288.04405041694184,502
90940000,180.11307218158046,298.5300228678829,502
90945000,161.27203046442085,251.27658684413905,502
90950000,165.94570325277797,272.8562164327734,502
90955000,155.10563579563072,245.50192621145254,502
90960000,134.7176596320477,256.56133778850193,502
90965000,168.89349493008356,366.9089771983804,502
90970000,195.6428267747372,261.46194498931237,502
90975000,154.1337961818103,357.66832118407336,502
90980000,157.41191452466308,265.2936165781294,502
90985000,221.1825259474162,231.3118772356871,502
90990000,203.66663799668763,307.2887316533931,502
90995000,157.10886256719627,320.9270395293696,502
91000000,165.72794802229546,264.9361061135793,502
91005000,189.0623133420688,370.7282334881917,502
91010000,207.0604262292486,306.72516135021925,502
91015000,205.5821992329321,275.8557952669901,502
91020000,211.62252753499578,246.07937176291227,502
91025000,185.46590114561957,312.74842147006734,502
91030000,138.99001026529194,324.50555717955666,502
91035000,167.68466344194763,297.70551462818315,502
91040000,176.05656492619988,346.6955157256221,502
91045000,156.81459939208386,307.1346377147793,502
91050000,158.81712260592678,295.3228177185229,502
91055000,159.90958064891922,283.6029179306356,502
91060000,174.1612019756342,304.71117555333745,502
91065000,188.61108741458784,269.09056033909724,502
91070000,224.91235671583203,319.09839798133686,502
91075000,165.21889801487373,319.5703948908703,502
91080000,182.91014966895133,294.11484742348784,503
91085000,183.85005468449384,301.2972372398097,503
91090000,184.73449538142316,317.01802587338045,503
91095000,180.32454261455115,279.7968010379995,503
91100000,171.84276791738006,263.1269439391759,503
91105000,181.99662953072823,286.89176790355924,503
91110000,165.82895347359863,266.4815379668953,503
91115000,168.91417318272946,246.07840810654398,503
91120000,187.6251650279537,207.8937706914817,503
91125000,179.97643947418086,302.793743121388,503
91130000,191.9812283135651,226.32807822045686,503
91135000,147.80168075816104,302.786489033215,503
91140000,165.842334472669,282.5100183448621,503
91145000,194.3579451284086,311.4178075515949,503
91150000,149.590017182635,300.79864766487606,503
91155000,157.42124161166655,332.63887561016475,503
91160000,199.65727686553498,253.5931653344487,503
91165000,143.16229714479888,256.72018373271993,503
91170000,154.29609626954914,284.2140753718947,503
91175000,177.5800460697537,316.79680760414584,503
91180000,146.80345204236795,312.20137306386397,503
91185000,186.66743990025063,284.7253691416369,503
91190000,183.7710083574305,296.75150625315297,503
91195000,168.60789453996827,340.90888161051055,503
91200000,151.12575199108934,273.88530328630037,503
91205000,206.95643718338002,232.29291278900124,503
91210000,163.33971597003415,265.60696423018067,503
91215000,184.15455343241211,322.04176964624963,503
91220000,223.8427105007358,307.1705059708395,503
91225000,161.8724861730598,315.94148581276914,503
91230000,168.47125602939897,284.9005739998395,503
91235000,199.49165838702197,324.07801146846094,503
91240000,202.29901317633434,263.68622561351134,503
91245000,177.45719837183506,287.83946501540413,503
91250000,192.60773333470985,271.71543742593377,503
91255000,179.32203762289137,314.5271842355863,503
91260000,227.84582345391192,318.559321478456,503
91265000,150.73060412015923,316.4942510199471,503
91270000,161.39805842686434,251.3361997348882,503
91275000,189.35074529005453,284.7295916720987,503
91280000,190.5348215347476,319.00241096742934,503
91285000,148.00259235282246,267.63535411227195,503
91290000,174.3006558775775,265.86058154886837,503
91295000,166.5498940661501,332.54438639351724,503
91300000,193.7702808861043,342.3030946308974,503
91305000,150.52404008346338,274.69294348531747,503
91310000,195.17373357071105,280.30772053101344,503
91315000,200.8622827455693,286.62680577705737,503
91320000,180.50762521852343,323.40497661133077,503
91325000,185.24417304594593,318.26700527236625,503
91330000,180.02020415970824,317.262314792826,503
91335000,167.50480597989397,284.65337720394933,503
91340000,175.6719550931839,304.99457356951416,503
91345000,154.3295351481929,269.42012355369945,503
91350000,184.94423981299937,281.28938585078305,503
91355000,157.57854835701625,350.06250925416816,503
91360000,184.84100566554707,310.1213565167178,503
91365000,158.13100277059294,291.6387007586094,503
91370000,199.2583595516256,268.8027412397697,503
91375000,146.80443995933373,247.07877016796277,503
91380000,183.55120187929816,355.5659426446534,503
91385000,132.96647084580826,353.2902875504327,503
91390000,181.29846401149172,299.15055723128035,503
91395000,125.41744093880209,256.4476061693212,503
91400000,173.72876610688684,265.6195495531954,503
91405000,168.03781455373866,296.3390865245547,503
91410000,194.08299553089714,293.09208087796975,503
91415000,183.53112038239368,338.24354609676914,503
91420000,155.5068272230759,320.03112586394195,503
91425000,157.49143856327854,245.03126450045318,503
91430000,180.31775792782622,310.8102177372553,503
91435000,186.82142461606563,285.81541506835475,503
91440000,157.8394542163268,277.2941054162596,503
91445000,183.13635751250877,331.57644743764644,503
91450000,187.03848075467664,314.40059656648725,503
91455000,151.83378925540134,321.301622381795,503
91460000,172.95783189705952,432.10612736508557,503
91465000,150.87610003684205,303.9177393564187,503
91470000,181.00898209974875,345.4598146449006,503
91475000,177.42200620022797,295.28326661671997,503
91480000,144.38826197510573,328.20179465255245,503
91485000,168.61281731749145,356.1003867917172,503
91490000,190.5695372601297,310.01496404751344,503
91495000,200.1481233547805,273.99543065231296,503
91500000,202.2831854530772,260.1684548759795,503
91505000,175.83713319525802,317.01655675402765,503
91510000,163.50652488610862,268.16812098098507,503
91515000,181.5990155296482,335.4994296499169,503
91520000,176.91553862915904,342.4611736211283,503
91525000,175.33926271853736,282.1216097383798,503
91530000,216.74261635759456,288.35593492359595,503
91535000,193.9995112937125,339.90289689011513,503
91540000,214.39357390960993,290.39118077420244,503
91545000,191.12640976025006,306.07459183265166,503
91550000,165.19369628428564,313.51750118670174,503
91555000,153.63444809177153,312.2894253563425,503
91560000,183.42244153770426,392.2557326483083,503
91565000,223.46147577549115,328.45579263523126,503
91570000,179.30403250400968,295.3760652798103,503
91575000,179.41790576081695,292.46163728381583,503
91580000,195.7417824193167,252.80736667311837,503
91585000,223.35245509948993,310.70369074232485,503
91590000,189.19593285954392,314.43499267187633,503
91595000,167.7290131519136,238.32131406988364,503
91600000,192.13687713648503,323.5585534333768,503
91605000,175.97087278843702,267.06028576705853,503
91610000,148.18015513608393,293.5670660864399,503
91615000,174.23063925470834,302.8956143733767,503
91620000,202.97308315714847,299.1448442982217,503
91625000,165.68934217450257,259.8622592069155,503
91630000,199.70383611630822,288.5093483902532,504
91635000,187.9302589761569,297.54618613744327,504
91640000,196.86450403583387,246.92300277280333,504
91645000,189.1574931473247,285.1069970596171,504
91650000,228.6180778402789,313.51882862320286,504
91655000,165.51642424134963,268.672746747942,504
91660000,193.07553473936824,235.8644047124757,504
91665000,187.42180374567494,225.4353392963605,504
91670000,163.2438216594294,270.88174825997083,504
91675000,174.9299844324508,338.26964106457325,504
91680000,175.31471766410752,304.67505153130736,504
91685000,176.48124920618673,274.48529445303484,504
91690000,181.28467612635234,296.2953722585493,504
91695000,163.19558885077018,323.67641724116834,504
91700000,178.77019168747762,261.4762322223306,504
91705000,225.56115570378873,290.8327742082579,504
91710000,190.57507298276772,302.2702130853729,504
91715000,159.02735607968899,273.0573853010038,504
91720000,153.87503517098298,288.7199493942192,504
91725000,181.8484144992749,323.7273480166005,504
91730000,175.54096890738785,248.1327318765233,504
91735000,169.94812702667434,251.1635266172387,504
91740000,173.4526626005119,280.3918540374489,504
91745000,177.46463010709326,304.6569727208543,504
91750000,157.95597868879918,251.03078701302368,504
91755000,213.53783269929448,296.58261386252286,504
91760000,200.7771999271965,305.2824744546909,504
91765000,177.76873882154348,226.89102672480502,504
91770000,138.59991791468138,294.1620673438844,504
91775000,183.27415482417854,372.663962851599,504
91780000,187.3923439973356,398.07859868994507,504
91785000,177.895534816421,278.80677901415805,504
91790000,215.07455132635474,269.8280180434166,504
91795000,154.7742161210669,331.77242263795887,504
91800000,166.18879145997954,335.0823609627992,504
91805000,225.61953413137778,342.3926330952682,504
91810000,175.91927506314187,294.32703441442044,504
91815000,182.32343569793963,353.4717327088176,504
91820000,136.2242775702663,312.7634834175828,504
91825000,166.17085757321212,297.93023967483254,504
91830000,201.5383980661602,245.9468437411503,504
91835000,168.4638733124221,318.69919633468606,504
91840000,145.23211955712526,348.23261988391494,504
91845000,160.94274674132745,357.5460054620715,504
91850000,197.4459537866368,333.1635453290853,504
91855000,175.14832000480192,309.5749361351136,504
91860000,153.72795524300284,253.89723621616668,504
91865000,198.31139623260194,280.7204793402423,504
91870000,176.59082086808814,321.972780728462,504
91875000,218.27685081014337,252.36248135789901,504
91880000,159.84234144630287,333.9854521130186,504
91885000,169.48461297081906,347.41637912758677,504
91890000,196.79488407534782,278.12944607237654,504
91895000,159.10157685530004,332.0234274266025,504
91900000,142.77221223848534,265.35119097365117,504
91905000,181.3145099435756,280.5813728554089,504
91910000,180.02099022124924,285.08665619966644,504
91915000,209.56598791358596,332.6684342634882,504
91920000,146.9383625729088,310.8624432043245,504
91925000,192.5209580807659,285.7806442209553,504
91930000,166.5388594441717,296.6157443110446,504
91935000,141.85478904295357,339.1547151993466,504
91940000,183.34522673890618,277.01829775590954,504
91945000,174.37586123320582,290.9811513638623,504
91950000,169.09241484548022,295.1354775100591,504
91955000,191.28074309602985,297.2611752946795,504
91960000,218.5551923448505,322.4579019994038,504
91965000,161.04024411024346,310.68267681072456,504
91970000,153.87142584689707,295.1569709694336,504
91975000,160.32854739342392,301.1674117709126,504
91980000,148.16953689711974,265.91999514836607,504
91985000,163.1394561571604,253.02627789695225,504
91990000,181.350212789504,262.61520220705677,504
91995000,184.51239504173793,297.3073062255355,504
92000000,159.67859561929004,255.37655848257128,504
92005000,178.9540753687611,268.54234105513376,504
92010000,175.18270510415712,273.3667927662977,504
92015000,176.64677171545748,337.0049364061805,504
92020000,161.67533859326986,323.5387822901177,504
92025000,156.89240439455276,315.9043072431291,504
92030000,225.14607304665265,285.05357155672795,504
92035000,197.5755807602826,350.65658563762594,504
92040000,176.46213153737673,254.71907148703693,504
92045000,163.6728200143839,319.1656182500437,504
92050000,154.61447331143006,247.36937290637874,504
92055000,179.64118377283026,308.7910755877714,504
92060000,193.41484819778577,264.6314236833548,504
92065000,154.38355402493698,269.46813367799825,504
92070000,154.73268454213462,314.76384821078256,504
92075000,160.3027450869384,220.20847938138547,504
92080000,194.75024792028003,320.0230490581648,504
92085000,189.34811314764653,322.37451077737404,504
92090000,174.7888099769466,286.3588568493356,504
92095000,173.71009717978225,262.68957390505204,504
92100000,185.18971297394117,299.6045881982967,504
92105000,161.84211266680083,286.97574576810445,504
92110000,180.00962209837468,273.49630895919546,504
92115000,179.44847385116583,292.40149685561227,504
92120000,144.02042899010337,260.9022089953884,504
92125000,190.6780211564162,315.4907728921829,504
92130000,187.14325913851505,288.7445418261339,504
92135000,186.93327077203213,276.52137970117076,504
92140000,151.03538861998828,317.15692520541256,504
92145000,155.38658036344015,251.77013578937124,504
92150000,155.83320247594258,326.41541646139535,504
92155000,173.40917283206807,302.9630990102467,504
92160000,187.02367372492853,342.12018059980846,504
92165000,204.09568091449415,228.09513588048563,504
92170000,176.8491063093794,296.3911667761881,504
92175000,163.87850415785255,286.14414692686137,504
92180000,181.0486534811024,311.69175311408065,504
92185000,191.04488162696322,346.2458584831286,504
92190000,142.50923323382776,288.64625962396286,505
92195000,180.75772906154845,354.9358735418825,505
92200000,205.2062811744131,281.43761011346527,505
92205000,167.28070318509612,296.16733672511447,505
92210000,172.1186026289324,339.9392416833445,505
92215000,170.86660814458833,268.3242014041242,505
92220000,164.04987855256655,275.37601224968324,505
92225000,166.11414025529527,247.56309995647962,505
92230000,157.88850706060927,271.229280992029,505
92235000,180.9230830237083,323.7720474973116,505
92240000,178.93667744134535,305.3483982348992,505
92245000,191.82323766265992,293.3006221285046,505
92250000,187.67765197949115,260.61631959036424,505
92255000,217.76902465175397,274.3067482977544,505
92260000,165.7345364996199,254.48976977040132,505
92265000,184.13585258057648,282.0144955534331,505
92270000,196.69853146997863,308.07069042662926,505
92275000,181.04621810648268,349.68732902766163,505
92280000,148.9394040815661,283.3854479238606,505
92285000,193.24408003172925,345.20023240960126,505
92290000,185.7159909806136,284.2212539108853,505
92295000,186.8048407350975,331.05274995859156,505
92300000,159.1792707643776,327.52158429683453,505
92305000,185.11358404478332,353.7114862169635,505
92310000,163.6802789070287,236.14148337830864,505
92315000,213.73193620712675,346.2802695901089,505
92320000,164.98445603359056,330.8367215280296,505
92325000,180.03682036937712,313.23186245132314,505
92330000,194.57013465350752,320.2113718094667,505
92335000,151.16877944491367,415.236841767408,505
92340000,221.80778622289287,285.4790761613318,505
92345000,175.96435999644117,289.14583786666907,505
92350000,158.9125794592637,303.47744811008465,505
92355000,149.8147702880476,318.169362025652,505
92360000,165.61410363160286,294.790344074975,505
92365000,161.38294103282615,343.21058793629265,505
92370000,166.99898953830353,268.0786583158427,505
92375000,194.0214879589407,391.8292866691344,505
92380000,187.30131642908603,263.5971236840411,505
92385000,187.76478321388146,366.44954108444216,505
92390000,168.19884548269684,325.4323781016326,505
92395000,161.32775440145642,326.20661238823294,505
92400000,190.951624790443,252.71240117609312,505
92405000,218.82934176284397,393.89756564283323,505
92410000,154.8578369008909,290.4083961493939,505
92415000,194.1807932110942,306.0753585565501,505
92420000,172.7040346321649,285.0131959010971,505
92425000,183.95039618553253,307.0198800789774,505
92430000,182.93383377727707,315.0309200975429,505
92435000,178.6160475893058,260.34954296484125,505
92440000,169.50641379478924,301.4314617112188,505
92445000,173.51119407762462,311.4621817501642,505
92450000,161.68507316746954,308.9842133108042,505
92455000,168.1000693676806,306.8624102720851,505
92460000,175.97387763830804,249.37669066285252,505
92465000,176.84028421956302,341.57585685195653,505
92470000,177.1594762326699,280.2546008981953,505
92475000,200.7305725082668,332.5630192008754,505
92480000,171.6418191882598,267.0478277802525,505
92485000,194.33957298558644,339.215558817196,505
92490000,195.02314600382977,280.07113349442227,505
92495000,219.93740081622866,360.78390477683996,505
92500000,156.21448700546267,339.22551823208806,505
92505000,188.37743378275798,246.35030682735646,505
92510000,155.8327558024518,302.95843519766413,505
92515000,171.55117649925177,285.78188104330314,505
92520000,199.04409045573829,317.8784830473122,505
92525000,178.52971917256048,317.9183153068552,505
92530000,169.12635520938454,341.70640342973763,505
92535000,170.4046339717152,277.66900492657294,505
92540000,196.32751914368262,301.09691565134074,505
92545000,167.69697339500385,322.67461239988853,505
92550000,203.42582429880207,266.6335166734728,505
92555000,209.331289812352,319.8019397735406,505
92560000,155.1130150513853,340.56415394088185,505
92565000,149.3281150840806,340.4208821849293,505
92570000,180.0548603310646,301.2963231581521,505
92575000,209.6075295103084,253.9182866798146,505
92580000,197.88021012436656,274.87189988248855,505
92585000,180.51882277444224,325.31526198559345,505
92590000,196.70935651541964,325.4379453993671,505
92595000,169.78946988334212,403.6290900293476,505
92600000,215.56881853541924,300.16375050748496,505
92605000,133.1163921154188,248.0161840896154,505
92610000,162.97142222046082,271.71136094569977,505
92615000,178.77892302072797,297.240634937819,505
92620000,149.60480395497257,305.3058116374947,505
92625000,208.72947812041943,295.98990822306297,505
92630000,144.65345943694678,274.10125110476037,505
92635000,159.33408174628673,323.2957163731934,505
92640000,197.1361382826375,377.81742509454364,505
92645000,174.32908843341218,224.83746495614034,505
92650000,192.28178427284075,274.7287841677924,505
92655000,160.19737380683452,376.703649759292,505
92660000,217.19823945130864,341.1643393569044,505
92665000,219.6642720484698,290.5359017036903,505
92670000,193.00988888900244,292.7671785209043,505
92675000,206.53633464516724,361.1457867782507,505
92680000,165.32092878382488,301.74311375763494,505
92685000,162.44662556956152,270.9449252256823,505
92690000,136.39993435915284,350.58561133570805,505
92695000,138.62971693784036,294.85344105052167,505
92700000,175.7402093119221,321.5044274561085,505
92705000,161.3645600378848,350.94490753093595,505
92710000,154.27405122582567,304.60486952114223,505
92715000,145.9832714164915,305.39730643915897,505
92720000,186.20627943549366,355.17562807626655,505
92725000,160.22377736627385,290.5486193195976,505
92730000,168.78602794562204,249.489968858817,505
92735000,169.08940154609937,293.08617301435527,505
92740000,175.3285715449018,287.69065147005784,506
92745000,179.73609562960195,269.62380710054555,506
92750000,195.12176999996876,293.9172145399991,506
92755000,188.51850062860075,336.129656357393,506
92760000,167.7996665860864,312.5499344665111,506
92765000,145.5832261664726,274.4618157978407,506
92770000,142.80009322698297,334.5816454492844,506
92775000,185.44039198946777,251.52685837741257,506
92780000,155.6010645323506,314.75676132829557,506
92785000,168.32846250052526,271.73756270559136,506
92790000,195.80508374654693,292.71964064280866,506
92795000,166.77142802033262,344.2978123043639,506
92800000,161.51131282077233,337.02224564436875,506
92805000,168.01152091064847,400.167380709941,506
92810000,163.3996815543347,254.43068431388315,506
92815000,174.00726261518398,332.8379370235754,506
92820000,165.29314500306432,329.09666311864873,506
92825000,176.00797307211297,282.67072880783496,506
92830000,183.36178863512055,335.60916149924896,506
92835000,199.18757312272692,260.4864752209425,506
92840000,194.6365076288971,324.40683780318466,506
92845000,202.46063243867047,304.4887973116424,506
92850000,185.2328929130005,254.5507369398346,506
92855000,177.0630721820374,286.13934787063084,506
92860000,188.77620359421113,342.9645199598503,506
92865000,175.08144807205747,373.4665699784486,506
92870000,193.22052833226022,305.13888312994055,506
92875000,170.9401891051638,367.10874827431616,506
92880000,239.2107881900873,322.4973134446987,506
92885000,169.66489307785776,249.3520618651041,506
92890000,174.0662176512815,289.9794017396755,506
92895000,173.62249959889405,330.16280617338754,506
92900000,171.25811753025002,300.2700568080212,506
92905000,167.45692693323403,293.40914304981203,506
92910000,176.93882372984774,268.6139590477892,506
92915000,169.83641082277967,368.337278473773,506
92920000,108.89755469752737,280.73517837330087,506
92925000,139.360889301525,289.0244477191484,506
92930000,161.1065333237751,298.7029648847208,506
92935000,156.65478390879525,318.02483931815345,506
92940000,183.65798109609287,258.0398304878655,506
92945000,167.00404849416952,296.44042747831884,506
92950000,165.53889087729826,318.8143393876513,506
92955000,184.19307683766152,262.8649799032462,506
92960000,176.51660869565677,263.3673396810547,506
92965000,170.68040921308489,271.23646622439725,506
92970000,131.85380451538052,362.4636623388345,506
92975000,180.19193200574608,369.27000825855794,506
92980000,168.33798456868206,289.75050600016715,506
92985000,175.01812187430124,335.2332605790972,506
92990000,203.175169663417,352.6959257995274,506
92995000,197.24076078200972,253.15433363980588,506
93000000,170.86616755190968,273.28345665678376,506
93005000,168.59182044669814,281.9198908826661,506
93010000,178.52817927345896,280.7017081969985,506
93015000,175.94223562008267,254.77332841194067,506
93020000,193.5718287248593,326.56448227661997,506
93025000,194.05191833613353,299.0739148747774,506
93030000,198.66464836282535,346.5469855018682,506
93035000,255.1314477170055,245.768210395244,506
93040000,158.40160219733298,305.5292770549307,506
93045000,213.50128075049668,271.01121012859693,506
93050000,162.73220190843463,297.3184461348583,506
93055000,180.27075694688585,349.3454851096438,506
93060000,165.76573039909422,323.68061048774246,506
93065000,193.56012972164416,270.50832554743226,506
93070000,215.37540518394584,293.51993825983664,506
93075000,169.4179958660266,262.4895674270088,506
93080000,195.54500985710268,290.5262835719425,506
93085000,142.7980309193037,342.8146026015437,506
93090000,176.212253787816,291.52635798176914,506
93095000,148.34415400100104,260.1410547774114,506
93100000,150.75155423277815,312.5134827429169,506
93105000,184.1885461121794,296.8088805419188,506
93110000,186.41930463578592,359.2614353365578,506
93115000,226.43035827167833,293.2625007617942,506
93120000,194.30583570429073,310.3693440792284,506
93125000,169.60193078686842,283.2022659738507,506
93130000,177.6022795634549,344.2756429090077,506
93135000,204.20737528193584,262.30456571816967,506
93140000,145.48496938211395,272.76638766794605,506
93145000,217.0229132064792,307.2105231027431,506
93150000,160.81317323340966,289.5288156812619,506
93155000,174.32729106716585,272.2380099308459,506
93160000,170.534274156221,302.83950481694825,506
93165000,158.80327515856624,270.98247379716287,506
93170000,175.89251348767093,334.42482177185445,506
93175000,163.13625467916418,372.0058286272543,506
93180000,168.08324598112168,246.23182811307174,506
93185000,176.32933163109905,279.34605722251524,506
93190000,176.092598721666,338.16456498991386,506
93195000,166.68104621574437,262.5305713585386,506
93200000,172.83272978574854,335.9076116759831,506
93205000,187.12422759163962,234.86524818746102,506
93210000,194.4809950627055,318.90397878052306,506
93215000,179.42407850497605,308.85222397464764,506
93220000,171.55998606568235,269.56553335517356,506
93225000,172.90660299199928,325.1593237629501,506
93230000,174.90421586465612,223.87114106742283,506
93235000,153.08161273574197,254.70444223649025,506
93240000,136.7323991221511,277.1587447547019,506
93245000,138.7608660078495,273.5660603623096,506
93250000,180.62843035373203,334.3372804046831,506
93255000,180.30429699130866,274.84612456773726,506
93260000,193.50945811716954,279.956883911968,506
93265000,166.46230596791597,314.4869299482087,506
93270000,173.64072180207327,253.36190310795797,506
93275000,159.07609724734778,267.99812470214073,506
93280000,186.68693533486402,300.326927611842,506
93285000,220.80266525885898,332.086983670468,506
93290000,160.24793993123396,275.7816428120037,506
93295000,160.2951296217521,293.3680664799067,506
93300000,173.79366433020405,250.36470667142086,506
93305000,206.92323575064674,270.7696806717406,507
93310000,172.41762284811452,309.7127753559272,507
93315000,201.08977861476416,314.07492283248064,507
93320000,175.82116755406858,337.38952511394154,507
93325000,141.23345434334163,283.20513494145564,507
93330000,240.47434624008275,419.3064833909248,507
93335000,173.57217042170197,253.0075091616979,507
93340000,144.47613764813065,328.8814864511771,507
93345000,178.72624602295969,316.7529123961865,507
93350000,186.4024727457782,300.93719183588905,507
93355000,170.5777858930163,258.29741228956857,507
93360000,154.50233090415762,309.0316748100334,507
93365000,148.00287369564512,312.6056001788634,507
93370000,183.0251907404056,289.5674733880554,507
93375000,221.20261492608614,340.6221095330113,507
93380000,195.821501540008,304.86609167040945,507
93385000,216.00592940016452,371.84164996675605,507
93390000,184.2347277233402,330.08929447842405,507
93395000,255.0046827778909,298.93136145492366,507
93400000,179.005947571242,281.09009909691736,507
93405000,162.80090274554237,279.55610721270835,507
93410000,182.55438919673907,364.433772893587,507
93415000,206.04135006466277,310.3141199699166,507
93420000,152.6475004114526,300.36962589361696,507
93425000,173.53370744979543,273.9189388462098,507
93430000,178.72050344417744,267.01575320408773,507
93435000,166.99302959437148,288.5179051780072,507
93440000,180.0592610146199,285.7405913523108,507
93445000,128.0280262061603,302.04011056827113,507
93450000,142.47264682146417,265.46743621480584,507
93455000,174.5551335492921,238.9152310130041,507
93460000,178.87938605991363,297.1728365400282,507
93465000,161.00821076850804,319.96169406960655,507
93470000,177.23113807032357,308.63393664883455,507
93475000,156.62304503906915,293.05503845748507,507
93480000,148.22657907511385,315.19671691206554,507
93485000,172.75289253258842,343.3428481819582,507
93490000,138.43267568159285,269.76307763821126,507
93495000,156.31100096911015,278.638177238971,507
93500000,181.47905491445385,346.0894606747279,507
93505000,222.3010052894991,386.89026005620343,507
93510000,175.6510566779262,269.40283343359044,507
93515000,191.81357553537413,273.35054803139275,507
93520000,136.11276779532975,243.041860185204,507
93525000,188.19206153668344,259.04398144812285,507
93530000,223.99799658071004,285.0509382860203,507
93535000,171.97126480663573,334.53738039540593,507
93540000,171.22597082260847,321.0682371342058,507
93545000,149.14665262560393,262.81528632990836,507
93550000,149.14656379220335,307.3796422917388,507
93555000,198.82963733196505,329.7191791629399,507
93560000,182.73395910780445,293.05960226589065,507
93565000,156.88506993554492,303.9836297659112,507
93570000,180.48292228189445,326.4184400580643,507
93575000,161.69918854476035,319.8189369817118,507
93580000,167.28086862320572,249.64337862019707,507
93585000,178.40726117585805,319.80933614362533,507
93590000,165.00946329194664,280.4080615269021,507
93595000,147.8526475881781,300.8980196884202,507
93600000,213.44721080433152,274.64921360266766,507
93605000,165.93753662464306,310.8572986199576,507
93610000,190.28037877233527,301.7358449874388,507
93615000,163.0438595894128,313.46993108176224,507
93620000,159.5327433370318,302.23126894553684,507
93625000,159.38961564375595,355.7255391949748,507
93630000,139.47170056635102,309.2429926687861,507
93635000,215.82316222996494,307.06965973215654,507
93640000,204.0191463668108,260.40581859749494,507
93645000,134.2297039730996,270.2140505457587,507
93650000,168.52513870402004,344.27812674600267,507
93655000,186.69819972079557,310.4553363120683,507
93660000,164.37871893442912,343.61935906412407,507
93665000,212.31331333878484,269.7417351844199,507
93670000,184.92546561114787,294.8743009591372,507
93675000,197.0510463858162,285.7952629695191,507
93680000,162.5687056562202,300.6048141702803,507
93685000,195.2084245053812,340.749993466151,507
93690000,166.90427113938972,294.4725674279728,507
93695000,170.22429662263943,288.1222558198771,507
93700000,175.2191350748195,302.3151858298014,507
93705000,175.75558177983675,355.7229058470152,507
93710000,158.27112456806734,317.3565970751614,507
93715000,202.64227421196605,267.1409779101926,507
93720000,149.14169903404698,295.7067371795681,507
93725000,195.91815897496252,289.31251880553305,507
93730000,206.01744461454206,305.064908853017,507
93735000,181.69662391327324,231.51093225264157,507
93740000,220.65720722035633,288.8522412481008,507
93745000,214.01966169910858,325.0981891557578,507
93750000,207.0123003581166,279.9927528842713,507
93755000,194.71645218314217,320.0868964294382,507
93760000,158.29282966777077,299.76370837102445,507
93765000,175.6586134426384,295.89745978506886,507
93770000,196.92478954884916,256.31494784172935,507
93775000,171.18891819093727,246.5591987597142,507
93780000,184.057288800041,303.13878470134046,507
93785000,226.24070158558177,350.2992750180039,507
93790000,132.647783959253,320.49610698004983,507
93795000,150.78850341087514,254.64521441133385,507
93800000,184.87307993789807,289.5410946756585,507
93805000,192.32721019865346,263.6227318895433,507
93810000,208.98398338603508,262.69509496152375,507
93815000,168.08729302500842,293.97774431751714,507
93820000,180.97339651281902,335.2057819652458,507
93825000,181.55274921501697,314.01349702474926,507
93830000,162.0439032028785,257.2328855819944,507
93835000,171.88297331850274,266.77375429105916,507
93840000,170.6112729330522,291.94432334915217,507
93845000,153.58359097453766,298.90346361818047,507
93850000,166.7731361060145,275.1182901772463,507
93855000,171.08657755698363,274.0242573735077,507
93860000,162.2641031218254,279.95338815050303,507
93865000,167.64431335518125,297.7622685363374,507
93870000,202.2934713788189,303.27665824088524,507
93875000,146.08589634858203,336.0987096316427,508
93880000,155.0277036013059,241.83111225868254,508
93885000,181.65210872364247,257.53445680389734,508
93890000,202.46319152119196,339.08943150558906,508
93895000,169.4805690817557,291.09162122993143,508
93900000,197.6267778889009,299.07492544993636,508
93905000,170.23083370653362,366.1192886248371,508
93910000,193.15800586959918,289.96997244598805,508
93915000,199.41527527424887,309.22508930428654,508
93920000,174.99876069397644,287.1615464687723,508
93925000,199.4187057867295,376.88513993374767,508
93930000,163.79847107768327,284.92557868784365,508
93935000,197.54446567996996,268.36267401617584,508
93940000,186.70093539231135,297.3052695061231,508
93945000,169.76947212098932,295.39839647413515,508
93950000,177.4102364037078,348.0437993751773,508
93955000,186.0040332742171,333.68098896061144,508
93960000,177.41458506874804,273.8783171867934,508
93965000,184.32183158213763,300.8049021072001,508
93970000,156.65032768594497,255.9823523027161,508
93975000,170.3533744101099,262.1118602154095,508
93980000,178.082382017887,303.27808680092977,508
93985000,162.9158280597012,273.4980657893458,508
93990000,187.44363489279658,245.5952093331099,508
93995000,159.7483970334758,342.7848845612138,508
94000000,176.26148450550394,262.57966514691174,508
94005000,188.36546612350986,221.9141038779504,508
94010000,228.84178382695316,326.6893941166825,508
94015000,149.78335152842624,262.738953979593,508
94020000,215.00160526528933,339.64380774109213,508
94025000,194.41438388368616,336.55684483086327,508
94030000,191.55866074428948,264.6659029430901,508
94035000,174.77001199718734,235.34019342789549,508
94040000,173.9227965465199,363.5920871023018,508
94045000,189.11250896158998,283.60321674203016,508
94050000,152.33551663243057,342.3635053723956,508
94055000,177.9769116386571,332.9815004204759,508
94060000,194.3217836674005,265.3313629800797,508
94065000,200.11306634723263,320.73229667185376,508
94070000,212.30894668789222,270.0234436999979,508
94075000,177.67257656077686,228.53275043668557,508
94080000,186.6915473679214,340.76491785124665,508
94085000,169.47308446297833,274.8863647083327,508
94090000,152.93579492708758,268.4115174648173,508
94095000,136.84072124287675,354.7500338270675,508
94100000,229.64970544176197,381.3230621452313,508
94105000,177.94125165158445,281.22485895794586,508
94110000,172.73525213745336,283.7338941914585,508
94115000,198.2848400166727,375.66402145127677,508
94120000,155.842883771213,246.86849362469124,508
94125000,158.12409380521913,258.14916204711415,508
94130000,139.67108632272613,318.92939075302155,508
94135000,192.62429688587392,280.7523364942532,508
94140000,180.84935237000903,325.9679195787895,508
94145000,155.7425751531191,314.34062193060964,508
94150000,175.27617814897158,258.1317037000137,508
94155000,192.11047264620913,293.6456178369648,508
94160000,175.6870329977024,298.473538641587,508
94165000,179.40067599665767,247.7431316741111,508
94170000,190.72468412801177,305.99413857348947,508
94175000,187.46339098470804,261.2183738669041,508
94180000,176.10132340696362,267.72635843632,508
94185000,160.87615994527715,279.0999036556057,508
94190000,149.5969655943456,287.2432306236022,508
94195000,169.65684260131908,366.949817759977,508
94200000,179.76397349920535,272.6592931226947,508
94205000,164.78158645547109,295.73188954754744,508
94210000,189.45842988629843,282.48742031458227,508
94215000,209.44909001968614,317.8380684394083,508
94220000,228.69259388562395,317.38479286632975,508
94225000,179.7882127799769,335.2520942302202,508
94230000,163.1287445400269,302.29739361341103,508
94235000,168.35441024965644,359.0272683180383,508
94240000,179.91027637902684,323.9723788958258,508
94245000,162.30254441823587,324.69847394250587,508
94250000,196.22750345943246,270.8536861134109,508
94255000,157.11611779237407,295.7444974065232,508
94260000,156.03251986965554,327.3533113477179,508
94265000,197.2245808923794,288.6556442025823,508
94270000,182.12807398359692,226.9393094328225,508
94275000,215.81842131955813,261.37588918070946,508
94280000,176.98360624691423,298.77364780748854,508
94285000,161.88021028864702,404.4350469004111,508
94290000,180.30921559941308,268.5967133112199,508
94295000,190.75972222060136,316.8424476596694,508
94300000,203.25338516403775,357.87592781185276,508
94305000,181.0191208239966,259.2602003567287,508
94310000,208.83674293851902,262.19417844552714,508
94315000,180.0257506884497,269.5348197120568,508
94320000,161.80067601680003,214.77818503434193,508
94325000,150.0232446034159,343.13354784219155,508
94330000,186.1499149194352,298.207676057547,508
94335000,159.81395971032538,347.0882841144949,508
94340000,191.02210421240756,310.8017918491887,508
94345000,169.0030077383994,322.0557919891699,508
94350000,193.2327860883929,339.43561063687054,508
94355000,181.1732909596677,292.42292510757943,508
94360000,170.66428329186556,298.53392419701106,508
94365000,186.3268613899154,307.00060003261797,508
94370000,137.7125352269082,359.7185923588983,508
94375000,169.81057166780968,285.0154945835452,508
94380000,201.20228705069704,314.1282704857761,508
94385000,172.93960908911504,314.7577510848643,508
94390000,181.8592048569225,329.0069897149562,508
94395000,131.03695447253835,315.0398345380656,508
94400000,159.91719024682047,314.74294726085617,508
94405000,236.00593177573643,376.58300974145243,508
94410000,158.4284442593329,364.42616212521636,508
94415000,157.92459838663945,319.37512156174284,508
94420000,189.96115364590037,324.4054757772287,508
94425000,215.96521965653895,322.18560576402723,508
94430000,133.50587734461342,311.0913013056058,508
94435000,154.40486887191113,284.83204166446257,508
94440000,179.486854392043,322.71608166135854,508
94445000,176.87320761697043,334.4943725116488,508
94450000,174.2621871512466,351.2524525060296,509
94455000,197.43728733935683,271.9649814996891,509
94460000,157.6313374814537,341.69694375163465,509
94465000,159.9702901917563,314.46921145237565,509
94470000,193.28073011093977,289.1124594963387,509
94475000,153.13872992147947,306.46058934078957,509
94480000,144.24841766127798,344.6335188185248,509
94485000,176.7826304454126,295.2880874326895,509
94490000,210.8633908838885,336.915056515962,509
94495000,159.35352817106696,280.13121380922905,509
94500000,174.03260456822662,255.5803613925403,509
94505000,160.85185957457162,273.6348732244311,509
94510000,152.52929752451476,279.0575372800684,509
94515000,159.4604602956195,285.68846787387434,509
94520000,171.49972652688422,292.5685346267777,509
94525000,184.99249173776738,306.2695709084164,509
94530000,132.61300409715005,247.65801316387643,509
94535000,189.19076101851405,224.78602363800383,509
94540000,158.35295247724522,276.20649788078464,509
94545000,178.11795281776975,264.4059835775962,509
94550000,215.3030782230086,322.5259099926234,509
94555000,170.46373155446602,331.5505634627732,509
94560000,130.7415589108458,327.10090694403226,509
94565000,177.71598690375464,329.14045225778216,509
94570000,163.56565460882857,300.16920725352793,509
94575000,192.75365657911158,349.9825172399072,509
94580000,180.9758387698884,296.0056320242154,509
94585000,212.01578177152757,286.7724874486581,509
94590000,191.20219618695523,220.72026421479845,509
94595000,179.0876883128742,322.9474796609479,509
94600000,151.14580166914956,315.9803918235504,509
94605000,238.48736419457492,327.7062187771537,509
94610000,165.37627735829858,332.54605373874165,509
94615000,139.34621040868663,264.0667839804232,509
94620000,183.30719449486924,282.9439945081612,509
94625000,192.76876295066086,290.8451029963869,509
94630000,148.09084608726485,317.0572059133821,509
94635000,151.43826191930526,307.8844120912969,509
94640000,168.54976497674429,322.4869463623895,509
94645000,168.6330113318601,352.4467526290471,509
94650000,157.25388009046674,336.4870209451666,509
94655000,169.23952234480188,242.96143215974232,509
94660000,209.84420816274726,307.2348104169268,509
94665000,166.7890379938423,255.29333067003336,509
94670000,164.9375109835109,245.99444737116443,509
94675000,177.30641920699358,335.55340923171747,509
94680000,205.23169033810677,303.03506735602025,509
94685000,215.99089026966178,258.3743851938228,509
94690000,191.16438585950493,270.30983961380014,509
94695000,155.37390112234698,281.38034129121314,509
94700000,211.58231386203317,298.8019862374057,509
94705000,174.6365403908042,328.0666060947214,509
94710000,211.5687129713425,332.0901378150261,509
94715000,163.74058379233233,276.6615202015963,509
94720000,166.84026016112125,248.90222319245422,509
94725000,154.11967567726245,322.0768684419266,509
94730000,182.89170869637883,303.952253405285,509
94735000,131.4788498584327,330.58061981247283,509
94740000,177.1210888700739,281.455065058826,509
94745000,195.63591636328005,327.7607988817789,509
94750000,160.85174542873895,259.75738648000276,509
94755000,205.1866505069417,245.02141194788558,509
94760000,150.24489099675372,217.5318751504345,509
94765000,133.5208734537684,321.31881530375114,509
94770000,157.64964057719587,245.82090185590374,509
94775000,183.12452624682638,289.83890243999656,509
94780000,150.9640243452515,231.51619869665265,509
94785000,118.26645931649128,244.91223046195327,509
94790000,138.17659469326497,353.4695580714351,509
94795000,152.9001774214221,296.0285113929216,509
94800000,163.0668481913331,258.8962148173463,509
94805000,160.2833881306166,295.801175149236,509
94810000,194.63274570849586,303.82508522005475,509
94815000,187.75412368357547,308.1934087724687,509
94820000,208.86746543837984,310.92654028888705,509
94825000,133.20780267470556,304.2526576306205,509
94830000,134.97860988156438,275.49102396837475,509
94835000,181.63313277210304,272.28919970516154,509
94840000,172.38528687042705,286.72645250659247,509
94845000,173.67463245662898,271.1455012151814,509
94850000,197.95540463439076,304.10254995170146,509
94855000,131.26837777174393,261.4793026177126,509
94860000,168.48749923726675,302.2420995875922,509
94865000,186.5583483901432,378.3455055237375,509
94870000,165.28899582460866,388.11869564755926,509
94875000,183.54413579626137,268.8934871981878,509
94880000,164.28008839230904,295.8217140749719,509
94885000,174.30145148562923,314.69199777757757,509
94890000,159.5510877219342,337.86508762529724,509
94895000,177.57044956380756,320.7196568096232,509
94900000,154.20997739395625,306.15343633052544,509
94905000,215.16432344838643,301.0544063454847,509
94910000,206.28057400564933,302.34651448559526,509
94915000,190.65073685322372,345.2300737426723,509
94920000,147.73138791137401,246.75737953546175,509
94925000,201.12209175571934,274.19562116281514,509
94930000,165.522045130963,270.5195013293904,509
94935000,176.02519011454262,300.64649595812796,509
94940000,137.82026117390006,328.9798132804557,509
94945000,241.67195230502975,344.64063819989804,509
94950000,179.64028179103414,319.5820253672003,509
94955000,143.7296862208712,352.4376214502962,509
94960000,184.03158314371814,271.1022438281806,509
94965000,174.33302330556128,240.23104651014265,509
94970000,136.77314133013323,280.85815144669016,509
94975000,162.76718566778325,255.24307331486838,509
94980000,166.71443864111242,350.9909864923535,509
94985000,169.57623920402762,301.7887616180862,509
94990000,174.79768747572157,286.872603288409,509
94995000,192.530779484662,316.22054504456617,509
95000000,101.1933090195119,257.23157677487865,509
95005000,140.74757699995726,309.37766402414786,509
95010000,159.71417249549665,308.36895840742767,509
95015000,154.03967894541373,258.16926790594766,509
95020000,177.83522511930718,320.52101067245513,509
95025000,188.01855858686574,280.4433880426254,510
95030000,152.65961849744008,334.23427999474507,510
95035000,175.9683130883336,313.3344382396906,510
95040000,173.41341204749085,356.2957361116176,510
95045000,191.03163485006684,359.597189542912,510
95050000,187.50186813779644,319.0922998557797,510
95055000,167.22797549532584,282.68589286530215,510
95060000,186.3377299437084,303.1417747534173,510
95065000,175.55889400961837,359.53898922351243,510
95070000,186.5541386913229,345.7583594688998,510
95075000,179.55608803187533,280.01850408713494,510
95080000,176.49716820449387,280.05121358257725,510
95085000,155.22380877045188,297.54092462417105,510
95090000,183.87190845432013,307.1349773936198,510
95095000,167.9989613043477,358.28881783907025,510
95100000,160.98397435911727,272.13673183403324,510
95105000,193.78923516561545,305.80067190251685,510
95110000,151.4126034771691,319.61016531760026,510
95115000,181.41703774942317,260.48739472207086,510
95120000,159.29379182761926,239.8057631077996,510
95125000,146.00935969994066,335.80506024818374,510
95130000,172.00071699194106,305.7703480511158,510
95135000,186.1393916286019,307.9596786386045,510
95140000,194.85732335162766,334.1646434473922,510
95145000,151.85884783320233,283.6445119855559,510
95150000,160.15108662591496,328.1576853528026,510
95155000,177.58935182605117,327.9517021420715,510
95160000,196.67527316770745,349.0160116887526,510
95165000,149.3653481837606,301.44411889445047,510
95170000,184.72306327205098,263.62596974325083,510
95175000,174.548058529622,225.2456667643505,510
95180000,183.46108432274053,282.27123049447164,510
95185000,190.24268354185494,283.35797029309083,510
95190000,172.37476420737337,287.65458983552173,510
95195000,156.48653530255925,371.3558993258723,510
95200000,164.10214562307254,292.65612949783053,510
95205000,155.95705980575408,280.0765909942616,510
95210000,184.89718660582116,334.715179035871,510
95215000,161.13244147874136,288.77823301053445,510
95220000,154.97790286694493,318.30911119984637,510
95225000,147.7285224105322,309.8669103784813,510
95230000,157.4564484435251,263.83103042156415,510
95235000,209.50947661242148,306.2178991408708,510
95240000,202.4163547180476,318.4073123098606,510
95245000,200.9256748304804,258.51118265745407,510
95250000,182.0293719946378,317.3222183959489,510
95255000,142.04415324411391,273.2963480118024,510
95260000,149.9882029270234,287.116254595798,510
95265000,192.82528515123698,269.4458469946214,510
95270000,173.72706538076403,279.48995808048454,510
95275000,160.9621372848709,338.61033447130455,510
95280000,152.3235562199188,310.90030387629025,510
95285000,187.73067900220488,254.2452782287748,510
95290000,172.54679945073624,266.0867705643649,510
95295000,185.16673516817883,290.0955252467879,510
95300000,151.20489446008867,344.45340782010527,510
95305000,158.30827161335085,333.43184583728726,510
95310000,128.42803431776974,285.8616052467886,510
95315000,161.4425637128031,298.284125447886,510
95320000,137.75574763164136,288.91834874700186,510
95325000,169.18298454986075,272.83545146790556,510
95330000,151.37884403385132,303.0669388139799,510
95335000,187.25013859143675,329.6636392812453,510
95340000,165.30222629597665,290.47148039624426,510
95345000,194.41736686663,286.9626709573825,510
95350000,210.60794142278198,445.93526414022216,510
95355000,178.62695254077985,270.60997884275173,510
95360000,178.91871259803372,267.0220587165211,510
95365000,171.19397384475428,364.16411068642856,510
95370000,172.1539257764531,323.1038319221526,510
95375000,165.61601479416905,225.25285333926152,510
95380000,181.72511122191284,298.8572128298867,510
95385000,187.58579174990626,296.68765816893693,510
95390000,145.38756002421923,297.9265041162119,510
95395000,149.531776255633,332.46296141447976,510
95400000,157.54338079331305,302.02683466950197,510
95405000,214.96732822575507,251.4806839273473,510
95410000,175.98753849213728,345.94254078165096,510
95415000,202.25997833896608,376.4007079195949,510
95420000,175.01904152282845,341.0170145768529,510
95425000,167.04139514918387,296.7264178003402,510
95430000,152.55106974141552,281.5685156539611,510
95435000,161.24844828155648,272.80494141531796,510
95440000,165.53717199190643,339.91461397719314,510
95445000,152.17528456597788,270.19383075392756,510
95450000,202.5064697700208,359.88342235007553,510
95455000,141.28444117330528,243.68765764029672,510
95460000,172.6789782910365,359.1558784865781,510
95465000,194.4476660771179,317.5482931019518,510
95470000,183.59981719024466,338.04067089716625,510
95475000,182.98213478886814,284.8610767837793,510
95480000,157.72664399621712,336.9883901468304,510
95485000,180.4162717116067,253.3098034033243,510
95490000,208.8065014599655,287.3518247140187,510
95495000,201.7509920348631,257.50936689910725,510
95500000,189.03102143145958,325.1262390454139,510
95505000,144.5242551927598,340.40249796249975,510
95510000,212.5486490974522,312.4172837112569,510
95515000,211.80414747972992,325.73730994668153,510
95520000,187.0891764139999,286.3800513311172,510
95525000,161.4516107399349,255.47050020610268,510
95530000,228.16353324681683,254.0475935423639,510
95535000,181.35987006672337,279.51681658023716,510
95540000,156.48072116246902,247.83361696843653,510
95545000,182.1057640907613,226.37348270069498,510
95550000,204.40026197386706,324.0100428858981,510
95555000,185.99001913717976,345.0267374140865,510
95560000,148.63422631801237,326.818425984691,510
95565000,166.43486310771578,262.1956756079098,510
95570000,176.44249727008662,264.94815942830905,510
95575000,135.338304530541,308.0912871777826,510
95580000,181.78381332305614,270.5246551578252,510
95585000,171.87972770996822,233.6225029676395,510
95590000,172.13650918616034,237.3258465332001,510
95595000,172.95176907266026,318.50088010980585,510
95600000,182.15242220886648,291.19823101924976,510
95605000,201.46864244552415,293.8538993767771,511
95610000,184.52205554388607,307.04679585478067,511
95615000,166.25167555342185,370.6672694090634,511
95620000,209.59090888283095,376.291532599067,511
95625000,149.3703766567238,270.87494415803104,511
95630000,229.8771998773274,310.2656731480593,511
95635000,146.95282453754538,260.09610887570125,511
95640000,158.64348911257395,306.4018013453763,511
95645000,205.37499140559711,361.5873688713651,511
95650000,162.69468881313404,344.95386009320697,511
95655000,175.63919220494986,402.64140601688234,511
95660000,158.92996498445612,217.51646047020844,511
95665000,173.61237703447054,253.4896852591853,511
95670000,197.3264678252707,256.9198700005991,511
95675000,162.71029253191224,270.4816638389974,511
95680000,209.37100624487948,329.4018881585589,511
95685000,150.55845933082043,207.5431287270224,511
95690000,164.5485679813983,249.67519519943946,511
95695000,167.48615557272524,289.8662766397088,511
95700000,164.72051171615772,305.43028441501934,511
95705000,199.6498763968411,379.7447859960896,511
95710000,204.59063222294444,270.09428528142604,511
95715000,169.5804895930367,283.73693155114074,511
95720000,177.25535403350716,289.36927715596585,511
95725000,173.41820787371037,299.52427672419105,511
95730000,185.10550213439373,284.14525704810603,511
95735000,173.4692753195881,324.2853494906274,511
95740000,172.23468472652246,311.1271794219539,511
95745000,164.6303021200457,315.97712973952247,511
95750000,143.12380374250134,324.6521472437495,511
95755000,156.264160383537,270.4950701502665,511
95760000,176.5329229984225,415.64550407517936,511
95765000,156.12872183191033,284.917464146218,511
95770000,195.64245626095467,308.12755314324573,511
95775000,196.3450789360992,279.5405198121724,511
95780000,193.59803701786927,306.68847360464076,511
95785000,169.63982035238098,272.33922834387505,511
95790000,171.73912259241152,268.94327194833096,511
95795000,204.69336346420184,296.9289565285526,511
95800000,173.07517547153776,269.3601262033136,511
95805000,146.22167245163268,322.204436334842,511
95810000,194.44024719190992,255.82863141336588,511
95815000,148.89744154875814,296.5853244521604,511
95820000,203.67254413976286,290.05385143245996,511
95825000,187.8817633541125,323.67479567302775,511
95830000,214.13325229403478,357.9612097571919,511
95835000,206.13871669879478,268.26381280849915,511
95840000,187.68543463417052,275.32426645112304,511
95845000,193.2026368411681,270.2459474204744,511
95850000,154.32208402953657,308.512492659261,511
95855000,179.6026290827263,358.22233760179074,511
95860000,196.90551425356665,257.58154077185526,511
95865000,192.5359741585747,264.0798911313695,511
95870000,211.2058541864169,318.3293033320725,511
95875000,190.3516128950842,303.8697636263139,511
95880000,188.96338676547228,279.23049901079435,511
95885000,178.59055920609484,304.47330936133056,511
95890000,184.76792135519122,303.0528272346547,511
95895000,178.4503573472628,284.3606797147463,511
95900000,132.72123007523788,232.12104955418584,511
95905000,175.30040855663847,312.38630273739227,511
95910000,181.15469303991568,298.7628445091266,511
95915000,168.15264021888643,305.31454225350865,511
95920000,243.49901798250855,354.91787329896476,511
95925000,186.05847289684226,397.75260351194873,511
95930000,154.31184570690826,281.08437479764456,511
95935000,144.6643859481928,363.4949861040191,511
95940000,195.13070050462875,297.18232120105176,511
95945000,224.49411799147538,275.8068860910058,511
95950000,187.9432824951224,288.27889363789046,511
95955000,152.7738222370188,346.4707125852998,511
95960000,183.502307011429,313.49969347053764,511
95965000,201.3635163839873,307.285253410662,511
95970000,189.07434370788167,276.45085756655226,511
95975000,185.99684980316275,286.8677216229048,511
95980000,167.7563950864816,241.0973423483075,511
95985000,153.29395565092693,292.49450514706336,511
95990000,166.52997239467985,323.436973634318,511
95995000,161.84339020667105,344.28661936714053,511
96000000,171.5191675328037,223.54440345118567,511
96005000,165.98670034450095,321.21529430629283,511
96010000,156.44026420392896,219.36455945778326,511
96015000,146.59653961690032,284.25649940638357,511
96020000,206.40030578777592,277.5956078728196,511
96025000,175.63632175473458,272.8628906753146,511
96030000,170.11488911906596,277.6446018044303,511
96035000,155.45346378496805,312.7440832374523,511
96040000,180.11496413931607,281.18948669471246,511
96045000,175.7190835785107,250.40613636394204,511
96050000,166.42055839591248,227.69459608731702,511
96055000,182.1412105832606,340.48609674112595,511
96060000,171.42098905206512,315.4451506868533,511
96065000,207.53529848143626,270.80658973344356,511
96070000,203.97480570812067,348.1778533282234,511
96075000,198.63377777264097,271.32116604145665,511
96080000,213.5350609309954,290.1549879030781,511
96085000,193.75698321009656,254.96008445525965,511
96090000,130.58920961241455,298.3504304036888,511
96095000,208.84323391815667,266.0327542126886,511
96100000,164.2689680231383,282.6636178631382,511
96105000,169.95630159520084,318.68764791458966,511
96110000,179.69017661002363,236.096350342,511
96115000,159.13227923929082,287.14013081842364,511
96120000,177.0443776437442,386.3994915292691,511
96125000,192.83276883446993,354.9430146123137,511
96130000,180.59382534896545,299.3757489082693,511
96135000,141.77050641291265,289.1531948038148,511
96140000,173.38271668063396,359.4871204414854,511
96145000,192.01225831624583,294.47056196972903,511
96150000,139.9669784615153,307.17317933695807,511
96155000,159.57193533520947,275.02145957589806,511
96160000,198.77952218777935,345.13214960268715,511
96165000,149.00135095500036,266.7572667111145,511
96170000,184.2348994763746,382.27090164358594,511
96175000,185.23700631370048,304.6703752405962,511
96180000,193.92575056622172,280.9265324897036,511
96185000,161.4024075488334,277.21989893736486,511
96190000,194.2699814875568,279.46834849826473,512
96195000,207.99210748746293,282.00941322020026,512
96200000,175.75587140826454,327.389153216253,512
96205000,173.76326481140904,329.691004331046,512
96210000,145.00380346169584,242.24217531431287,512
96215000,166.70366999431488,264.45656984027266,512
96220000,159.62312240500438,283.9976105076628,512
96225000,210.50905466344818,340.2458409256568,512
96230000,149.1494126735752,300.93468155565205,512
96235000,209.81731162504894,311.1060037258377,512
96240000,152.3087941477422,295.0201495507012,512
96245000,195.9345195672982,323.46716851448076,512
96250000,171.9788316589051,253.06700394758303,512
96255000,212.78341677126244,358.89142123472504,512
96260000,170.09082290326558,280.33784512701897,512
96265000,166.98954892094403,261.1220391534879,512
96270000,184.81282652146828,300.501149417561,512
96275000,199.37890037282284,284.7330326123723,512
96280000,198.6336151776991,301.6569910012904,512
96285000,229.28178906953573,253.2189691403396,512
96290000,197.54343180757184,272.4825434706873,512
96295000,161.4817964639518,365.1586298642657,512
96300000,196.21268729747274,253.55435646243257,512
96305000,198.81271972767956,302.0157396559841,512
96310000,130.832205212699,233.0546965605769,512
96315000,148.08988441845182,278.7533885851265,512
96320000,157.47921526000275,282.60664265115366,512
96325000,166.21762992459455,321.0238415919796,512
96330000,170.5066458902768,302.7736225061286,512
96335000,157.45174679021207,294.0643135946236,512
96340000,215.28207580993856,286.64183750740165,512
96345000,156.88615296393016,368.28412546902604,512
96350000,188.72636569383158,327.0821402696546,512
96355000,163.61485366527785,336.94687478504204,512
96360000,180.5713539763966,374.759714160696,512
96365000,170.1292627552354,237.50893422420157,512
96370000,163.08830833661904,266.8193197224948,512
96375000,198.50424675839133,290.41995666523695,512
96380000,150.16491802344106,260.6662648560351,512
96385000,181.07482264843287,358.0672376442433,512
96390000,185.12200762346296,298.7693328601274,512
96395000,170.62851954931824,389.2522075173679,512
96400000,165.15580730255874,292.5188778173506,512
96405000,154.19892957857903,249.204097606702,512
96410000,195.61684473107326,266.7596442645459,512
96415000,185.5353216351863,265.3439810031323,512
96420000,185.75400579483292,312.1969374551396,512
96425000,187.35508151630387,396.43194011650877,512
96430000,190.33392802785892,294.12060162434625,512
96435000,180.30006843091974,255.33702584423574,512
96440000,167.46443867748852,260.61121642351674,512
96445000,201.2738718289649,337.35067199423224,512
96450000,193.72138435313357,321.4446822060071,512
96455000,206.08224924024847,299.5746304878121,512
96460000,170.83295450233024,322.49214334177645,512
96465000,175.8783948437244,380.77649228440487,512
96470000,198.79547400153803,270.2461960013758,512
96475000,186.25955496450788,325.5273543075639,512
96480000,155.7558725019345,294.92387276266743,512
96485000,197.44459480049397,317.31719062177484,512
96490000,148.93074881185612,237.9191476805044,512
96495000,159.92943057586217,353.71128156401284,512
96500000,159.66674521967602,341.7628136485836,512
96505000,160.07739362662753,299.3239938721456,512
96510000,182.24700460681214,362.51071947780787,512
96515000,178.57020002793308,243.58019184662933,512
96520000,185.57786711952966,274.1867338963466,512
96525000,196.1100905094797,367.71659152228153,512
96530000,182.73162781505326,271.0493236933527,512
96535000,176.38048962565617,270.03957340986506,512
96540000,183.5352470761876,381.61790948771994,512
96545000,197.89242759694037,255.14516542867634,512
96550000,162.9891679841057,290.4179228678461,512
96555000,204.06120858400993,280.34416912886803,512
96560000,204.9728754572803,315.5413021340668,512
96565000,238.75202516014244,317.75970791473117,512
96570000,184.21085260803733,325.6942683374464,512
96575000,168.0577327395525,275.2963550959887,512
96580000,169.75181322051532,249.44213608596638,512
96585000,161.8984147533382,341.49681369945495,512
96590000,174.84795150609565,354.42685652916913,512
96595000,172.49664182847204,258.4535038776934,512
96600000,168.03074815851767,222.12773343660754,512
96605000,160.0718958303462,305.55077899638854,512
96610000,163.85523117966426,314.72212938484296,512
96615000,160.11068232631456,203.42803172326998,512
96620000,212.8766394466032,282.209731129115,512
96625000,164.38659826655842,262.6372924713983,512
96630000,200.68038841142476,302.9784297331708,512
96635000,150.11302755268792,267.82175242580115,512
96640000,195.51178094497845,318.5242882748368,512
96645000,178.93659155910788,323.4036074427927,512
96650000,152.84538174782645,320.87535906467076,512
96655000,154.14338119029617,275.6272975030302,512
96660000,194.65704756378835,293.2207467147698,512
96665000,208.6711336809969,300.3497407411667,512
96670000,188.28430798372835,278.37228125424645,512
96675000,209.10375755661457,314.78344415346,512
96680000,185.57860640160015,314.88395801930693,512
96685000,191.68553943112823,249.42708382773478,512
96690000,191.35692967798232,297.79274214181777,512
96695000,210.32644758317554,329.63445564637124,512
96700000,191.35032147791978,270.19661010334687,512
96705000,174.99313211048946,288.70798550065575,512
96710000,262.3943819383233,299.49440616714276,512
96715000,190.79249086722112,289.100679208081,512
96720000,160.8223309231506,257.1156728782838,512
96725000,157.45723658556588,311.67226065087107,512
96730000,200.5510728529116,327.87821451563434,512
96735000,171.3096639556136,247.84071849544895,512
96740000,175.13230067078382,343.308167317469,512
96745000,174.87541731720248,273.0118925480132,512
96750000,167.5396953493488,343.7038688428733,512
96755000,177.62034122438476,279.04974439789896,512
96760000,217.68169495711044,450.32986932986563,512
96765000,166.00827727062267,253.11715612413687,512
96770000,154.18596248779434,308.07336371770725,512
96775000,187.15981599488637,230.3085416910061,513
96780000,201.51266624696163,302.86815922841794,513
96785000,165.4763610434177,267.636371100161,513
96790000,186.69374965800668,264.49092761471076,513
96795000,160.65694620856596,230.44570344321735,513
96800000,178.53198197977693,286.09265171705476,513
96805000,171.3599055703144,361.943536162824,513
96810000,179.75547103057204,368.00611695537594,513
96815000,175.76200444600042,246.6193279420609,513
96820000,172.91973182682233,352.4542834374611,513
96825000,158.28492575225673,261.66362390745917,513
96830000,213.43525770218974,272.08592781711263,513
96835000,173.18011925673161,300.59861472739317,513
96840000,183.2841230815658,291.7805668375955,513
96845000,188.60724591874902,241.40421871411357,513
96850000,215.15830961924306,279.5059263813655,513
96855000,184.8286053360481,247.3808615862156,513
96860000,197.73968549282938,299.3549986073133,513
96865000,189.2858801802621,307.2127639332714,513
96870000,213.81552169075056,312.90022460848814,513
96875000,186.407321142273,329.1612525003333,513
96880000,150.80363824279814,242.816502862759,513
96885000,174.81287392562476,259.7018691507969,513
96890000,163.60123575638897,314.2347130477077,513
96895000,174.5633049357104,324.10796787341417,513
96900000,221.6787384172654,284.4587347856504,513
96905000,169.9258640074536,286.2220771972711,513
96910000,223.83092890135896,351.5224411865909,513
96915000,209.2214712158833,338.00705800059,513
96920000,185.8799120407019,269.27008515524096,513
96925000,213.88590174498034,271.30788807363245,513
96930000,199.20538845031737,339.65456687628836,513
96935000,194.86221798103617,326.1147051723515,513
96940000,157.9103414245325,275.20936563235364,513
96945000,195.2344371160675,269.208727247593,513
96950000,193.16028297457004,268.80990661700923,513
96955000,156.75099249067523,288.36461590087697,513
96960000,147.45854812259327,230.1511776416879,513
96965000,173.39724280460155,329.1541949127714,513
96970000,165.08447134759496,287.7326011095656,513
96975000,182.97408199950027,354.35574241680274,513
96980000,166.77487451547955,275.2631960703259,513
96985000,168.10305117445486,305.85958258563534,513
96990000,225.16490927774075,300.15329900726636,513
96995000,172.3683786375984,223.6659953264049,513
97000000,164.8640968079479,278.9515460663551,513
97005000,197.4155907956984,315.4674966731519,513
97010000,174.1568119125165,275.97534372015554,513
97015000,163.5850046353313,260.6224209792119,513
97020000,212.46149294877782,307.8335444587216,513
97025000,146.6227570788002,295.8341776145605,513
97030000,155.93454369976763,279.5623603521685,513
97035000,141.48556371071396,253.92285304203165,513
97040000,192.46833655770394,355.87646197172666,513
97045000,220.69494269983005,312.0221925263999,513
97050000,136.19249953016794,290.0693946178147,513
97055000,156.9832246760905,232.09999052365973,513
97060000,198.65158483907803,426.3111677467099,513
97065000,198.54829364127806,261.12217620859514,513
97070000,211.51570929686721,338.9768715569509,513
97075000,169.53328444842606,294.4938087451756,513
97080000,140.8299937451354,242.46825410393512,513
97085000,148.82930258082948,276.0873730628414,513
97090000,164.00269574999808,357.15301167925134,513
97095000,187.06232698297268,279.3486473234526,513
97100000,146.2382847711346,217.4421661513317,513
97105000,166.52603959702262,309.8271139872285,513
97110000,153.9845991191563,247.5878857243439,513
97115000,179.30399085276468,320.68524931652627,513
97120000,158.14668555354604,227.41535378898945,513
97125000,187.00759621260994,314.5868661990088,513
97130000,192.63163913899214,305.8528196753284,513
97135000,167.83737181246454,314.70146522548004,513
97140000,186.90485730899792,249.575149758121,513
97145000,160.84766276907308,303.3768878386487,513
97150000,154.91357373044886,354.55391339962813,513
97155000,191.46491828771863,327.9982398254744,513
97160000,169.82952177577454,317.3557961804081,513
97165000,174.68496430485192,296.45991943834645,513
97170000,189.1502141456203,303.90946465906717,513
97175000,180.8690404248779,303.7020837468787,513
97180000,185.65177899873555,293.8586672695331,513
97185000,193.521975348066,253.24008335755994,513
97190000,170.13586731380232,272.1160789400449,513
97195000,147.27862297916468,368.7919248064725,513
97200000,200.4134023941515,347.98506967082494,513
97205000,187.94725014398375,262.4800200892958,513
97210000,162.93496475680638,438.11415142537516,513
97215000,212.08539597927296,385.038575736391,513
97220000,211.08083523884213,324.0037816083721,513
97225000,186.51649048897826,326.94980273715146,513
97230000,194.0895744018258,310.7721021866922,513
97235000,192.41901426919696,298.6706109201506,513
97240000,192.10375209102193,295.09975706560095,513
97245000,144.26579961144736,277.3182572465785,513
97250000,166.3738323720409,315.6360911229497,513
97255000,181.85830227276725,298.43219820144674,513
97260000,163.84203146620453,261.44925718097693,513
97265000,201.99720262739422,331.149708215582,513
97270000,193.32689846441195,252.60028915723254,513
97275000,161.0243080133716,312.0484327219657,513
97280000,158.25231573795924,277.50918578631354,513
97285000,203.68365813842928,318.86811217162705,513
97290000,192.51990106585467,302.26615789272785,513
97295000,215.19936434103488,266.98511250927663,513
97300000,173.05427252413128,346.3205106764342,513
97305000,172.38969966930372,259.7687442162794,513
97310000,164.22932072560369,258.71058381791374,513
97315000,166.2638282448196,302.72430181611475,513
97320000,155.38585812182836,372.46507279168713,513
97325000,160.41268068569576,321.4972994135826,513
97330000,134.42558567516087,259.0097324924084,513
97335000,173.70662065872423,302.6306817569804,513
97340000,183.86936761803102,264.59413667965646,513
97345000,150.4500884498506,289.41097633829884,513
97350000,206.59357451022265,409.5522703033685,513
97355000,150.67573358334232,280.9864022562819,513
97360000,165.32978253341014,286.40289060299455,513
97365000,187.20183470698856,303.57557045849524,514
97370000,185.96609638787032,302.0916304426641,514
97375000,167.92206058775196,259.5918063560313,514
97380000,185.61740087538044,328.58653065635417,514
97385000,171.40890764245458,337.2181651254053,514
97390000,161.2434748441688,333.9792975659301,514
97395000,171.8906240569606,367.95765282882735,514
97400000,165.4751561180348,357.69540781060795,514
97405000,164.16731489047265,315.5751051100229,514
97410000,175.57655565543683,296.6594754379182,514
97415000,176.42006744490584,283.2795584330252,514
97420000,189.2853486850829,321.0692823171236,514
97425000,177.21483280347906,258.55827329958095,514
97430000,137.91052262905785,260.5504909846085,514
97435000,182.44345217327432,362.7688459181272,514
97440000,126.14806687805711,277.56852028580823,514
97445000,164.38404299162252,287.5715329258203,514
97450000,163.18952749741592,255.7517366968689,514
97455000,235.8065224077157,341.99584047041094,514
97460000,169.8141070203284,320.9430099867249,514
97465000,147.23788591172053,295.18395137153635,514
97470000,159.508209402914,300.83619613992124,514
97475000,170.6662636440718,300.20704435375035,514
97480000,175.5217371878001,282.160895330814,514
97485000,190.805431560077,289.0499400617416,514
97490000,183.78539634532572,254.8117490110171,514
97495000,156.30162291029905,277.36042009518997,514
97500000,142.407941642463,298.1109074827109,514
97505000,197.19379617021153,353.4067891486366,514
97510000,166.53969036540803,356.52125761573643,514
97515000,184.56455487249394,266.20661151403175,514
97520000,160.8461679174812,320.07331625089876,514
97525000,192.07036002963898,322.9933331545908,514
97530000,186.01479761086813,280.451368030181,514
97535000,190.72456361079009,298.85488044775957,514
97540000,197.67702333341668,358.3531617389111,514
97545000,153.4102057329465,343.9044104166019,514
97550000,138.96693475179922,298.52414293986544,514
97555000,179.580248890956,293.29183302134726,514
97560000,145.9474489746635,292.29782112467126,514
97565000,217.9994683103663,381.8616056204659,514
97570000,187.96536512059419,267.6448960252638,514
97575000,213.8603603109414,263.93850576451786,514
97580000,147.63511577076446,287.3545960919019,514
97585000,157.8426829396796,307.64292936267435,514
97590000,172.45364128981328,289.909992973835,514
97595000,185.70700430492474,368.68022003443303,514
97600000,209.26275152338226,353.8573829412409,514
97605000,190.91903041387616,333.15506361366363,514
97610000,190.1782666539679,375.83283914092436,514
97615000,152.9262164691049,311.16041056557196,514
97620000,175.30560621209924,290.6130202004053,514
97625000,172.00096064506965,327.4037910549216,514
97630000,192.1988570721154,335.5650297482584,514
97635000,174.1451606101084,354.3659023047324,514
97640000,176.76895845180786,240.75397765989155,514
97645000,206.92288933171625,239.40848072818906,514
97650000,172.42972231937622,278.5315086736733,514
97655000,206.2722341698179,350.6690488208794,514
97660000,177.91220771421115,302.4819126667227,514
97665000,178.3968826357621,306.52924870598633,514
97670000,175.8002199792676,243.48167915059898,514
97675000,198.69853350114457,294.2982931953433,514
97680000,170.16785303091766,241.01839550041115,514
97685000,188.06679355449666,301.9088797038159,514
97690000,201.89803795187933,335.96959882449477,514
97695000,193.079269357341,316.2474818514806,514
97700000,195.60766659278363,303.07768124380976,514
97705000,162.64740069315377,315.67061972649987,514
97710000,155.55196669092567,326.2607465184881,514
97715000,196.7385944324024,282.48433743194005,514
97720000,183.60138242313263,287.4773109477996,514
97725000,196.9979403861162,295.3274132807365,514
97730000,156.1462621948233,253.0808842740364,514
97735000,174.8137663730965,243.50687582669937,514
97740000,168.75149492451325,294.29849849163577,514
97745000,162.5075269978683,286.0596939714915,514
97750000,185.89241351028542,301.5715204339152,514
97755000,148.56262988843005,313.79470914840823,514
97760000,147.1574658422529,339.484028160419,514
97765000,160.1179402770879,253.83650737171394,514
97770000,182.79363662633565,339.1540304818206,514
97775000,160.36398275720202,333.54908504337067,514
97780000,180.4073319075756,272.65831023484606,514
97785000,190.04691404498982,258.64458703090025,514
97790000,176.53398870017952,327.3136603854498,514
97795000,181.07762818216523,310.94869866959294,514
97800000,219.0048090655691,307.57981589081317,514
97805000,182.6469023805748,286.7936790378481,514
97810000,193.40455463651833,236.32642382752684,514
97815000,159.61800091423268,278.82488507980594,514
97820000,209.05560989309637,273.70968759753026,514
97825000,131.6632456953754,302.58078293022777,514
97830000,159.77766003541575,309.5432176156253,514
97835000,162.33553561044948,262.60695519845103,514
97840000,148.09096649217463,310.4574231547943,514
97845000,172.74461099120515,303.3371315943119,514
97850000,179.42509634795636,280.63089990945787,514
97855000,198.6789386449782,367.05559787527625,514
97860000,157.58688353750873,285.22749226609733,514
97865000,204.10788181835832,388.3637274464028,514
97870000,128.75518668379468,252.57993210990793,514
97875000,131.88394213597664,307.63502168567453,514
97880000,201.2480279878678,242.49820051467955,514
97885000,146.1318177123861,314.05388570005135,514
97890000,197.42561470746938,295.8437474392048,514
97895000,216.54701105319532,253.91119393918348,514
97900000,194.81420758689615,297.8108379333535,514
97905000,200.5769012893348,275.16870424142326,514
97910000,196.94786799421408,327.080060213112,514
97915000,191.49439033440183,284.5208310169172,514
97920000,153.23944546157637,282.124173629826,514
97925000,196.2909736040973,287.50016010957984,514
97930000,183.3995818265215,266.3005174299914,514
97935000,187.9063548140113,292.4493134446169,514
97940000,203.1826745033083,260.7452642754128,514
97945000,160.6205110209083,267.68261787984846,514
97950000,168.4688449457568,324.69257212659,514
97955000,169.4751386503576,289.6111006453152,514
97960000,148.85608849957148,360.1318764284353,514
97965000,163.2378967251347,284.29149250945136,515
97970000,145.55467707462228,274.75679734215686,515
97975000,157.3258235630921,305.6987480434934,515
97980000,164.42426592232925,304.0960978539132,515
97985000,201.79550849039347,223.72864921430252,515
97990000,157.93378335446565,330.1697519513032,515
97995000,191.60912832907403,331.75932316658026,515
98000000,162.52641219735278,306.39508314429037,515
98005000,172.6311457586904,267.3800693340605,515
98010000,167.64446902646597,352.48696836761087,515
98015000,196.4939670723482,297.58733048286706,515
98020000,176.26673580350774,311.2833880175719,515
98025000,172.3684687077899,292.1948179268111,515
98030000,186.21268086397453,296.5816943588205,515
98035000,186.54799660121967,342.2123406251472,515
98040000,177.325305895906,260.85252755390434,515
98045000,162.70882061613838,289.45062813989097,515
98050000,175.22421911034456,288.87896214908096,515
98055000,153.39361637301315,233.99112299607745,515
98060000,174.79545684307388,311.05491858855135,515
98065000,153.1572289882581,310.9193118451602,515
98070000,156.76605875537805,257.17310393000605,515
98075000,149.7849491579887,358.0490129032377,515
98080000,145.05078799983332,222.51442486109443,515
98085000,183.57845477889944,311.46599684961865,515
98090000,196.241492698268,300.9934711758925,515
98095000,147.21135077217556,315.44472983183186,515
98100000,193.56255747868298,352.66920502296233,515
98105000,193.60910672431447,324.3105120645955,515
98110000,214.05304112613769,370.1716010939546,515
98115000,206.26618013162582,284.43784369148653,515
98120000,200.9297954531955,313.0560043277792,515
98125000,207.5045295962307,270.93859604051283,515
98130000,221.53886853460153,274.5720012467944,515
98135000,161.3180869625776,324.6453857438701,515
98140000,173.49196499960718,272.0442639289226,515
98145000,174.8475362815046,276.43564355982704,515
98150000,163.1707931430043,319.6103264994029,515
98155000,165.78603410257244,282.7670320093895,515
98160000,182.49336657530452,292.09073986999454,515
98165000,166.68997890610441,292.06884541211434,515
98170000,165.44630370952953,238.44513675892054,515
98175000,153.72695989542075,315.5222551895286,515
98180000,179.62507129183297,271.3217072713249,515
98185000,184.69977619929858,313.9148240710886,515
98190000,193.2651360118649,408.8424551245648,515
98195000,167.56689740070604,356.79014065997524,515
98200000,207.26305188317332,307.4893384168645,515
98205000,139.57614763486305,351.85834963985866,515
98210000,192.76634045039958,277.6936822121262,515
98215000,152.5323838260594,341.73639619684286,515
98220000,161.89695697120445,302.2514013476976,515
98225000,171.50146067287025,272.77327815648056,515
98230000,138.7298990479634,257.8698952270104,515
98235000,192.0874867720742,284.30224324987813,515
98240000,205.72790496889132,284.51308659913917,515
98245000,167.10051854595534,300.64618952860064,515
98250000,155.29640117702507,308.39198987086405,515
98255000,169.62394188474659,339.3661064640904,515
98260000,196.82284474740064,362.2621039466783,515
98265000,175.6259565928787,287.110363749652,515
98270000,160.40345828030067,343.91765235833935,515
98275000,161.3475630049071,297.5727285540532,515
98280000,217.42594903439732,360.50774605659524,515
98285000,163.11598614951453,262.9699961679428,515
98290000,165.4474231951641,349.6563140548653,515
98295000,156.54277178363606,299.65194896236585,515
98300000,186.16834171658581,324.49855589378114,515
98305000,126.66302978174151,344.6897876181408,515
98310000,203.88782125495484,336.56335173469296,515
98315000,187.59324330408424,289.01129106964027,515
98320000,166.86633309360766,312.95154980103496,515
98325000,203.92829744379998,286.5081086253036,515
98330000,170.18237047029038,302.23963753563316,515
98335000,188.93296753173541,255.6482936560906,515
98340000,191.51709585026347,309.0422511513122,515
98345000,170.31533409085924,332.9115713233698,515
98350000,181.80854758222458,341.6290915914443,515
98355000,211.72555522628375,319.34164169107834,515
98360000,160.88801445065758,303.29514604534853,515
98365000,185.66510005102168,341.4264078536115,515
98370000,160.12645936782937,276.3466217745897,515
98375000,169.99566065728882,282.8514190616317,515
98380000,216.13713885359095,374.0138193945244,515
98385000,184.4967853709522,326.89802353884335,515
98390000,179.76300151829793,294.2334425540378,515
98395000,189.14360637618367,289.8679907204393,515
98400000,187.2097252156353,320.57505981344144,515
98405000,188.16062286039397,283.6201819916455,515
98410000,158.63835759720718,285.41104268404524,515
98415000,196.75065274077602,304.333052784266,515
98420000,168.28106646483437,290.3891026042736,515
98425000,204.60439777948005,281.23950603640156,515
98430000,186.518016760423,317.4260758652427,515
98435000,174.8764527227839,309.3916733757324,515
98440000,206.06140524899197,226.51211991530462,515
98445000,164.53756266272754,333.99648482758136,515
98450000,209.94740046900682,288.2931036666011,515
98455000,126.24391315835888,283.7314764633434,515
98460000,171.4908880115573,304.2402155377952,515
98465000,154.91866723345382,277.4012296457844,515
98470000,153.50690815239648,273.32358105355036,515
98475000,174.39018974599074,259.4812597703412,515
98480000,180.10374348508876,257.3708455352099,515
98485000,175.68419476186907,339.4780253621408,515
98490000,160.2905803696665,292.9399285567782,515
98495000,182.02392031318885,270.59883940023064,515
98500000,199.03397044682438,314.23232267141145,515
98505000,157.7423998109846,275.8794275613001,515
98510000,204.3408047908116,306.18179913473585,515
98515000,198.74728821117705,335.24245837788055,515
98520000,158.75970373084675,300.9267491240365,515
98525000,195.26532890238894,307.67571195528353,515
98530000,142.56190213303657,282.24334747176067,515
98535000,185.00087830690134,348.2489790014758,515
98540000,168.66063970502236,391.5735160436356,515
98545000,168.94602819045733,330.85632384001127,515
98550000,165.43673320887152,351.54633099951343,515
98555000,237.59407302949367,302.61564305813494,515
98560000,166.9193323794424,274.33623312319867,515
98565000,160.06692309757935,314.961893997351,516
98570000,154.9291476823615,314.3282703225789,516
98575000,166.47153734252583,286.3314866114221,516
98580000,186.89302148998294,262.9693432836335,516
98585000,174.47859884742067,288.9030899355737,516
98590000,152.392781993491,355.0537325417979,516
98595000,202.74770951956643,292.7820173970263,516
98600000,186.05630802017663,259.082983643185,516
98605000,168.4621296974615,297.3872412228347,516
98610000,172.8780888480282,337.8017605307702,516
98615000,194.19051463089409,359.07177902079763,516
98620000,183.7794121257094,283.38225471667016,516
98625000,164.04149955946502,312.35026461039183,516
98630000,186.1138630628434,274.02126608907145,516
98635000,174.96277740499,280.70536230467764,516
98640000,168.01350791762644,335.58480307354546,516
98645000,212.93520924957886,343.1223833134072,516
98650000,178.53653494064784,418.9071713093961,516
98655000,157.42420793881143,236.16590043815918,516
98660000,147.94737439080887,279.9521203111281,516
98665000,205.1612987026354,345.43412459916686,516
98670000,179.2273046051113,257.4607111691463,516
98675000,150.26690660867956,336.6930497535864,516
98680000,168.0304414428033,292.81599800678515,516
98685000,193.50055793291062,304.73508595192516,516
98690000,188.87470228409055,294.0690185905843,516
98695000,146.42749446350024,296.49747913652743,516
98700000,130.26519491502592,300.0448841672509,516
98705000,179.085372818501,293.1729570222067,516
98710000,168.0385595455483,284.20474602790637,516
98715000,182.3784590711904,286.7280103960325,516
98720000,182.47487201566875,372.96508400804134,516
98725000,188.9869027892757,279.49902892611726,516
98730000,183.1880035881459,335.54936280539715,516
98735000,194.94520123741526,291.8410985804558,516
98740000,148.56554365924438,311.59512664765873,516
98745000,134.95958040052622,267.38767873205575,516
98750000,182.06611815695197,274.83970333031374,516
98755000,159.47378008643838,314.4532598495065,516
98760000,173.866045889917,305.9623913956115,516
98765000,161.69148601782683,272.90830349231464,516
98770000,205.33061429270705,267.91877133431876,516
98775000,150.4668741805171,294.93016680834404,516
98780000,199.31130827995997,246.414098369065,516
98785000,187.17657632679595,270.47620801070383,516
98790000,195.06470963131704,327.8620444714883,516
98795000,203.22313263634086,371.6305385528896,516
98800000,148.8407057301257,303.9818284125274,516
98805000,160.58542247641833,279.7757151742561,516
98810000,177.6566517112018,334.38985355025306,516
98815000,184.0099061777089,251.07777046014905,516
98820000,194.0004486868611,304.11129441331747,516
98825000,196.770986355667,282.6520583091323,516
98830000,185.44870262933514,313.7537975030281,516
98835000,151.37828244066503,355.96080740253154,516
98840000,157.95031914481473,302.24182826066743,516
98845000,133.81615842282514,271.488649004161,516
98850000,184.80758977067046,314.191685970659,516
98855000,165.235905472391,312.8142313947014,516
98860000,159.56488189069034,376.3667886662526,516
98865000,166.32606775778427,301.0481893361593,516
98870000,166.26803143110183,315.9901418862071,516
98875000,156.1208622231611,244.3726551392045,516
98880000,169.93397661749117,275.133121667686,516
98885000,157.8325026719841,341.0748819353631,516
98890000,172.01516823111265,335.07811123508276,516
98895000,159.97448209486248,250.34699049052517,516
98900000,186.54759700418043,272.2730358794031,516
98905000,174.45896573927251,285.0253115213811,516
98910000,181.79137601435565,328.65761705216124,516
98915000,163.27242645274856,330.5821450580612,516
98920000,190.37215337197253,302.52111599689385,516
98925000,165.19405261307108,346.124748432763,516
98930000,165.5114512462122,381.5258862930398,516
98935000,170.2855855333125,340.7013586077428,516
98940000,168.89054798291826,308.26284188609844,516
98945000,199.79463800034173,296.63533599412165,516
98950000,161.00262605790522,290.06777527106874,516
98955000,168.81993385189062,356.58494805569757,516
98960000,268.41801259433436,343.83034112561825,516
98965000,150.71805430940603,267.22150807758857,516
98970000,194.8373358810301,304.1372991680948,516
98975000,168.17829083691817,262.32120878504054,516
98980000,166.04392039423672,278.13174128418865,516
98985000,165.79709533710238,344.16593456415916,516
98990000,176.65886730913954,288.0460197260464,516
98995000,155.44644613880496,273.2198053091691,516
99000000,152.22284156991452,317.55071778536234,516
99005000,140.9418391354167,319.53380798546453,516
99010000,190.66270298760648,320.1998743261256,516
99015000,184.151801700414,311.5243301960868,516
99020000,173.58895898724134,269.8000207863679,516
99025000,167.30065686542906,366.0905084045252,516
99030000,166.77014758187417,337.2586953075511,516
99035000,163.30198225378018,311.9977428591503,516
99040000,158.30171625864492,322.61335762023464,516
99045000,178.0277628721567,312.8369231464417,516
99050000,192.98523348001513,304.323106109091,516
99055000,151.33331086389694,285.47895189182947,516
99060000,123.96044727579435,309.0738036373124,516
99065000,202.80294024754104,287.21370896244156,516
99070000,180.79792548973234,327.23941090221035,516
99075000,197.42535618605928,299.22180010694444,516
99080000,161.13656286019074,259.61499675903275,516
99085000,195.71607678190742,300.09471117573815,516
99090000,171.3043391799816,330.88117179599277,516
99095000,140.5397581515179,289.54133270237634,516
99100000,167.15380632969035,278.11648982342547,516
99105000,165.51811271984735,246.35213986707083,516
99110000,164.00484627933477,309.29840017059473,516
99115000,156.52738111327284,211.28255844244802,516
99120000,126.57364337219835,261.9934873851061,516
99125000,181.06499954729003,312.329906083575,516
99130000,198.24801647740097,289.0192842016328,516
99135000,177.8792648224799,285.41895901600975,516
99140000,156.7236156494463,307.2691080592393,516
99145000,137.7086514427298,298.19861314781633,516
99150000,171.9478833908033,264.113300705763,516
99155000,163.35896919658472,352.38222202619903,516
99160000,158.0548658820209,332.7364745374579,516
99165000,151.71777499198313,324.8319651154172,516
99170000,163.73153764945644,297.53615102408236,516
99175000,178.79282204145244,324.8873374302533,516
99180000,169.78092330703782,281.18747854157795,517
99185000,211.96543265464487,245.19492841332385,517
99190000,185.088992107544,289.7944754367995,517
99195000,191.8678562025492,243.40722343983407,517
99200000,202.1252644772046,338.25721601332015,517
99205000,208.44521307323902,273.54773333186165,517
99210000,191.8468181371733,313.916999679616,517
99215000,169.6736051367611,277.97612265027533,517
99220000,162.80388050877158,273.14712590626056,517
99225000,148.6639652558576,282.00565534031716,517
99230000,205.22354879983345,286.8387927114281,517
99235000,179.4448512210263,340.92606776732526,517
99240000,195.3834453825861,285.47976592584985,517
99245000,156.47243747327022,330.4953169787201,517
99250000,194.77475835512112,363.1006542034661,517
99255000,190.4548932754908,282.69618303961033,517
99260000,138.61229498913175,323.5679788304149,517
99265000,171.1036642765244,260.8150935096155,517
99270000,148.0818640027911,276.21593662445275,517
99275000,201.12807832018714,365.69317412060934,517
99280000,179.26049131264335,372.1675874791658,517
99285000,159.78415229141754,325.0258350602656,517
99290000,167.63478330138975,296.0626216077403,517
99295000,155.83980804259645,222.18758584760604,517
99300000,164.73358464092294,329.9343750542202,517
99305000,173.1792632788225,313.97188080332774,517
99310000,168.54856788963653,319.2179120996147,517
99315000,186.67931111928473,286.72396943270337,517
99320000,151.2678478826174,277.2763311937829,517
99325000,200.1308846933249,289.59575855372344,517
99330000,185.5571574836467,333.85221580463815,517
99335000,200.25335982643526,328.8294263327282,517
99340000,176.180866217854,303.6781081485751,517
99345000,160.3799694534188,274.4443146568661,517
99350000,227.65995702718524,271.3859232558358,517
99355000,148.50925742211948,308.46686806677985,517
99360000,198.64964203806795,358.78129954900453,517
99365000,172.59805141405684,229.2926779307891,517
99370000,156.6149442967931,202.2158907150387,517
99375000,177.94793368161928,316.83358915423685,517
99380000,141.871230110472,292.39207778522217,517
99385000,183.40307896810182,330.3875489957716,517
99390000,173.16091571136607,333.71184297756736,517
99395000,172.46162267083793,322.7171682030961,517
99400000,161.04042855539285,261.45314748822113,517
99405000,158.43402478871818,304.47237336607697,517
99410000,169.62003786903546,298.312622735263,517
99415000,185.83621816398505,336.12898058977623,517
99420000,144.96614945122937,312.434743002471,517
99425000,175.94084851154386,315.23697610967474,517
99430000,134.9427672651058,246.88561479575716,517
99435000,183.83727764446735,307.5652185650126,517
99440000,160.6571170337544,324.4829828188358,517
99445000,178.5599059089038,278.6116922271639,517
99450000,171.858282474387,283.7587662239074,517
99455000,141.38880711218607,352.0557983845823,517
99460000,158.2471314682463,284.39776309531885,517
99465000,165.9235554943126,279.97998284742687,517
99470000,177.59168121778112,353.6026256441622,517
99475000,172.8766771420901,305.4109517630705,517
99480000,148.54672737774334,366.8448791731924,517
99485000,181.57330829765897,244.69286565862726,517
99490000,154.55584282295135,252.72263830613616,517
99495000,154.50989694299554,354.44964308919384,517
99500000,151.35852801225897,263.09264173019864,517
99505000,168.83656284706638,314.1313820153884,517
99510000,149.83551062262129,293.5406319071444,517
99515000,159.05940210267127,233.18457346627346,517
99520000,188.40669135481767,276.6326610185091,517
99525000,145.0583316562713,283.796191880328,517
99530000,143.59969072114185,342.48976560252873,517
99535000,157.96086232427095,265.58946762295903,517
99540000,210.8511282683389,267.9345408320135,517
99545000,168.40004907121534,335.15727329888176,517
99550000,171.28403440515228,308.1552064028476,517
99555000,175.78745593764944,330.63734674108446,517
99560000,186.92711754488957,349.63945458012387,517
99565000,142.25225461437824,311.0080679208935,517
99570000,163.55453742340384,300.4819871997158,517
99575000,187.40146460160832,317.1488074611864,517
99580000,183.3358312525477,366.49100346572305,517
99585000,166.87516449439295,278.355656237129,517
99590000,163.23779152722614,281.7439466968433,517
99595000,180.30948889873804,288.6528982448068,517
99600000,194.40435131189332,328.7041175493984,517
99605000,187.41395363227727,282.0458004867666,517
99610000,182.9882270275205,276.5468347551305,517
99615000,191.09354875983584,332.65825801685224,517
99620000,188.46769577176877,265.35225858295826,517
99625000,164.27840036305463,252.09973152528053,517
99630000,199.0574198179433,304.359932740089,517
99635000,183.14619323732046,340.81846396195516,517
99640000,177.41390441468258,298.0429706382295,517
99645000,176.9450087135824,305.55776695267826,517
99650000,198.28506053601333,334.35681744898204,517
99655000,216.00576239160003,339.5724609724585,517
99660000,142.65984405074278,277.8599548418604,517
99665000,182.38038728579383,346.01297338263066,517
99670000,157.19072606840595,300.76474817779393,517
99675000,182.3721569084829,372.71066177408625,517
99680000,194.9120140148785,332.7922064185882,517
99685000,138.427708695308,240.3824958423607,517
99690000,201.3442952236657,289.27235969427363,517
99695000,135.95589824191632,303.0677128085828,517
99700000,150.08496421114825,305.9795564884155,517
99705000,131.12488042878135,283.4326382738998,517
99710000,162.99754793289833,289.90445095680565,517
99715000,209.043306266536,333.5550654344876,517
99720000,176.60969172622026,326.6311947521941,517
99725000,191.75071373924786,317.0455213221391,517
99730000,191.9163691560482,275.94014922653014,517
99735000,143.7094832073976,250.4933116106895,517
99740000,161.5779721757163,312.6465551556495,517
99745000,198.01399655509718,287.8548544967489,517
99750000,189.6363576944121,264.24831600232847,517
99755000,167.62793261264733,312.8769609601348,517
99760000,184.71816866159082,302.84067084624326,517
99765000,169.35843644402783,329.79228776068686,517
99770000,257.63637712759777,249.98905386914964,517
99775000,181.14716233594046,308.5430921619263,517
99780000,151.59829592928838,312.5438729084274,517
99785000,163.5474647743834,287.87275267500513,517
99790000,142.88759357851652,346.87437089313556,517
99795000,236.76025433107557,387.7257022094031,518
99800000,179.95986183763847,309.9621263954674,518
99805000,180.82939693788873,320.49305616133074,518
99810000,166.52788681455488,283.4052720528231,518
99815000,158.51691037499552,285.3989246896121,518
99820000,171.65946901306665,299.96892970301553,518
99825000,164.64495069395463,343.2653847597897,518
99830000,177.92069320845914,312.4941035396007,518
99835000,189.73391323649952,299.0320913772345,518
99840000,176.57526780603746,313.85829210310527,518
99845000,191.55036660837172,279.7461501628192,518
99850000,185.76667921649363,287.3281148986437,518
99855000,173.02983575275803,373.50333018779855,518
99860000,193.7492654868423,258.4275769570426,518
99865000,181.45110652164726,304.9091694362443,518
99870000,147.50492717407022,268.2869981424654,518
99875000,162.5648828432443,393.9506327035083,518
99880000,211.94721258945503,349.68562034782934,518
99885000,178.8147699450327,315.02250677264607,518
99890000,163.41878939001847,295.13135096324913,518
99895000,141.2303108929531,293.9579598453595,518
99900000,153.34352620931543,335.7726767869495,518
99905000,170.24163731174826,317.1060392529538,518
99910000,197.82898393539327,266.50669848528065,518
99915000,185.5283575158778,277.9603233165524,518
99920000,163.51297504499502,327.86736288477476,518
99925000,172.02356233632688,299.94981166287425,518
99930000,151.72996725058343,294.06845216493815,518
99935000,178.77554118788186,259.97785446719587,518
99940000,149.1386467068325,281.8672714031921,518
99945000,198.3292860626738,323.3819569614267,518
99950000,156.7294348891957,225.40042980934723,518
99955000,176.34741167495304,277.93248222120036,518
99960000,183.5009573166055,242.8695455081153,518
99965000,165.16353686637572,293.8568582198416,518
99970000,173.07651298735306,228.31708874780125,518
99975000,189.81531481110713,336.9715149652355,518
99980000,190.3284928281787,318.73191099208486,518
99985000,178.80062287074657,338.8729399699525,518
99990000,155.7808774572094,340.2967551954467,518
99995000,155.38236489779618,267.50216334450954,518
100000000,219.92541794328048,302.81459756232664,518
