#"Step","Potential Energy (kJ/mole)","Temperature (K)","Speed (ns/day)"
5000,173.0235035430112,336.16763587054993,0
10000,196.77891961925462,288.0501644677554,704
15000,192.6413842511339,293.34397773793086,711
20000,183.4018142278387,351.9473612442092,716
25000,235.41427649743284,282.08899662014204,714
30000,186.31102633005898,237.9009902448562,714
35000,193.61191340807568,265.5346833492325,722
40000,185.05160216024595,274.11062593210477,725
45000,149.94308310929122,270.4131194918933,726
50000,207.42519230895954,269.4701403022477,730
55000,201.0108747193637,362.7977419906584,733
60000,215.03083086425443,282.13040898057886,735
65000,212.6391649867566,337.04563721984437,737
70000,166.7400693482741,308.2425146515438,737
75000,200.03294448535019,364.4231683003413,739
80000,188.9878564632551,321.295524393239,740
85000,176.15204326701613,277.4506307162562,741
90000,216.17067217056194,299.0183155975541,740
95000,174.87485681502392,322.55074001208516,741
100000,191.96226793514595,280.3072552641215,742
105000,201.7422414220361,323.11514089761016,743
110000,185.5442284650594,317.4530523730805,742
115000,213.7749771866678,303.1130290455159,742
120000,189.6858036090697,273.6164143596398,743
125000,187.73398600751386,313.8573522726415,744
130000,206.55432214069612,291.94038647219566,744
135000,177.10046411263139,293.8367127410124,743
140000,224.8173755902534,314.10595986392474,742
145000,183.9513479141867,282.0775201115911,742
150000,195.8554956362454,252.53649631362302,743
155000,198.99447760118468,393.61034747562155,743
160000,186.244779377233,365.9574419356524,743
165000,168.167115911037,341.4655698638129,743
170000,192.9856538839529,258.8042821763284,744
175000,181.9409380871814,313.22010573744075,744
180000,193.4999657297395,320.38330660920457,744
185000,180.87104935257406,289.6905889669742,744
190000,193.90340530631786,352.68759008040445,745
195000,186.19050642762753,308.73757088856,745
200000,202.29007704121437,308.83299278428706,744
205000,190.8654787530643,243.55594740869634,745
210000,198.0783252578023,299.3383672939278,745
215000,185.43538977693208,276.10474921708413,745
220000,177.06206406275922,273.13677653546637,746
225000,191.2231110804859,273.5968351377599,745
230000,210.0390327468468,341.7875081977212,746
235000,190.87474460606768,273.1504532290876,746
240000,228.92377014502105,323.6500844201696,746
245000,190.46754872861288,235.6169934528736,746
250000,206.48737739831162,269.8923416755649,746
255000,174.43445596154558,279.802665043995,746
260000,167.1821547445536,334.03385694794827,747
265000,168.1784231048058,300.3050177647188,745
270000,208.47424099825216,308.6617144714905,746
275000,184.35624818712512,323.63986617629837,746
280000,177.36005611922673,288.85906400885756,746
285000,205.98430838383507,372.7099700738423,746
290000,180.233125123106,316.32511458263053,746
295000,195.94933794210414,272.84818577461647,746
300000,192.37300397350108,329.2417690639474,747
305000,235.36241434931068,309.9341218322946,747
310000,238.76325898748289,315.0992803573828,746
315000,166.8780167112816,243.5500993333097,746
320000,160.36451288611488,266.2454746412128,747
325000,203.1526805086833,392.998334873421,747
330000,147.2310574546593,312.8831006476365,747
335000,199.71634589398693,308.9444415908575,747
340000,224.12632184714695,263.5570076307363,747
345000,199.22580276801307,284.49325797724805,747
350000,171.33841408236384,250.41268411586037,747
355000,222.60103430978216,393.65516499264174,747
360000,185.8442881809021,333.1976005904285,747
365000,206.43920843137636,286.4368604742594,747
370000,215.8708444372711,388.81676264933236,748
375000,166.34213516641856,315.75444285399817,748
380000,171.2537333048599,262.50124869325595,747
385000,198.57000967438796,261.8281562398291,748
390000,154.1712992510905,334.07865029633734,748
395000,183.7739184025169,293.36863163669835,748
400000,168.3670951198015,283.6013138902721,748
405000,168.55647424971664,289.06365222515996,748
410000,173.77605230311949,273.85413675410035,748
415000,174.5189544177351,287.0072222862514,748
420000,172.39434209074426,319.3621501204618,748
425000,217.02236508246796,324.34032524644357,748
430000,199.98882762540285,298.07038124126797,748
435000,158.52599676855405,290.96656958152664,748
440000,211.44559413376396,256.78542149723313,749
445000,202.11488739361886,311.97913998080526,748
450000,200.95907690768908,251.8924051143417,749
455000,184.97467176789152,311.183605564579,749
460000,183.21085111974136,293.42364975938165,749
465000,217.23170280757537,364.32756602682343,749
470000,210.95613766744157,343.8390826882607,749
475000,234.5141987516859,363.78842164245,749
480000,187.2269958406994,244.14012096515384,749
485000,173.06764767222535,378.3152893833016,749
490000,168.48830351206777,269.5100981518914,749
495000,174.8044172342387,256.11778664793775,749
500000,195.27214973151183,335.1288785160837,749
505000,179.45675376359625,340.99818844627447,749
510000,172.98229013445723,351.3561638459386,749
515000,182.06560513344672,411.68795780737554,749
520000,184.6802033596146,259.2352433199181,749
525000,227.21051306039175,337.60546835504823,749
530000,204.60505822969355,310.3907059117548,749
535000,208.39165618287248,308.36722849576466,749
540000,185.78084632525403,317.83253879150897,749
545000,174.95072870399633,260.12840017074205,749
550000,198.36538157784173,381.8400157165055,750
555000,193.66738122497358,322.4804355085348,749
560000,180.74564347818998,286.99924013719743,750
565000,191.7783531603789,315.8725436398053,750
570000,188.2630888104904,273.5083186832424,750
575000,224.83830424697376,336.4980882130642,750
580000,202.0234048341572,251.01317173558678,749
585000,167.88258053819655,298.8800700471406,749
590000,193.1588780063789,249.44598586122137,749
595000,208.00678998745636,290.6365023977672,749
600000,177.24578761352703,254.5031500998925,749
605000,187.5345806658982,231.8101402756761,749
610000,249.13743165512,286.1374415773794,749
615000,141.27922810625103,342.75399481365986,749
620000,199.05855164444623,320.58373807623656,749
625000,191.64691625941504,289.1819291199415,748
630000,173.4848400245068,251.51434424443724,748
635000,166.04126666311623,285.12246015002995,747
640000,174.33401257706967,236.07714250562665,747
645000,218.559271312144,358.57768654963496,746
650000,224.2541166820975,263.9222644028732,746
655000,207.89782565549163,326.3211538202595,745
660000,215.01126001317712,285.15422810254825,745
665000,163.47165087962645,235.96578013402316,744
670000,201.87363641074091,306.9213563725279,744
675000,192.29571440431064,286.7381797924839,744
680000,188.99389882856752,295.10858625193237,744
685000,219.17218747487257,330.4317500191047,744
690000,202.9663516154589,305.1999628343174,744
695000,163.95411874943287,299.5023942441493,745
700000,158.18545260608786,300.9465680958732,745
705000,186.86867214577757,328.8127335058749,744
710000,184.21915865001188,259.4370202685862,745
715000,232.75711998644618,299.2765220792139,745
720000,171.68125393216584,264.9172854120343,745
725000,211.40758495684136,261.72539160663354,745
730000,210.45234861095472,314.6954821889348,745
735000,189.54881874035914,259.3050428440547,745
740000,201.43639442117706,271.53774795583564,745
745000,180.5287528472387,271.3404600644095,745
750000,166.401351294004,389.4170208957999,745
755000,180.19084922314107,290.75515681142554,745
760000,220.16524485018118,328.6057852082499,745
765000,182.2218837916245,324.27136667011075,745
770000,197.72774834388315,302.8979275071145,745
775000,204.85226953006514,345.27702150882044,745
780000,183.7927646058043,300.07917571495756,745
785000,162.01911049528317,314.4220564829897,745
790000,210.645198087819,342.9249374034011,745
795000,214.38098300592424,261.6223897912086,745
800000,228.67390883389567,282.855259448748,745
805000,191.81708334466305,289.88679062472676,745
810000,177.8997785725506,280.9470296944324,746
815000,179.91297168419408,289.58615839203185,746
820000,182.3213549143859,253.69699998124972,746
825000,151.175617331062,248.15938697790475,746
830000,193.01191501534495,283.6696829062733,746
835000,179.21734850646976,359.882363555433,746
840000,178.11147618825572,304.8487850844385,746
845000,210.79445540882114,312.2896998178327,745
850000,203.95576633084733,303.5395997664931,745
855000,209.43252129013808,298.13064549044236,744
860000,216.47157049170949,396.2652432957786,744
865000,191.75953865259433,295.7102541015789,743
870000,166.2276223564009,284.8281883655279,743
875000,200.45281584936086,335.9564080180514,743
880000,184.42588360406683,284.24354235488045,742
885000,253.54172080934853,322.00144089403165,742
890000,169.15465423507192,309.8316760375423,741
895000,196.88703177631075,294.8159534613721,741
900000,172.65646105567342,231.0131120040826,740
905000,192.04508843968478,367.39747594883397,740
910000,217.04516103268898,285.5441490660789,740
915000,176.2346117492672,339.7154590896157,740
920000,213.793574361194,285.1906735169757,739
925000,172.56734746082964,288.754280181746,739
930000,154.80507656387715,315.97882670570556,739
935000,187.5241027210521,349.4303589610616,738
940000,161.6322197540423,319.37620011238045,738
945000,185.7370881424688,325.7176468596523,739
950000,196.1459104964281,319.7619757314823,739
955000,195.09537065553906,278.2449855689857,739
960000,181.66269717140273,262.83265593960687,739
965000,256.0318858489609,272.12358595650596,739
970000,180.0390524950693,356.2346186925471,739
975000,221.76285691729396,305.88279381091274,739
980000,171.26116419152203,332.2299555405486,739
985000,185.90925024453531,292.05125699595845,739
990000,197.14900084377786,284.9370336467046,739
995000,186.38069588487076,285.7142120519945,739
1000000,187.2691914031088,281.48007521530235,739
1005000,194.16148905069255,272.0736642813767,739
1010000,196.9961227105042,257.2192289579305,739
1015000,197.45195458641888,366.75766210861076,739
1020000,176.55408643656497,228.4598854191842,740
1025000,174.87514254895692,294.4535450287578,740
1030000,194.22746466230595,271.04860651986337,740
1035000,174.25453602303452,286.01042899564874,740
1040000,178.71175250148065,269.0897194974514,740
1045000,204.07546331559223,268.83002343823836,740
1050000,154.03824924844454,282.7594769604349,740
1055000,210.90504217243645,314.1982091005211,740
1060000,206.5912017330484,332.750253941668,740
1065000,183.1519062360741,309.65402573351224,740
1070000,210.14590350798744,275.63272107439417,740
1075000,207.4058036801855,304.9930150974003,740
1080000,230.32194761014557,330.2516697663226,740
1085000,224.73780206282433,317.55172692721175,740
1090000,237.4557748522469,259.98961524051964,740
1095000,162.7303824560958,317.6988879478662,740
1100000,191.76808304609577,284.3792674476508,740
1105000,183.47980469654425,319.41857022488955,741
1110000,202.7243490185721,305.24932469498424,741
1115000,185.16758012901823,255.79255291498248,741
1120000,180.57877800682002,315.33251997959434,741
1125000,187.06060414488124,306.57176580392286,741
1130000,209.84384720779488,273.8859234328735,741
1135000,166.82561551211123,273.6882715448699,741
1140000,161.08939468183615,317.2610926524168,741
1145000,186.77294506064337,266.45886311027374,741
1150000,205.49332798908185,316.67362928388087,741
1155000,192.53424997353218,362.25337047019514,741
1160000,196.98932279473544,254.81568974838837,741
1165000,161.75597585554624,344.32239723559434,741
1170000,191.3650087460186,325.48112194243936,741
1175000,187.79512468127547,352.02217102688337,741
1180000,193.79519971342776,253.95477520469234,741
1185000,177.26027504169033,348.3125935226929,741
1190000,159.62306151241089,289.05397009902396,741
1195000,150.57613115600856,328.440373210125,742
1200000,201.7778018237343,294.9657515880862,742
1205000,179.140495444369,233.4864979095999,742
1210000,173.8021066094058,300.2634291851432,742
1215000,173.3899407977981,270.82841408348077,742
1220000,178.66753307645018,288.0528952631035,742
1225000,213.5091750127515,330.8347963747731,742
1230000,211.62564962053168,311.8701532985418,742
1235000,175.282457108412,289.986500262374,742
1240000,193.95100214300865,250.52850701814222,742
1245000,179.3775069871247,304.89455521513963,742
1250000,210.18076688145663,297.0603320976222,742
1255000,196.3840630204775,256.15367381754413,742
1260000,190.25143355869142,281.617647554585,742
1265000,162.2656288047673,282.7136412577023,742
1270000,220.21151047510887,332.5445081936438,742
1275000,209.3635316359359,290.5210590532978,742
1280000,199.83295278490633,347.58390449678507,742
1285000,194.69805437108442,277.01406751799607,742
1290000,179.15043460560065,278.8062001350341,742
1295000,238.21348281347196,294.2112678768167,742
1300000,156.01784059272836,241.47142826335724,742
1305000,156.21419984994907,273.7604983096115,742
1310000,181.5852505372302,283.50240297276366,742
1315000,168.22264440955985,300.70925751990455,742
1320000,182.51976687503605,272.55765546712513,742
1325000,238.76262668693266,320.1853053887366,742
1330000,223.0960741551151,319.52099843816836,742
1335000,167.19678590299588,272.7837330401458,742
1340000,162.38874103579565,342.71158069403396,742
1345000,195.52190733882236,351.9644781871259,742
1350000,182.60556356892374,272.6209388476051,742
1355000,206.76177555000496,339.9111296325143,742
1360000,194.3847303793105,305.04857668850025,742
1365000,164.46570254616012,320.14407242069836,742
1370000,182.41215215377227,309.1588793323441,742
1375000,239.71322432349046,331.9704280187417,742
1380000,203.89800564635493,309.1571592551716,742
1385000,187.94163774541346,316.3619943447919,742
1390000,184.94915836841716,310.58192137869133,742
1395000,206.0964786879668,336.182216942308,742
1400000,203.97365997005176,278.1840403213754,742
1405000,238.02443332140118,261.0648171959953,743
1410000,177.31326960661647,326.8600581299851,743
1415000,195.24493790145434,296.77033280747247,743
1420000,218.08950165530842,343.19044751435644,743
1425000,199.41331495023326,322.64456832054555,743
1430000,220.41881772441064,254.4504189879167,743
1435000,203.13444638706306,294.54623707598324,743
1440000,129.31009290654578,237.0243616390473,743
1445000,168.87350006104472,310.23154143367964,743
1450000,185.03233244953688,318.28587830206976,743
1455000,191.15425603855994,324.79589801866365,743
1460000,212.96459199004389,342.64277803705824,743
1465000,216.40027034445558,387.35776996221864,743
1470000,216.40222652320156,300.2533139932015,743
1475000,191.37637036325833,305.6734910828531,743
1480000,195.9055287880568,285.6100555814882,743
1485000,172.11622538632608,281.62327965886294,743
1490000,206.53418584106083,284.84526906933604,743
1495000,197.88520914107738,300.99458568383864,743
1500000,156.82464182681227,336.2368300673055,743
1505000,201.10431555878142,269.45426315751496,743
1510000,185.90829662825544,330.0734936627449,743
1515000,179.55212200126869,285.79843187506447,743
1520000,136.11340669939776,316.52096642123183,743
1525000,175.23366824750335,290.9921468896345,743
1530000,225.61271266728107,290.6179508371142,743
1535000,170.87726817880753,299.7837892959596,743
1540000,167.20772851626813,286.6537148449017,743
1545000,192.66856048554718,318.02577909106157,743
1550000,178.36660273199897,232.66068925916022,743
1555000,156.26438268797892,273.6236600380157,743
1560000,216.22375470757436,263.8803823451854,743
1565000,206.53449598360743,317.5106917294348,743
1570000,176.89504121110878,329.44704811875147,743
1575000,193.62057380060662,243.72365782917436,743
1580000,174.86146863760663,285.75872499505846,743
1585000,188.7251654563858,344.5617085379975,743
1590000,154.7758360181847,318.4911170994257,743
1595000,221.13372178786204,255.42945660221662,744
1600000,191.51781564421162,292.55385893636844,744
1605000,193.7580582706736,362.1024137264962,744
1610000,232.31814878675627,305.08603478399897,744
1615000,184.66932270323508,268.68728342749034,744
1620000,184.1619231044346,263.9956172593357,744
1625000,193.09801041260505,291.17908934772066,744
1630000,261.0179688630279,347.974503450022,744
1635000,174.39964635180849,253.55875583989274,744
1640000,183.5049875976475,280.5275432862981,744
1645000,197.39387318994403,289.04731236905485,744
1650000,193.8377258026884,303.6614001507763,744
1655000,189.68514795865724,278.71225796706557,744
1660000,221.80658436890545,318.69579741718394,744
1665000,165.05862255244415,300.6546391558159,744
1670000,196.06301751421182,279.142259832867,744
1675000,193.56660274355005,349.32838215985356,744
1680000,193.95647775305048,298.06847765441427,744
1685000,192.1019155380638,290.60822698889655,744
1690000,173.24873664651977,300.19277274650847,744
1695000,218.85471846766566,331.0781954122971,744
1700000,152.3303952390576,254.18833283229753,744
1705000,168.17490815057675,348.1899129117976,744
1710000,174.05823233882086,295.89532648352724,744
1715000,178.73605600621505,285.09679663624235,744
1720000,216.33647245852606,297.58328175663763,744
1725000,211.77174443919267,310.63252498224165,744
1730000,176.38152556705833,274.00804469792064,744
1735000,208.57315220795138,288.51949165482466,744
1740000,184.83530533069606,355.45639366251373,744
1745000,154.64536329148845,321.1121708099445,744
1750000,138.9842307414411,323.0095059727166,744
1755000,236.52334193080625,304.5361496329462,744
1760000,203.64419427310946,269.7235461246074,744
1765000,199.13020284198015,317.00538598355337,744
1770000,182.67613036959494,276.3983987813462,744
1775000,186.4862154241077,293.4230541094833,745
1780000,145.3705286721005,281.2985245801589,745
1785000,202.88343829882012,284.04478358515655,745
1790000,215.7788036731739,310.5010045784303,745
1795000,177.67880106164665,347.0829419339871,745
1800000,199.54714648315337,311.7509690829827,745
1805000,209.91307281400753,276.5999640761772,745
1810000,180.8643319337272,279.2937545752528,745
1815000,188.5243440205018,349.09640199271183,745
1820000,223.71952994137197,353.40877155690487,745
1825000,164.0873128537512,274.4177026136734,745
1830000,205.92052819347415,291.58369888116584,745
1835000,172.18779958035535,308.8468394407889,745
1840000,169.5376757167163,281.4936613042237,745
1845000,171.62767967612302,405.39268495724247,745
1850000,201.30117823188567,303.6871006169045,745
1855000,171.30325314100656,241.59959249413382,745
1860000,193.11875422997633,297.54744780174263,745
1865000,160.60158835668602,318.30179465839865,745
1870000,183.81391896577816,313.00211282700985,745
1875000,174.7957289922484,280.06971255045954,745
1880000,182.0805116241494,395.12493106793676,745
1885000,211.19347134158323,307.4700911967945,745
1890000,194.92129633590577,242.69585663773856,745
1895000,154.8891063368681,258.5266735652008,745
1900000,171.31511763861948,327.1852125415473,745
1905000,186.04133110361127,300.5584995465656,745
1910000,192.07789864823695,289.86403499478064,745
1915000,157.76980438086557,346.56069757694416,745
1920000,166.7717947645914,322.7241635166476,745
1925000,195.35902352174898,288.4626923192431,745
1930000,188.90804632775865,283.70830385762184,745
1935000,178.59361735075896,291.13632074678065,745
1940000,198.75211249182007,278.7674976607213,745
1945000,163.9208883243682,172.0275160652351,745
1950000,201.99488254111887,347.64705469445033,745
1955000,172.75563728905928,301.54392630571215,745
1960000,154.72393516208797,303.58841096251416,745
1965000,187.46177895005584,262.8366505512902,745
1970000,183.6253447842525,349.9278174256194,745
1975000,190.56109286736282,277.63120609503204,745
1980000,193.8574050366372,328.56343015843015,745
1985000,171.4164062961968,289.0057782538213,745
1990000,192.78978153856053,287.61706921047573,745
1995000,160.7301830662321,313.4461121245649,745
2000000,162.31622609838178,343.4203734816407,745
2005000,196.85545688213745,318.14097186524276,745
2010000,173.72052346727952,282.4914481119524,745
2015000,186.33469491474625,264.3073662705956,745
2020000,183.7012129235209,297.92769577539457,745
2025000,180.67224463540555,270.5583446999859,746
2030000,186.3321226216598,349.328449277692,745
2035000,228.97382844186203,321.2882599575529,745
2040000,188.92895448467988,320.03521750002335,745
2045000,168.42057839315538,299.02155358772325,746
2050000,167.19524006727113,292.022806637179,746
2055000,189.85394718334535,306.8083918991328,746
2060000,143.8886309261652,317.63408686273397,746
2065000,193.42122029284548,320.49921763156163,746
2070000,177.4190156797971,273.09596848759315,746
2075000,150.86901825943986,268.11208995325507,746
2080000,209.80179450878117,316.1272015209964,746
2085000,205.54388022262836,267.2333410716018,746
2090000,181.99063905273127,203.9219871640053,746
2095000,218.24399493460652,283.91305655571676,746
2100000,193.2859047527685,289.61573014931366,746
2105000,179.09564624783644,245.38614043503858,746
2110000,232.32764708612768,398.5238551637403,746
2115000,167.13407814966962,320.9857406421249,746
2120000,181.79791572606382,294.0163101426239,746
2125000,213.27922419386636,335.34181037639246,746
2130000,215.5398688383919,324.204482048345,746
2135000,177.10095479764956,290.37171142368965,746
2140000,184.8066398855782,294.3093234956768,746
2145000,156.74412171784758,259.6097373524477,746
2150000,182.51493941102783,321.56990341500716,746
2155000,204.04020778857097,247.6181888068677,746
2160000,207.43248886245988,293.5670092601976,746
2165000,220.30482175533737,335.855321047335,746
2170000,163.86215136107734,278.4319442098094,746
2175000,175.99985906544987,290.6733154220914,746
2180000,185.16123224746602,295.3977386116651,746
2185000,233.65467229912855,348.1896644727211,746
2190000,190.30245096143454,329.69641368658023,746
2195000,213.1181798488698,268.4183679615676,746
2200000,158.2494280643283,309.86083423415135,746
2205000,176.47508464310334,244.80677301588145,746
2210000,185.45956287263434,324.47255857803384,746
2215000,175.33154683710856,328.12320547201,746
2220000,184.65940913705003,329.99820301514393,746
2225000,180.90572938497468,320.87255766379485,746
2230000,203.4139929484784,262.34363964467565,746
2235000,191.66447510650522,303.9752890557151,746
2240000,176.66518677208035,349.9488198850579,746
2245000,175.30154894074073,319.3381356688676,746
2250000,173.48645820316224,330.879982478213,746
2255000,213.35285247364453,310.49963540176475,746
2260000,176.32632976104915,315.222078625556,746
2265000,182.48197076068303,273.53549872388214,746
2270000,189.43565818322435,230.3674885153122,746
2275000,200.66923897905406,301.56492593727256,746
2280000,218.20632412290823,224.29695245442687,746
2285000,188.5092403414234,279.07410889170046,746
2290000,181.7785291112181,309.3856231830097,746
2295000,207.6024288371544,307.01048818018813,746
2300000,159.37120722697438,268.7312896833582,746
2305000,220.6166052463548,358.0922425300259,746
2310000,195.3816199961834,307.6259671581784,746
2315000,193.00813964195675,349.5363761229162,746
2320000,190.14545011657412,326.7382595779224,746
2325000,209.459765272038,352.0183325803672,746
2330000,186.61148682493032,302.1097822919854,746
2335000,213.57849407628612,289.9011245175677,746
2340000,227.3622707000782,359.16347598303565,746
2345000,195.6416962199231,271.9511447492259,746
2350000,177.8273083934006,285.98344573732305,746
2355000,172.87716509278445,355.0436297475231,746
2360000,217.71755663676865,297.9150328440826,746
2365000,195.57964226926762,334.1239755344042,746
2370000,210.59245734993502,328.0941028820053,746
2375000,196.12538309514312,275.2404405614071,746
2380000,201.3175779710803,268.80287921107697,746
2385000,199.69768892946914,303.80529521790083,746
2390000,152.7255666143999,277.5947496605642,746
2395000,183.67331852559036,286.2991523075934,746
2400000,177.87837066946278,317.17493193123806,746
2405000,170.94473898822193,273.2577305304789,746
2410000,174.42672765998708,283.72780078169137,746
2415000,181.5358995502502,345.6636381276784,746
2420000,180.4519712397317,378.7364273993008,746
2425000,154.26918300720803,271.5873563338691,746
2430000,199.61877921846718,316.32721470940515,746
2435000,219.94988130120453,300.3647209931597,746
2440000,191.8502999151261,327.7988220370085,746
2445000,205.51329945508982,294.0694640566476,746
2450000,185.64827733724246,318.3120155912162,746
2455000,140.8630727981535,294.2496592136507,746
2460000,212.93019016128702,348.8000112916863,746
2465000,207.54587186735597,393.50873103431974,746
2470000,175.94423186415025,353.16122501628325,746
2475000,172.2517276622752,305.62148645485496,746
2480000,174.9182491163787,250.4087760001224,746
2485000,161.6440766152473,307.508811242876,746
2490000,196.2912875267825,290.4713522709974,747
2495000,180.34707848168506,276.73806869593886,747
2500000,187.24576894096938,301.3589924701393,747
2505000,175.78765502794883,269.1784921002823,747
2510000,172.26069233977665,312.50509901691396,747
2515000,169.36024667698095,328.1288238020449,747
2520000,192.74821951590465,296.4934572197743,747
2525000,188.20750286747392,336.16082580181757,747
2530000,179.38710108327552,288.5561906554671,747
2535000,244.6966875382832,378.8655042069019,747
2540000,196.11972381827462,354.7265208768627,747
2545000,191.5046715990659,329.89815511197685,747
2550000,181.43927378926583,294.1358030185179,747
2555000,209.33902727352455,309.3404424712059,747
2560000,215.56877720214408,287.1827074978007,747
2565000,178.3700568257287,254.62413678793732,747
2570000,166.9409406154224,309.7489024012447,747
2575000,196.06585669674405,262.26200595915856,747
2580000,229.55650053064448,288.72004688715555,747
2585000,157.6635484151939,234.91974792113373,747
2590000,177.4150689085072,343.926601329626,747
2595000,201.72404106484115,268.0366420064283,747
2600000,204.37267877773618,273.53859371162304,747
2605000,177.4434827204609,315.59587434349623,747
2610000,210.8043140011843,287.1479381514907,747
2615000,198.55640854093122,258.6436529469545,747
2620000,192.05044563006732,288.3436703672686,747
2625000,197.79628334861135,322.9022550690285,747
2630000,165.83591860160547,321.4399655037883,747
2635000,148.32916130252443,313.1720031060107,747
2640000,177.95979534778587,262.1716350050572,747
2645000,200.99403567775462,306.4327416971623,747
2650000,197.86983663582615,328.96994890356365,747
2655000,207.29530469957845,310.9695970811909,747
2660000,156.0081468924235,308.3835456851609,747
2665000,228.9308509170179,266.95577598729346,747
2670000,165.3252973359349,325.2281528066878,747
2675000,163.01415677686597,257.0923312930628,747
2680000,233.27470734433393,371.0115828312147,747
2685000,159.4768722203833,345.8355367088893,747
2690000,186.23775496930705,293.9162232090712,747
2695000,190.62250745126707,295.96720940319074,747
2700000,172.5055375706837,254.57459680436162,747
2705000,197.60838499629486,255.46203458703476,747
2710000,167.15094112925615,306.70198816576715,747
2715000,181.430509613739,326.647317833487,747
2720000,178.86971133573212,292.18268955805183,747
2725000,221.59395755060453,279.94909333468047,747
2730000,178.74488034975752,289.4863117846415,747
2735000,213.28469787940855,362.93905151794416,747
2740000,173.5450154807152,261.3221717907279,747
2745000,169.55172762035764,295.24626693450006,747
2750000,165.24642352906977,294.00864289113116,747
2755000,171.39287907712705,271.6428284457413,747
2760000,180.84698842715076,330.0068607875391,747
2765000,186.12473331419528,319.4937447343438,747
2770000,189.132018227145,293.5856458349794,747
2775000,214.46004220759835,289.15670108755086,747
2780000,151.2855494284515,281.6424360466094,747
2785000,191.73544247446117,279.9131835622713,747
2790000,167.2085829153706,264.4992801611975,747
2795000,181.57475277635322,314.5365623068333,747
2800000,223.97337560060785,271.36857221216474,747
2805000,191.1163893664619,341.8706717830526,747
2810000,196.51671149019927,362.4823339754793,747
2815000,209.21524451739822,318.54466339763314,747
2820000,212.69766587597562,306.2087436481018,747
2825000,192.5347490743112,260.8126588581836,747
2830000,199.60882468597563,292.047988750634,747
2835000,157.37194973168678,300.80070195993795,747
2840000,178.45720543511263,296.4842954278585,747
2845000,174.7652233010965,260.06648782378164,747
2850000,185.962982988024,281.30725019659405,747
2855000,197.59917601621822,204.04185816849235,747
2860000,140.7354848415958,231.74607143338605,747
2865000,179.69978248154018,324.4452155703083,747
2870000,195.69505798070568,300.4775250106853,747
2875000,195.77979685506068,311.2160924371906,747
2880000,194.89288260855142,366.1230713862842,747
2885000,192.14436103890262,360.9706731549758,747
2890000,165.75473297064363,267.4765979282938,747
2895000,213.5348992574065,321.3266283575942,747
2900000,222.78562936100045,257.24112073180504,747
2905000,233.54535412507624,268.8876871121603,747
2910000,197.70358467759675,288.59355087080405,747
2915000,203.45218952581254,269.64690960639524,747
2920000,166.4279305223402,346.8549024520328,747
2925000,195.07978269864077,297.9608740024081,747
2930000,216.6522336291668,286.662352476231,747
2935000,163.42989763997772,281.18191535148105,747
2940000,169.38563086875212,346.87831214605586,747
2945000,171.44430992282352,311.73365715743597,747
2950000,194.85594379063082,316.6366404382314,747
2955000,180.69241299268427,318.16267068183254,747
2960000,189.6502831595095,288.32683613060465,747
2965000,192.62350198293927,324.24099143968715,747
2970000,177.12664590525034,281.09246539207436,747
2975000,205.00809102439447,284.43689873339866,747
2980000,187.17267932896124,283.517660256172,747
2985000,172.48049794913652,336.2156056859233,747
2990000,214.53583297557498,334.8206106310114,747
2995000,182.2563239048336,318.5869176679935,747
3000000,183.1886215122343,264.9683051847176,747
3005000,210.5171096291962,270.82533801875195,747
3010000,177.08415231499305,338.9589585838832,747
3015000,201.4507428659944,359.68832765704957,747
3020000,181.49106159063973,300.09121650627486,747
3025000,193.39256895309046,308.9997323507755,748
3030000,192.6255900759899,282.92537639256864,747
3035000,206.4128713282753,266.9102325107691,747
3040000,214.05176754616895,306.3968203231277,748
3045000,169.27997317342437,306.66123033093055,748
3050000,169.426548904054,257.77585756086734,748
3055000,184.30575967576277,327.64099059103705,748
3060000,209.0932026994684,363.2920582769226,748
3065000,145.83499760281774,226.34919827466655,748
3070000,174.6583096369311,273.3575628976188,748
3075000,163.75594107212862,313.5094486466112,748
3080000,151.47527234986302,281.4259621476802,748
3085000,216.18533469021116,347.5886660386229,748
3090000,173.09240008607537,243.04426262479674,748
3095000,217.25817240564396,334.18288630061926,748
3100000,212.6198742130477,267.3928491595899,748
3105000,154.337475981713,257.4326890958978,748
3110000,187.23394594263047,308.4914447920343,748
3115000,196.10932917206938,312.7593254911034,748
3120000,195.27783456285061,263.89501634273404,748
3125000,208.3041664376471,268.2051944752554,748
3130000,179.32085651368934,322.123821885368,748
3135000,170.57299757827622,361.5970267801273,748
3140000,191.19397363905514,293.0334187509226,748
3145000,216.76941853455838,307.599846961292,748
3150000,181.11750006512293,288.38058489431097,748
3155000,164.8672422859391,319.2015960846304,748
3160000,184.55533113270633,345.82820001221194,748
3165000,190.1621956337338,350.3369771596257,748
3170000,160.33248660405513,320.52371690037154,748
3175000,196.8801176574623,272.54777840209573,748
3180000,174.7665941480013,283.3785709074922,748
3185000,233.11249192762193,338.10997403780215,748
3190000,234.67201789390114,341.02749521695273,748
3195000,224.8650238495751,350.9132158138344,748
3200000,151.74616865867876,397.1154023968905,748
3205000,196.27682444686135,294.03383401270185,748
3210000,202.70346545125338,255.6665094688204,748
3215000,186.08073309282037,313.4721158731122,748
3220000,168.4567728587804,272.8533050352973,748
3225000,172.9414201125377,314.67898850974177,748
3230000,157.28574894330336,270.75521616025253,748
3235000,192.80913021029218,283.48788672464065,748
3240000,183.7280007781856,267.1939771658168,748
3245000,222.23631965220542,326.6933342187667,748
3250000,181.56361780725894,276.58200947872297,748
3255000,173.55978452410633,296.3914554064584,748
3260000,181.69473159927819,253.47926979392986,748
3265000,165.82829429129072,340.61592614772565,748
3270000,202.03954839697923,267.319004012312,748
3275000,183.90254031705794,342.3574015052904,748
3280000,213.80970045088804,296.8526788464145,748
3285000,195.53933154434742,324.6546156600746,748
3290000,219.12718230339297,277.12016778353984,748
3295000,177.02962475386988,250.4882166549977,748
3300000,159.5065449672174,327.61187733642083,748
3305000,214.78272425853504,264.0661379814788,748
3310000,213.42464535533753,272.2159025949869,748
3315000,206.1350955899638,270.7048966467204,748
3320000,189.92227328068748,371.4044065275661,748
3325000,179.1114747800761,331.62439600333647,748
3330000,184.36823353350007,315.24481571777784,748
3335000,173.78716242723155,291.0285934023606,748
3340000,182.9189985554616,367.0829850708728,748
3345000,212.91445480115675,362.13908297764857,748
3350000,215.9374283174203,261.2519749726843,748
3355000,194.3389536068547,255.02139662530988,748
3360000,214.1805021546938,283.49766899039116,748
3365000,151.6374831668893,244.24672884820825,748
3370000,225.96681652179615,324.6863727419197,748
3375000,225.08244327678005,360.2504178650517,748
3380000,197.69781662446115,299.5469553653763,748
3385000,167.85690825671628,318.8320947109239,748
3390000,175.84479855931565,338.66875743801296,748
3395000,206.0920834377424,258.34136628847784,748
3400000,213.21347943488965,284.72391360918186,748
3405000,188.10893179597196,303.0804681360673,748
3410000,165.4210062679237,296.1669300409167,748
3415000,215.5130902706935,319.2303695561175,748
3420000,213.3792143398605,288.5863356776579,748
3425000,190.48541400284304,323.49673578335285,748
3430000,142.4400375485738,264.5084727706562,748
3435000,188.00876024190512,304.4245624524598,748
3440000,205.2930978234711,402.9756595430242,748
3445000,180.00553776457724,265.78472813550513,748
3450000,167.28998726228428,356.6699714695651,748
3455000,133.32775214882838,259.62250954715915,748
3460000,181.46610976986312,266.519514565351,748
3465000,200.3566061887963,267.59883282521776,748
3470000,181.5612974040336,291.5681483198207,748
3475000,191.09764551514354,244.58642891931402,748
3480000,203.59234842726576,340.6061133059361,748
3485000,198.3043204129022,271.3046190848944,748
3490000,185.77175376060868,260.4375425158999,748
3495000,162.25735089724296,328.45648160313743,748
3500000,155.40934396809303,298.50026843856136,748
3505000,197.6306474175832,326.4757587987342,748
3510000,204.95511871948648,233.3154003535619,748
3515000,205.7825724302264,362.3375926488581,748
3520000,177.79335444209417,284.8917080260849,748
3525000,197.10188904024767,319.6846179391274,748
3530000,167.11371619404187,271.128926152796,748
3535000,190.19920484812118,330.0725197546686,748
3540000,185.3176404002383,254.88124339836844,748
3545000,154.0358594640732,272.74355313177426,748
3550000,173.78422753907557,250.83059199861913,748
3555000,226.69540556524908,263.69581802972675,748
3560000,208.94930138574634,274.4324662270722,748
3565000,167.64138343332672,316.5848046367669,748
3570000,213.77416097288983,298.87155763457775,748
3575000,161.3542881853877,309.5573322040091,748
3580000,181.44959151138494,301.1300882919849,748
3585000,211.42391034444304,318.46340921761686,748
3590000,202.4898567595402,337.67691711058484,748
3595000,189.57104377910304,270.30368565189383,748
3600000,221.29287758822701,344.84136691829264,748
3605000,172.39899507298406,373.36764997599624,748
3610000,204.98017541623082,313.38250023560437,748
3615000,187.35614978517125,331.0607510373325,748
3620000,157.1733154643212,288.17064135541295,748
3625000,208.04685465549574,286.5095789658829,748
3630000,190.9329656008789,287.2326639374224,748
3635000,204.92015673232783,310.8988985576159,748
3640000,167.39289203096607,238.9173347833312,748
3645000,147.03642260846294,290.981446414526,748
3650000,184.4748963200426,322.5480976062666,748
3655000,152.76741174889045,297.4942802069461,748
3660000,231.1058005411295,220.36777830634392,748
3665000,174.50996043887417,240.81521625607735,748
3670000,174.74315940311743,301.41301007209387,748
3675000,187.55293241405252,369.6259035335279,748
3680000,163.58998937780447,309.75640454207047,748
3685000,203.36230337616323,288.8824775265216,748
3690000,188.6312657844097,305.66292543187143,748
3695000,181.7115318700565,281.32504234108893,748
3700000,160.40224221310558,311.46151445090857,748
3705000,185.98178844197085,236.0176732962518,748
3710000,181.58217918872305,235.22791168993967,748
3715000,191.69261843996946,268.1686060344087,748
3720000,192.67614743631287,301.1872539269426,748
3725000,193.1138903785684,293.60958890903805,748
3730000,172.10210809367857,314.7504048462009,748
3735000,193.78909551740452,271.63793305213767,748
3740000,168.5899642924298,227.34602361597197,748
3745000,160.1765684619948,280.8234247913669,748
3750000,190.24975927554362,274.22595782179405,748
3755000,228.7926689229153,331.24210100457117,748
3760000,216.07412044983383,289.182995990757,748
3765000,170.76531863054285,360.04391326500433,748
3770000,166.9617828697049,292.6466307486526,748
3775000,169.02785473546314,303.92333366073586,748
3780000,149.56803463500282,333.2985829151039,748
3785000,144.58713472656814,316.4289248785645,748
3790000,182.1839902575578,316.68271622475476,748
3795000,188.2941640129937,331.42687954572636,748
3800000,195.38057246453602,276.2555246603594,748
3805000,185.56301092155465,308.30316583911423,748
3810000,196.62209169473,325.7099165708157,748
3815000,163.62575724084223,256.7214276723027,748
3820000,174.5888017765332,343.3988097509738,748
3825000,197.41899113748252,330.2326734549551,748
3830000,214.0027777981609,312.77485671308887,748
3835000,206.0454863882457,217.54527663956458,748
3840000,187.35492575068238,282.31548163717974,748
3845000,164.72871264175834,281.7078329373951,748
3850000,170.2434563404556,269.1971383108802,748
3855000,241.58941056749183,253.3482407017567,748
3860000,165.8355827551745,328.79234311647343,748
3865000,146.88311703373154,253.72771480754324,748
3870000,215.9869651605463,312.7315568321345,748
3875000,184.06244187014167,350.27763841187925,748
3880000,193.1974511494432,264.15342050461453,748
3885000,169.2839248697668,297.0894790589395,748
3890000,152.4511725281152,360.2728516380739,748
3895000,177.8118744880959,335.3758812391303,749
3900000,180.16870047024133,273.8777780034145,748
3905000,181.55567603577958,323.2610169582582,748
3910000,187.77401673117265,314.72473688552793,748
3915000,215.32069335549403,310.012156187689,748
3920000,223.7827454036473,336.23967688216834,748
3925000,139.83495511352893,328.9897236680521,748
3930000,176.8164564372813,316.52944570565126,748
3935000,174.228897311972,235.30393884912056,749
3940000,195.77007370098454,274.2128011527728,748
3945000,187.4076498194327,253.9877594116973,748
3950000,194.93130297543723,314.85819366905054,749
3955000,208.19871100738757,276.8924365730036,749
3960000,179.0239215971212,316.75233967148,749
3965000,187.39314293484532,308.0169425211545,749
3970000,194.3464999612869,262.4963998195381,749
3975000,181.27629782366984,261.64029103987815,749
3980000,178.6299197427872,284.9915570603398,749
3985000,154.00654174173357,292.19659237050575,749
3990000,203.93789704232086,281.76352179007756,749
3995000,230.77295673973066,299.9882717359371,749
4000000,181.8038660041941,343.4781376091292,749
4005000,157.23982019849626,241.07517233028307,749
4010000,198.36011134822763,305.1773569987299,749
4015000,185.164754068257,267.8458330441209,749
4020000,178.4706544940228,267.13194489123043,749
4025000,185.11562147460543,341.88913963806596,749
4030000,192.6710038290492,269.62484196521234,749
4035000,222.67623154182496,327.8860971071977,749
4040000,201.19277944545053,258.8868474128425,749
4045000,186.8589190063757,262.1340123261409,749
4050000,175.47845883199852,278.424401214911,749
4055000,183.9499551628566,271.90314348365314,749
4060000,188.03020756728836,247.90177509841865,749
4065000,208.2940573781633,319.28475498072004,749
4070000,150.11957040271662,270.7291879926251,749
4075000,184.57320354273463,238.27494212518164,749
4080000,218.4992669016182,303.11602668102614,749
4085000,196.591404557229,308.86136203352623,749
4090000,165.31405739561814,289.5594263690079,749
4095000,179.92935825387957,261.45007140860395,749
4100000,192.38900224883344,297.5766549014493,749
4105000,212.51577147329508,363.28478156446954,749
4110000,179.84551106280082,256.8909533313457,749
4115000,222.3773102129573,351.9777494706904,749
4120000,191.45326849844858,276.5715448791162,749
4125000,181.05214057481894,329.4667055369775,749
4130000,241.6971026553113,322.2367207555012,749
4135000,221.79690525356216,353.1517205823477,749
4140000,174.11594448215018,230.11241265740122,749
4145000,166.47231430356362,259.2642762352693,749
4150000,175.97521289843968,277.2917364768511,749
4155000,191.16491596411643,301.9089852595059,749
4160000,189.50008167227347,275.8059555436546,749
4165000,181.04396698687012,304.89546291628926,749
4170000,161.21493998810175,287.1713138571648,749
4175000,178.5393296723033,274.0348890170399,749
4180000,177.6675050593471,383.8079433495635,749
4185000,183.5168101598525,282.5787681610785,749
4190000,177.22929686105604,295.40068158860595,749
4195000,191.68090177632524,262.2566214313359,749
4200000,178.09967501475018,345.4718445441667,749
4205000,171.40902326303083,295.13907011663775,749
4210000,202.14860481758768,332.2504145072226,749
4215000,176.2016325004758,322.41034726760233,749
4220000,202.12139242997057,251.72044491499162,749
4225000,182.02661337873172,288.90151693036574,749
4230000,190.91365955663287,327.0688159661694,749
4235000,224.25369670901347,266.4266820152938,749
4240000,188.73584593082106,282.7329093930204,749
4245000,228.32480166231613,305.867210623629,749
4250000,195.69903734586703,322.98503523539273,749
4255000,161.8468302123742,309.98208536036526,749
4260000,208.07214379174403,272.9092346452036,749
4265000,201.93201764334356,289.47840041410427,749
4270000,179.45796133653792,333.7051957937779,749
4275000,201.56811175390612,325.367215385074,749
4280000,203.19732209751592,254.4052862844774,749
4285000,148.04424271791424,236.7767623347156,749
4290000,194.79561729949265,307.5018278620033,749
4295000,169.83588667911886,306.8580752547214,749
4300000,175.92012020285523,399.4213524913035,749
4305000,177.77668647256877,337.0294670245941,749
4310000,207.5941126867604,316.12815421471953,749
4315000,210.4777275837269,290.0029226522659,749
4320000,185.48004387053084,307.2098769403593,749
4325000,203.543078067819,242.43717824494456,749
4330000,208.6751564218336,319.9058927795109,749
4335000,198.58054692363294,221.1117097933245,749
4340000,181.32839939097963,283.83979772066056,749
4345000,196.89999011779898,264.3259639289107,749
4350000,201.4282776300739,332.78332080618543,749
4355000,231.04189409333546,295.96992190163866,749
4360000,167.4983909796084,321.53536076426104,749
4365000,183.6721802443077,327.2219115870403,749
4370000,192.71674637858473,315.18518219476374,749
4375000,198.99585736484914,269.2497530650851,749
4380000,177.78410165013995,264.7312333206073,749
4385000,202.5240045660638,320.6405817987191,749
4390000,179.49871720688597,325.5110890107878,749
4395000,160.02356395500613,307.47850157245193,749
4400000,216.68392854939992,289.5296399259915,749
4405000,206.9280864397692,310.1343591871057,749
4410000,162.26986897223014,326.37871697024445,749
4415000,212.0231758019467,263.50580639883526,749
4420000,212.52494613570994,321.6730402603822,749
4425000,170.48919041253208,308.4313603673647,749
4430000,217.61830573451581,331.01813432182627,749
4435000,209.79389011280213,281.4421747032039,749
4440000,189.40444455185457,277.5466649395344,749
4445000,166.51912384070326,277.4018513871992,749
4450000,191.629898405163,365.2139474035233,749
4455000,196.8714023560165,344.82908152783915,749
4460000,144.38130897737938,284.83540567922563,749
4465000,155.86327185275485,265.6104761808551,749
4470000,177.19112871845408,271.4851336374674,749
4475000,190.47453828110983,323.4977145832032,749
4480000,202.78010377083783,333.4071929401794,749
4485000,203.29339552808315,362.149485995259,749
4490000,220.5312088608713,340.6684771268037,749
4495000,186.22512692459634,319.485879430081,749
4500000,205.92301739537078,304.26744842721354,749
4505000,178.311427009362,317.9441491546971,749
4510000,146.80683693854064,242.22753208475785,749
4515000,196.57417084829768,290.01857378083423,749
4520000,173.97847103988215,279.04534028325276,749
4525000,155.12229089401305,280.89353901940706,749
4530000,164.2267506683734,293.59062385925387,749
4535000,207.25524185829147,291.37104293462477,749
4540000,191.80745257987672,291.90848539013257,749
4545000,199.18264807793216,262.988661437553,749
4550000,208.35596675449395,299.50422376096617,749
4555000,165.6176204220091,298.5902499103879,749
4560000,159.51347000618455,350.37176580642705,749
4565000,178.12220899725943,308.46000787390574,749
4570000,235.30272368257621,347.62404394556575,749
4575000,212.4926900828865,250.3252479416855,749
4580000,174.4341155428771,255.40984377911147,749
4585000,213.56717058466313,277.3610766412615,749
4590000,198.95448548485925,347.66708648567635,749
4595000,197.5918452150301,256.3031301848826,749
4600000,193.87295445087787,304.66220801002487,749
4605000,157.99644318235804,240.63860581573064,749
4610000,171.6668169567564,350.42380284200107,749
4615000,227.53184769253835,297.629064589344,749
4620000,185.60110442867025,362.1095485539429,749
4625000,197.13551118325603,246.82490172851155,749
4630000,174.84858828382488,288.9260781971681,749
4635000,199.61146673447126,303.437001765839,749
4640000,190.98303329237035,297.3891071090259,749
4645000,181.14934724335473,349.01565190520364,749
4650000,167.66274841517213,287.74662537963417,749
4655000,184.08087336615228,339.596535503541,749
4660000,236.04478453776085,323.22247640860354,749
4665000,209.89600137895295,302.73170741601837,749
4670000,190.69821058531326,304.8734132219474,749
4675000,192.8154541996884,263.19134165443376,749
4680000,203.99714813751098,260.0657047001784,749
4685000,248.3289954844023,300.92237307248433,749
4690000,197.89443857341195,253.1946566752687,749
4695000,181.19753460830827,348.29578887126837,749
4700000,214.21578459254275,360.97298908078045,749
4705000,197.01716556232148,323.5950567520257,749
4710000,185.11328473232956,355.0740234174176,749
4715000,205.19036197928978,298.43750249651265,749
4720000,225.64136786493998,320.8131523832039,749
4725000,185.64300834675163,336.39568937020397,749
4730000,206.2131895458143,338.6081101077277,749
4735000,224.26481156593834,315.84910216779286,749
4740000,193.94397354290118,298.39091164599984,749
4745000,195.03264485332582,270.18894401933056,749
4750000,193.09396195777984,286.29292454927287,749
4755000,189.98963943872437,263.4944465146421,749
4760000,172.98970345137386,271.82416971015124,749
4765000,235.9575982425386,293.7189782105776,749
4770000,229.88694292678895,303.40332986612543,749
4775000,211.3459189246048,298.34554705824945,749
4780000,239.25590127185313,344.5011565294509,749
4785000,200.39007371606127,300.63695238169703,749
4790000,188.46657062019833,346.853653674463,749
4795000,145.42235010324316,322.65237071475667,749
4800000,238.6638667693286,302.1264198523021,749
4805000,183.43641639936754,308.6399889458873,749
4810000,216.29254932276,338.0206099753074,749
4815000,188.114773817437,282.2736711646417,749
4820000,154.86258202971715,387.0803339757843,749
4825000,204.0643800456773,310.27599807632964,749
4830000,192.0257012022741,311.94799165531487,749
4835000,168.87142418073847,250.56579247926476,749
4840000,193.68358320264198,305.84324473598866,749
4845000,158.30870165092958,240.43833808368984,749
4850000,179.6798157171436,295.91737358060095,749
4855000,203.12208532348737,279.03469741905013,749
4860000,203.05082638877084,332.08402976248226,749
4865000,177.03818331609548,227.31132983200658,749
4870000,199.52757408356626,426.0069804584666,749
4875000,191.86066033082778,264.5377218063983,749
4880000,196.69843074900342,338.01502027234176,749
4885000,207.29748858692733,343.269908450397,749
4890000,211.4323406656822,328.1510812540899,749
4895000,168.72285572976008,342.36197322826996,749
4900000,188.0246558889298,308.6543802836813,749
4905000,211.1902650105826,299.65151579654923,749
4910000,175.20192567112352,295.2250535367647,749
4915000,186.10346684157543,336.967053222862,749
4920000,175.58184544642893,308.1856847352316,749
4925000,185.76044077593792,279.2079774939005,749
4930000,221.51957203674527,271.1276130730581,749
4935000,193.86048741147454,310.18887072744195,749
4940000,167.78043606975868,298.92407110969293,749
4945000,153.35407427365965,363.06651654361104,749
4950000,166.00779416867456,332.08120069128427,749
4955000,214.20430694452568,307.62570390274647,749
4960000,218.92317156631958,257.94221588241794,749
4965000,187.93129244619695,268.3751988300595,749
4970000,195.48100513471047,330.9620820568915,749
4975000,177.29240509743482,327.9042540417343,749
4980000,178.1431940079986,315.60699512641776,749
4985000,153.18299484840986,252.35882483471056,749
4990000,193.9890912547309,288.41023679987205,749
4995000,187.54637544177254,323.58072651880025,749
5000000,160.4703155543669,264.75533756969423,749
5005000,202.75514459008537,297.19421767164965,749
5010000,166.85618271649676,304.2529514182041,749
5015000,196.93235755800845,317.87045206870977,749
5020000,185.07410923288109,325.92864476804397,749
5025000,194.39087173265852,262.9480398151287,749
5030000,169.04047641152016,295.19179675384845,749
5035000,168.58817785355998,317.82337224484803,749
5040000,239.6287186686403,349.1292098858361,749
5045000,165.78022000585494,263.213317417885,749
5050000,197.9460396157702,307.61268724276755,749
5055000,219.58414275133381,256.2152950485235,749
5060000,181.27926158704452,272.836296719895,749
5065000,209.56885233512835,371.49623704747785,749
5070000,209.41003898915153,269.08015299334943,749
5075000,220.360811101359,285.85010754735026,749
5080000,226.34007382463545,313.62723523103693,749
5085000,167.06214923682109,323.91209475770455,749
5090000,230.10347758723213,386.63062782217446,749
5095000,194.2464098461205,318.64151001167573,749
5100000,212.63383971713225,302.3913834761799,749
5105000,153.5375472303006,284.291476248449,749
5110000,189.96186211467497,349.7105577111353,749
5115000,151.86031743031478,333.57914178514983,749
5120000,219.77716256229795,353.7847592211009,749
5125000,178.27423618771257,320.9109618669368,749
5130000,207.93890642033395,314.0592129632333,749
5135000,209.34934551350113,345.9445382681493,749
5140000,170.2256102204292,281.4625567147622,749
5145000,207.9527479742868,260.3091665744318,749
5150000,175.17420147322878,292.82450204710915,749
5155000,219.5582384721936,278.672210398149,749
5160000,207.05473066778364,378.13444245070104,749
5165000,211.05607133698015,266.6694752576014,749
5170000,214.75059275995693,314.9230553959174,749
5175000,158.31192843431938,325.84249693780873,749
5180000,212.49697264166045,370.1783636164622,749
5185000,185.31798935378873,324.262838571923,749
5190000,193.5890646683166,337.72980956483144,749
5195000,190.44524274107735,303.88140538578176,749
5200000,190.712862867291,289.3453744159598,749
5205000,136.64902442102752,304.6652324648209,749
5210000,205.24482966552677,308.49767239519167,749
5215000,181.5425824660092,352.6121966171786,749
5220000,219.1307986300191,256.84738027347936,749
5225000,210.18644416559655,252.25265127050807,749
5230000,226.8819541131159,302.3596562457164,749
5235000,200.97134497919242,361.5598568290346,749
5240000,185.5736264921151,294.9760983910364,749
5245000,203.7847114624991,293.7403820445437,749
5250000,216.72807021899933,317.648329439198,749
5255000,208.04086680370577,322.64419644225734,749
5260000,189.60430032217363,332.1133267537966,749
5265000,199.39082287811587,345.36981953472053,749
5270000,179.4961947833134,287.26771136733004,749
5275000,170.15464875068358,320.3270585557417,749
5280000,192.47618830002426,318.6520397678393,749
5285000,190.5363163125752,292.9939302669184,749
5290000,202.97562242061412,330.63786065569,749
5295000,200.8003435037707,313.93382405327327,749
5300000,182.4592466185711,337.75962261292875,749
5305000,206.5495657233778,254.58004190599254,749
5310000,177.67193045906996,267.2285114971789,749
5315000,166.31487573989617,313.31498669251096,749
5320000,181.9298966641705,250.47550977238942,749
5325000,165.7266782519937,328.6634194164418,749
5330000,213.62565042107812,299.18050807181106,749
5335000,207.15458781356716,354.2101525203313,749
5340000,172.8256222170704,329.389599724899,749
5345000,184.85107456028322,282.97059384427956,749
5350000,171.1496652982453,293.03239071389726,749
5355000,214.87809264061386,264.94532120921554,749
5360000,200.539592274137,288.96893191540306,749
5365000,198.43976686768985,310.0418087695871,749
5370000,205.74361574918674,318.6322626932452,749
5375000,154.26185281586606,311.5591502294266,749
5380000,179.07254564186954,324.18768324576695,749
5385000,192.50849960712821,255.34197686743804,749
5390000,170.07014132993248,278.1606362342197,749
5395000,215.15042328763212,304.977368168086,749
5400000,197.28519544330265,278.6922777348733,749
5405000,202.71934684488633,359.5681580666086,749
5410000,176.10536536682866,273.48272542074346,749
5415000,177.18294969013274,261.3346679965183,749
5420000,199.04617076300627,376.30751519618985,749
5425000,199.72279262814143,266.82133742804007,749
5430000,196.66685066036575,297.12555692653405,749
5435000,218.6372090905473,319.4548116609191,749
5440000,189.05216885990686,308.0223049308568,749
5445000,187.70989594297856,281.30088654201575,749
5450000,180.4933513817016,281.26128585478233,749
5455000,185.22545284195942,327.50162823686685,749
5460000,180.6763120009669,406.6598220578749,749
5465000,198.44318584597875,297.7416800326702,749
5470000,225.4971456441044,318.75850293990993,749
5475000,189.79725272163722,279.16047989673905,749
5480000,197.1996090624038,281.2797324850366,749
5485000,197.67810251377043,326.8645836458559,749
5490000,194.68476788355255,324.9777703924629,749
5495000,183.29760681243667,284.27601965811084,749
5500000,148.60662307434342,237.07196896171737,749
5505000,153.7137650029893,262.58629367872726,749
5510000,192.58592266944595,320.55205652890453,749
5515000,186.33922573922638,306.72832610290664,749
5520000,201.3420583752492,295.24693722973785,749
5525000,157.8865768023418,323.9022694422511,749
5530000,204.68337794013678,271.5347967157605,749
5535000,190.02705211204724,297.2982796625239,749
5540000,178.68548667304393,315.3873186262473,749
5545000,178.80775612102832,303.3548543477319,749
5550000,192.98509097195907,305.8429572612453,749
5555000,138.59239416311286,236.52220506815883,749
5560000,210.88556591359335,271.22347754510844,749
5565000,204.49022181903405,305.9763943287486,749
5570000,172.98687344283528,358.3259894027749,749
5575000,196.97596181514143,299.2061012892677,749
5580000,202.89545797186835,301.18494591185765,749
5585000,164.77698301782942,326.73208298766303,749
5590000,184.17320643238764,278.63270258090535,749
5595000,161.52906129233213,298.51617178892764,749
5600000,167.66518172663658,294.57990216139035,749
5605000,164.39797914246327,294.61984741691765,749
5610000,184.00627774409284,336.73660150520845,749
5615000,182.456289879617,316.58865108870714,749
5620000,235.69213896475486,376.32802729308645,749
5625000,215.96891288324932,269.1223184970186,749
5630000,164.06795371708623,331.8227223311572,749
5635000,220.94453472623505,367.72647483388437,749
5640000,177.57283809762387,309.72588187091924,749
5645000,192.8691113143534,362.44210254425195,749
5650000,150.04905477569235,248.46739392615515,749
5655000,229.91533270558114,231.11720838613445,749
5660000,181.69878595258623,352.0930675466667,749
5665000,201.1695312232872,302.1634056372028,749
5670000,142.75949942291425,313.26674357628025,750
5675000,181.65748746781537,351.0655324676097,749
5680000,203.06903757758312,252.07498340553013,749
5685000,188.6518251250078,265.9852205027366,750
5690000,193.2683046479227,293.2026112206152,750
5695000,191.74517833658155,277.54660491032183,750
5700000,169.5401983008743,332.7330277131223,749
5705000,202.2548006136408,261.0484543504213,750
5710000,181.98688007716623,282.7803638026971,750
5715000,202.37232989514314,304.0687673846617,750
5720000,206.51026385397728,276.9728955366486,750
5725000,200.91997413011157,327.3340905027252,750
5730000,164.27232704565682,352.6994176465286,750
5735000,151.35568430150065,288.99778651174853,750
5740000,200.26533871182474,383.58098572807484,750
5745000,189.7913759280912,335.6942232798481,750
5750000,177.47569494467126,247.43461715475806,750
5755000,180.4205157505868,308.89559337154,750
5760000,187.530150565379,288.84021058109136,750
5765000,211.81111504097012,318.4689364473163,750
5770000,204.8626497898765,274.2430843868061,750
5775000,209.83997116481575,292.38100046876076,750
5780000,168.30065470536846,292.50833833996063,750
5785000,205.78782661400155,253.7598722457296,750
5790000,186.6100221238884,233.08306969696656,750
5795000,180.03527276483845,266.28055914459475,750
5800000,174.21002886012036,205.53220001164487,750
5805000,228.44111257849528,371.675016883632,750
5810000,164.36503533962448,293.0467272028454,750
5815000,190.2818397339478,300.74244954317345,750
5820000,188.7358141422584,311.3730807807183,750
5825000,191.12480118019562,354.8524295644711,750
5830000,192.3189868202816,339.0252677780995,750
5835000,189.44019010650624,263.25665822494665,750
5840000,193.12373190138607,305.6797195589687,750
5845000,151.20502684422067,279.492014452253,750
5850000,179.7842699723153,267.99414384967196,750
5855000,173.63948603368266,283.53347719589124,750
5860000,200.26030089951146,220.93159278867424,750
5865000,150.5555514314337,305.31363896311984,750
5870000,200.22832739018318,238.82909635801607,750
5875000,163.20454272176724,394.27538724985135,750
5880000,147.36949307010636,291.4539168864615,750
5885000,189.07554037374393,330.77530046893725,750
5890000,200.51413295893474,315.6280729053138,750
5895000,232.60584148472128,305.0069771135905,750
5900000,204.2712816376467,284.6042590702972,750
5905000,174.08020643188385,293.3001452561395,750
5910000,226.7564901490867,348.6018677047702,750
5915000,182.5491619829148,263.6985442288166,750
5920000,195.24628949365493,369.85036795449605,750
5925000,224.78333343730807,334.64995425345006,750
5930000,163.62050053321772,292.0994322516408,750
5935000,225.19342520938213,327.9163093953673,750
5940000,182.001521536687,326.63203562113426,750
5945000,196.75617527973034,314.75713450188675,750
5950000,170.15845607945135,297.22759220061357,750
5955000,154.71336516452823,293.8787069701084,750
5960000,192.627985269933,277.5523567585689,750
5965000,195.0680692210539,264.38429117265423,750
5970000,194.97975375289664,300.76234262746436,750
5975000,154.83742726231958,328.06061400634155,750
5980000,199.567611779803,273.21032784996413,750
5985000,186.7334731136599,317.28638094075257,750
5990000,208.7891119766322,297.32364984563156,750
5995000,203.844722913495,359.879613936236,750
6000000,176.8954994635336,342.3496573394151,750
6005000,197.06093735051942,281.13378740140956,750
6010000,194.94085173493167,311.97027812142926,750
6015000,182.00182103706305,256.7685408827778,750
6020000,219.51382398944466,282.1255439467568,750
6025000,217.4050608422421,309.19804392605386,750
6030000,191.54333524842903,291.6252528889665,750
6035000,190.01450170824765,336.35339167716705,750
6040000,194.24376755653995,301.4283614325928,750
6045000,195.38542035275978,357.85562443215673,750
6050000,177.6858828619518,307.914614444726,750
6055000,210.75602962702794,325.5628153421113,750
6060000,166.98493101638678,270.16767456762295,750
6065000,170.40691303352318,323.1919662643265,750
6070000,181.99144278626832,343.00025463873334,750
6075000,217.70530049075063,290.07217426907613,750
6080000,200.42423991116522,287.07759400190554,750
6085000,122.29744628380156,328.8564681555444,750
6090000,164.70034228477905,314.72364291146016,750
6095000,186.83318365931646,287.4881476840668,750
6100000,181.5204927567708,317.60897288785804,750
6105000,181.37809139600904,311.28217000423194,750
6110000,221.35405309385177,356.07402805802536,750
6115000,164.194849287012,330.4244892270394,750
6120000,209.26712150095136,354.54992076731577,750
6125000,139.8465676086861,286.4295105936914,750
6130000,191.86283179851304,274.28128288834995,750
6135000,188.65284767636896,400.61737042501335,750
6140000,184.34668910036748,288.95842200969076,750
6145000,217.10836964025822,266.46427405347595,750
6150000,187.75445435150098,254.04520762009457,750
6155000,189.43053494622274,371.4307192267977,750
6160000,215.19586762071748,307.96656847781276,750
6165000,266.0653663314113,343.49878943320687,750
6170000,204.37207743041174,280.1841475642636,750
6175000,184.4560371889958,331.7438600753676,750
6180000,201.8272993404787,289.20000381893533,750
6185000,219.47004657623864,321.28282492421636,750
6190000,206.67924249161445,278.5375736386619,750
6195000,173.8822258019739,274.68433244484896,750
6200000,223.702316835371,397.5975194890303,750
6205000,153.7425011880433,343.3064657584123,750
6210000,214.93675651146785,277.2077913684436,750
6215000,168.86155853803552,317.2336979833569,750
6220000,208.5519915142357,298.5757279818284,750
6225000,168.2384367019598,240.99002483455797,750
6230000,185.89122256210035,417.1078853993312,750
6235000,183.83019631930318,308.23972707661665,750
6240000,207.498035331719,294.10590316909406,750
6245000,207.23896800008433,319.13553986088033,750
6250000,176.52775126733476,309.90201348189436,750
6255000,244.52383774599198,284.50630619317786,750
6260000,187.06332268251245,334.87927222106293,750
6265000,198.9484733555178,298.4057328751334,750
6270000,228.21520186446634,328.9695752819528,750
6275000,174.3554820134561,289.1731056721243,750
6280000,233.44878757934515,248.4764194824178,750
6285000,225.242040215271,319.57464530547685,750
6290000,170.33180355517908,282.9704274758119,750
6295000,178.234142624079,301.4013553714404,750
6300000,204.58538129269675,359.3245009676261,750
6305000,211.01683793179967,252.3944610646715,750
6310000,204.25998189926366,304.7487842649166,750
6315000,204.26085455767247,316.0880397190175,750
6320000,212.50520572708336,327.5098466281862,750
6325000,193.8236456479248,249.14893188015404,750
6330000,202.31122317043713,255.513291205614,750
6335000,182.80423513572813,290.5605243902759,750
6340000,244.47447742212958,308.06175182149315,750
6345000,187.26933069010252,344.27597886898195,750
6350000,184.09661485028033,295.5773187972205,750
6355000,167.7281943785204,331.1665151224723,750
6360000,164.87121100447206,288.3674695172403,750
6365000,198.1246686489609,347.68537237587105,750
6370000,192.47401528594088,329.291507211656,750
6375000,185.32197609169972,275.29846448472875,750
6380000,142.81014559645342,361.1469200324041,750
6385000,230.6189625943237,330.3088034004581,750
6390000,146.7374617525069,311.8559190118479,750
6395000,210.32054371901856,335.48021375682055,750
6400000,191.42713957884197,341.9578342275199,750
6405000,219.46661161250927,265.2376745997434,750
6410000,220.20919345116792,275.45525211671384,750
6415000,181.3314509913643,272.77012425312466,750
6420000,196.8863744900116,303.1357653266058,750
6425000,204.48052552103997,267.28966820680523,750
6430000,184.3327858370784,321.93802671660893,750
6435000,207.3870581519134,314.7141799145474,750
6440000,161.12430828973623,280.16768789292456,750
6445000,208.06831983489317,305.6158022455319,750
6450000,187.33819396546494,309.99798355944387,750
6455000,158.91389326263547,289.8337563665788,750
6460000,181.5325833816989,333.5389149220793,750
6465000,167.53088419151914,289.24007163836825,750
6470000,210.0823876827528,266.7814859108945,750
6475000,194.64563121707556,243.78076475095972,750
6480000,226.57518504148126,289.50908399680515,750
6485000,171.42952325006897,329.675334926143,750
6490000,218.36484479016798,289.4623944228579,750
6495000,216.02869607284205,324.20439854873496,750
6500000,216.2110188661414,395.1345597925691,750
6505000,203.32084534616502,362.2918916431334,750
6510000,197.5275080195193,343.8090070392888,750
6515000,214.09653883276712,271.3624537439037,750
6520000,223.73549120835787,370.357197702645,750
6525000,180.89721141175775,312.55478659098367,750
6530000,182.95330123740425,277.1107227883579,750
6535000,186.86118273052313,281.75586401287563,750
6540000,217.8600537098616,315.9685429845263,750
6545000,202.35629968910354,384.9100651845339,750
6550000,141.24830390530556,239.0238577160613,750
6555000,196.35968533796782,367.17281602486787,750
6560000,157.98072608871098,340.01882978163445,750
6565000,138.00822491217238,261.6542456363806,750
6570000,187.5596023826664,325.5459506681529,750
6575000,197.83487203105403,345.20220306836535,750
6580000,152.6594799719682,283.67239156828845,750
6585000,182.61487094603086,351.27196547492974,750
6590000,185.38681718690756,267.61605853679157,750
6595000,176.79259329701577,370.62917264752974,750
6600000,183.85078877657642,366.2754388779568,750
6605000,190.97835724619364,331.4419149166562,750
6610000,176.9433854008111,267.66226011400806,750
6615000,204.27414350538152,271.5107664662612,750
6620000,152.05067685971483,298.4869349231724,750
6625000,175.7967867856019,253.4920392546381,750
6630000,172.90281815779443,363.4422102173225,750
6635000,183.41229673873283,292.27332983035996,750
6640000,190.41993394456412,442.79632131282307,750
6645000,188.8553273896778,288.04308267758086,750
6650000,173.7932689696642,262.64009587143096,750
6655000,189.3252717204134,326.81096800170843,750
6660000,192.2755537879742,291.46683952023295,750
6665000,193.44015411398823,283.27693747412667,750
6670000,168.1895847479823,274.3886871412463,750
6675000,168.6950780324969,294.7481978490454,750
6680000,179.97934278927372,279.1210567460745,750
6685000,172.83921542584923,285.78523886913075,750
6690000,218.69004481048017,307.2727579280573,750
6695000,187.06449308620316,329.17143812467947,750
6700000,198.49566513812408,278.66140892387557,750
6705000,197.96502037825655,293.49494306378995,750
6710000,187.97931425030512,292.55156801321846,750
6715000,192.50306735043876,282.13412669334775,750
6720000,227.39362259528275,351.31027795286633,750
6725000,224.9041473427859,297.55112188179663,750
6730000,159.73793038652946,273.621639663999,750
6735000,167.67788124283575,345.13188264097147,750
6740000,187.00527538769717,248.68440871412432,750
6745000,194.38683923994316,242.49150696023835,750
6750000,203.87337183852065,319.2942057907548,750
6755000,169.1885461881733,310.960243437582,750
6760000,164.2363386797129,293.0049967163313,750
6765000,172.8452152754633,299.5355112687751,750
6770000,192.10048360075498,326.75712651091817,750
6775000,214.20130627733977,295.50237735335907,750
6780000,215.23087170163353,334.3316145065678,750
6785000,163.14731234525067,299.86983638937284,750
6790000,173.5700032488123,311.6449977099687,750
6795000,206.56289048093595,269.33233955182857,750
6800000,145.8561311706391,276.11990227436667,750
6805000,185.6869691078708,300.979869277679,750
6810000,181.93712399783578,246.8960336326539,750
6815000,181.9363701591691,290.28929258317567,750
6820000,189.66805292743453,282.037742688069,750
6825000,172.45425338686934,354.8456696985661,750
6830000,165.74472377815115,277.61421077319034,750
6835000,185.68860699778475,295.5594749721018,750
6840000,204.86319025548266,314.0729995228561,750
6845000,171.77836703803197,229.72392970699013,750
6850000,198.23146653832328,343.05133400770495,750
6855000,210.6791884489483,225.7373579865486,750
6860000,183.74971706124867,337.232416163848,750
6865000,170.62483826604517,296.08681482233794,750
6870000,217.1424245738252,303.9619443585033,750
6875000,223.64944810623032,355.21663533768464,750
6880000,203.89630821325613,378.34870853604593,750
6885000,226.8799392049237,297.19578185999745,750
6890000,226.88916244348366,349.79343800498424,750
6895000,177.77457091376718,268.8649858993481,750
6900000,169.58262743581423,338.30725785616977,750
6905000,193.18673469771633,251.65382177712698,750
6910000,192.54112223386147,306.0692900123256,750
6915000,224.9449011713559,338.5104863691872,750
6920000,202.41084872019036,309.0700389688894,750
6925000,182.89723340728582,364.45534873670425,750
6930000,187.8704199089681,357.84942774621396,750
6935000,152.2285482194946,314.0722955013469,750
6940000,174.95913227210312,282.0683081797464,750
6945000,214.32308922243857,302.00906684518856,750
6950000,161.6559038242883,349.4099499062533,750
6955000,162.62534115558506,305.84738751509167,750
6960000,204.24891607374076,308.77158905733177,750
6965000,200.27685135212906,401.2476599965597,750
6970000,222.42279724502092,329.6699400581114,750
6975000,208.95008012343223,295.3850265006964,750
6980000,152.66994682014268,280.57385913629946,750
6985000,180.4835699521747,295.3711986288236,750
6990000,178.51430728150643,283.0521726919123,750
6995000,209.64719518094455,304.16934815658396,750
7000000,192.87225281540992,333.05329619294474,750
7005000,165.81878710810054,340.4644775226737,750
7010000,170.01830140333604,266.97058729992904,750
7015000,205.93906561364798,332.6694213837436,750
7020000,156.35225711022244,223.04254331651688,750
7025000,156.45828764250015,288.3769328229489,750
7030000,174.85635299075312,306.4623257688073,750
7035000,172.45648900515397,311.2720003939829,750
7040000,206.5072794751851,342.77277303355595,750
7045000,229.70571680448487,307.47451968267376,750
7050000,183.1432791425564,346.714735989283,750
7055000,170.74832997506115,270.7436593600449,750
7060000,207.93929712793405,323.39180793669357,750
7065000,206.78866174208667,243.4110016286669,750
7070000,176.45388106310392,255.92410726409526,750
7075000,145.0468361483655,272.80355867898703,750
7080000,169.81497731378576,299.4276188954565,750
7085000,197.59229080015643,296.47146794793474,750
7090000,167.52529078867795,368.5516563336423,750
7095000,177.19204016129882,292.5837972375108,750
7100000,245.22705567846734,309.30152474665374,750
7105000,201.53292516466772,319.94390617568865,750
7110000,203.2654482724959,315.79786574373395,750
7115000,212.89593977181536,310.33637114761467,750
7120000,206.10242784102155,339.30991219328575,750
7125000,178.94074652106212,301.6174820920353,750
7130000,144.78580308437034,309.0656705175431,750
7135000,168.84624295976005,291.5369055691196,750
7140000,197.7412371776432,298.5314773725455,750
7145000,187.0954596749713,286.1557168238289,750
7150000,193.2975408348014,344.1410860164146,750
7155000,158.40189247381826,332.6226889186365,750
7160000,198.06896298069125,362.5636191493153,750
7165000,183.46203107582426,336.6433579182993,750
7170000,189.7062796439016,269.6874160662936,750
7175000,170.5118908573783,341.6701035574879,750
7180000,174.64909223421353,319.6799027238753,750
7185000,190.80182399421017,286.14914303201357,750
7190000,209.36434600684387,320.8818243092313,750
7195000,169.69543408706636,290.21210468362403,750
7200000,179.4748777264049,333.63519362928247,750
7205000,196.5694041845618,295.25680606157175,750
7210000,157.01248028172623,302.8798208967132,750
7215000,173.76454431269113,256.5786465523033,750
7220000,167.79514219587668,274.92167874290226,750
7225000,201.6194379634677,318.39434936103066,750
7230000,174.59890326138532,289.423776750206,750
7235000,168.7120367368995,294.09045451958724,750
7240000,189.9736691339256,341.08052964268273,750
7245000,176.0782712569444,254.8428756618063,750
7250000,167.6591123885488,280.52369476713545,750
7255000,217.38314054773318,351.56965525463147,750
7260000,216.65292209768288,289.85460609181956,750
7265000,170.1407882061756,332.15458692142914,750
7270000,163.3571410855278,304.366372108386,750
7275000,213.7864879894508,322.02952814072194,750
7280000,192.13355909381917,263.763622870834,750
7285000,176.56129533416458,263.39342285855355,750
7290000,169.0411232179657,293.03121108673787,750
7295000,180.08824068130485,317.68673584851973,750
7300000,169.79244049406108,262.15039045993024,750
7305000,174.93393135548857,264.0372164314738,750
7310000,158.7252605047361,342.62250958340263,750
7315000,192.17664200552247,259.4764669021475,750
7320000,172.8380696127449,280.6466479572382,750
7325000,174.0798589840272,312.552560377591,750
7330000,185.68433242087144,314.02509492670646,750
7335000,193.6564690030715,272.11228146606834,750
7340000,214.19729914062174,339.2342942898074,750
7345000,164.15509676972462,274.4341206136763,750
7350000,161.41675273002,337.2673125669842,750
7355000,183.53993892160875,318.7097766953839,750
7360000,166.24995947539284,317.2610205738788,750
7365000,180.23953753424487,301.8440089470347,750
7370000,172.0594859954566,309.93013488139496,750
7375000,212.86830135798888,385.62263285146224,750
7380000,225.00605028139182,326.20597989539954,750
7385000,187.27859107220237,238.30784912135502,750
7390000,221.66216075850102,313.77647317929325,750
7395000,189.63905474245098,263.9907571971581,750
7400000,163.37992752279212,304.83087095453817,750
7405000,199.14465959876568,312.56884183455736,750
7410000,190.3209897966959,298.25093767426733,750
7415000,215.7620646972323,275.2049347741588,750
7420000,189.04659877085635,283.0570078835221,750
7425000,189.64993903774442,329.03325422310724,750
7430000,172.3712570909741,283.976499101665,750
7435000,184.8283450064712,272.9081249971517,750
7440000,176.60629861574355,290.7884752814196,750
7445000,178.85390360367177,284.06437432988605,750
7450000,189.16838260527965,257.4219879925496,750
7455000,223.7280721760672,318.6432877329537,750
7460000,219.67545652377527,361.3301038187464,750
7465000,188.1168143769941,304.6122913388154,750
7470000,186.52458389270535,274.9524488301715,750
7475000,208.45582420881465,362.38213001167816,750
7480000,175.6945949232741,265.00115132448957,750
7485000,186.3001780968605,256.59601475339474,750
7490000,218.613794702294,309.42373997605824,750
7495000,194.4244037216767,320.73048735919673,750
7500000,183.4365876697358,254.85194493202752,750
7505000,221.25969121913627,277.070591700681,750
7510000,214.05722378314627,344.0325116788296,750
7515000,186.51815739982814,317.25189651482543,750
7520000,198.3769417734606,260.87446988667097,750
7525000,160.33700890533459,270.4848428948002,750
7530000,172.31511616601418,350.08879266235283,750
7535000,180.44197990226738,253.62520847078278,750
7540000,187.385902411987,260.54717865682886,750
7545000,187.40112413678355,376.8515220819082,750
7550000,181.21187322728252,281.17571492914703,750
7555000,207.59651414789155,312.21830394066797,750
7560000,230.78403617902205,318.9732731112024,750
7565000,199.85893198702811,276.0544109980277,750
7570000,195.03540921272767,321.5977133501653,750
7575000,176.43949800938427,240.05748180255603,750
7580000,180.6238172082596,237.19586034430174,750
7585000,203.901788044752,323.3843820259003,750
7590000,167.71760092420004,247.50042066972944,750
7595000,199.05624444245586,314.76223387652465,750
7600000,218.3765181212756,298.1578647532498,750
7605000,178.00584218173236,276.46336803802683,750
7610000,179.2601645115645,325.56174107974795,750
7615000,178.93004487046676,238.7516964431749,750
7620000,188.0006981681032,267.72038340782905,750
7625000,182.04579109494952,287.59083600415465,750
7630000,182.17991380401835,318.2077274613179,750
7635000,146.73296885319135,295.67144652112023,750
7640000,192.56873274122862,279.4644826723302,750
7645000,184.4975404387256,344.6579649775662,750
7650000,199.6398092974391,252.4160151205157,750
7655000,177.58153470816592,234.06146053944286,750
7660000,219.67675683832206,352.7085334012479,750
7665000,206.1523476230134,384.2695451213297,750
7670000,181.31955964267792,291.8716495367948,750
7675000,173.59135590312215,273.1926549415289,750
7680000,213.4912432486708,276.6326977390129,750
7685000,194.63196089129366,281.5989886684487,750
7690000,207.69644085800584,285.78717576380143,750
7695000,202.68416431779121,313.6021643483544,750
7700000,201.44834379404202,332.9283300098712,750
7705000,181.13318150463337,299.49794997567136,750
7710000,222.1190244178014,338.002177000999,750
7715000,204.9327984843756,300.00158891016144,750
7720000,187.5047187359362,266.9712423864937,750
7725000,196.7314388618691,269.5479292679038,750
7730000,161.30664281891023,211.44651122083184,750
7735000,176.3029726810353,329.1241444595774,750
7740000,228.74573291700693,296.82534426904937,750
7745000,173.83367211337446,238.21253394917736,750
7750000,208.45970082434442,280.5299529490342,750
7755000,189.45455116390406,290.3373073397291,750
7760000,171.98716314716467,280.1090926403017,750
7765000,198.65718699751204,236.59001615153883,750
7770000,219.15747534611188,270.274222646108,750
7775000,189.14054678419058,250.43114903632184,750
7780000,185.40729387381836,351.58550332025374,750
7785000,187.37773470718346,275.0056868166495,750
7790000,220.5290625431697,336.110848905989,750
7795000,138.5310456784312,354.4270336141387,750
7800000,196.3634132420242,361.7740151414276,750
7805000,192.43247869343926,292.66028624072777,750
7810000,179.98300812259794,286.63472090244255,750
7815000,198.0775687916348,333.0201568126715,750
7820000,237.951705472153,321.81278077559404,750
7825000,153.37736531543507,281.1022601191955,750
7830000,184.75642597209927,277.4162620847158,750
7835000,172.86985275568003,379.3403410132926,750
7840000,233.99765896740956,329.5205790776088,750
7845000,206.67369676551013,291.49473760551854,750
7850000,183.45387679440907,282.0392118454801,750
7855000,180.7779353381209,280.528858417683,750
7860000,189.96502137427086,374.22767089518067,750
7865000,181.05259178473383,218.00714984530944,750
7870000,173.7286935208644,330.0475793921409,750
7875000,207.9969827028272,255.34992341509948,750
7880000,185.62064039808294,270.70054646383954,750
7885000,178.16591620442517,314.5234405744912,750
7890000,176.33776177490552,302.4478836213589,750
7895000,190.3819169512778,307.7495350323638,750
7900000,188.24770641492066,357.31416426795107,750
7905000,214.0229926377293,222.27070772659062,750
7910000,206.46841828296948,254.52266268944308,750
7915000,188.56902015694467,384.5769364856202,750
7920000,195.24848250651942,297.29674923772336,750
7925000,212.82184303526648,290.7636577825093,750
7930000,211.76438933165147,280.8780210251795,750
7935000,210.48639503915922,265.97415561637547,750
7940000,181.60526881358174,273.4984697347796,750
7945000,190.47261019340337,264.1401641614526,750
7950000,227.79957997126303,329.2564325906487,750
7955000,166.27310297982814,338.3688854179239,750
7960000,182.5755752725429,345.3626930199344,750
7965000,178.19389495614956,336.97991640578834,750
7970000,187.88649027450742,310.35102820808345,750
7975000,165.13243129029627,361.4391968416192,750
7980000,158.39176236812148,275.1740242500261,750
7985000,203.2056412918879,248.43219401202776,750
7990000,167.45399519327358,304.99431248055214,750
7995000,168.54400845519268,277.93416789523724,750
8000000,181.46428507681912,319.2313139290182,750
8005000,187.91566438427145,358.7678409534087,750
8010000,171.10393458413893,352.72710592413125,750
8015000,136.09802893883588,315.288017864595,750
8020000,204.09017724927278,288.76158001350103,750
8025000,222.9987004146869,352.24423044782566,750
8030000,202.59289385665593,318.7765103339701,750
8035000,146.19231337347162,323.0196168712717,750
8040000,172.11936406943545,290.33115807876095,750
8045000,187.79457846828268,355.2217183686504,750
8050000,210.22696756039213,390.99665049123934,750
8055000,204.03444865863707,294.26208592704376,750
8060000,183.7101942736438,263.64219568875495,750
8065000,214.2186734093906,323.48073455650535,750
8070000,216.62330480549537,257.300297978877,750
8075000,220.87523780646643,350.8159306306753,750
8080000,218.26002736350932,391.01275688616687,750
8085000,221.1988346633779,266.8389175211843,750
8090000,184.9981354697244,321.0851708941011,750
8095000,173.41353111636346,338.94231679630946,750
8100000,206.74933848303021,314.3390072901487,750
8105000,199.24919200264986,264.5421584079277,750
8110000,158.08868838987053,257.5346215993263,750
8115000,217.67134925767982,392.10930994684963,750
8120000,200.81512431073153,284.94953654222746,750
8125000,210.30683154237792,316.0554133355213,750
8130000,168.6076804392834,295.5796884339421,750
8135000,231.23156785309848,270.5111965137042,750
8140000,244.74016142383377,321.6287598552956,750
8145000,192.9183049732615,341.79691659845264,750
8150000,207.7743705055032,344.03285092181187,750
8155000,178.70325907951343,339.28407477177643,750
8160000,205.63039823490462,304.7637253479309,750
8165000,193.11140529816032,290.879971289194,750
8170000,182.23940508109246,325.4796913137018,750
8175000,190.10505625369134,382.11857158444894,750
8180000,208.13295454079082,335.3012010864852,750
8185000,186.4567634221205,335.03351157986503,750
8190000,230.4007397971677,332.6728192870339,750
8195000,173.93810883351955,303.45323415107737,750
8200000,158.82755163095396,304.91135875509735,750
8205000,190.66171539888978,313.5173373897485,750
8210000,179.70529797061582,322.50330683817975,750
8215000,183.08275534533922,350.14561450022046,750
8220000,176.89197842451634,284.8031330808962,750
8225000,195.79493140828927,259.09150306687377,750
8230000,192.20263452410342,321.92727190789486,750
8235000,220.3692772298519,248.66475076319742,750
8240000,174.3771288060205,264.4804872950213,750
8245000,216.53406877052169,245.71800994485434,750
8250000,206.9606827467072,320.9553395003244,750
8255000,199.9694943460442,333.4785061363832,750
8260000,217.60552038600312,329.568519982208,750
8265000,197.49556529790172,306.40362497284127,750
8270000,178.5487367279201,323.04138679339553,750
8275000,174.09436992173795,240.1936762996485,750
8280000,201.76684171962142,360.6407037256124,750
8285000,196.18422041348467,381.64348827082074,750
8290000,180.80635691967228,302.6088740885446,750
8295000,197.07848385307963,278.2578376586592,750
8300000,185.35632869362598,299.42928572109645,750
8305000,201.20819718197725,292.9407929668976,750
8310000,179.6270082210756,327.0279190902596,750
8315000,162.2585356838702,327.11650867246163,750
8320000,160.56614374625744,341.8603015555837,750
8325000,158.98566027045064,268.43708071860044,750
8330000,239.127385117135,320.8102494453962,750
8335000,187.24473533396588,284.0526958674624,750
8340000,202.52243002759687,292.8963338852711,750
8345000,160.60899897060884,312.03115157070164,750
8350000,179.07163896031778,285.07382190892224,750
8355000,176.39613541648322,270.5665234690413,750
8360000,200.18218682231134,290.7422747131156,750
8365000,211.96508377627367,331.95160355740416,750
8370000,188.53240866681008,281.5072953761596,750
8375000,178.07575898978104,350.80691228470346,750
8380000,200.27642251761412,333.51657167653224,750
8385000,159.94976087600486,341.3759295783642,750
8390000,218.18884979927162,270.9088834476163,750
8395000,177.06395222563896,335.8594885040971,750
8400000,198.25395278936955,269.2190401592743,750
8405000,164.74556344307157,376.3348325592992,750
8410000,193.96734935964687,255.48443559675616,750
8415000,167.4903398468157,360.01278641407345,750
8420000,181.21097292832664,257.9017180416318,750
8425000,213.4512705265486,354.19459163359505,750
8430000,214.46901384539777,334.14065233654003,750
8435000,173.50116202337173,287.31433428965164,750
8440000,234.05320350670092,305.3264601709109,750
8445000,170.66856619559547,287.3688940845779,750
8450000,178.4866267241347,360.712187525989,750
8455000,190.24583075178614,285.21433117938193,750
8460000,202.71526661185578,329.7919890444087,750
8465000,189.67159164258806,373.443584688038,750
8470000,175.39127510402392,275.0501794200322,750
8475000,195.89573595686875,270.14558785585353,750
8480000,172.10221801915537,275.3213350640776,750
8485000,187.1632403428272,269.18495034477326,750
8490000,144.27971522415305,295.0471195134126,750
8495000,173.77929424179766,293.71063561246183,750
8500000,156.31463607197284,251.902093728133,750
8505000,228.82718080232885,356.2475384633587,750
8510000,185.90527901027548,296.3808458317432,750
8515000,198.3080351511874,304.50777878319184,750
8520000,159.45462435616253,333.41064445763874,750
8525000,201.9210659333658,289.4531729069612,750
8530000,169.85520753052595,241.2863071102396,750
8535000,210.67682712064604,358.4018865356723,750
8540000,189.23694629886435,273.85554590183517,750
8545000,190.09661879457462,330.45899389265725,750
8550000,176.16684755352892,361.8334744356784,750
8555000,182.9701835257445,336.59668736755043,750
8560000,208.5620133486745,314.325076217134,750
8565000,210.8639780746246,365.9664648550389,750
8570000,210.34321898955747,326.6277874642507,750
8575000,186.67294830722926,363.63922197235473,750
8580000,194.81324528422113,333.5618496121805,750
8585000,181.30539333571363,332.6231822694149,750
8590000,160.8269207512935,303.9376170534887,750
8595000,171.99689964200712,296.1207209097053,750
8600000,205.38659108232605,295.4371530121903,750
8605000,176.5346023710026,344.32588016244557,750
8610000,188.77403480858663,271.51834972837366,750
8615000,189.2953397566166,292.2004115247662,750
8620000,205.2936828231405,273.27211732566934,750
8625000,219.61616687245217,239.23398972455328,750
8630000,178.34818146997435,277.9026522725719,750
8635000,184.19389232286312,327.61766312736034,750
8640000,165.10986005889302,356.6659324898898,750
8645000,205.14762237471385,352.6656352107016,750
8650000,166.41177551923587,283.80227340897363,750
8655000,228.8631579186246,289.6834396170225,750
8660000,164.61734587351557,316.47562402273184,750
8665000,159.9396900852693,298.2940153334165,750
8670000,192.08976002392922,284.70225326907837,750
8675000,182.45036287836263,254.40526609464587,750
8680000,173.99698313098847,247.84172017319565,750
8685000,194.04448417179574,274.4298749063125,750
8690000,182.17255306291938,285.8639423896454,750
8695000,214.07226086596228,278.74352986528834,750
8700000,169.09274245997187,295.48459018458715,750
8705000,203.0650038323232,303.8638740353167,750
8710000,196.55084649842578,282.95940681377107,750
8715000,249.1036211204734,341.42372667230234,750
8720000,184.48299214218733,316.10638157675925,750
8725000,205.26016579417,329.59839389979777,750
8730000,171.5868145349638,311.20912987526646,750
8735000,227.0765357163564,277.842418395282,750
8740000,199.97316688708588,262.43981537318365,750
8745000,192.1959624765198,274.5097470393507,750
8750000,192.8608737884418,316.33930972755104,750
8755000,206.8596482422136,341.32321925249425,750
8760000,214.12610197602876,323.55998036064386,750
8765000,158.21350892436752,330.7792144864501,750
8770000,234.1512079643615,336.31531744632275,750
8775000,227.5479059741946,334.795526218115,750
8780000,169.38368615880924,272.3231193219048,750
8785000,210.10320505980886,270.6110385072037,750
8790000,216.24396280716243,372.2002947839179,750
8795000,178.6519786363803,302.9949086780454,750
8800000,203.78707275243582,283.41346914846815,750
8805000,191.45127796224688,313.8664142478317,750
8810000,160.37444199800996,336.16382133344314,750
8815000,176.5339674529505,322.8389567063216,750
8820000,178.75811988196787,274.24791133739575,750
8825000,179.83675097993157,305.4897187376504,750
8830000,175.5430166393374,308.6569683866268,750
8835000,197.55717402020178,328.43936955766515,750
8840000,189.82434602864677,275.88136807431283,750
8845000,159.25565415096347,263.70303345624575,750
8850000,199.55935725187112,354.4639965584229,750
8855000,219.7609627859697,344.30092975019926,750
8860000,182.74760700423843,300.49846373410844,750
8865000,202.20932885719662,300.4187926477293,750
8870000,164.73882958859355,226.84285338964057,750
8875000,190.5993501043369,358.3797939369021,750
8880000,240.1571390608714,340.5207946008476,750
8885000,221.31696976523747,359.40828137670064,750
8890000,168.3927102319495,290.63876753867197,750
8895000,206.01926688041019,299.5626018888957,750
8900000,227.64656967535558,284.02445094813027,750
8905000,205.75299543553461,363.03898326126074,750
8910000,200.36818789208678,299.0467258502026,750
8915000,202.45660914082717,339.85595928480376,750
8920000,155.1084257188361,247.70325493284926,750
8925000,215.45877883079527,290.9721114173793,750
8930000,188.99183043544866,394.2746861395185,750
8935000,207.5909651385604,303.58834242712993,750
8940000,172.91371448256277,328.66995834295324,750
8945000,173.4275471341963,304.2566767754061,750
8950000,166.97791550480477,231.18941578251486,750
8955000,185.4243793507337,276.91757016476873,750
8960000,194.98449494021952,343.68558220627904,750
8965000,192.40124781782936,273.55911686458205,750
8970000,196.87464790701875,351.9085605762221,750
8975000,168.39104447509925,312.6910764802212,750
8980000,166.45416792851177,357.05004723574353,750
8985000,213.02781056783385,359.52637889068944,750
8990000,182.8898294007464,271.0924700439303,750
8995000,180.1246887097711,312.1341015072233,750
9000000,193.88759515414674,268.4587918066967,750
9005000,157.55374734872427,279.0319580473476,750
9010000,163.61628596030786,283.64348479227027,750
9015000,172.10981492966673,304.61176547950885,750
9020000,188.35001527260442,297.81154514691264,750
9025000,174.10893963887565,259.49284126285096,750
9030000,191.29764000157905,348.30607152438597,750
9035000,206.48077647102116,231.46917902940731,750
9040000,188.19664032851725,320.33950573584247,750
9045000,197.1954888802881,334.5358955979971,750
9050000,183.21525452930013,293.24499139652966,750
9055000,238.94200486452465,296.72609515321784,750
9060000,206.14925555802205,270.2875983297963,750
9065000,212.29055706597057,306.6210498475186,750
9070000,161.80759652230358,260.3143632014699,750
9075000,208.22743760823792,328.8440158670506,750
9080000,189.13969259278414,313.19018308840134,750
9085000,228.88640057936843,274.576819316805,750
9090000,149.74402164290058,342.83669750695014,750
9095000,197.1358215040958,353.54930495531755,750
9100000,231.26915714267332,272.60291982463457,750
9105000,209.54617138120554,310.9658717659282,750
9110000,160.10456675703423,305.33890364300936,750
9115000,211.01307990519933,273.19764101020496,750
9120000,160.33520424119288,322.6041911352926,750
9125000,220.15688644071287,298.7134524358305,750
9130000,150.3950177169422,286.25413898786405,750
9135000,208.19369783117975,382.18890720495455,750
9140000,204.14671529897748,336.87826643177146,750
9145000,166.64117037659628,273.68687056872676,750
9150000,180.73535656064774,331.2606912791644,750
9155000,188.63228135621068,291.17459775154475,750
9160000,169.32271285091358,224.30984177580302,750
9165000,186.65472750807902,276.9505779174825,750
9170000,189.69471846661463,271.56639649831834,750
9175000,186.62619675707123,270.3003945186312,750
9180000,168.96927028607013,358.50267292293586,750
9185000,206.02078844057436,311.4455485926477,750
9190000,178.46785099406395,245.7513983224365,750
9195000,182.5744593069859,340.11831111137167,750
9200000,215.59547576853913,347.79988871950275,750
9205000,207.40002004264073,330.5641174214408,750
9210000,185.51642348934521,275.3276266036785,750
9215000,198.69479851911663,247.2285446061374,750
9220000,216.86971205869386,302.1263922959594,750
9225000,203.77036197727665,336.31774372614495,750
9230000,195.22159598800388,321.3959077055692,750
9235000,185.71015135805672,311.01062556429827,750
9240000,170.31430013076067,343.062554072293,750
9245000,188.79127891551767,302.8803948842766,750
9250000,174.42180103042867,286.7876497399462,750
9255000,202.66435188424256,275.37722559313937,750
9260000,167.8664069565213,287.8689844959389,750
9265000,206.3689921432799,300.1296188426456,750
9270000,173.75842739896447,310.44442479899226,750
9275000,238.3942605047976,288.2155761643393,750
9280000,215.48833704171147,298.2042061012041,750
9285000,211.4399457175376,334.01162592196806,750
9290000,169.49542172821407,283.5348234066764,750
9295000,180.50732936676775,324.7114430770878,750
9300000,168.71387529005978,316.41699142793345,750
9305000,192.9446454260943,301.44031838413525,750
9310000,181.62469336991595,252.8758497504347,750
9315000,182.6385523278736,308.0338934688417,750
9320000,173.72678861240658,304.55029275152134,750
9325000,159.01168450072674,372.0251564157844,750
9330000,162.26919262916738,287.0108075203905,750
9335000,216.0246334475699,290.9317175646095,750
9340000,208.86707564077594,352.9828851727689,750
9345000,181.29993600785943,305.67944153197567,750
9350000,191.14463034298444,353.61889735164175,750
9355000,216.7851578342954,280.28134330527536,750
9360000,195.18295443842925,271.0165460252464,750
9365000,164.8001410969323,268.54782431768405,750
9370000,216.4949823537062,288.6401849334457,750
9375000,182.8022407123114,367.56247539831116,750
9380000,214.0252763366543,308.86572211260994,750
9385000,209.10410234995868,286.58104133999785,750
9390000,165.10551470202648,238.15232712115045,750
9395000,197.40336908588296,306.04853565943444,750
9400000,229.98411052226174,302.99179874421907,750
9405000,229.6005198877956,294.4877716922487,750
9410000,193.41109433492872,246.18732170451557,750
9415000,217.13444280258534,269.81491597425105,750
9420000,162.26236038681222,254.57902630410206,750
9425000,193.56114761047434,259.89321824843455,750
9430000,212.68204410737656,333.96799687119346,750
9435000,235.52203250558995,255.02897415091607,750
9440000,182.39160237343066,236.07346612908765,750
9445000,151.62874016895427,274.89344085316634,750
9450000,202.27003181665197,307.2818731502827,750
9455000,177.1703098452938,308.6061580780321,750
9460000,167.93108976987165,266.4914014197185,750
9465000,211.27046200324236,319.27483315338316,750
9470000,190.5022951116277,302.89447990532847,750
9475000,214.72618126725595,273.84097919833647,750
9480000,209.25035592315453,246.10241929380797,750
9485000,176.65001832047273,334.06052809932817,750
9490000,148.86240166882513,267.1248569037722,750
9495000,192.24184268028262,270.56711457984864,750
9500000,174.0599832875819,266.5534252414063,750
9505000,189.41123688740475,306.30028262694685,750
9510000,171.4887761935923,287.4536809295526,750
9515000,190.52415401257053,331.3427901559361,750
9520000,177.21429819115156,329.3496165733954,750
9525000,196.27740320869373,211.48684839426332,750
9530000,214.68071310455338,331.36452566218713,750
9535000,164.2669486533984,283.5449363373937,750
9540000,189.4034849848411,298.62191303315456,750
9545000,156.56526869845578,350.4042344426991,750
9550000,165.65094924171714,258.8912324144717,750
9555000,193.93837369464697,244.78176626207232,750
9560000,180.82700008532115,260.761168219086,750
9565000,173.53840206713252,312.56970340432497,750
9570000,148.01072222301008,291.3582073633133,750
9575000,213.49976306044277,272.0272800932915,750
9580000,195.51258046215307,316.6036324827645,750
9585000,210.9247750374788,267.42407523965005,750
9590000,189.0191425700148,288.7542057169695,750
9595000,208.58100837999166,347.6291080171098,750
9600000,180.7904768246312,374.5755632936271,750
9605000,165.08442412605558,308.07844982075414,750
9610000,199.78665423130656,299.12650340142534,750
9615000,159.3548675184389,263.8374686386132,750
9620000,179.66127827289006,223.58131127788994,750
9625000,185.39834528932357,275.4567244843339,751
9630000,224.22236213480528,312.74914757944117,750
9635000,158.25235376209685,349.1123937226906,750
9640000,158.49425203594157,307.7340607559579,750
9645000,190.19556246671175,326.38676737238677,750
9650000,223.34026787326493,299.3484199858231,751
9655000,181.4304334492943,261.0993340638431,750
9660000,171.1895151019264,288.9618130829835,750
9665000,164.791803490351,326.1442593795049,751
9670000,193.72084051140118,300.60245052201157,751
9675000,196.89226700959068,312.3210786458328,751
9680000,196.7996116027215,302.7993969658658,751
9685000,204.52850767884766,302.47536642103023,751
9690000,212.1700648167291,317.3421537415695,751
9695000,217.26759705168593,330.91585479036166,751
9700000,174.2830138717142,305.80139200208777,750
9705000,206.02094450173053,330.19346990804945,750
9710000,203.03312786010324,259.6475146530016,750
9715000,171.98036169711855,248.4848295535672,750
9720000,190.85143554200874,272.22178691614874,750
9725000,206.60586876300536,283.62630899772046,750
9730000,187.9521957556442,344.43155721362865,750
9735000,167.20599685760754,230.802389721998,750
9740000,200.9297687939221,324.9881677859219,750
9745000,147.1687598778323,335.00986988496925,750
9750000,184.69296089131967,327.3333905238982,750
9755000,187.26305056172436,288.65613209462293,750
9760000,164.3259848167881,289.1114597877231,751
9765000,170.41890017869775,323.96279319742285,750
9770000,190.0612397036807,324.0800593114121,750
9775000,216.75832551645112,340.05702875786886,750
9780000,196.0789958505461,337.5439657849481,751
9785000,197.0055509499591,304.03778239755786,750
9790000,174.80088076293268,260.58836489127617,750
9795000,164.08923909516392,264.2674541084865,750
9800000,190.28931738081513,298.3366933096164,750
9805000,179.93566731539482,275.844635497512,750
9810000,203.06252350778493,354.14363007450197,750
9815000,183.1339802226639,281.611772361592,750
9820000,178.10202077615995,310.6491997979455,750
9825000,198.54518754651056,297.9033397608855,750
9830000,177.52024517100952,330.89153234655316,750
9835000,200.23404091118334,310.9996506210985,750
9840000,178.49865167587538,270.59938187610766,750
9845000,200.28682831967188,301.69145005008266,751
9850000,183.33745177874755,326.3282093395597,751
9855000,176.7466371029749,326.0148352965991,750
9860000,188.1206775320221,321.26675317289425,750
9865000,191.91704215838794,257.1843998737678,751
9870000,184.87284867134554,378.58385061645566,751
9875000,149.51928575877113,294.01792639035705,751
9880000,214.37784852818325,290.3017322213388,751
9885000,199.72330612331854,295.5564347522503,751
9890000,152.734211427313,272.2282078986817,751
9895000,240.42193806299986,291.1202956482505,751
9900000,175.5678846548041,268.40344975150947,751
9905000,191.87978093336656,354.0231110237947,751
9910000,217.24570857180856,296.5622625848618,751
9915000,206.0525922012857,317.9420175318555,751
9920000,227.60651953673218,328.48448869567875,751
9925000,170.90520923287355,271.66544389613637,751
9930000,216.55176186267664,280.4790175634773,751
9935000,185.96635110185392,340.4439651302037,751
9940000,209.50739173007545,322.8600781928117,751
9945000,218.89996056421748,284.35355902987624,751
9950000,174.17472754724616,289.23058360720927,751
9955000,155.00996235731424,309.59867159930593,751
9960000,202.7534946892317,306.0010378346097,751
9965000,214.9994680782604,319.9773875241419,751
9970000,155.08548260473415,303.0700558229478,751
9975000,186.62037173556658,353.45739918193783,751
9980000,179.36986612759225,212.88240455973045,751
9985000,175.34763707802972,295.13095897193955,751
9990000,181.50933990523632,271.880996500608,751
9995000,201.67691627402212,325.32655904853686,751
10000000,193.77519823202445,361.1553116073066,751
10005000,199.67852783021453,356.10445588740447,751
10010000,189.68239009209142,284.7685485423588,751
10015000,165.91833778516389,316.16047104914674,751
10020000,182.68977880990536,300.8539682710805,751
10025000,196.19373567821808,300.3075636689837,751
10030000,161.92444374110852,302.1279916016413,751
10035000,232.58475538850325,307.67053199681243,751
10040000,174.7698537859884,252.8784786491637,751
10045000,179.164871964842,294.12824623707843,751
10050000,202.82763242367082,336.39598950471674,751
10055000,178.73525326893906,353.9759026424765,751
10060000,204.9966106182915,370.733466683371,751
10065000,209.33960937811435,304.87657838879727,751
10070000,172.44818740832676,288.0037537056526,751
10075000,197.34411837062547,358.34007278611637,751
10080000,172.71539406129062,284.21694166375863,751
10085000,193.82080385459446,310.00243060936435,751
10090000,216.70928043282012,322.4696269176979,751
10095000,170.6024107986745,268.1267002947509,751
10100000,175.9664788553209,261.6099203903779,751
10105000,180.29868718840856,319.0945894196628,751
10110000,177.7364608116046,350.00036876038877,751
10115000,202.12926052060493,314.1673253706241,751
10120000,162.718054626818,308.76259675016837,751
10125000,190.6874030587925,328.8941204031511,751
10130000,207.10821077691972,377.83614886878973,751
10135000,236.95814450005474,238.5203242160462,751
10140000,199.17866688900517,304.6368996595702,751
10145000,171.65724283899294,307.2884279493008,751
10150000,158.5096060649654,291.9826336401914,751
10155000,192.67525378724463,335.9480781944919,751
10160000,160.1968208734355,291.24464482012297,751
10165000,195.52824980194254,315.9932693224229,751
10170000,158.76821892994002,327.3082269395387,751
10175000,206.4697251956551,298.20112502697305,751
10180000,192.51382858546054,308.241358056824,751
10185000,201.98791488291576,321.5136707254297,751
10190000,190.6673455849327,287.31370134831457,751
10195000,221.91468394715196,222.31578458077675,751
10200000,211.7347151652107,233.84310446429095,751
10205000,207.96932715880308,277.0833426653662,751
10210000,205.5594864223461,318.60169034904305,751
10215000,167.2152379133425,279.1735412755356,751
10220000,228.2689590022326,299.3362396272314,751
10225000,200.31016536344185,371.4031533147695,751
10230000,197.92375235086476,241.8844117654433,751
10235000,202.99067727015392,338.1339523147957,751
10240000,198.10911883851733,267.24364311924717,751
10245000,225.84170101695292,313.99841194296795,751
10250000,198.60876508572682,309.5977732241805,751
10255000,207.85193146607097,296.40232900244877,751
10260000,191.02765448032142,348.9524507399305,751
10265000,182.76847901689308,305.5050153886764,751
10270000,195.26822838169107,333.5737034537393,751
10275000,149.49987930121588,267.66532647263637,751
10280000,211.6378747176868,244.78264358161363,751
10285000,212.3363028874155,291.87960077338596,751
10290000,203.52821966860927,263.774086494544,751
10295000,229.43800031850293,269.14952946879384,751
10300000,247.41558833494764,328.73713750843785,751
10305000,200.9756675682523,335.14471234117633,751
10310000,157.4323059868233,303.9576499981837,751
10315000,185.7651811572687,316.4439592861439,751
10320000,192.96181057837197,282.0783187191626,751
10325000,186.17494232813056,298.9080142477462,751
10330000,181.1186800967341,322.75994691823183,751
10335000,205.334766230871,333.73535054221446,751
10340000,199.8164593883668,349.716577596788,751
10345000,213.78083490440173,331.3160571240704,751
10350000,227.55918759486013,320.09749307658944,751
10355000,174.6163195489422,332.5466403768882,751
10360000,186.4082551049074,280.1282929745078,751
10365000,197.39593317297664,224.33314555701168,751
10370000,191.31787083224006,313.51205132892824,751
10375000,199.7594347324605,286.3207610746252,751
10380000,206.31514814298762,247.55155366883895,751
10385000,180.1494957944823,291.4769173600802,751
10390000,196.2797923417398,362.02687469405134,751
10395000,186.83644482944916,335.96893828758084,751
10400000,180.00399664219066,288.00556285075476,751
10405000,207.13884257451036,296.7061241642904,751
10410000,169.0170904260789,293.2051507366117,751
10415000,177.75209240858078,383.96479134824335,751
10420000,190.0975158332587,315.81861100828746,751
10425000,207.39209704809934,290.1446251084719,751
10430000,149.57200830324015,259.3756420753174,751
10435000,204.20615978246968,307.45067161968933,751
10440000,199.35936712446912,324.56156892695174,751
10445000,181.27393048942014,308.1306996974472,751
10450000,173.89256199929886,285.5675460108239,751
10455000,213.70011922249344,252.1533872409496,751
10460000,186.76411319040199,232.73377816430707,751
10465000,178.74015802848763,280.1129086128853,751
10470000,230.40198313206793,286.8304549472802,751
10475000,148.8573123696127,262.4437185014713,751
10480000,205.26773680627056,300.5584598925122,751
10485000,210.56603244505584,338.1783895078607,751
10490000,203.0195288459692,340.1583722602297,751
10495000,167.97749676282075,294.71364939379026,751
10500000,238.5761608999827,284.0237230400412,751
10505000,204.17967351922104,292.1396471813614,751
10510000,161.92126374611618,297.46675712288135,751
10515000,178.3129811908622,331.3753609800685,751
10520000,238.7871518494076,291.40310402987046,751
10525000,180.75647933676302,246.49797350769933,751
10530000,173.88349625292454,285.0180516287246,751
10535000,192.16657687648305,335.6746079267409,751
10540000,183.3846246455193,261.1738010648012,751
10545000,169.92894845881804,245.496423505586,751
10550000,196.68208269709203,322.05525748409065,751
10555000,162.38364639547206,252.7290313728267,751
10560000,231.8652481801387,272.6412060953689,751
10565000,207.07531445568355,378.1200496076037,751
10570000,208.01881072335647,303.8336102414605,751
10575000,176.75219185196406,302.0159787081762,751
10580000,164.17481914567367,320.37772080945695,751
10585000,209.83115294348093,340.75846461308674,751
10590000,227.771849666226,367.57437851142316,751
10595000,171.8033963967216,281.9752248302119,751
10600000,180.0790624201806,302.1161438579341,751
10605000,258.09886554299067,288.71503363015216,751
10610000,206.80371580915937,355.6558898537722,751
10615000,223.905704007331,314.0162249628703,751
10620000,202.81141296945825,364.7068190622188,751
10625000,190.13294048347748,258.65338401528413,751
10630000,199.5585553209762,269.42754291040046,751
10635000,180.2631675575017,278.6450331162867,751
10640000,208.73209337629083,268.51054858484076,751
10645000,168.72598437207017,304.45855928207806,751
10650000,202.56269855005235,285.4391759931869,751
10655000,156.45080587683822,237.00781521373443,751
10660000,198.7192843297844,319.9566429128987,751
10665000,168.93725013851264,229.38483571669855,751
10670000,168.47522666469686,277.62096165021836,751
10675000,179.34409078708512,286.54171199136107,750
10680000,178.3677589425693,352.3089490206583,751
10685000,221.00902478942768,315.6457848605696,751
10690000,177.985785667071,297.59249638426263,751
10695000,176.65817990139888,256.01047732725925,751
10700000,184.54088467941915,253.9530930783065,750
10705000,168.00017368108902,368.99209328238857,750
10710000,202.1237365143721,285.6688337490065,751
10715000,177.73410808993694,307.0818936815267,751
10720000,206.7360253926629,364.94476929313504,750
10725000,182.9093352085569,263.5628215186449,750
10730000,218.85973582133562,315.65099092073996,751
10735000,212.05756676433228,261.4673623144381,751
10740000,210.1728352409578,269.76345951232605,751
10745000,179.10643228537856,328.0353803274104,750
10750000,167.1969931009182,288.95812365912394,750
10755000,200.47129738981116,335.91802767915186,751
10760000,160.63239112215723,298.7483183239918,751
10765000,233.81859790209037,343.16407282071964,751
10770000,203.56818404852743,285.1486050449047,751
10775000,204.5608817160045,283.25986613196795,751
10780000,181.05301929432343,316.9912781402961,751
10785000,178.31325402703712,373.8470139773709,751
10790000,166.94088365924563,280.2864693023151,751
10795000,201.62630147359417,273.83661888423796,751
10800000,236.74081498954706,333.75189175028197,751
10805000,246.06196830534066,305.96234170663723,751
10810000,184.6961839307414,302.32540294329993,751
10815000,150.94841623375265,315.8060755234756,751
10820000,200.43882586403356,259.6085782931352,751
10825000,214.0791612484429,344.70248548190654,751
10830000,189.208063138344,297.1914758359188,751
10835000,192.69262184145086,304.00174158157984,751
10840000,173.5803235053174,318.4579466269509,751
10845000,167.5102615933297,289.31279610120396,751
10850000,209.200781832823,318.5655680744853,751
10855000,194.3937906760822,387.6971203423563,751
10860000,181.89726442100203,286.52680044968537,751
10865000,203.71791366675862,295.40212334775737,751
10870000,196.8430768451595,259.72515555834724,751
10875000,162.3336281890178,265.2891139637342,751
10880000,167.12684344740887,306.71813843310514,751
10885000,246.22522690809154,343.94589757871387,751
10890000,184.62715267419796,288.73544674708876,751
10895000,188.40771787657525,317.8766265965809,751
10900000,219.7455164886763,276.2483131873734,751
10905000,186.74461506483237,338.3452633730259,751
10910000,177.17847157379455,293.7417331568453,751
10915000,186.55493852366862,273.1412667081291,751
10920000,165.06015300404317,252.7687324563311,751
10925000,142.07688111140064,285.42952975931485,751
10930000,212.6484955661169,341.5119501525287,751
10935000,165.88781790250593,334.201750312743,751
10940000,204.301433358033,260.7468928916184,751
10945000,208.24102661203048,298.2316270939903,751
10950000,217.918934767752,290.5325860499866,751
10955000,146.42230208894037,345.9465523312607,751
10960000,203.86968830828192,339.42153368613975,751
10965000,193.4218065037564,253.73446148765345,751
10970000,184.1678831465626,295.62759857909714,751
10975000,159.1005875818753,247.83419490085404,751
10980000,183.49258599133128,300.4665396196639,751
10985000,185.41298489146303,261.1778998465768,751
10990000,186.45127388255395,294.4213091344376,751
10995000,195.6323447744258,329.4861322815763,751
11000000,205.50331244857006,333.3748068947346,751
11005000,186.68379746704767,249.5777196538612,751
11010000,187.05415114086637,326.7916933902826,751
11015000,174.43545122089728,292.50077632580565,751
11020000,210.79664740508488,278.80546544204634,750
11025000,212.78859984781676,260.12595357989846,750
11030000,209.15843185054035,273.3788880486294,750
11035000,230.35698896103207,344.2450014202868,750
11040000,213.3425158571202,314.2499293945508,750
11045000,176.2737500090294,282.69175627495036,750
11050000,189.5997604541178,346.6568386621835,750
11055000,231.81405638952052,314.66119818299853,750
11060000,204.67634116298265,278.13980244856145,750
11065000,221.7866402372733,291.9461473580229,750
11070000,170.23671655599227,273.20622282619723,750
11075000,182.74590105667394,241.9896844982416,750
11080000,211.66300075210836,290.17784482455187,750
11085000,144.2066149764686,288.33237244360043,750
11090000,212.13324504974122,373.7597594210992,750
11095000,192.13187183983868,279.73237061478943,750
11100000,187.39241504325759,298.1347866011718,750
11105000,217.75237440402182,298.30906832929736,750
11110000,192.5986092456899,302.1850464610897,750
11115000,183.23329967364907,271.50919610015734,750
11120000,211.35484625550617,228.59574123425182,750
11125000,193.0344357770979,309.0595775477687,750
11130000,173.3825909218438,342.32026670823717,750
11135000,228.70421870230695,279.10347959855443,750
11140000,171.9307126994286,254.9229695731852,750
11145000,140.980271679329,245.67771281975575,750
11150000,190.49162700846395,300.37489842209084,750
11155000,184.08824109682334,245.69255091899726,750
11160000,209.41655028021225,333.99146964116403,750
11165000,174.2897761098244,286.3113249768576,750
11170000,203.10236406549876,280.2327149938443,750
11175000,234.52606061078285,302.91319720298003,750
11180000,191.58860825877537,263.4901679504063,750
11185000,173.83128621456805,269.43156358926313,750
11190000,202.3257583857221,299.0019118876218,750
11195000,188.2699317918774,289.1336365768262,750
11200000,180.40351452153834,361.41005080131566,750
11205000,187.1141840517684,338.63098174404604,750
11210000,193.55092761127267,248.65377156413876,750
11215000,166.37372800993376,330.4083859237408,750
11220000,178.29673774961725,235.3694373260116,750
11225000,197.94350155570805,384.12519262144866,750
11230000,179.86648675236287,271.3995389433877,750
11235000,145.50307850515148,274.17267424308346,750
11240000,199.82773912368975,341.5390869287612,750
11245000,177.62411387400903,322.3836480599672,750
11250000,170.4000070481819,313.41163899808186,750
11255000,168.85784867800106,262.41911360037875,750
11260000,175.80599265547133,323.38038618688233,750
11265000,197.91836456704132,310.8176503134454,750
11270000,174.02936641275238,284.81733104772036,750
11275000,178.9939484264414,343.2271400768248,750
11280000,182.41842334474904,321.88302843914556,750
11285000,220.66041415572343,315.17750810685953,750
11290000,228.57966532493856,284.1160857484051,750
11295000,201.5603078467043,350.1276541235753,750
11300000,209.7874172669838,278.55951516549214,750
11305000,185.3642308791939,265.6700555539386,750
11310000,204.42193474623346,317.26605297412414,750
11315000,187.56603439589531,292.90764170578683,750
11320000,211.408707726302,330.77584967196276,750
11325000,192.57847447107372,249.26895880410532,750
11330000,181.11009488969103,275.03772210623333,750
11335000,162.9992864453864,303.0437896439426,750
11340000,216.21177746128515,259.0345716167758,750
11345000,194.15172648112443,364.5206965803075,750
11350000,191.38921219004092,230.7336085356167,750
11355000,211.71977234387128,229.64842681669296,750
11360000,237.76588626295597,358.39469638436594,750
11365000,180.4315581537629,304.0943869468444,750
11370000,193.94934397209707,282.5350040734869,750
11375000,205.18837358103343,288.2786795472251,750
11380000,175.2741262387344,291.0576032248464,750
11385000,207.24062130361622,259.85698417319935,750
11390000,187.38873985465082,301.51078946988144,750
11395000,206.6209057985001,376.73064129001415,750
11400000,193.35385779907332,324.000304130714,750
11405000,194.77391093643797,235.6914815087792,750
11410000,208.61040178999207,313.5743892865389,750
11415000,175.529630443309,291.5906295603591,750
11420000,184.79100026303433,329.606226862469,750
11425000,197.8950244708333,311.5429916495975,750
11430000,166.16731006209062,295.87232132516095,750
11435000,223.7055028088915,299.9537058788069,750
11440000,168.78819734096498,329.7580269242257,750
11445000,204.08554506266944,284.59215612299306,750
11450000,197.76870737562308,328.6809893736868,750
11455000,187.64297638058287,270.2189142521066,750
11460000,181.27800929695536,302.4837941330869,750
11465000,214.72015800602713,304.0738770533813,750
11470000,174.46016449978094,282.6201588679326,750
11475000,217.00376581354183,293.36056541589744,750
11480000,196.97877237649234,290.69433407829985,750
11485000,191.34818103908333,298.0441111291178,750
11490000,163.70004103387285,268.9595449744896,750
11495000,189.88064173183966,283.58534317055023,750
11500000,217.36276483287156,296.16261321980005,750
11505000,200.74410994361457,244.66884585391554,750
11510000,228.67029139572128,372.4692542281365,750
11515000,179.30562964471238,304.4186876991555,750
11520000,206.87754708577063,306.66677437372,750
11525000,180.9308028978263,232.05594151727817,750
11530000,139.58669427400375,290.9189391770273,750
11535000,158.14904287302141,329.8970814581887,750
11540000,201.47355097134655,305.04065752347293,750
11545000,212.35642965261155,239.44920464930186,750
11550000,209.6692182544628,263.4771991401806,750
11555000,199.24911030459302,265.70378046376266,750
11560000,140.99086993719786,237.36877131654816,750
11565000,223.17936211409167,359.01371242311944,750
11570000,160.0264532774341,272.2046226281547,750
11575000,171.3940430818938,300.45258944014284,750
11580000,159.15778891072583,289.49863106159904,750
11585000,202.9100296112579,287.3422211005109,750
11590000,212.8945418964278,384.98273833438384,750
11595000,212.69500558992422,306.4479375924783,750
11600000,175.85119711941502,317.15440348160325,750
11605000,201.39274376539365,286.4163973260574,750
11610000,176.72154439947576,246.7853742537956,750
11615000,210.73272167069365,286.6779045016855,750
11620000,173.66808088527907,291.70294924658367,750
11625000,196.07882215469442,310.0943201376447,750
11630000,163.63148065697183,319.88005526510875,750
11635000,203.71368254682054,304.4556162768422,750
11640000,190.9518822591403,369.00083379589597,750
11645000,155.57394448953463,282.7339745700174,750
11650000,182.7846778909996,334.0768386920566,750
11655000,154.0152652315166,293.45813286468757,750
11660000,228.4865943955228,359.5824305343827,750
11665000,195.52998935638487,292.9402582634209,750
11670000,163.80767446726682,265.47028386907,750
11675000,226.07208300874615,308.10749922697664,750
11680000,177.1622067115569,322.2237072142098,750
11685000,195.74388384727715,245.82395627945422,750
11690000,169.76482145905183,284.7254244240933,751
11695000,182.43214442490648,286.73606437863725,751
11700000,206.75085516033164,330.4213525690397,750
11705000,227.37120820319763,269.27464948943657,751
11710000,183.6624582643093,306.2251409200302,751
11715000,227.48127535354797,282.84698755342794,751
11720000,165.38394705455204,316.5789291002773,751
11725000,159.23725556049658,272.96829775060775,751
11730000,148.5528073886543,303.59879232234454,751
11735000,187.28303807521823,326.8864161378732,751
11740000,222.2875546048025,261.3202689663557,751
11745000,211.47732486332575,210.41760157456503,751
11750000,155.40536215068022,307.1183743674365,751
11755000,216.15556855488506,259.25453337154653,751
11760000,176.6222320803737,303.8800608489767,751
11765000,191.47580764213274,272.3721782075706,751
11770000,144.97382984578562,297.51791518613754,751
11775000,172.93947197785192,279.55403438818985,751
11780000,213.88434155212707,356.45650159339414,751
11785000,200.1273585651673,311.95604300653054,751
11790000,175.08233277753627,260.5033657972004,751
11795000,186.51504945821242,301.692555744425,751
11800000,154.90973252820874,296.6984367086055,751
11805000,211.7535326962703,374.54247375088374,751
11810000,175.62790055247982,309.5764825491207,751
11815000,200.0336152984545,266.3949352689355,751
11820000,191.88056125389485,257.64968810258813,751
11825000,196.4505046925115,304.3951044445606,751
11830000,133.93199135309285,350.8167322961779,751
11835000,181.43177454989313,272.0684778715672,751
11840000,210.043133840264,289.8102607747357,751
11845000,200.4173693034478,301.251630623279,751
11850000,203.33330615143836,268.06023186218727,751
11855000,205.70134822044525,318.62129933947153,751
11860000,182.58257325780485,287.9875471417095,751
11865000,177.0226600266031,308.3825305609054,751
11870000,189.6486959322226,329.4855031279233,751
11875000,176.00931007964587,270.8538172478669,751
11880000,151.40742202376197,313.49904581743715,751
11885000,189.9731695319025,301.6360502720447,751
11890000,161.7611459819933,292.8091029664375,751
11895000,170.65120549123026,316.07783582468267,751
11900000,203.36700029885185,310.2755827297299,751
11905000,203.88598745702794,258.6073607220196,751
11910000,198.19530997671697,346.66038985762765,751
11915000,202.99642544429497,299.65100987073225,751
11920000,173.67796124346086,309.2485960562555,751
11925000,210.42271559758532,288.3572814857413,751
11930000,153.92941169231364,313.52814728428444,751
11935000,154.16381063483482,298.3983772932583,751
11940000,179.4652720926261,322.8738616269227,751
11945000,189.6819634672087,291.96636481023927,751
11950000,205.69988917761245,289.02915575891694,751
11955000,214.01359249045296,321.37593496636816,751
11960000,187.68342940823953,247.38595077214288,751
11965000,194.67951746339253,359.3117330655423,751
11970000,214.3342032839453,269.82501310667357,751
11975000,156.93797729674415,294.24493036325987,751
11980000,172.2458196081043,361.35298052529583,751
11985000,208.39007521962284,314.5721564715589,751
11990000,197.43713012294614,244.05330929397135,751
11995000,184.5036825641123,295.47519634052065,751
12000000,192.23652884438664,267.12283509980335,751
12005000,197.80979090080046,325.97872299156813,751
12010000,193.36753125528233,301.2500208170685,751
12015000,189.78501330423407,262.8617767144686,751
12020000,195.88045563143515,252.9026873104811,751
12025000,164.65279236321086,259.5698060533603,751
12030000,218.9302306103708,266.57157559218143,751
12035000,230.9478105705763,330.6094015076523,751
12040000,190.9905566496857,280.48703468448923,751
12045000,198.17458402730298,305.6071196498594,751
12050000,190.61498668457895,231.76541645123092,751
12055000,196.04058693319126,335.5749869933637,751
12060000,134.81773095566143,300.9051605784623,751
12065000,212.1836795316354,310.3031465337962,751
12070000,171.86754420898046,293.56009847004634,751
12075000,209.5456427625243,288.95848503521165,751
12080000,203.9229663773921,275.3803929878002,751
12085000,156.85798477875161,332.7086569444326,751
12090000,167.69483565430036,271.7922855181326,751
12095000,201.3380605009219,330.4041093651799,750
12100000,174.16772182381644,290.164486901304,750
12105000,210.57984509330393,247.27050301482018,750
12110000,191.15833260521012,337.23635996433705,750
12115000,191.95551464259984,312.96131996401175,750
12120000,199.26449932678605,239.80323085496678,750
12125000,215.83162319653502,346.61328749113704,750
12130000,238.71740903514717,293.70483335829334,750
12135000,193.87410876334707,235.7978319727561,750
12140000,167.67954155572747,269.24043461893535,750
12145000,208.6880272558511,319.51973309480843,750
12150000,165.8793643711519,263.0927302870598,750
12155000,222.7395660685337,285.1661353388657,750
12160000,223.03502433898532,316.790034108334,750
12165000,242.09449348357032,340.32328048602864,750
12170000,184.94079052665677,289.77708399393623,750
12175000,184.02561955353687,341.44884169430424,750
12180000,191.1486497417477,317.890449493252,750
12185000,184.08995406560365,309.7665647486279,750
12190000,199.3540665358072,291.0401047545248,750
12195000,165.7292127384647,289.07842632959125,750
12200000,191.02874690363646,286.9709137785367,750
12205000,165.8651448023343,304.2818542771348,750
12210000,171.09411986443692,256.387256642982,750
12215000,200.51421907693842,309.67802593453695,750
12220000,163.68066548097724,302.8324148344517,750
12225000,180.09765756868867,295.97810273910306,750
12230000,198.57180787425085,317.9960616871145,750
12235000,156.73221892947197,306.9769565179339,750
12240000,179.22253876497064,293.6070276292956,750
12245000,214.09422932436627,328.3426668499204,750
12250000,156.567832637799,321.13823493937235,750
12255000,192.85737466955337,340.15788605565626,750
12260000,197.8160969557419,271.2601084650182,750
12265000,187.0726750455358,315.98061281459456,750
12270000,240.54915295673024,313.9602423537837,750
12275000,194.1748006244757,301.43579375994,750
12280000,169.67428027914744,283.7714470182878,750
12285000,170.39102725770778,269.73678757577034,750
12290000,169.97962720772642,318.1312610338604,750
12295000,206.47628018487904,251.94419689243202,750
12300000,168.02553652167478,312.1838255020015,750
12305000,200.17516972206948,276.4876955544376,750
12310000,182.9221304629195,252.07880908303343,750
12315000,194.67746061790996,349.0631116539076,750
12320000,217.59647921321456,294.16608117851393,750
12325000,204.75675870952455,294.97447129866623,750
12330000,217.65696845657408,237.53591111045918,750
12335000,186.43736374252606,287.0361567635407,750
12340000,187.05726473625964,275.624972045094,750
12345000,203.39373067040822,351.9122048481297,750
12350000,170.9172240647994,332.2507121856049,750
12355000,219.6132518568584,321.62606098271556,750
12360000,186.78314676536172,260.3754837610995,750
12365000,191.04734845957648,272.76839315273634,750
12370000,180.92286009309998,243.03600511611168,750
12375000,185.3510175852001,272.12918698863837,750
12380000,174.5584911401568,312.77035367380853,750
12385000,190.49853226134766,327.49030787281765,750
12390000,190.3755613865886,281.3725850060115,750
12395000,182.66801297906315,318.42866517563664,750
12400000,187.31227576738232,334.080596397974,750
12405000,166.5779001842682,315.0788423727602,750
12410000,230.93307698690592,245.69026821836238,750
12415000,222.65727421012647,310.32755815831723,750
12420000,187.52583669621063,352.71294164417895,750
12425000,189.14157555311368,319.21794442745414,750
12430000,165.70048994511285,280.78802155404367,750
12435000,208.658642985883,315.831846859963,750
12440000,179.96636854787167,312.15875032724813,751
12445000,188.7947538906692,359.17945933230254,751
12450000,193.92256205575538,275.38458443866637,750
12455000,178.9502725506366,267.6693189162474,751
12460000,175.68844856604738,317.68905920545524,751
12465000,190.85140934602157,218.0645128104627,751
12470000,189.42662147717525,267.64961176746897,751
12475000,226.0033794554874,314.3171079777378,751
12480000,224.37314817034277,331.5524912696151,751
12485000,197.64676325086765,318.0965231727936,751
12490000,193.52139198536125,288.01421164257465,751
12495000,164.75331446472097,273.2250954948801,751
12500000,157.02291682233445,295.89171566388853,751
12505000,159.26427103136746,344.3545276048038,751
12510000,168.35677778444884,307.85269232553327,751
12515000,203.9572990443312,244.40717011415106,751
12520000,153.74556854873788,297.5821838130835,751
12525000,216.44091350738216,339.470714252807,751
12530000,201.93762069368523,313.55052856817383,751
12535000,186.5837217508393,308.6332812766343,751
12540000,212.94978515432226,294.18283798500266,751
12545000,208.79026115286362,301.60122378436944,751
12550000,190.25463632288893,344.1601100030783,751
12555000,178.4626010162513,261.4350943474642,751
12560000,204.18220722318483,315.318518743384,751
12565000,192.17101917037678,301.0355480904301,751
12570000,234.87635578919708,262.7018473181376,751
12575000,163.96443583029003,313.0257426097207,751
12580000,222.98211664185578,354.85049342689126,751
12585000,169.56022031805884,255.839002044094,751
12590000,197.67655685920496,255.26991948110728,751
12595000,203.5026189870106,245.3571063036286,751
12600000,188.058408924553,328.7880628126816,751
12605000,172.09455740769667,313.22305970819707,751
12610000,200.22999837654928,387.8812585250327,751
12615000,224.25703270066867,282.2178160888361,751
12620000,195.00510024383578,349.57158154650773,751
12625000,209.65949993367127,300.5857340421955,751
12630000,173.67024970804454,270.93784501540404,751
12635000,206.35560835904184,308.447632934484,751
12640000,167.93780417786468,305.56522560734356,751
12645000,217.05123470472867,286.9586762828573,751
12650000,217.76792646965635,367.8708114369252,751
12655000,184.74191596025483,323.89463418455216,751
12660000,187.72305082045483,282.82756672728635,751
12665000,200.99569881817212,296.554583494684,751
12670000,176.73018873485086,309.9650222566462,751
12675000,165.96834911209262,261.80029118892554,751
12680000,157.61686926345251,318.71560318593515,751
12685000,221.4000019695447,352.280609140743,751
12690000,176.57412858098738,293.914214101654,751
12695000,218.9324733557528,299.5620981534653,751
12700000,273.8884301765139,261.0437268000914,751
12705000,189.23086923973125,366.5020490305106,751
12710000,165.61219933499032,304.8525889166815,751
12715000,222.48242467264893,279.6946776129364,751
12720000,188.45186925258642,284.8105860203354,751
12725000,182.19078219326772,322.05655502456614,751
12730000,200.92281242398167,335.1062708392116,751
12735000,185.10593156932413,256.17411758059177,751
12740000,205.9332642438851,339.6635026113262,751
12745000,212.21539514710554,263.16578000475,751
12750000,199.95549983921748,280.463798727245,751
12755000,210.51235304826298,339.20903752968536,751
12760000,191.20236395748444,247.7661319891893,751
12765000,213.48249789011544,274.24285114903273,751
12770000,213.48945455469632,297.9629939519048,751
12775000,183.3825400126109,264.1848084099122,751
12780000,157.76239332579416,249.65464320277243,751
12785000,163.82693269552195,321.77976833200444,751
12790000,177.64469160129616,325.71784273534587,751
12795000,156.5837783891478,309.7000558483428,751
12800000,210.00352899690841,244.35258202501836,751
12805000,225.64288372946243,327.36324444973593,751
12810000,182.68355766505044,307.7209757858539,751
12815000,159.95581069849993,337.72053653402764,751
12820000,151.84379558000973,316.23735650970406,751
12825000,157.24909981556956,322.09795361587476,751
12830000,226.42850218710336,285.1475549954239,751
12835000,153.34041692260377,271.69360210974986,751
12840000,227.69616708368216,303.97338502906655,751
12845000,171.1973934401242,344.0201012924229,751
12850000,190.86762539098905,275.1976792801767,751
12855000,187.8889859691465,273.3730932350393,751
12860000,198.60972712772946,286.1129457603817,751
12865000,151.5936408829436,270.70701187630374,751
12870000,178.07849334491056,324.4132879309667,751
12875000,219.07598826806046,259.84405209771467,751
12880000,207.33130080257712,314.3203189390138,751
12885000,197.3049183215187,372.0216653859447,751
12890000,209.16354681123147,339.0752307117048,751
12895000,219.00660294144885,333.4251328084915,751
12900000,204.59547099270728,342.7458823017861,751
12905000,170.10060397689608,280.16850264983617,751
12910000,206.81231904609078,247.46244344482164,751
12915000,195.8178804196015,302.87698715211934,751
12920000,163.42582211445426,305.5365400369867,751
12925000,183.6761704267409,317.2250653349511,751
12930000,210.261194145717,354.45043385372156,751
12935000,160.6485155674358,357.77377120916054,751
12940000,197.528295703708,322.4156547311076,751
12945000,144.1875018500884,266.69607763458663,751
12950000,200.07511235315152,243.1126031307847,751
12955000,223.7219602853786,400.3491137339661,751
12960000,177.56227878778228,254.86400539778586,751
12965000,184.08115252565625,277.0909062263115,751
12970000,166.23710070069518,330.3581594738845,751
12975000,206.49636791096847,275.6228663042286,751
12980000,167.22710292098984,381.4530164025162,751
12985000,196.29228509509448,305.96298490196557,751
12990000,205.8627583938682,294.9392385317649,751
12995000,197.44599603411984,270.2265562345974,751
13000000,211.00665545535185,440.1700835266707,751
13005000,206.91457950976113,315.15627401151977,751
13010000,172.65633158624556,275.992266166726,751
13015000,203.74254653708286,330.91991696797515,751
13020000,168.0208476105657,264.6350697348336,751
13025000,194.11602113742282,278.0067709656834,751
13030000,189.0333623767936,296.2523937215915,751
13035000,219.74745709646027,280.6464074126628,751
13040000,215.06235124127127,295.1431218243948,751
13045000,198.2086847672354,299.0747967914964,751
13050000,216.91059438660636,361.1080058908608,751
13055000,216.60021513162837,257.89171150179726,751
13060000,181.54790094467361,273.96708809477946,751
13065000,170.4519814175517,333.977409079312,751
13070000,173.05241071511506,232.3511506834879,751
13075000,188.519197901153,287.0771234512262,751
13080000,235.93549785530502,282.12937445927054,751
13085000,176.12201352851542,333.667041464901,751
13090000,190.06991970061324,313.6544384534315,751
13095000,195.78230758704163,319.1480470004831,751
13100000,204.3223812018865,266.6961796159921,751
13105000,149.565704168049,284.7377940914519,751
13110000,159.72503167374592,312.3475079323859,751
13115000,175.52045935504225,275.2889381630377,751
13120000,177.0455924148066,309.0870575964638,751
13125000,219.32193648303058,332.08158633108866,751
13130000,205.15543830090508,242.6816198417929,751
13135000,183.17340936832076,271.90836449098185,751
13140000,180.85129951930793,263.32669955076653,751
13145000,220.56643779874295,285.96413970311255,751
13150000,184.24988577407458,341.15705175654057,751
13155000,201.7404224956747,382.74109091274283,751
13160000,206.55879785188594,323.96072329213166,751
13165000,166.81227285101363,288.01374532478195,751
13170000,184.19102246900255,250.01136713067908,751
13175000,171.94353822857715,237.10789787705608,751
13180000,177.92238119500632,309.57998849856517,751
13185000,192.43178903890433,260.1410701828534,751
13190000,147.888890673567,308.1711554508653,751
13195000,178.69865043805135,360.7665711614351,751
13200000,219.85195379203833,220.62692613330196,751
13205000,189.1289402410948,322.4677618784177,751
13210000,209.6042454960424,269.80076267191276,751
13215000,214.62051275202302,252.0685506515608,751
13220000,234.33968435333216,311.58858022456633,751
13225000,210.91170389708213,281.34918729675616,751
13230000,182.37604430357624,297.91864279948135,751
13235000,183.46815983996427,252.52055597498241,751
13240000,207.25743588729117,245.2197983534345,751
13245000,223.54443100983522,274.13401223931265,751
13250000,198.9374001820336,334.6115651114038,751
13255000,176.12102015448392,275.8136492561342,751
13260000,169.14242975042708,260.5532856820237,751
13265000,187.81152359314024,351.89329651055135,751
13270000,164.55895769813438,280.7656827076055,751
13275000,182.39398079031534,302.8242417002044,751
13280000,202.56079854548747,271.0965747081941,751
13285000,180.00401597769124,284.26233332668437,751
13290000,212.2851623540426,313.2775242374554,751
13295000,203.06558529879166,287.16646068439707,751
13300000,204.44600325640653,321.7042845385059,751
13305000,198.51444399649648,266.8071436129465,751
13310000,220.3590157914902,346.1107241592163,751
13315000,202.37469569199604,366.4950147151602,751
13320000,190.3320312564387,344.11915581558173,751
13325000,155.73523272159116,239.36530645932567,751
13330000,198.6373809380151,282.59134261571734,751
13335000,167.4389419719296,299.2151679118963,751
13340000,162.94518201460087,277.7051162876522,751
13345000,173.3069535296175,252.1699943379739,751
13350000,217.47694469308206,267.19334160387785,751
13355000,250.98553890792914,330.3848050933012,751
13360000,187.11214028269526,249.45587359419883,751
13365000,167.19829713119884,313.4298469216377,751
13370000,155.20687438169588,267.1147714324928,751
13375000,183.85549884625294,250.76258768348058,751
13380000,172.51492980570907,284.7345769336486,751
13385000,192.50358666495356,261.37889910684976,751
13390000,185.08533686093645,314.86553713352254,751
13395000,200.89651667433495,300.430199633257,751
13400000,149.69723486902438,272.1672585795465,751
13405000,154.2822916509727,298.4326617823057,751
13410000,226.3374912787011,346.69521202154135,751
13415000,163.3059163239236,339.3161767758506,751
13420000,180.04727183763322,246.3255160066124,751
13425000,196.11319482911856,298.2212462966106,751
13430000,184.07970904800098,320.70756014449023,751
13435000,176.22540831704222,279.0249357406734,751
13440000,182.04230426724513,308.96182052599164,751
13445000,205.45068630358094,394.25267889627895,751
13450000,175.91976964768523,345.1300227251135,751
13455000,204.10504864957355,266.7806327576368,751
13460000,175.97219541942923,296.6206991927204,751
13465000,190.12260556491276,265.0688724265252,751
13470000,155.44132809730323,395.2114872700253,751
13475000,176.5205001992722,287.90687343452515,751
13480000,168.90524098719428,308.85908178058463,751
13485000,190.69935940210604,307.93326697490585,751
13490000,194.1629902700535,322.1485260610983,751
13495000,171.7555511606831,284.5824619860901,751
13500000,194.86396465820891,270.8810504416483,751
13505000,211.05577222695194,286.8400126607228,751
13510000,188.59686678502055,288.8761074916507,751
13515000,188.88709953836923,266.73115007990435,751
13520000,170.86582600637436,320.8032784759088,751
13525000,183.50921189767536,319.55758780245566,751
13530000,225.6230419805557,287.8606194905189,751
13535000,190.72458319856116,311.8072157303106,751
13540000,167.3048852954513,272.1492190838686,751
13545000,195.9439362634609,295.087598749902,751
13550000,182.89277074093982,331.1004980417335,751
13555000,170.00471022532255,300.32486199083735,751
13560000,195.0016876001043,337.3622640037604,751
13565000,143.81642711247375,241.29571392711782,751
13570000,184.99289241167733,316.6627198373734,751
13575000,136.961077140059,299.66004711828793,751
13580000,187.25240691441363,281.9250350019512,751
13585000,197.487901004518,340.3303301658895,751
13590000,202.8696013233136,334.9234446724952,751
13595000,198.9214012352631,277.7290185318162,751
13600000,201.1221452534242,292.94565041528057,751
13605000,167.21700658212117,318.86096949251197,751
13610000,201.85878163078678,371.61916049618236,751
13615000,165.68060962069416,356.1449673767783,751
13620000,165.71604747299182,243.40807664194926,751
13625000,189.4770904742932,266.67194681776755,751
13630000,194.70361056574862,304.15379643086413,751
13635000,201.15487370157123,269.51034810505223,751
13640000,187.43454516324567,280.1289843679654,751
13645000,180.98201880775858,263.96691825766914,751
13650000,172.1484779416996,248.65245468117178,751
13655000,189.58086382921084,259.77281554143383,751
13660000,181.71334127608478,319.7001465736226,751
13665000,225.8068531697175,307.8384535872003,751
13670000,222.84668158218255,273.77321484452756,751
13675000,190.1066829814549,343.81651680002324,751
13680000,184.9115478699011,292.6680621712141,751
13685000,189.1518833984537,241.8185626991443,751
13690000,189.99145025638916,268.97119972727455,751
13695000,167.804750132561,302.5499470546265,751
13700000,176.5827227004682,323.3599381777868,751
13705000,176.04199059878695,283.9448246620455,751
13710000,154.11456663991547,295.7848913804065,751
13715000,178.7177821321227,243.0014748747975,751
13720000,233.9057731172795,362.3839647957376,751
13725000,137.60071024740012,316.4814725746109,751
13730000,175.12230701349745,337.9537753436562,751
13735000,184.169654667785,293.38684067040367,751
13740000,156.26697610120573,246.27401562055277,751
13745000,254.2724599434838,316.22793090783216,751
13750000,155.14041411321807,296.31619582212136,751
13755000,171.41238938549185,255.011499137561,751
13760000,207.1525333854305,366.50402786675573,751
13765000,206.814311774665,248.82228255521673,751
13770000,165.8426201586595,279.70098581776654,751
13775000,208.9684643810934,328.09667229217365,751
13780000,173.8160554182412,357.55081979131904,751
13785000,181.96351955866172,271.3357843155056,751
13790000,169.82711258444863,312.2816243974348,751
13795000,241.68688252364382,260.69895396478114,751
13800000,188.10032979501457,360.3037709028312,751
13805000,204.86865933656702,352.0041103950143,751
13810000,168.41544263130714,286.0937385494154,751
13815000,164.61997621953066,272.23733067768313,751
13820000,205.93729761361791,266.2755900125378,751
13825000,183.82065016190623,382.9476801108577,751
13830000,179.62433559793482,256.66497549793246,751
13835000,192.23214720705533,298.05670378457074,751
13840000,155.74092113554792,315.68194361037416,751
13845000,177.61187947374123,250.5998101832823,751
13850000,191.80256237882006,292.0954679398914,751
13855000,184.72505567501872,285.10629580600937,751
13860000,224.14487103719694,284.8816560611867,751
13865000,217.92907873054304,292.4023345019201,751
13870000,211.79050464080217,320.9614971050708,751
13875000,133.4169326159324,317.48765969615386,751
13880000,205.33432167042224,327.9462216019893,751
13885000,209.369478967532,350.3064149404428,751
13890000,170.83537108054315,290.57609059261426,751
13895000,215.9364273165757,296.37502114022965,751
13900000,174.63408382142788,350.70250972973844,751
13905000,185.97885974448116,263.05278413888846,751
13910000,200.82537017047363,293.337095201465,751
13915000,233.41158185185185,336.70666763671346,751
13920000,202.6966990909581,298.14815984570083,751
13925000,194.48392545466095,299.43257741197533,751
13930000,195.48493133983024,269.9766789297852,751
13935000,167.1697649806341,296.0031840720848,751
13940000,186.92195816039288,356.1007999815914,751
13945000,191.27886923721715,267.40877889036295,751
13950000,220.65234369168374,306.48081325650185,751
13955000,199.3959511169258,330.7052931416893,751
13960000,198.94320678577145,349.51618322974883,751
13965000,174.91198402493592,247.7114108107733,751
13970000,161.44435908043513,271.3606887231466,751
13975000,161.50788397266518,289.0493985199072,751
13980000,179.75739909689935,233.9471855498016,751
13985000,188.64884268139284,321.610545240663,751
13990000,175.8792391537804,232.3116981078557,751
13995000,188.14735886538335,381.53082260047523,751
14000000,161.90864287088044,284.57362458266135,751
14005000,167.91327603694927,287.755861515101,751
14010000,181.6415048119234,275.1791011787638,751
14015000,210.4483284908647,277.28752530482717,751
14020000,182.68852815808728,310.73188913384945,751
14025000,189.9563674222077,214.88983573739924,751
14030000,189.31327998265243,274.4084315904608,751
14035000,188.13360621731297,277.79585395386374,751
14040000,226.06382547991694,299.4347132081038,751
14045000,224.92011319613664,260.6428510217987,751
14050000,212.43224913977755,276.6135002279329,751
14055000,192.1419837744202,276.9432291775775,751
14060000,192.24397998726704,270.68178183384646,751
14065000,198.1713062425696,265.0424365336075,751
14070000,194.274524820492,286.56904222243503,751
14075000,185.5852869786638,350.2094166252871,751
14080000,185.6533088565676,274.5173908287881,751
14085000,178.63351320998845,274.28028340391296,751
14090000,181.5469162913861,221.4217977254205,751
14095000,201.07831609297742,316.03461117447324,751
14100000,195.2645568230147,296.7443607261196,751
14105000,198.09800181323638,248.54805577939842,751
14110000,164.55058260891622,238.59956468442496,751
14115000,182.26979036606878,350.514094680375,751
14120000,176.804517613815,291.58488688210235,751
14125000,199.80198825206,275.1334452821781,751
14130000,175.66958941843302,243.19411746397668,751
14135000,181.24405721882482,316.17060238195955,751
14140000,167.65912116195184,320.5072902113071,751
14145000,225.8062795445374,344.4562952517901,751
14150000,205.6364701885915,368.6687309732586,751
14155000,172.10420651155124,335.6089636888732,751
14160000,202.79970901751608,349.7766252621292,751
14165000,209.13314246598043,317.7733008546995,751
14170000,206.71692959163448,307.9654360194499,751
14175000,202.81071578893597,430.271617257781,751
14180000,143.43704147185719,301.46979501043353,751
14185000,212.14030046857775,220.4214922471127,751
14190000,151.02103857250023,300.0488730143562,751
14195000,186.58672179463485,294.80803071134875,751
14200000,197.14199578184736,262.3547403437233,751
14205000,143.6636866603746,320.89576445959136,751
14210000,154.2769014334732,295.85557753386684,751
14215000,210.57490429315052,294.6444780017249,751
14220000,211.97980165635678,266.2078027049451,751
14225000,181.87098997095654,278.69372581627385,751
14230000,146.61192143813025,341.4344296067748,751
14235000,205.26078241761275,329.6589800233538,751
14240000,172.30980823713594,301.8105819058256,751
14245000,191.53844126156602,291.69562989170305,751
14250000,219.2244661164621,330.33310799750416,750
14255000,166.2887836999543,365.78131308625814,750
14260000,139.21472609948825,282.9131916904515,750
14265000,152.4783800686184,306.96915191228015,750
14270000,187.92968718392615,257.1338677002372,750
14275000,171.18971272031578,350.81949228559864,750
14280000,174.5362866717355,329.6696646833981,750
14285000,178.4992225160151,287.71517150935546,750
14290000,213.826820747088,277.6675610033397,750
14295000,168.2139848493409,281.5185639969205,750
14300000,178.91063111618197,324.55601616158697,750
14305000,167.64274472299462,220.7767558661841,750
14310000,211.23955192830311,266.36619180134835,750
14315000,152.57519555999966,300.4925417650432,750
14320000,175.22738565524836,279.8734534818113,750
14325000,185.1928425228352,271.1714531346973,750
14330000,181.61255827912538,271.7295262362625,750
14335000,186.93397153737482,310.9862302516018,750
14340000,198.64161675340063,276.8108219514899,750
14345000,174.03966999826437,250.4117463854724,750
14350000,190.33144142291457,345.5709234716293,750
14355000,215.93781811429986,297.76681460633694,750
14360000,209.96979754016377,285.43054315160714,750
14365000,178.92501483145412,272.5288322377112,750
14370000,215.5556215370842,311.28463537452285,750
14375000,230.0568643375014,200.57371863714818,750
14380000,177.23328317001852,267.25078575885016,750
14385000,189.77791927377612,353.41205266745203,749
14390000,180.73373716687064,237.3821205302176,749
14395000,158.9897933631256,295.8142166284336,749
14400000,195.05467636889745,334.29757585734166,749
14405000,203.9461557872993,294.5160629920404,749
14410000,184.59833194432665,276.67395254802227,749
14415000,186.8683496203514,315.2592906406453,749
14420000,161.72095803223885,275.7700244846027,749
14425000,184.50322801710345,224.93311131423448,749
14430000,174.51718961790607,278.30235512045306,749
14435000,212.1195812133684,292.5920190280307,749
14440000,198.74987239144428,316.53215759008634,749
14445000,189.69123205636978,237.56458544008194,749
14450000,204.44389446859188,313.9519325506675,749
14455000,177.83019681556743,302.968176095713,749
14460000,202.2170873714274,254.76999637943422,749
14465000,171.62490907603717,266.1992855370747,749
14470000,178.0170773193279,327.17992566940796,749
14475000,172.9716659529477,289.11262850592686,749
14480000,185.41387396015358,300.2212232151873,749
14485000,171.0706865930751,322.9493163641281,749
14490000,173.22943828034903,281.00461498974556,749
14495000,206.69612568892555,268.442984541328,749
14500000,178.3777329840244,285.01738809026773,749
14505000,236.02966926282687,328.0264029132168,748
14510000,201.6789171501443,267.2003274855464,748
14515000,193.93000173352902,300.12282579641385,748
14520000,200.49042881181077,290.1807787662152,748
14525000,170.27326644128127,328.9288205975615,748
14530000,198.67153112067413,382.6787668593591,748
14535000,213.4840219259087,367.3691252661338,748
14540000,202.60316960078885,325.6000847972004,748
14545000,182.42122571489577,285.3787739354501,748
14550000,191.46458696989197,333.9512960007428,748
14555000,179.1181981334243,276.2853036274625,748
14560000,209.29907992973193,338.215732274454,748
14565000,159.8339264637801,315.10059695818467,748
14570000,171.28161039645306,374.34398592684215,748
14575000,213.1662609381853,324.4753001608623,748
14580000,162.83477424907795,260.5144915611711,748
14585000,170.87789447790237,310.4761715711676,748
14590000,212.57091640562174,281.3042576080303,748
14595000,237.78426950956782,249.44372341015028,748
14600000,175.67707347746966,322.969461583504,748
14605000,196.7719140689755,254.94485393042055,748
14610000,144.90395449231042,215.72002539876675,748
14615000,144.56295159388787,284.6009899034319,748
14620000,182.98269431213052,263.2910302161727,748
14625000,179.5218397575467,320.04771151538614,747
14630000,195.53524321131374,250.75375711413446,747
14635000,208.16538609878074,269.8481000544152,747
14640000,182.64085123136365,296.2808663057438,747
14645000,169.01211464156424,285.6669951715979,747
14650000,234.44969777545776,335.14598516190347,747
14655000,181.5339543049098,298.6209905839608,747
14660000,163.38675334060852,270.52487724701416,747
14665000,147.4814825023331,294.1298783449077,747
14670000,182.67690709576436,318.0558414229522,747
14675000,234.94579476647493,311.76726159123086,747
14680000,149.12241301012054,283.4030644278525,747
14685000,198.92224950301093,359.7310026608026,747
14690000,239.40248236353938,337.1798588487716,747
14695000,162.1535843027784,274.92620557701696,747
14700000,169.946443893974,272.9594935802188,747
14705000,141.47683513522642,302.0966838329349,747
14710000,194.229864108885,281.15375420658387,747
14715000,181.14334511729612,255.8287351361272,747
14720000,184.95111256960664,280.8962367813201,747
14725000,195.42769219497453,347.3235487101556,746
14730000,213.2715498078839,302.07771313532317,746
14735000,212.29298575945325,269.06225823813486,746
14740000,178.54379528502153,271.2478800929552,746
14745000,190.25357067362103,313.5207146489101,746
14750000,203.5789393358567,331.2343288781025,746
14755000,166.65914602001345,306.55692428796624,746
14760000,227.4795774189127,307.55252030797857,746
14765000,189.50707357238778,277.8850572741068,746
14770000,183.89499296827898,318.10343729541904,746
14775000,157.1695051557782,317.56534166379396,746
14780000,246.55329527321672,281.7506399381558,746
14785000,195.00988477725895,254.77199031935248,746
14790000,176.15858136625113,274.92234320860274,746
14795000,166.83465767936906,333.043575349477,746
14800000,169.4928676615961,269.4738380975592,746
14805000,210.94940376612732,301.7959574730375,746
14810000,224.4691817666805,338.98062732021515,746
14815000,166.79613881118505,309.67849444057686,746
14820000,154.6440699661947,275.1593123603501,746
14825000,198.41814756852477,402.6920932273267,745
14830000,186.82497573761066,334.27708292242215,745
14835000,170.9251297192294,323.053532110454,745
14840000,216.46053003446224,360.0950656300282,745
14845000,154.5631530412859,275.1489687366113,745
14850000,195.65701823547104,317.17607886871326,745
14855000,236.05692483997953,271.3163541909572,745
14860000,161.79743241051008,343.45421983989297,745
14865000,190.06525012775901,319.13936783573513,745
14870000,179.87868792615345,303.3609611067701,745
14875000,157.01142950247467,320.18472444875545,745
14880000,179.95557610810326,294.58791440581797,745
14885000,180.01082706553407,297.7354366905776,745
14890000,195.69034907798869,260.93322418362084,745
14895000,201.35283767010034,227.65867478889376,745
14900000,154.74125409468846,321.56045933593435,745
14905000,200.80536473236145,326.9074521939062,745
14910000,187.61408687066583,304.57130685280265,745
14915000,221.75565315162635,291.8988101949555,745
14920000,209.0006651523444,314.43316668524835,744
14925000,157.13461349790487,293.3467130048825,744
14930000,176.88116655094956,300.9794729978488,744
14935000,166.42107803363467,315.93973251725396,744
14940000,172.21104070709157,254.56280685555376,744
14945000,213.8266662092302,292.9559394828035,744
14950000,190.94120073917355,301.1214714288995,744
14955000,233.1732240451979,255.26304581986713,744
14960000,227.79352237554806,301.47058168094907,744
14965000,220.24982287769933,355.4137104266193,744
14970000,228.2475626892433,340.08305487299265,744
14975000,181.66718880856368,277.52368081630823,744
14980000,175.00112857689004,252.50964972579197,744
14985000,175.80272203640928,264.03714739492744,744
14990000,167.37489319589284,287.4144496608509,743
14995000,199.2831197776767,291.00190758485263,743
15000000,227.29247241362455,357.0096601120727,743
15005000,185.6746895062208,337.003528196983,743
15010000,190.14757857067485,251.3301874222875,743
15015000,180.4132656664817,264.1544510306642,743
15020000,208.35182708634414,340.307459941324,743
15025000,217.68255849295343,315.0701299176719,743
15030000,193.12483017552418,303.9492934098619,743
15035000,215.7396169433477,254.67150207436234,743
15040000,175.0280407230346,291.95070506919086,743
15045000,187.86357891545748,368.5591063349633,743
15050000,195.29032166832056,239.56741601687062,743
15055000,211.29390771013698,257.9985566156301,743
15060000,192.2386147226192,280.54324603994297,743
15065000,176.48185435242308,278.0206726941453,742
15070000,204.9209498325693,279.2497780450069,742
15075000,189.3286339651069,334.8863977549362,742
15080000,173.9701099860949,318.91327231832537,742
15085000,197.23028191834874,312.6406379621766,742
15090000,213.95805317882574,308.87128399430026,742
15095000,183.69626698304984,343.31858682263766,742
15100000,231.84004826457704,289.950623929198,742
15105000,218.93638525669775,357.2207396064599,742
15110000,176.90877494472278,337.4397342410864,742
15115000,176.86766156690715,284.55702484704887,742
15120000,179.7343415565497,228.76528840247266,742
15125000,163.78617324350327,268.2113631229175,742
15130000,178.4344975105635,263.6499908719991,742
15135000,199.15671338504558,284.55789254583254,741
15140000,162.79954907656565,282.4017891236573,741
15145000,177.84667381602114,326.62814678611505,741
15150000,182.89947974022687,328.6478185680042,741
15155000,160.34409609715345,341.1681464238408,741
15160000,226.29580583278036,332.3572965431414,741
15165000,226.0891558121213,293.27237504861006,741
15170000,172.2820038733857,287.30573545772455,741
15175000,198.79349218467368,326.0598168366905,741
15180000,191.11319322841672,286.11079439463714,741
15185000,172.84744835032475,348.8302718586681,741
15190000,175.50227210972574,310.21587274574756,741
15195000,186.44895427105016,250.24120968411913,741
15200000,156.40561997798312,306.85668648291613,741
15205000,188.79233218132384,318.63277016033203,740
15210000,191.38282304406886,283.960780172781,740
15215000,180.14456928843595,353.27673178943684,740
15220000,192.94900023111637,287.43545009877135,740
15225000,165.07470146448185,310.65129345777575,740
15230000,225.21392100371986,300.721763489093,740
15235000,191.90804258905848,234.2288682782349,740
15240000,193.52666661918454,284.7174163109846,740
15245000,216.13329904180577,276.59088401634733,740
15250000,184.84341830095892,306.10819997189736,740
15255000,216.6718546285357,324.95939580243174,740
15260000,210.9649645258444,284.03673038629904,740
15265000,198.57763064148412,318.4013290880429,740
15270000,179.74707457127667,293.22239495734505,740
15275000,224.28350707777582,260.7739900576736,740
15280000,202.14983399551213,223.1919779129654,740
15285000,189.63121911895524,325.2035309685253,739
15290000,208.0253234104588,298.3273962541782,739
15295000,194.60625766174263,306.07623024813205,739
15300000,200.4609334531619,375.37999707647737,739
15305000,203.93134168706223,306.3770679477876,739
15310000,195.38588697826071,354.776577641832,739
15315000,168.71709448017185,325.49718771727936,739
15320000,231.1411724843595,316.7124531912822,739
15325000,180.6980379380852,359.10540239624396,739
15330000,191.26301383041783,325.3929823828125,739
15335000,195.15504351895794,343.45955915241336,739
15340000,201.65684522418337,332.20912141819906,739
15345000,196.28263327409405,257.9235259673202,739
15350000,161.7583523329039,277.29072126570424,739
15355000,138.86909525898218,316.69999766841124,739
15360000,231.63816561297102,282.56974477474233,739
15365000,161.39822460643146,256.4773634018716,739
15370000,175.50291895404558,268.03832402442515,738
15375000,209.5272922722027,356.5521986951298,738
15380000,215.76223865996175,275.3431217947406,738
15385000,178.38458227540292,305.76348387864863,738
15390000,172.40041651508375,340.0947785185941,738
15395000,176.0818182892551,264.0875209365236,738
15400000,195.9956671961687,305.18938016706056,738
15405000,180.7775034562537,327.91004934719723,738
15410000,163.64345912430116,327.4356497494641,738
15415000,186.36560876698584,253.0778044313704,738
15420000,183.61710302439806,256.87126614795835,738
15425000,169.09903239852682,294.23251834122556,738
15430000,171.4543833728152,310.10990770841727,738
15435000,182.34305288294905,324.10674250851713,738
15440000,165.50969632266495,321.76952919041236,737
15445000,182.9899963227974,342.67069247307245,737
15450000,164.5845357170616,282.22820867493874,737
15455000,158.93395830376764,332.735576586923,737
15460000,182.84029496477163,252.86132991944572,737
15465000,178.2477519208436,299.2917685129508,737
15470000,192.7187607248382,337.3083226953481,737
15475000,229.10987632807414,295.0389005341322,737
15480000,209.10252856527507,308.7131082264346,737
15485000,191.5204094618128,333.81968805777313,737
15490000,166.62730588562056,243.01648135216848,737
15495000,192.87820457461132,317.3187694671829,737
15500000,207.08443790909416,247.95410280147826,737
15505000,195.45645220764814,247.13909557516226,737
15510000,165.06319542112203,284.8057492091947,737
15515000,184.12171890756534,280.88204128936366,736
15520000,195.02550054030579,295.40295026931864,736
15525000,222.7564686517667,284.21107236429754,736
15530000,177.32797705335707,330.00129085294736,736
15535000,205.92466798576228,345.2198814285985,736
15540000,161.77290549047592,333.2737170964074,736
15545000,193.9508163315709,230.77160963933528,736
15550000,195.45200900918732,250.6250045330453,736
15555000,152.32273106919058,283.72904355686376,736
15560000,204.7050935682131,327.9176405615649,736
15565000,178.46940428024502,244.71835450736586,736
15570000,180.0238546810119,300.33818095640794,736
15575000,196.24020582796487,386.42533347799525,736
15580000,206.09891285441097,322.9254171636725,736
15585000,179.57346954146445,293.576019706588,736
15590000,172.24973010345806,278.14181234705484,736
15595000,181.700730925804,316.5770916477128,735
15600000,185.01328596735107,367.912217600558,735
15605000,184.81893164103408,349.9075702245043,735
15610000,176.67806472960493,286.41022525977576,735
15615000,212.857085247871,276.0291824875701,735
15620000,231.61681825878028,267.4362900799368,735
15625000,223.2279059294738,255.21513396799355,735
15630000,172.70923386242194,309.7562409625842,735
15635000,187.75365961182322,281.139717108808,735
15640000,169.3236547568529,266.6784255663131,735
15645000,184.86935530601488,382.47184220384486,735
15650000,241.82810090119415,285.3748831175818,735
15655000,190.74410743175508,279.4982681888691,735
15660000,194.00001613155408,258.03181992770254,735
15665000,179.8389165266229,313.4206697271057,735
15670000,202.12082099812628,384.35325474569294,735
15675000,165.81327336506274,352.2489283689237,734
15680000,182.69011630215695,268.2118612685288,734
15685000,216.56949225425774,247.21237607373823,734
15690000,219.56976506136544,282.0613613275986,734
15695000,185.18130349494533,317.0571011826218,734
15700000,206.5816547619784,293.6028356363367,734
15705000,177.2890913939254,292.1852855741066,734
15710000,161.17817842795304,260.9419608805217,734
15715000,166.9005649106898,277.77472646212976,734
15720000,195.994257799109,250.7579358313548,734
15725000,184.86296990122923,299.6208109491728,734
15730000,195.014149263209,384.4040748201755,734
15735000,227.0751779735892,304.41004233305176,734
15740000,183.14842672829377,300.76858913310184,734
15745000,175.05089648210333,296.8639825136149,734
15750000,187.843643795714,304.3818515509769,734
15755000,193.18861373733512,287.70071880576404,734
15760000,175.87745136468553,239.44894556178383,734
15765000,195.411191683326,365.4654366175769,734
15770000,208.35040996381858,296.7331577423458,733
15775000,216.0311134635746,216.7729172639011,733
15780000,192.1910730181638,395.4723040266317,733
15785000,177.22231957960634,258.78875993661245,733
15790000,196.49078949705702,264.0360523904009,733
15795000,189.2817789101594,309.0977072644929,733
15800000,203.75114537223502,309.2625282952245,733
15805000,201.2950866832458,295.570569462727,733
15810000,169.6337477570286,319.4535060362486,733
15815000,179.20143090046878,300.9812466274164,733
15820000,179.07248424874305,278.6068470007211,733
15825000,176.65125433597,365.7606178944137,733
15830000,181.02417902558793,329.3490109283349,733
15835000,175.78579130941174,291.6291799049988,733
15840000,189.1706942177725,301.0101716661437,733
15845000,170.08220108817432,303.67741380496665,733
15850000,193.31859865588476,276.2251475960817,732
15855000,203.28858144277416,298.2351696993177,732
15860000,192.9887732339638,244.1957632853004,732
15865000,198.41553713618285,264.5092241471948,732
15870000,216.43009154390236,381.5209321434152,732
15875000,178.55454074061547,307.701593120887,732
15880000,179.83475081160717,250.75629439456344,732
15885000,171.03968964885786,277.61012547396814,732
15890000,170.94788345267958,226.51698685623947,732
15895000,227.41467234950778,319.1697817204769,732
15900000,198.1102379880494,295.16396124808756,732
15905000,185.9500117980133,332.7407987451977,732
15910000,196.2859769742285,382.7980671219902,732
15915000,199.4630658131257,299.5442778309557,732
15920000,170.0148091576678,290.0165184759218,732
15925000,170.1828406039269,299.608608190662,731
15930000,199.80329961281927,299.32048503017097,731
15935000,169.44747947840665,304.29914482391223,731
15940000,207.1039233636658,358.9132446876164,731
15945000,163.38725017744932,294.391689095729,731
15950000,194.47782663636642,361.48642451535386,731
15955000,163.05268314161776,312.05267800278597,731
15960000,197.9082885592431,266.0421176521998,731
15965000,175.0657096936514,250.5189320576434,731
15970000,202.68718511166517,357.24229733717175,731
15975000,165.84323625034452,305.5879541268021,731
15980000,171.57096562462257,303.6023762997694,731
15985000,184.04513068596725,358.65127813808033,731
15990000,223.6248605327733,333.44869879818117,731
15995000,199.6131376177809,341.72920488210576,731
16000000,209.17760928816702,319.803484260011,731
16005000,206.75206142365846,299.83341367656215,731
16010000,178.08414315645342,306.756549760834,730
16015000,201.84198008883027,276.83361580298407,730
16020000,216.8754289352959,319.84026380047993,730
16025000,215.22741276422585,348.14025906340976,730
16030000,175.1594933092416,290.30249797448215,730
16035000,225.04058733585504,333.62050885840836,730
16040000,171.55937475679244,317.22621638943446,730
16045000,198.60157646666474,295.84960371327423,730
16050000,155.54068846341815,276.035610943572,730
16055000,203.24815049855943,321.915115066857,730
16060000,173.1662327973575,335.4894775761122,730
16065000,205.080218064093,331.66264837868647,730
16070000,198.30956430924687,260.5175472230864,730
16075000,161.26034317230497,312.911850484045,730
16080000,198.3176996243746,302.09455761752946,730
16085000,207.94408705356352,354.1962509547526,730
16090000,202.17283000754117,274.8662991376542,730
16095000,174.50506561028084,315.4234431506648,729
16100000,173.72418701486453,225.24621799409388,729
16105000,192.342665357753,252.2816965322785,729
16110000,184.6769565599254,269.4210477675518,729
16115000,176.37426106583172,285.6085938530818,729
16120000,159.0096453628835,273.47495184719315,729
16125000,219.7617307582671,282.7843565826862,729
16130000,207.47490063500402,311.20672798124514,729
16135000,185.13663713545662,301.31065950333596,729
16140000,210.61334620118703,308.8506664700935,729
16145000,192.37066731864232,266.3039038857657,729
16150000,143.48726248613846,255.25317241903988,729
16155000,160.58165921226544,309.8768023619577,729
16160000,200.55156508410585,248.71022535650977,729
16165000,160.58600370230835,300.46943158368083,729
16170000,210.91859146887842,327.39784041589144,729
16175000,165.70073529232545,320.77959235597285,729
16180000,205.64045165393458,303.04049406259435,729
16185000,225.76149273706932,332.9606337535265,728
16190000,210.53095547394676,401.3335991398713,728
16195000,196.99351313480824,244.8422453826746,728
16200000,186.09680259651816,342.7881294903991,728
16205000,150.5713742956849,314.98252598442485,728
16210000,162.8719543794765,372.54059902570805,728
16215000,153.71165789355797,297.2588474197356,728
16220000,153.34804887882137,299.5437730246829,728
16225000,186.69459736947556,294.29509132839064,728
16230000,182.21929479255587,299.3900182491036,728
16235000,205.02662673292483,282.75959937860046,728
16240000,185.32638235864317,308.11476647508846,728
16245000,182.5742349226628,291.49983826270693,728
16250000,143.09916549387165,313.25193894081417,728
16255000,179.30856840010756,325.2345292886165,728
16260000,225.585988518916,281.0516515861193,728
16265000,145.73678843146757,311.594210206377,727
16270000,204.37315832935627,294.27667610388517,727
16275000,226.4973835439996,302.2958873591345,727
16280000,231.37944587284585,301.20217936132934,727
16285000,160.3521378050677,299.13156650802154,727
16290000,168.0996727568395,299.6320327663254,727
16295000,194.56551302645596,326.79273764078846,727
16300000,171.66514095831414,280.1554716883015,727
16305000,210.51310190227085,287.12249089390116,727
16310000,211.70644998526012,288.3323114087208,727
16315000,175.07072800501098,274.0685204131441,727
16320000,145.2830985663627,306.33241896537913,727
16325000,170.68323664176117,229.2153181221194,727
16330000,209.86180658505924,337.29019220338944,727
16335000,173.23831107297556,249.74017524121086,727
16340000,195.99936392548017,374.61045768896184,727
16345000,176.66764116172413,269.8670059349899,726
16350000,198.89377823645805,370.3806176777048,726
16355000,199.39192005083058,270.78674892150036,726
16360000,179.37183642176564,301.3659318185208,726
16365000,193.62191282745763,302.9759368009447,726
16370000,180.12471620417372,348.7195055013437,726
16375000,195.47687566482864,267.8289570566466,726
16380000,179.23289782306313,309.12995155865633,726
16385000,220.38568808045926,316.15557710857007,726
16390000,205.03907771181005,330.6816894434791,726
16395000,162.82821021333206,310.2830320123078,726
16400000,198.66649457520433,262.2577729585623,726
16405000,187.98758210879072,271.3554722207934,726
16410000,191.28627887801522,334.6668927616521,726
16415000,178.02630120072885,304.3198331447364,726
16420000,206.42403477403118,300.44413265510923,726
16425000,159.1437877136051,370.5528530316791,726
16430000,219.23967307153438,339.0554223840378,725
16435000,171.23989114470803,272.35072859970217,725
16440000,192.99133996694195,328.5574736703925,725
16445000,224.4165124791488,268.30109604568736,725
16450000,166.6135205385677,275.5698131054557,725
16455000,230.90931106900038,295.0825714619967,725
16460000,192.7055091674357,320.7468460819154,725
16465000,199.86563569274588,300.881340843944,725
16470000,214.35918698930408,336.40312888316134,725
16475000,197.17016071909018,274.1122537272954,725
16480000,184.39763238380286,306.312280321657,725
16485000,190.2683169987103,286.63091130016096,725
16490000,219.5870223253952,322.5763947712185,725
16495000,195.644878982694,291.0534771502222,725
16500000,171.52701684422766,257.91829761334174,725
16505000,143.8583144409025,309.99336037745826,725
16510000,171.59358907341777,250.6982645403918,725
16515000,158.31161847114416,272.2277430890692,725
16520000,175.8576101254015,266.564850650958,725
16525000,225.43262513388746,330.71514645572216,725
16530000,193.027657558723,230.6292628092526,724
16535000,196.60947517528163,287.04612742718297,724
16540000,216.24053070456864,258.7903194017797,724
16545000,214.6679898613955,262.3834554730393,724
16550000,213.79305041158347,239.52850714767024,724
16555000,177.49179603268118,288.34608086497144,724
16560000,153.73404607641933,271.33222342013687,724
16565000,216.26353274323662,282.003411460728,724
16570000,189.88686344704593,231.28360052269923,724
16575000,171.81892382070788,287.4479837834856,724
16580000,163.6911771406732,235.7780114671119,724
16585000,213.07690464508912,309.09428372199164,724
16590000,225.97957333209786,353.68225734904314,724
16595000,180.95655998598355,284.20885837043534,724
16600000,203.25453121248358,282.0417075957084,724
16605000,151.6310410296408,335.06276498976297,724
16610000,186.63677694764226,242.48819685805873,724
16615000,187.2467752754312,343.7788823994258,724
16620000,149.40287485445654,334.544113097079,724
16625000,243.71433266934676,319.9720883612225,724
16630000,198.25520754437608,330.7341682904574,723
16635000,210.83286004759066,282.7664199937611,723
16640000,180.37467850129337,295.7645839153402,723
16645000,168.54374812791616,253.23085457732043,723
16650000,168.247726037986,369.52042812864505,723
16655000,162.906810373498,230.18534968488802,723
16660000,217.00738305439782,304.69249515362696,723
16665000,213.41694652013163,325.23529219660116,723
16670000,180.42577116963025,359.4746403916935,723
16675000,173.7264855645481,335.83805027896364,723
16680000,165.49766158059788,265.6963838571035,723
16685000,185.35942441202778,327.2735524419307,723
16690000,154.32255173762917,346.14012728999967,723
16695000,203.43480857110148,330.6472128013142,723
16700000,196.25094367788645,371.1843947251089,723
16705000,202.69385048189247,286.2669909653939,723
16710000,226.1792155847662,280.6882801692474,723
16715000,172.50751150713103,260.58011560729756,723
16720000,190.73396663998545,251.9161234968193,722
16725000,171.21242594459187,285.764783677748,722
16730000,203.6855489444357,264.57373847590077,722
16735000,181.7940690631047,251.5023413491621,722
16740000,213.4329495624216,324.80408946893306,722
16745000,170.53440899391325,277.20006634474396,722
16750000,221.51403230845824,250.54013109788386,722
16755000,179.97870297799574,261.94912573262155,722
16760000,168.90271106205398,320.3085616768841,722
16765000,179.89741420188645,297.3964700508046,722
16770000,186.7092230847579,342.233701178824,722
16775000,180.27077476978195,265.22956331137857,722
16780000,151.6407676648594,291.41375907367984,722
16785000,158.20448895771483,348.47826572527873,722
16790000,163.11551096096878,324.61811817469413,722
16795000,182.3436641149438,292.9532950479236,722
16800000,184.95993510394578,243.53950158768947,722
16805000,205.08386377342416,297.6699189003834,722
16810000,159.728048575006,347.09418113794084,721
16815000,193.4373535654811,297.9714399837982,721
16820000,190.62235506467573,259.636756816228,721
16825000,211.6503214216939,293.56504475955364,721
16830000,170.33852157837444,359.90532906481894,721
16835000,206.1009070905892,379.8614861187141,721
16840000,196.34326610626462,316.03714790913097,721
16845000,194.10762943551237,310.9294341182406,721
16850000,202.62658840136558,256.57076024707413,721
16855000,211.48865934094255,341.9712601081688,721
16860000,184.9727803253066,303.91848578540333,721
16865000,195.64915586826083,275.58546174506984,721
16870000,249.62817729995766,309.49297600277356,721
16875000,181.34829129053134,308.24268193058157,721
16880000,180.55599621267402,265.1082439952296,721
16885000,185.93066139777451,335.4681284664445,721
16890000,193.84480064779075,292.43707084166937,721
16895000,180.2344149340874,282.55958960578954,721
16900000,224.63096236660363,333.86354204880814,721
16905000,212.71452345289765,298.8283872451604,720
16910000,177.9869403955059,272.708268557959,720
16915000,177.5236069657983,278.8259854070255,720
16920000,207.66279077144316,225.06463097249335,720
16925000,181.04019704851447,280.6755703202352,720
16930000,151.98654407357543,330.4598659542406,720
16935000,200.1042701656876,296.21043919845374,720
16940000,210.30271009793114,307.5933467545769,720
16945000,194.9739802719897,331.77728772445954,720
16950000,162.4671254778319,254.60302444714873,720
16955000,187.9891683832134,288.1663696707438,720
16960000,169.18977340050822,284.6808715554558,720
16965000,169.87752420790486,265.21733951849353,720
16970000,232.87435883323445,359.18358417766063,720
16975000,179.40588246130895,322.6104052922273,720
16980000,198.03129227562604,300.5884056053807,720
16985000,189.94133543992353,252.64219162444246,720
16990000,212.97302837314027,293.4011295462359,720
16995000,180.48443578550481,323.7315185061467,720
17000000,172.6157112063643,329.458066681551,720
17005000,188.37568478862372,296.19118217064425,720
17010000,207.1351527595736,305.61906307458725,719
17015000,161.8638975257284,318.1808934347359,719
17020000,212.15978298426796,271.67081670174554,719
17025000,197.20020879986558,296.3232764804261,719
17030000,194.32113981588077,311.53851841243994,719
17035000,179.09599997754103,234.69763576359216,719
17040000,217.98138836927706,319.8913630745074,719
17045000,191.75371699906842,320.160561267571,719
17050000,185.80509832962684,258.6020817125291,719
17055000,223.0213524931851,310.5717341429884,719
17060000,202.62487178820797,332.5506232632724,719
17065000,185.26484853217556,339.9825633425121,719
17070000,172.38708086574925,290.028722464035,719
17075000,204.75448160542084,336.95908230631204,719
17080000,188.74338344442305,309.0061630664481,719
17085000,163.23901638072928,259.8998054446743,719
17090000,173.75195122596614,252.71718285397228,719
17095000,198.1765810474717,354.27726311119835,719
17100000,205.2896202940505,280.80131594557315,719
17105000,229.97358209415975,279.85482671930566,719
17110000,184.3744010873682,325.5706076559936,718
17115000,191.23356991344858,332.34709315158017,718
17120000,193.98822267295233,343.2481450449842,718
17125000,198.8558983120054,289.1601869811616,718
17130000,197.53390938984674,313.6367062704173,718
17135000,180.96836534318837,289.84498874324646,718
17140000,150.16511187496928,281.6954844516779,718
17145000,176.41685068938415,243.10597243849756,718
17150000,188.98888082671093,294.29629457495867,718
17155000,191.86822956107343,314.91725455907255,718
17160000,188.11334220844427,328.8580682102284,718
17165000,194.0897946225363,260.46743686380387,718
17170000,182.93363372103977,316.05690584635505,718
17175000,201.1261913084975,285.93158210295564,718
17180000,142.28989307730987,337.6863297393037,718
17185000,180.49354729949118,321.13979981114215,718
17190000,175.25142454773152,355.54653215902044,718
17195000,192.31249774138976,310.4948153653594,718
17200000,177.5945990512716,339.87627187755305,718
17205000,170.8952762693229,299.7140994813052,717
17210000,177.7333687902871,333.05084326807946,717
17215000,173.8449275225092,284.9622709328716,717
17220000,218.17060917305085,315.8864595181547,717
17225000,204.2593122189203,386.77313976746944,717
17230000,214.8296101366168,297.66579362695427,717
17235000,176.8323956072941,292.4752998733802,717
17240000,189.03535354898167,301.7464562065872,717
17245000,193.986189535741,304.8118899065983,717
17250000,240.52133451237373,389.4724111918018,717
17255000,206.49155782475572,320.438404798641,717
17260000,208.81338673198846,309.9754016085615,717
17265000,161.17566967507244,307.4671762715489,717
17270000,209.25894973525223,292.6413757744073,717
17275000,176.65323986266623,304.6159437526003,717
17280000,179.0041958718809,252.3756355560467,717
17285000,187.5115227610091,292.38594094896155,717
17290000,163.47906522317908,289.2413425228836,717
17295000,207.88267329868918,314.88504780506787,717
17300000,190.2073623622398,253.2920521023787,717
17305000,167.15499971874877,412.74510384645873,717
17310000,205.4682044073972,303.5413210672218,716
17315000,203.61799970066764,307.4183904610356,716
17320000,170.22779122887397,304.2971682327232,716
17325000,158.7677238771457,274.7019958748273,716
17330000,173.0464851574912,287.1623384996034,716
17335000,205.82114093808335,275.7248331986983,716
17340000,227.45744673649713,261.6145900547101,716
17345000,163.3331073142603,243.8292492685208,716
17350000,206.59174675320062,349.86129300721524,716
17355000,185.14692812873244,379.7961903334395,716
17360000,212.37675887432067,264.370774777134,716
17365000,192.1070737950872,262.8421697153849,716
17370000,193.76311351273438,306.1922746785496,716
17375000,186.5423234024102,304.3351097738411,716
17380000,218.70539744507911,321.21055431356433,716
17385000,212.36327934721325,323.1522123181398,716
17390000,190.27160034582974,299.05718558374167,716
17395000,171.63078368870015,309.74847024832405,716
17400000,209.25356731290825,316.74557562918824,716
17405000,205.28133751764744,272.4975530419772,716
17410000,184.72292978451028,248.268637524616,716
17415000,225.32094688732008,283.86204250771925,716
17420000,164.26036817088035,293.72311245079044,715
17425000,225.3735957318805,329.40983636327104,715
17430000,199.81406806757275,314.7932645500932,715
17435000,162.8000583299675,304.68550169708965,715
17440000,193.02708743221882,300.5119448772619,715
17445000,166.69555949458044,249.49910676998556,715
17450000,182.8496446718307,298.2083779864987,715
17455000,179.84632883557552,238.37369371625556,715
17460000,206.29247772408095,322.66661420405285,715
17465000,196.2864665491501,289.1074399520561,715
17470000,197.1595437887665,282.068613375778,715
17475000,212.73030228662648,303.1379704380254,715
17480000,181.33994935897147,278.7401172774249,715
17485000,173.32137818061176,287.3265855490353,715
17490000,218.38701666745942,260.9872407537309,715
17495000,177.2088961862489,293.328968177955,715
17500000,179.22112073499625,258.6342770229076,715
17505000,209.74924386796553,296.26158395522384,715
17510000,199.52421887953662,269.4303835084079,715
17515000,194.89677282348137,379.3970960364989,715
17520000,172.97169963210914,326.67217347982694,715
17525000,203.68639502267274,281.9725958489744,714
17530000,181.46281970982233,314.9391111743933,714
17535000,167.64094665526363,371.69266688471663,714
17540000,189.68255528859981,324.37844301832536,714
17545000,196.98630973192743,288.508364844585,714
17550000,212.41861935626756,336.28094873320975,714
17555000,189.18605445544543,308.0490883967908,714
17560000,208.51429899553577,291.79056876603016,714
17565000,170.4093414735196,233.83509142855374,714
17570000,159.26906108935015,348.46408358488793,714
17575000,186.91990692840466,337.11472039119656,714
17580000,203.16625575760895,326.7874705855309,714
17585000,190.23754580824956,323.68752498748455,714
17590000,199.86158845403992,302.1115425964564,714
17595000,177.73959564633128,282.4690326114605,714
17600000,239.68391435131096,249.43929820131063,714
17605000,192.81987572886885,290.93864644489133,714
17610000,168.95443142464617,268.44593677219234,714
17615000,178.86466787192114,249.8570706833201,714
17620000,194.39787781463855,334.76930565620813,713
17625000,229.32050586607085,326.67042335612285,713
17630000,178.42588551818125,294.10381898665656,713
17635000,186.8081276017723,389.40807751108383,713
17640000,224.4645208705886,325.11193982862886,713
17645000,198.31376139594497,266.00444921829705,713
17650000,183.84095595227586,304.0349227132784,713
17655000,219.735392529132,303.0921809538424,713
17660000,199.55720644187184,292.8208650090235,713
17665000,167.60048893561358,264.9918408733559,713
17670000,188.53199832628886,314.8803540735835,713
17675000,171.9814645586098,322.14753112815964,713
17680000,216.15602878491885,355.6873318845805,713
17685000,184.67724144924713,264.36786583033535,713
17690000,192.66599685671696,261.7594183591211,713
17695000,208.98839063506384,282.0214870566474,713
17700000,191.60338520992943,312.1286158841171,713
17705000,207.5620259879259,326.47425014690845,713
17710000,189.07905292318176,346.05524057683465,713
17715000,201.54231996921163,359.03688178126566,713
17720000,184.9548521592349,264.96242896896484,713
17725000,180.37334533157247,335.79686166649304,712
17730000,189.20508248684376,320.01124556306996,712
17735000,191.35449671965637,287.436443017778,712
17740000,177.78032243624278,269.84597513393305,712
17745000,154.78944463732833,270.97423514028554,712
17750000,186.69184516726762,292.5928673278731,712
17755000,173.2724583869903,284.05930703687636,712
17760000,160.41097705219755,246.24176316801012,712
17765000,192.16199252379096,339.8933821137212,712
17770000,182.1572464537356,313.49713277527536,712
17775000,221.40890516104062,358.9031471994792,712
17780000,195.91413463742086,308.87595137880726,712
17785000,201.5143945935436,315.526046875583,712
17790000,211.16982782319957,323.37879085209397,712
17795000,189.07204128256552,316.45199853458973,712
17800000,142.77244974439424,352.0040613896902,712
17805000,225.4647506066181,281.54878765242904,712
17810000,171.71387204291048,290.61423861039066,712
17815000,192.96631777878846,315.5907390290248,712
17820000,191.94522805626943,293.86289538292846,712
17825000,184.48108244854285,300.57726393614337,712
17830000,187.11563887995936,278.62948213502654,712
17835000,210.9080894764656,327.7010868496793,712
17840000,177.75361191715868,282.2583580119197,711
17845000,166.29632304187652,252.57350316100425,711
17850000,193.81670912951853,277.5641738709276,711
17855000,187.85294997856556,279.27893980669836,711
17860000,188.43199813791918,342.86644385702857,711
17865000,198.4243048675436,275.748619304452,711
17870000,189.39457087723073,312.99048053047454,711
17875000,154.7072772012542,299.7692105374083,711
17880000,189.9173538725042,240.7476423049951,711
17885000,205.45206780161936,338.1103476009406,711
17890000,212.8932454533385,298.58011240557386,711
17895000,195.37635638584058,370.8550860203579,711
17900000,200.13714315793564,275.45077761708757,711
17905000,182.96967311822178,300.2035068576225,711
17910000,196.48040595337207,362.40825295773936,711
17915000,183.16965929155327,353.7366576890934,711
17920000,175.13778591605984,284.85779848878184,711
17925000,218.93915239928864,251.84377076308363,711
17930000,184.88934253783577,308.2002349232869,711
17935000,218.840641500605,279.96408753069784,711
17940000,149.77547279557098,308.3220300231503,710
17945000,198.5378262528253,287.82310980413575,710
17950000,213.8637540309857,325.35334715924694,710
17955000,186.77516185800465,324.71635271234743,710
17960000,173.78935210555977,376.49471674352264,710
17965000,149.09477035167396,245.74083520431236,710
17970000,179.92064823753796,323.96321696530254,710
17975000,201.80835052723677,241.5243228072062,710
17980000,182.22066583047325,279.5538082138026,710
17985000,244.63821689057067,329.9469754044169,710
17990000,167.73745331593545,340.0725310964526,710
17995000,183.05971135530478,302.10538264998775,710
18000000,158.22741861098604,348.426953236575,710
18005000,211.66474309041794,261.25940746915177,710
18010000,182.03601068804187,316.9349198589561,710
18015000,203.47307507942836,341.1712328421573,710
18020000,196.77139535900568,323.72024732897995,710
18025000,166.45241381908127,318.63474752387276,710
18030000,180.20706931000862,322.6700042102599,710
18035000,167.46785821721957,307.93516143166823,710
18040000,178.70693767080814,254.75927813269288,710
18045000,212.33624505643635,300.6219591870347,709
18050000,200.66650119564042,286.32740496308855,709
18055000,192.8545537155863,325.0870859538782,709
18060000,164.6116650800605,250.5989633719758,709
18065000,198.75021864592736,295.86738547506303,709
18070000,191.18113182964896,304.30083560357485,709
18075000,221.65697726251864,290.62770340786494,709
18080000,188.58565902562287,331.6134313070255,709
18085000,188.89592491369785,339.9684341552115,709
18090000,193.8157506521895,342.2763102765305,709
18095000,187.92659922644725,376.49854457947004,709
18100000,170.0165285363293,262.9080642290058,709
18105000,246.9735503884141,400.2873612290187,709
18110000,191.536722115981,331.7467043663541,709
18115000,157.591857099892,287.81348037232226,709
18120000,182.47809698440705,340.99743513853247,709
18125000,187.8139445307242,351.8648333650248,709
18130000,197.02038666443525,257.6315028097051,709
18135000,180.2532395493579,312.05964996223975,709
18140000,196.29364034046375,355.6773437611738,709
18145000,180.8986223339682,301.37179531396856,709
18150000,256.6297218250041,328.09208471947164,709
18155000,221.16329150499652,274.88202422796115,709
18160000,219.69743909512988,349.13192792435854,709
18165000,171.2129747805234,281.96954048359567,709
18170000,197.61773881385017,366.2789674779118,708
18175000,237.69400549619286,277.44819146417984,708
18180000,208.7936002623715,375.3803040582757,708
18185000,183.8886534835927,291.8565923492769,708
18190000,214.59871563287177,269.45666338518805,708
18195000,187.53357330074988,309.411431061813,708
18200000,176.30452098524665,263.9800454350828,708
18205000,239.4739525637028,329.6384461364941,708
18210000,169.34122191387735,339.3085268493514,708
18215000,167.08863374138775,281.25104283174204,708
18220000,205.67710237253465,348.4589710925175,708
18225000,175.33196738846726,337.8732070702641,708
18230000,205.64714355258639,303.22111955758294,708
18235000,180.16097832102145,287.9555051932845,708
18240000,170.92077036387414,338.20206857648213,708
18245000,201.30563734707223,380.9573149935998,708
18250000,185.1114467477501,354.18867131128104,708
18255000,156.39833348252756,250.16423086802618,708
18260000,165.18741814448538,295.03501594607513,708
18265000,163.47141032334255,302.3059401267186,708
18270000,198.12973449445593,310.26844646386377,708
18275000,186.88592902206076,293.43560635811434,707
18280000,203.34139952586455,295.9801039460507,707
18285000,187.7267227281811,304.55495628624766,707
18290000,205.80289668992117,331.89212308779474,707
18295000,204.42518312284182,340.07565015359916,707
18300000,186.88133431687584,273.6733241290775,707
18305000,171.8952085107548,257.428209513686,707
18310000,182.71196543955887,298.4876721653641,707
18315000,141.83945584690952,286.96776565774604,707
18320000,189.3158441346613,309.8446126542524,707
18325000,224.2284343764918,312.30752867260577,707
18330000,209.7229640558391,348.6130945913542,707
18335000,195.5007953881525,295.27587936975647,707
18340000,191.7044493421988,292.8497661989276,707
18345000,203.5777102775224,305.3024136964263,707
18350000,183.5025217384008,313.0286345461325,707
18355000,146.25079554539667,276.4533053771515,707
18360000,195.28414281695066,311.24472428980323,707
18365000,201.81909669626603,285.84393363828605,707
18370000,174.041485831625,323.84758839560936,707
18375000,219.7523911507665,284.5669105768271,707
18380000,206.2092140741668,307.423844760308,707
18385000,192.87443457224998,250.40436753950945,706
18390000,212.33288294476864,281.9097473392892,706
18395000,199.77768583443608,360.08864612117173,706
18400000,190.9849641940058,334.45767898575343,706
18405000,194.38076607435707,281.4107108254991,706
18410000,167.75229377013443,233.3580199672626,706
18415000,232.77980117090328,312.07757675377,706
18420000,197.10073824306036,291.765328740025,706
18425000,194.12695319864332,254.41270481880352,706
18430000,240.36478052799967,319.2117716628815,706
18435000,188.47583590281346,300.7431529617568,706
18440000,170.13979056320474,298.890411387014,706
18445000,183.7233751347827,331.3878153083868,706
18450000,194.33524336745631,271.4156540071422,706
18455000,185.84373385024196,320.96376173004165,706
18460000,179.6722707012981,328.1372548050463,706
18465000,197.01907667631565,345.33744191979065,706
18470000,200.42495990377853,359.65716896987846,706
18475000,201.03471109859882,291.92119589950715,706
18480000,182.4368345681205,236.83694078409798,706
18485000,224.51064936584058,341.60380153774975,706
18490000,227.68101528638232,345.17037905477343,706
18495000,190.01621635638367,263.1147769552606,706
18500000,159.86189041056846,349.8624528592413,706
18505000,180.07018743032987,281.2324063112951,706
18510000,213.63200929342355,266.3475569377761,705
18515000,212.42576639781714,278.47987896114694,705
18520000,173.99308605742522,286.7427461872504,705
18525000,198.78905246269346,258.53693223920084,705
18530000,157.91741679066888,358.16822774895667,705
18535000,169.37481712367895,293.8881744688792,705
18540000,176.2943247390685,292.803328883992,705
18545000,204.1124480172601,302.7406325546789,705
18550000,209.40701976073527,308.6834871955659,705
18555000,213.27898554722512,315.8965148772531,705
18560000,144.9172143588944,247.97351025608117,705
18565000,154.77315989021955,296.37865760211093,705
18570000,233.47852711008605,325.50640480832465,705
18575000,164.00055509323465,338.12130753026076,705
18580000,196.01906298193927,327.945011274604,705
18585000,163.12122568466103,270.55798167924786,705
18590000,200.07106743285578,323.48465517667836,705
18595000,227.32142212352568,288.9007475141033,705
18600000,196.08707253734997,368.2627399354879,705
18605000,185.57560447150854,267.294561675327,705
18610000,195.55555739016995,343.58225353874434,705
18615000,203.33879877356864,339.58797418419783,705
18620000,231.84440082202576,349.34526680152567,705
18625000,191.7099659274671,272.66683997002843,705
18630000,207.75076511963354,347.2615146239033,705
18635000,161.72286915401438,257.1906150452353,705
18640000,178.39775874231682,255.1963106485835,704
18645000,227.46661382107266,361.3288761668675,704
18650000,175.39601119585302,323.3907799765233,704
18655000,171.2905922615328,324.2869092350668,704
18660000,185.8701786867384,294.18535883011003,704
18665000,173.49520681241896,348.08192401683453,704
18670000,195.78990896163137,279.9350754998416,704
18675000,191.77771108539906,310.8604850275795,704
18680000,175.7054942131755,330.9690005646005,704
18685000,201.74758858444244,303.1324124546424,704
18690000,160.3256821046485,327.921668912913,704
18695000,205.92811660729035,328.6468427253225,704
18700000,185.63413081574856,284.5513934376232,704
18705000,184.081984626142,275.06580190563335,704
18710000,184.26554990548766,316.79573195419647,704
18715000,176.91230384887945,340.457952728414,704
18720000,201.89205701176724,301.4170589303181,704
18725000,217.93861239566402,382.8356043132539,704
18730000,151.8616711656582,298.91811289218657,704
18735000,197.70388196339565,366.9534246198805,704
18740000,234.94788087566525,301.92898313577086,704
18745000,195.86175264686014,290.71232593175154,704
18750000,213.9850725631691,290.1148846545331,704
18755000,194.7506637130343,263.89400987039085,704
18760000,200.22037800030736,266.67077063553165,703
18765000,179.02442989157623,333.30496222298905,703
18770000,196.71893080992328,260.9987966981113,703
18775000,200.41892500134884,296.5693915148984,703
18780000,180.92962745226367,286.4192815609466,703
18785000,213.3199793060265,291.5522696358568,703
18790000,178.44154758229638,321.0043424836772,703
18795000,217.32597665149905,294.5944264038702,703
18800000,208.02183334000466,267.2329918789129,703
18805000,160.87314719536988,306.06740567572746,703
18810000,204.40001596938367,336.4209621971794,703
18815000,199.62079532205098,276.4906859614399,703
18820000,226.28815826823632,226.56932985153483,703
18825000,205.39674295027484,335.85012091021133,703
18830000,180.30120501369558,309.4853047875366,703
18835000,183.12899638052866,360.31747317900096,703
18840000,229.96201904143447,352.5672107502359,703
18845000,148.34454728186586,320.07715579611937,703
18850000,163.88342698999676,264.88881353862064,703
18855000,164.4061084116921,304.9700636898672,703
18860000,198.04974343786392,290.9365275995885,703
18865000,163.97997619043485,332.91738171414875,703
18870000,172.85456799946894,252.47332977811428,703
18875000,207.45582810053918,290.66308708411464,703
18880000,197.8797607258053,265.4118083242634,703
18885000,172.66309025100213,262.31175248571293,702
18890000,226.30393473406662,353.13915671298304,702
18895000,169.57259511475084,267.214732399025,702
18900000,168.9480044638368,262.55726616520985,702
18905000,192.77193223968015,265.33685483432475,702
18910000,173.39529753146383,360.46306941136976,702
18915000,169.74500928665057,338.55101373350846,702
18920000,161.071104472189,344.19279011244447,702
18925000,255.45708078662824,272.02319683892085,702
18930000,160.78387115685334,329.3160204737801,702
18935000,192.23687414546896,276.41349940047104,702
18940000,217.59105769637296,264.7515279256586,702
18945000,207.43866487614076,374.62178172202954,702
18950000,190.17617658285928,351.65010963307543,702
18955000,175.8148470404441,313.33968094702294,702
18960000,188.57101862224732,290.22646816206196,702
18965000,188.51114388494793,295.5819237475021,702
18970000,215.55093622770514,343.8519510827021,702
18975000,201.1583782669799,327.67239816579024,702
18980000,148.56831900741275,293.8427297503806,702
18985000,174.10861875892957,235.3894835885837,702
18990000,188.79631857245798,316.60993461641954,702
18995000,192.54212999497923,238.02850240117047,702
19000000,202.62413730270012,271.68974943870734,702
19005000,191.2266441912564,291.31660416390935,702
19010000,175.73459826682546,310.3303429614401,702
19015000,202.633569807344,320.8418934708214,702
19020000,168.92520159807898,307.17452500608607,702
19025000,178.71031892518977,366.58325661347004,702
19030000,167.99017796804324,287.61552020265094,701
19035000,174.1340839223614,297.1862060015596,701
19040000,221.5043112642402,309.06160173009647,701
19045000,173.7532448186243,302.0393596162196,701
19050000,173.5178333485996,263.22957385608424,701
19055000,172.61763984491327,297.4298099328418,701
19060000,218.07955395581897,361.2671123029756,701
19065000,163.19342720992603,291.32853072785196,701
19070000,193.6288052630984,306.2710622880074,701
19075000,174.82116179565998,304.8662618571793,701
19080000,170.1978373245572,286.5890754212881,701
19085000,158.1782291811259,255.75741029088516,701
19090000,192.21966916016038,355.6238316050616,701
19095000,187.7718144004317,354.02855513740747,701
19100000,194.81092326539425,303.53586460256224,701
19105000,181.36912108704814,303.0012101828447,701
19110000,176.7843799896737,254.7193113030976,701
19115000,232.23106280746464,314.38455319941033,701
19120000,183.58539675562866,311.9412759145159,701
19125000,179.45848334694196,308.02233227519855,701
19130000,179.32318615517812,260.11890721548997,701
19135000,169.86083658355176,287.342283858314,701
19140000,204.12027358530926,314.2124774601207,701
19145000,196.90321574752,296.20622375185326,701
19150000,170.20341082296432,324.0050086512148,700
19155000,165.52087023944344,219.90771547319173,700
19160000,177.08946501791846,279.05609560787667,700
19165000,176.6891932079549,302.31937692696823,700
19170000,205.3317894061764,315.44542178965577,700
19175000,183.4611313100459,251.1823867714703,700
19180000,184.9416204898455,328.17094018871376,700
19185000,192.53533355982333,334.39967472289504,700
19190000,200.5917822956655,254.18693407383924,700
19195000,212.31414333695102,212.33821278830564,700
19200000,175.34444905400758,283.1972465725388,700
19205000,192.88429507143857,315.6718044769066,700
19210000,177.7678621153843,312.1323314607597,700
19215000,207.12274355008952,343.00769540652004,700
19220000,197.6458445927769,331.30582111266773,700
19225000,251.1733058782907,382.4183437434062,700
19230000,189.77938942876236,282.666167107548,700
19235000,215.6876846682849,340.2044242929398,700
19240000,222.9140191116868,274.7992861118675,700
19245000,215.6723413184815,259.1473687937744,700
19250000,199.98603282608667,277.20044767316693,700
19255000,178.78814830876803,317.65855274686913,700
19260000,192.2067153853415,287.09352678049993,700
19265000,190.83150280497404,306.14472244968806,700
19270000,198.9664397065622,272.0571715449003,700
19275000,189.88044965140082,282.08201476138055,699
19280000,160.4286676939432,312.4542702674498,699
19285000,191.0293219742888,306.7168248384924,699
19290000,186.3143135350849,320.31367246134977,699
19295000,146.61358026498718,295.13063157139726,699
19300000,187.95993869442214,296.85202843630765,699
19305000,186.3362193088634,265.18294200172693,699
19310000,202.34537669837584,267.93177305389236,699
19315000,192.19238013345247,307.6455042469034,699
19320000,208.34208319424764,254.95900525156512,699
19325000,174.81248201620386,269.8514071401357,699
19330000,193.89347396352687,273.9066129884482,699
19335000,192.68728515944224,281.62349489066054,699
19340000,226.5197403773843,338.12428631398467,699
19345000,173.62462734162372,300.5711665905659,699
19350000,156.75824448013492,250.78165135386655,699
19355000,194.49450262455565,291.09196513799634,699
19360000,159.1586820818501,322.2183082745912,699
19365000,183.41581920629477,269.86408127903667,699
19370000,192.23502134799494,316.84769497571705,699
19375000,211.8321862019903,330.00076513511095,699
19380000,183.01603110483615,301.29865033748285,699
19385000,171.23507123292708,280.25165452972107,699
19390000,180.3228933405066,337.3103886525747,699
19395000,187.644415660395,359.77754107331026,699
19400000,193.81897793258085,315.5673289377345,699
19405000,173.84372673935917,328.5624544091124,699
19410000,176.8404432071774,350.4932850965853,699
19415000,192.47760047975922,350.24368975826155,699
19420000,181.13219712240397,316.2197787870213,698
19425000,193.5253588049152,305.65616743320066,698
19430000,194.1765854384382,342.2207842554442,698
19435000,170.28442851752317,287.73943610859396,698
19440000,232.30676991643236,376.59739890024804,698
19445000,191.29508603898518,343.5439298104669,698
19450000,184.17650665585398,271.4538965275759,698
19455000,174.91108581620944,275.5608351715305,698
19460000,225.54688761477658,239.61100812478495,698
19465000,181.55217574892194,321.7376798938318,698
19470000,139.37436242322877,279.0088459294791,698
19475000,170.6703040948978,265.62037697562306,698
19480000,226.62500054222704,305.4784214450542,698
19485000,184.50829353248082,279.62401323323036,698
19490000,176.01099776677225,285.4633848051439,698
19495000,188.74279695175807,327.49697005971535,698
19500000,173.43161292715456,326.081887881133,698
19505000,129.56520266498674,330.3222678133625,698
19510000,222.8333600597181,315.9368673901919,698
19515000,189.4988616295579,297.7212441821355,698
19520000,163.93451567037937,325.5549862144626,698
19525000,148.67802178670738,286.200432238006,698
19530000,193.52862888050254,265.68972292260736,697
19535000,155.50188451381956,401.35288657713454,697
19540000,182.10574689214994,301.2042045588757,697
19545000,221.81176805155934,263.6453749966695,697
19550000,158.16845945690076,322.2884605360119,697
19555000,160.79109197191187,331.30519286678117,697
19560000,182.51046065105163,322.8108033919092,697
19565000,205.89069817403518,316.28869053065375,697
19570000,202.26947647627364,230.95182172758842,697
19575000,187.4396151855733,325.0060028038092,697
19580000,199.63508565062278,340.80784823283676,697
19585000,199.34944516699056,276.23464915436193,697
19590000,184.32954477970338,273.83850965481236,697
19595000,206.4104291600785,307.16783167323774,697
19600000,176.78029130749923,269.6506604300185,697
19605000,194.92262418868137,348.2987582202392,697
19610000,187.33749439809702,326.9806210243115,697
19615000,197.56750196682393,322.13324237789413,697
19620000,191.11379143716687,261.2944652472996,697
19625000,187.69007587845766,318.55237345286343,697
19630000,159.49071824180353,302.9098065111235,697
19635000,209.56195109905406,315.21406261131466,697
19640000,171.24339006162535,287.1123779561301,697
19645000,188.85620566660805,307.99077982502195,697
19650000,174.05183143545597,306.33422558490895,697
19655000,238.41503217968292,281.13046825205754,696
19660000,126.31382980857681,270.87338382286356,696
19665000,194.2626223539821,321.8714173730066,696
19670000,202.5693950351765,274.5116520202014,696
19675000,165.57136930458722,257.98666591876486,696
19680000,180.2489188864082,348.898891635048,696
19685000,209.46415595262133,319.972667582479,696
19690000,168.84456838819986,338.8195373040352,696
19695000,197.42214193117303,229.69811622713107,696
19700000,182.32099317003707,300.07456229336015,696
19705000,249.63735305876895,260.607955768813,696
19710000,167.25863338014634,232.95307843560997,696
19715000,217.99916309338352,422.36969452677505,696
19720000,211.54499114541187,373.24735263891876,696
19725000,189.66303154479627,283.7265710780741,696
19730000,172.16452634029272,288.5479860513501,696
19735000,236.5514524252329,336.79383372815005,696
19740000,180.98032519207527,297.76745766439876,696
19745000,184.99582855675115,298.2792982333706,696
19750000,194.0444633346529,329.7603358831109,696
19755000,210.42672921258682,358.195986513272,696
19760000,209.14463135774383,341.15278869112495,696
19765000,176.19397601813128,265.1018852599447,696
19770000,213.81219445371315,333.56929397721984,696
19775000,206.87513445807824,346.84636962317586,696
19780000,225.6934594856059,290.0654158308122,696
19785000,175.72847949469303,221.8297206414749,696
19790000,191.00670138809812,227.69764398859127,696
19795000,177.31182875529393,272.64454602904203,696
19800000,173.0166536234555,307.30228237498636,695
19805000,172.23495613926576,281.74538890858156,695
19810000,180.8318774451718,284.346632103384,695
19815000,177.22432524463804,304.5222990767454,695
19820000,208.4985033382366,283.9201304174072,695
19825000,206.88622188739694,278.95878467969624,695
19830000,187.55102943237773,333.0346033097781,695
19835000,188.60782294224094,284.71656542542695,695
19840000,174.23342221625535,301.94805012683145,695
19845000,199.9399624990898,321.9609196377258,695
19850000,199.21776167435522,393.7019540338225,695
19855000,196.33907711229187,359.04973311797636,695
19860000,220.01885668192477,319.3463816937974,695
19865000,186.03533902842804,277.87711617292723,695
19870000,204.44782989854423,241.22027658019468,695
19875000,167.30162895550782,258.7600813103979,695
19880000,180.51105099462018,295.1252668904016,695
19885000,201.36845831591694,313.4539070321485,695
19890000,185.82706271321427,330.57437606556783,695
19895000,188.6890509158924,291.03022248550565,695
19900000,163.30658040482786,242.37966429088473,695
19905000,173.3171807616904,284.74014250754044,695
19910000,206.8268543140203,299.4676190949373,695
19915000,204.83514280523525,380.5323365723807,695
19920000,152.31479454441848,338.29146058057853,695
19925000,206.93294033622988,336.2663468026602,695
19930000,195.5271155602947,276.5975177176617,694
19935000,183.8183835895308,250.2154702770613,694
19940000,190.68363755428288,308.85521496517106,694
19945000,186.27452690626015,434.9496347863261,694
19950000,186.92661521660622,272.44591004175084,694
19955000,189.48669687395878,278.1282138229958,694
19960000,187.0046305211903,312.4935950869877,694
19965000,214.64365101295613,271.4484650498983,694
19970000,223.96686670323436,297.42986464147356,694
19975000,202.08918927328588,280.8993611011755,694
19980000,181.8497886872875,298.7547331655162,694
19985000,221.10464682187356,276.3137689618911,694
19990000,178.48259299376176,283.3885381940673,694
19995000,183.7553755843645,298.95283097300717,694
20000000,229.53839716590642,275.43034643770096,694
20005000,179.8227263863857,283.6260896129198,694
20010000,177.37087823358237,286.80662380245604,694
20015000,185.89830422835632,304.8553678500106,694
20020000,205.03936517261036,352.1383496381486,694
20025000,190.66035616993022,310.3906479517432,694
20030000,204.20420805971418,336.8911063049857,694
20035000,187.5411367107609,320.25734617999734,694
20040000,213.5682504879195,308.26259180120405,694
20045000,163.41863303282585,256.47244552109174,694
20050000,192.04752469441576,339.2338329056899,694
20055000,229.40442627536981,287.99111008084657,694
20060000,194.55723082408701,304.20111993715835,694
20065000,176.2554971357512,269.85865191135144,693
20070000,200.14718897455833,345.53335399443137,693
20075000,201.373035189161,325.6634342407489,693
20080000,201.6401148048539,286.9192712993108,693
20085000,178.64826346086852,293.00111035336926,693
20090000,175.80998893296612,297.22044964897276,693
20095000,181.97628817084873,367.8977436003832,693
20100000,162.18970474384338,300.0338746766739,693
20105000,157.1146061546368,261.44298334859764,693
20110000,205.24281708629093,293.4477108231172,693
20115000,196.23315479235583,310.21041178726045,693
20120000,201.21150015806055,306.490527828412,693
20125000,206.32345522290657,272.39573918572995,693
20130000,205.97435679818423,291.3920225055442,693
20135000,209.07137663371202,354.0503257220295,693
20140000,200.13232235124926,366.2407140748861,693
20145000,177.32034077688078,292.15791158260623,693
20150000,197.73053581351664,291.75033600281995,693
20155000,150.77004410674772,295.37394135821756,693
20160000,192.16163808974082,263.06723509149566,693
20165000,176.34306637288674,290.4533496763531,693
20170000,172.41941952397167,270.81115525823526,693
20175000,201.6513011353071,285.6099007399481,693
20180000,209.38086843124373,392.7641557991267,693
20185000,195.17113168217992,328.2086043097386,693
20190000,194.4153794267455,285.7042643711445,693
20195000,215.35873304099474,212.5227238903948,693
20200000,194.99113264635292,284.23746149098554,693
20205000,206.46995174527427,296.422397424677,693
20210000,169.20268747242477,298.5658665572807,693
20215000,213.69188055424405,315.5303355992794,693
20220000,223.93333286256183,304.45700415545076,692
20225000,194.24258887628594,259.1620957060987,692
20230000,191.2433723822189,325.2831554017084,692
20235000,158.3875498824121,326.0207395212396,692
20240000,189.43828548981264,276.38649235216775,692
20245000,185.7771325995373,290.579183799701,692
20250000,184.37727661659582,363.8934157387465,692
20255000,182.25979529103031,310.803151100725,692
20260000,176.09734995483655,338.4118398345914,692
20265000,185.57469806000884,335.45465162218744,692
20270000,188.80263284895022,345.7269929228874,692
20275000,156.2606954422901,251.87154243190517,692
20280000,196.92746711239067,340.06679179662933,692
20285000,213.85665307266032,304.17094180018046,692
20290000,202.33776029178765,270.18001361950786,692
20295000,158.9049525222602,373.12421070260245,692
20300000,171.93855554283576,289.021647559342,692
20305000,232.21208090995088,332.97595678113333,692
20310000,188.90596309890003,265.0462663793022,692
20315000,191.6514468227278,303.905032671853,692
20320000,174.12127472142643,374.04024326701557,692
20325000,217.13579355609698,276.32869744649383,692
20330000,184.4451907968911,306.636860988792,692
20335000,177.0433301635684,310.2601023213951,692
20340000,186.8541683082753,298.747287564687,692
20345000,157.57326472989718,247.96995633280756,692
20350000,200.15661401128114,284.32769464543617,692
20355000,150.0352477510501,331.29479639163776,692
20360000,179.81603848195476,259.93528190235884,692
20365000,203.83162287108138,287.6907166120041,691
20370000,220.0959611799771,341.07129356402453,691
20375000,207.83577900309595,295.553755468647,691
20380000,199.72633880734153,306.0725395810648,691
20385000,224.5750833390125,272.6703279794163,691
20390000,220.38235912131546,336.3150513987177,691
20395000,181.590964695507,275.71745581838456,691
20400000,187.72500009480703,295.9008596583581,691
20405000,202.66888148035216,287.1574263714541,691
20410000,205.8947574304466,255.31016105038594,691
20415000,193.3863316179771,329.3393919910876,691
20420000,161.96716814739685,251.03151767646898,691
20425000,206.4706609012073,285.1512350556206,691
20430000,203.50445202472133,294.133720183491,691
20435000,186.11216935777242,263.6215982451932,691
20440000,199.30300216400207,314.79127729470787,691
20445000,210.273326303514,259.5342121465042,691
20450000,213.98998452831592,250.59030042643775,691
20455000,165.15330328283548,287.1753697585068,691
20460000,221.8963583177673,283.48307796272087,691
20465000,154.4566858148066,322.8525128143931,691
20470000,208.8589574812647,312.64616592311154,691
20475000,166.13011059628062,303.2945551862756,691
20480000,196.4004872366832,301.07647288702344,691
20485000,194.7427290197739,319.36723355478216,691
20490000,203.103194436458,287.2383752915975,691
20495000,180.3280806864874,267.98698612621564,691
20500000,214.48441921906192,382.04005823686026,691
20505000,187.10441338572548,296.14277077334367,690
20510000,160.60411875306107,274.29268436339004,690
20515000,157.6850812088766,346.3334759791205,690
20520000,204.69032020187518,347.458679328611,690
20525000,187.08698768359884,350.82089979752055,690
20530000,171.83873363244797,261.09351387643994,690
20535000,198.31963006105366,254.76665711861529,690
20540000,196.27726210119164,348.94116173389995,690
20545000,212.32471473345115,275.03222528848727,690
20550000,192.85927777360035,311.4341694171545,690
20555000,136.9951207619096,324.4080994103815,690
20560000,215.4847327558187,235.03526557802746,690
20565000,172.12193564759133,350.6402975085794,690
20570000,180.08015908554518,266.40990710866447,690
20575000,182.84921377005443,301.9906971746938,690
20580000,266.6456387620727,283.6010411566422,690
20585000,199.83693572745926,326.0808650130938,690
20590000,190.51817663560112,289.7366602457685,690
20595000,160.32151546851497,264.6978650126333,690
20600000,206.41485458475643,316.0131594289326,690
20605000,210.80708935738494,305.377167577434,690
20610000,172.82178686789416,237.29885812966126,690
20615000,176.94546411165237,314.68581136149527,690
20620000,199.46093350656946,256.3821683871617,690
20625000,143.87720721464515,349.0779907779089,690
20630000,184.1031779414197,330.96285118079413,690
20635000,158.98370928478798,283.0223423652859,690
20640000,191.9174866036938,289.3752141490544,690
20645000,180.18611169430469,376.24536687383363,690
20650000,176.54032355345188,286.9688961817589,690
20655000,165.32893464363661,319.42202781837966,690
20660000,187.328838997469,280.1078410227037,690
20665000,199.47463991845336,274.7517165327018,690
20670000,207.91701086136112,322.0637149536024,689
20675000,199.75614464670807,305.4603607364266,689
20680000,184.03005489032296,266.36043409551036,689
20685000,188.2110494518934,268.3445371558674,689
20690000,201.94570531090017,341.5095173930469,689
20695000,218.9544391991604,367.8500938552654,689
20700000,154.44117314534657,322.3062110265985,689
20705000,169.82422005836247,349.7304570315563,689
20710000,206.59551337526025,320.3763709414119,689
20715000,170.40043210445904,253.91348478056463,689
20720000,181.2213847901275,278.7749795450491,689
20725000,218.304039509608,328.2035385011553,689
20730000,178.91371811170177,279.77705365492835,689
20735000,177.65571030214412,289.1392940147453,689
20740000,201.66937010155343,340.2613892550955,689
20745000,172.3779151801969,210.81725843971097,689
20750000,191.23112110952067,296.5536079339895,689
20755000,190.6841953648486,340.2661140020784,689
20760000,167.02688053792141,282.32024376424005,689
20765000,212.3759875457334,268.1249833778079,689
20770000,182.07632162336523,298.19976960290074,689
20775000,177.99924865844602,258.54380585561154,689
20780000,167.65043888322487,255.37427352735887,689
20785000,163.42758947258918,301.1743130020559,689
20790000,206.26053657177914,324.08399479629765,689
20795000,175.68704653967873,324.0696118848322,689
20800000,196.60204417222002,290.3245896073573,689
20805000,170.51557369470146,306.9365287304739,689
20810000,209.91563939041083,313.41974106054965,689
20815000,229.11268726753667,360.12796833936704,688
20820000,201.0453720679783,233.41472670123954,688
20825000,233.49894813690437,300.2972494627011,688
20830000,184.02696322647148,268.08553992176087,688
20835000,211.3864836118467,280.91171115878575,688
20840000,164.6673145874727,268.3640543297158,688
20845000,187.71805602202338,316.89719271844024,688
20850000,196.74195495889683,299.9074605724918,688
20855000,208.74111201620894,348.16582303004196,688
20860000,193.45636529469556,301.6368739105648,688
20865000,169.68330844172726,318.3561593626312,688
20870000,181.65390990857617,253.93241028015623,688
20875000,212.21210108033046,257.43031526401313,688
20880000,182.11652210970854,295.8406579965605,688
20885000,168.32986786845848,296.4758503715434,688
20890000,209.436451921883,328.3144909038334,688
20895000,201.11387277877267,354.63112656009054,688
20900000,211.22460609282362,295.39174546076026,688
20905000,227.42572817818305,390.6491911118154,688
20910000,190.72920321050862,284.3730272368566,688
20915000,152.1557243604454,250.7077766617684,688
20920000,221.22944037720282,228.3025708214251,688
20925000,220.5882977537013,296.5253580417024,688
20930000,167.21579410472717,309.6809586979226,688
20935000,176.68955215750276,278.09239979950314,688
20940000,169.42412177418362,271.6111610473086,688
20945000,204.5599356992978,264.6853348823401,688
20950000,183.71257132510755,308.73620252291005,688
20955000,165.62995613125105,296.69833938284035,688
20960000,187.91459744238415,290.71443322064783,688
20965000,160.28547735189346,303.0584014744932,688
20970000,196.66123341458933,284.6592079535557,688
20975000,179.57969128102758,371.6737974785259,688
20980000,201.38749949414745,274.7274735530884,687
20985000,187.26596908193483,240.34648760174028,687
20990000,193.04321189148678,300.31602459531774,687
20995000,185.29964740755022,313.07024244090593,687
21000000,213.77812813221155,325.51017151356524,687
21005000,206.10648018631088,293.9431389059565,687
21010000,202.46652344689997,328.1331398013104,687
21015000,209.40116264879012,322.4861949717003,687
21020000,178.7060136530603,304.7352913566508,687
21025000,153.73139640433357,284.4744365642774,687
21030000,195.56088327091845,277.9557059091143,687
21035000,184.14808594837123,274.8316662071309,687
21040000,196.18718791377188,320.06440000490454,687
21045000,195.39126651781092,349.6575365135185,687
21050000,166.90903528106014,285.23925207176694,687
21055000,203.24754964191004,272.4996809842134,687
21060000,193.42215846915582,288.35034762185296,687
21065000,194.93065448883232,285.86013595699563,687
21070000,157.44819127785442,266.95308148346015,687
21075000,169.88623056942404,286.70162919240767,687
21080000,180.7687111055897,351.0232691288391,687
21085000,213.86011771090358,326.49889313689584,687
21090000,157.54779660889847,337.38902490487624,687
21095000,168.6281022855486,243.33741304675465,687
21100000,194.26861316964727,263.16899365168655,687
21105000,171.44637020821787,243.60947133112094,687
21110000,204.42914252872856,304.029690364042,687
21115000,179.05993436408656,267.31787595391785,687
21120000,230.9421329092149,334.40145100818705,687
21125000,178.06649884217217,271.75622037799377,687
21130000,189.67613841593396,351.58770007810347,687
21135000,206.95768962156333,322.48017717728015,687
21140000,193.75719126972803,351.2286022389309,687
21145000,201.2377921661666,314.5816858514658,687
21150000,237.64617713720966,363.2942628824685,687
21155000,169.02770580229523,296.30757236482305,687
21160000,233.89521145160984,312.5059655018283,686
21165000,193.73681718380283,311.0506279612278,686
21170000,172.33946445418198,268.44434204579386,686
21175000,169.75196210479672,251.12298385783515,686
21180000,176.261680537562,429.22341742454506,686
21185000,172.84857643970193,280.3788401807148,686
21190000,183.29017404908961,222.84981136270886,686
21195000,161.19464736478872,350.34848840026586,686
21200000,210.20894232437314,311.64995048758675,686
21205000,167.67965705086814,280.78882211451713,686
21210000,182.1073623348286,313.1147193542527,686
21215000,184.66583148798532,266.67985445678704,686
21220000,185.54775778230902,246.77925275111826,686
21225000,176.4846833320569,242.09239008474418,686
21230000,151.60779938210527,313.0353387066655,686
21235000,178.13085516945057,279.0136982614757,686
21240000,185.0180092162666,296.8308767154857,686
21245000,195.83092462231002,337.54220383239203,686
21250000,231.74479688955412,303.77849132306864,686
21255000,238.8713166673122,299.5818334642805,686
21260000,169.4889356879634,338.8076021458016,686
21265000,194.64646329063413,323.2532913129822,686
21270000,179.11253961562977,382.49020888892,686
21275000,194.4252944430943,272.457603289287,686
21280000,242.93608330244956,428.18416229357416,686
21285000,173.03706477858705,278.4581885919696,686
21290000,157.30737184122444,301.0096276227932,686
21295000,185.85633408814255,326.411575159409,686
21300000,188.35024704552717,286.9546792941052,686
21305000,202.69263650833634,387.6590075326826,686
21310000,165.43561183530204,310.6943246725387,686
21315000,165.44704562946777,327.60452864241176,685
21320000,186.47339950951047,304.7490510052361,685
21325000,171.2592058498379,246.12794048700457,685
21330000,223.47010125054368,297.2689704144559,685
21335000,199.17292239274713,292.50965216611803,685
21340000,177.84981973050913,298.8408501444225,685
21345000,205.21587241576552,228.78954841270567,685
21350000,194.03031153643633,294.4365951053204,685
21355000,167.54624529304883,276.6258721469068,685
21360000,195.9547464275264,244.03402728927293,685
21365000,208.06541076608056,300.20339742154306,685
21370000,187.8593114959851,358.05017792284286,685
21375000,180.26544411508385,276.6925901413439,685
21380000,166.6762663072594,275.67887162742375,685
21385000,190.0504260155168,330.83645209356496,685
21390000,180.35919087354318,320.32643092057265,685
21395000,176.39148856261895,334.7355960202458,685
21400000,178.25020975544163,261.42306430792536,685
21405000,152.6394298818165,322.6086676432391,685
21410000,158.21762101989071,320.51845108665617,685
21415000,166.03595234911444,206.0975671099169,685
21420000,210.74975819982052,358.4238496155729,685
21425000,193.28096377779335,267.41744224912253,685
21430000,196.29150214725703,379.9125386428922,685
21435000,170.51498500173503,324.7858027053465,685
21440000,189.59147635033256,280.86341674945015,685
21445000,205.76914955849966,275.2393536472178,685
21450000,187.13030136797354,259.6423977553425,685
21455000,156.29779534502973,328.4928637857467,685
21460000,142.9111832485194,340.13998816257646,685
21465000,180.54240512605568,339.222176922418,685
21470000,213.48599587553346,311.4772028077686,685
21475000,195.13067796789824,271.1642291958927,685
21480000,171.14519968131114,301.6593143357993,685
21485000,185.07763093291422,290.80396821955685,685
21490000,173.61504397206681,322.58605806116316,685
21495000,195.34611028023124,289.55086346830046,685
21500000,147.58630921249664,296.39688660724215,684
21505000,161.3128406577625,271.74724464515907,684
21510000,183.04164993149115,295.21604834277247,684
21515000,200.8473838023811,296.6170970127573,684
21520000,194.52620791914364,275.1836403326664,684
21525000,180.0349292795993,305.17362081283983,684
21530000,207.4023917479653,361.80476170970906,684
21535000,188.98543703281968,338.99483178838636,684
21540000,195.64997627393493,264.5281998078691,684
21545000,181.36567705288073,303.1556900982097,684
21550000,212.1476619827215,275.52969746076633,684
21555000,182.9834202467426,298.1591409299753,684
21560000,179.2323812986884,313.2093810195119,684
21565000,182.40626415883224,306.51722852639654,684
21570000,194.9249920728249,274.95633365995553,684
21575000,218.1048213285213,268.7912910224384,684
21580000,143.0766129872718,257.0947434927359,684
21585000,191.76941603029977,293.31185321541125,684
21590000,201.02226242458124,257.6087861811968,684
21595000,240.43701347087475,308.6893684783393,684
21600000,218.20080816377342,303.4021446935585,684
21605000,174.62583355963795,336.2662474260278,684
21610000,178.45419308086633,318.26883795839996,684
21615000,195.72540711061896,279.1309296938146,684
21620000,196.37650645006175,285.0584100928367,684
21625000,168.1623285509923,279.69106032050956,684
21630000,186.2338135013151,271.1719282423955,684
21635000,189.28262952352577,299.2528655473717,684
21640000,175.57645101333094,293.320388728321,684
21645000,179.0920332574459,320.48730396417153,684
21650000,162.25337589227718,318.3004507625798,684
21655000,174.87216889805794,310.2829254639999,684
21660000,197.91981661399387,313.3598633849374,684
21665000,169.06568153100199,327.6846305227973,683
21670000,174.17258485421954,286.94693746579594,683
21675000,163.2533728821081,329.7443984499624,683
21680000,154.37252855996644,320.72240527236886,683
21685000,181.46014969327396,279.7436384220582,683
21690000,196.03691323198458,258.48671277268045,683
21695000,202.86688799976594,298.56089112529514,683
21700000,188.83660935852268,312.53926300362644,683
21705000,213.9842234967433,296.6050104652475,683
21710000,199.85193822218216,225.85553431098722,683
21715000,169.52455121014987,312.2733198722466,683
21720000,180.98656275880566,309.8239299711663,683
21725000,182.98886065774144,261.52292653847326,683
21730000,187.34053380906008,236.71247057842425,683
21735000,219.67135094353304,256.77000022452665,683
21740000,219.79213393467845,292.63721856506874,683
21745000,172.7767506570665,304.98643516779777,683
21750000,194.6367004210391,345.90049792920274,683
21755000,192.20880420683787,299.94061247975895,683
21760000,166.10713464401226,295.1512242444418,683
21765000,185.30329827537935,265.10374403672563,683
21770000,189.27225802011918,345.0179404961588,683
21775000,172.84736689698647,391.90728423657055,683
21780000,186.79562053353027,313.7822711295605,683
21785000,179.4188773363847,277.0963693852151,683
21790000,186.50156907956512,293.8478197726746,683
21795000,186.04750924485273,175.1650982954498,683
21800000,202.59874206006404,347.62927526670853,683
21805000,154.96367324298402,301.5033092705796,683
21810000,180.58216297520656,317.180695898111,683
21815000,168.93457296642336,239.7627435191539,683
21820000,186.8711749500998,257.13973100767396,683
21825000,170.5073970848958,352.5420453756668,683
21830000,213.29514760593065,410.42822324615435,683
21835000,170.6477950604667,258.64231937806386,682
21840000,197.00376134647135,290.6694411038808,682
21845000,178.8856789104484,330.77062897403124,682
21850000,187.6048047751455,305.76008911335487,682
21855000,193.14047776126438,312.0131833542729,682
21860000,203.13074031029646,290.63818076109914,682
21865000,187.19442226736498,365.2093819503165,682
21870000,201.80301141874588,292.0803641439058,682
21875000,225.753011004515,253.48809909238523,682
21880000,184.05410095747015,311.82494733312797,682
21885000,177.71962782025412,262.8856757220222,682
21890000,178.43931974525648,283.8714073562433,682
21895000,171.50191153199864,323.61209667052975,682
21900000,218.73155132504283,291.7676982715956,682
21905000,161.35080272982347,282.9585846631717,682
21910000,183.079502075787,308.5467806861724,682
21915000,232.7549717351925,251.5597242616906,682
21920000,224.98904143896746,256.14261830395344,682
21925000,227.60788130072024,278.3750933368561,682
21930000,180.10905735559953,341.23218120146834,682
21935000,170.5648495429658,287.35201392853054,682
21940000,220.2868080742765,318.523695368655,682
21945000,178.87413823755452,307.3098089520143,682
21950000,200.15052788333406,326.0497545503264,682
21955000,191.96729043837425,335.9196383786742,682
21960000,233.33897964466118,321.7248974554325,682
21965000,194.80045298815597,350.80965899900815,682
21970000,222.92800927019016,264.1076227329595,682
21975000,193.60378046525716,269.94106674789646,682
21980000,205.472088858492,298.3278410910062,682
21985000,176.0893845253762,299.91768959409006,682
21990000,214.39392479140338,348.03370791474,682
21995000,197.32871389606163,289.7171345231144,682
22000000,176.3039095081865,300.9062884503158,682
22005000,197.66287822948016,258.11348262632475,682
22010000,214.22643950595722,290.57543058397295,682
22015000,183.06481112536449,228.20453113704795,681
22020000,191.51349574052134,320.0905032407139,681
22025000,156.14135846797362,286.0651531161003,681
22030000,192.69900667059545,297.03567874289377,681
22035000,202.4396338224358,321.2882028602028,681
22040000,196.76980824384964,236.35907288016168,681
22045000,168.47721139705732,298.8581032876925,681
22050000,195.76118617295586,242.66972433702955,681
22055000,243.21681678472476,259.2163829606621,681
22060000,198.73054947016254,302.8393256754989,681
22065000,186.23915450960394,268.22632244375654,681
22070000,187.90161428866085,289.6936960552936,681
22075000,196.02078709449373,275.9903270579653,681
22080000,196.22970200768404,351.50414518734175,681
22085000,172.9608974284124,260.1271992270088,681
22090000,184.32650206233924,276.19731831001496,681
22095000,201.72483624905652,305.48314012388323,681
22100000,211.11150512977542,366.09515385254167,681
22105000,207.76822342435645,295.77764503340336,681
22110000,159.9907110367538,277.8859772104708,681
22115000,181.56264252939351,298.4303143434211,681
22120000,189.80311614635045,337.2058847794802,681
22125000,211.02412771998843,310.8636437777689,681
22130000,169.93276676503282,270.5766986118875,681
22135000,195.09889311307685,299.1018188371498,681
22140000,195.29691857638826,272.18098489048924,681
22145000,207.1565487611229,288.15007996911294,681
22150000,200.67739320531518,280.22343739052747,681
22155000,188.1197048930023,341.90219839464345,681
22160000,172.4018509655092,330.3726741005748,681
22165000,164.04140917806316,303.27450855371103,681
22170000,176.99389588121363,357.93498497654645,681
22175000,167.28672298400082,358.03490050908016,681
22180000,184.74495376513406,317.7697010187798,680
22185000,199.61882196032022,318.08537266807645,680
22190000,166.88543792728888,293.26248443562525,680
22195000,188.02981109935163,272.5936340095063,680
22200000,188.72295026437484,254.34130000076837,680
22205000,158.80152895713422,304.8873003426812,680
22210000,165.68587468689944,301.6699103492671,680
22215000,175.85161034435998,291.4994150997648,680
22220000,224.80350488826167,272.2221846301895,680
22225000,195.36462534715258,303.6419022963352,680
22230000,159.07289418116548,304.4281059273413,680
22235000,217.98433780769503,374.8578993998783,680
22240000,190.07430943655748,372.4952248797354,680
22245000,185.9508075468644,334.2159882990007,680
22250000,227.68065410017556,288.4228495127467,680
22255000,231.16149158310586,300.587685813396,680
22260000,183.8316742979825,276.30907273658613,680
22265000,215.61501490197298,287.2468636384743,680
22270000,220.99001785660587,287.79901449303054,680
22275000,189.43150775656804,327.35272521537524,680
22280000,186.08726756302957,324.71838179509126,680
22285000,168.11335594287343,331.98658364391514,680
22290000,171.19852209243922,266.5461516431857,680
22295000,178.87449461967148,271.4969122398676,680
22300000,192.78651693658173,269.64694716564384,680
22305000,206.4470272193562,363.6734815566982,680
22310000,175.78905984633974,296.8109526065445,680
22315000,208.81474297171223,388.247383363404,680
22320000,184.78321520641921,330.66174392540415,680
22325000,175.21020229631017,287.1963548135883,680
22330000,207.29768291215348,322.6627908598307,680
22335000,165.59351098870852,282.34022071191015,680
22340000,176.37907058090562,324.35799785083555,680
22345000,207.90574571874458,320.43941777051214,680
22350000,197.4288288936378,340.9929917465488,680
22355000,194.70809814847397,243.91733587275138,680
22360000,164.61068904953726,331.9032435704741,680
22365000,195.99646621650513,325.2112784699803,680
22370000,182.7034073410146,248.7778290395498,680
22375000,198.32590022339434,307.09039714519025,680
22380000,214.59791145911538,256.57106756284475,680
22385000,226.9534337852593,347.38379015323164,680
22390000,217.89082529128154,312.0374799150851,679
22395000,172.8131681601244,310.978601113571,679
22400000,216.85057710252124,302.16305468211607,679
22405000,208.01337577367067,359.7681193312352,679
22410000,239.23976643319992,310.816767367888,679
22415000,188.00717646058072,265.8672856807637,679
22420000,226.70091910061856,331.81433106883577,679
22425000,232.6273817887272,281.8775831164055,679
22430000,200.4622064508677,280.5970514037479,679
22435000,191.9645972639534,263.8153229315358,679
22440000,202.61798372555882,304.35912006061477,679
22445000,172.68404763128714,293.22701626429125,679
22450000,198.29523906647816,295.5112135584057,679
22455000,200.42452771357094,298.64275555403185,679
22460000,155.94475533089738,246.60920178276402,679
22465000,179.96967332902432,322.9648939300758,679
22470000,201.5611846972072,339.26880834720345,679
22475000,206.77755071292427,277.5256046792629,679
22480000,178.83554448891311,274.49406133051065,679
22485000,176.39356185037843,302.92905822688965,679
22490000,186.21314531761232,330.66910994977997,679
22495000,191.1543202764392,274.97307229762805,679
22500000,165.4645812626499,253.5562429889444,679
22505000,160.97729751351955,268.2327251491886,679
22510000,203.07939851956849,265.8958107909706,679
22515000,190.6162610484689,247.6709410581642,679
22520000,201.1646207103504,301.3755508924928,679
22525000,179.04113394400028,261.9105081806167,679
22530000,216.92962033472554,321.44537100776665,679
22535000,194.8803414041362,271.71453545700376,679
22540000,174.43197288424977,286.94056418237574,679
22545000,212.5315049451005,272.63925996473967,679
22550000,215.4123901215753,300.72853236316234,679
22555000,160.9036599128327,272.9552138120147,679
22560000,209.4775625899775,330.83610347496267,679
22565000,162.80835845007266,340.6262970752285,679
22570000,189.22617187861553,320.99571647494633,679
22575000,216.05469569630833,303.2140825553049,679
22580000,165.4010316351108,315.1688962752595,678
22585000,201.94579781022713,321.2850482400491,678
22590000,194.2773268567009,275.8024886863304,678
22595000,155.46238441726942,285.5670694767959,678
22600000,199.77295012806394,307.42198741407935,678
22605000,176.5099089269264,301.74935163988255,678
22610000,182.24585722148953,211.88609085590463,678
22615000,196.6532949655129,282.36916798393685,678
22620000,199.2413159546909,293.1852953737151,678
22625000,164.7689427267755,300.09046887445874,678
22630000,164.37439834658397,279.36097046437726,678
22635000,195.27011333804336,302.3138042069529,678
22640000,182.46930556910405,242.10382737866297,678
22645000,162.96169924040456,348.12206184208276,678
22650000,175.70591768018167,271.489756234767,678
22655000,172.26802335409002,291.38515354296965,678
22660000,164.7556684644124,301.25253196013955,678
22665000,143.76290890742087,313.89107094786107,678
22670000,186.3412659219852,257.7475412270498,678
22675000,165.2756264462538,275.793228865338,678
22680000,193.77273298592115,319.51373490149706,678
22685000,176.99609344518876,317.6570516762467,678
22690000,191.41706711608663,324.19730160925656,678
22695000,195.59701160998586,249.72482643533235,678
22700000,222.7222031034389,303.4010937577068,678
22705000,207.1001443327195,306.02338059933237,678
22710000,204.78014582804457,334.0006088370089,678
22715000,201.81660573450193,278.7480360000639,678
22720000,230.89806571255968,311.377854280309,678
22725000,193.74784492176155,280.93933104465987,678
22730000,144.06014740485355,250.8411120563953,678
22735000,203.41063782873468,296.3182695572002,678
22740000,205.32040245933626,261.3557733241922,678
22745000,210.21106138317842,324.73682381947594,678
22750000,203.60900067569105,303.50509435150053,678
22755000,198.74088600819545,254.43425104761818,678
22760000,209.22656321269588,330.01760775432916,678
22765000,145.96639628725066,272.67293037505704,678
22770000,162.45457781456366,278.0401258133625,678
22775000,169.65776915184,361.97045672358644,677
22780000,182.7846758451997,304.12748562748044,677
22785000,122.45420976509024,291.18991689415554,677
22790000,194.83560430585592,231.30460417654598,677
22795000,177.96957786990725,280.8986760569039,677
22800000,188.3259445251257,256.56633697419267,677
22805000,216.08855537781452,262.6218342992759,677
22810000,187.35949437201873,283.5810635649903,677
22815000,204.52652683456665,317.8226823069885,677
22820000,168.00553681000497,346.9256402229019,677
22825000,193.8958969608741,279.45463283735137,677
22830000,193.98542243532418,346.01957468425195,677
22835000,216.37268340501896,323.251248074371,677
22840000,189.44567716126576,281.1536565777016,677
22845000,189.6123670836749,255.79999089367394,677
22850000,181.7215578364079,284.03340601898486,677
22855000,156.5978131000112,299.70996971104677,677
22860000,164.61212593418242,265.70027015552216,677
22865000,178.64536412981005,267.68080203335853,677
22870000,196.65640349263504,286.33852044205355,677
22875000,207.22918821965834,331.84386824036744,677
22880000,216.08079833896247,310.5487734420846,677
22885000,201.78829283405497,366.05348485173624,677
22890000,158.3629009715855,317.4160468750833,677
22895000,179.9362618606007,297.03924423341124,677
22900000,207.4523492711723,275.7315456020271,677
22905000,192.71614640174892,294.84351423299177,677
22910000,172.01931091816144,301.1814721085219,677
22915000,205.50760833593847,291.4959385317535,677
22920000,198.70167264527743,245.3785768084281,677
22925000,233.38182931405,256.0799300577075,677
22930000,225.0577075398864,348.9368379736088,677
22935000,226.65824206140138,294.16714622201766,677
22940000,197.62003171840252,277.707505394468,677
22945000,180.35152675592076,283.18148495080294,677
22950000,181.98239803701685,302.45284686397525,677
22955000,228.98432985256764,333.89655773613714,676
22960000,166.50422237304815,297.35738775547253,676
22965000,166.21374953077364,281.6889053685574,676
22970000,215.05255425338817,257.94023291218974,676
22975000,182.40924950325987,318.3828242236346,676
22980000,192.83095655792863,321.21906325119335,676
22985000,234.67933672353803,342.8626746075357,676
22990000,163.7572975418897,302.04908119747734,676
22995000,193.87613134541454,322.64503266856184,676
23000000,177.67169863922706,236.02642155991427,676
23005000,204.79811987396127,329.7180395565849,676
23010000,173.57500165622807,288.7714897381387,676
23015000,202.28007645082207,247.03303510204597,676
23020000,237.75711261791523,309.4898476918087,676
23025000,163.59922689705832,356.1285384423881,676
23030000,234.86404402839995,296.9877687027581,676
23035000,203.40727664179738,354.86243542295966,676
23040000,160.05607972907637,246.1614238413198,676
23045000,195.61288031337128,302.2753687903541,676
23050000,226.94361451674737,345.81712076092276,676
23055000,152.04591491489288,300.87678154213444,676
23060000,224.1686437969527,347.43661282670587,676
23065000,167.63611970791663,248.99398969631378,676
23070000,187.0255883974109,270.3172002854752,676
23075000,184.69147925192414,346.88206707973046,676
23080000,189.18000491114583,314.64252387923466,676
23085000,188.16154511643748,253.05265124317938,676
23090000,238.48874392036606,262.84150525967266,676
23095000,196.05557701029377,296.89318348158474,676
23100000,167.2862367434734,294.52646380575175,676
23105000,176.6556914817134,310.64112337882,676
23110000,200.34816717492828,292.64998341495505,676
23115000,196.32965085002058,287.2830929186612,676
23120000,178.19016842166494,282.93492796561634,676
23125000,218.0862482548456,236.53266728920525,676
23130000,178.84221568165805,297.8710189700083,676
23135000,196.74087249453464,338.35264382884134,676
23140000,162.55696885568395,288.6270360158034,676
23145000,178.90879177764998,268.2055476006125,676
23150000,205.03605623740546,326.0290293856562,676
23155000,220.80132110722215,242.8920749051429,676
23160000,228.0826803064469,305.3652030245622,676
23165000,239.038083804465,366.4526404342503,676
23170000,186.39142985507831,242.05633844737042,676
23175000,214.6869954360855,313.6781061036268,675
23180000,177.32193890837408,303.6889597390263,675
23185000,191.7526128706804,358.53861406883027,675
23190000,202.58626261475973,286.0757892184375,675
23195000,183.1127602265985,259.46843039698075,675
23200000,172.60217794252523,350.3826098975171,675
23205000,222.83484033923588,285.76991298432415,675
23210000,187.81689087829125,340.66008961405106,675
23215000,178.78696907004203,256.54417531636017,675
23220000,168.10394361487923,286.9425885989419,675
23225000,226.7084117461846,278.30548427846674,675
23230000,181.27338473834362,312.693268823588,675
23235000,206.34600656999135,317.5020502516345,675
23240000,170.25884777609554,312.4039138067412,675
23245000,173.18543034865505,344.9250104689444,675
23250000,155.21901284111266,312.1858984538714,675
23255000,150.48974580743564,307.98095371983936,675
23260000,214.51111044460436,300.5561888014952,675
23265000,191.136518748587,313.2324894197997,675
23270000,225.5088941131303,340.7538968389975,675
23275000,150.36143155199736,378.2522014936638,675
23280000,227.63030272380263,351.35170652520236,675
23285000,193.84035183408318,355.8453095188632,675
23290000,194.82196097686474,298.95323175295533,675
23295000,231.6460705967805,295.80208617233274,675
23300000,175.25204024940206,325.1056293972225,675
23305000,184.19015419529052,309.5189217023906,675
23310000,223.8226674629219,275.4776689148886,675
23315000,211.43710285173304,229.43992337855926,675
23320000,183.434654029787,343.88614351890584,675
23325000,195.78702180629486,360.2837478672443,675
23330000,201.66921286587836,292.2948935457525,675
23335000,186.00714652477072,299.4395639987548,675
23340000,200.5475334578849,231.1929018364463,675
23345000,172.6815384481196,301.3564853118567,675
23350000,166.24572047629846,277.3593900249455,675
23355000,235.0004464812921,314.21324922174307,675
23360000,211.3242574741789,334.36546456827324,675
23365000,169.15195293077664,296.45136767188745,674
23370000,184.29781319051938,334.70724348571997,674
23375000,227.79031603478626,316.14167991397096,674
23380000,209.4577459828247,333.22798811320575,674
23385000,193.59949324681756,265.32872965542396,674
23390000,174.07745017521592,303.65040686532353,674
23395000,199.16930859149824,291.8488827619262,674
23400000,152.7781302656188,305.4970920725551,674
23405000,196.00573166624588,317.3312687515107,674
23410000,180.24947914352654,269.98658349335,674
23415000,174.04098461868367,284.62296308142504,674
23420000,183.3964299777362,356.6973148711596,674
23425000,221.7998648495759,326.51190118296967,674
23430000,138.42116663660047,295.5324769983087,674
23435000,176.21166286519502,313.32319180519477,674
23440000,168.88594469567957,322.24664707919237,674
23445000,160.9964850878186,289.7634741770203,674
23450000,174.024534101979,295.852826400478,674
23455000,213.57995277196716,344.5218976665047,674
23460000,195.40841792134876,312.7140529577543,674
23465000,179.05965436745674,302.6627475599673,674
23470000,175.30965250932223,350.5479859608798,674
23475000,187.4965250005891,301.98769978257405,674
23480000,173.0595277144579,332.3884231536747,674
23485000,166.78047877007296,315.4234485985256,674
23490000,223.7644060394271,345.0032588690348,674
23495000,174.83421053399445,252.88427451109325,674
23500000,160.006436590653,307.9780653688901,674
23505000,185.057711072975,278.6459602267223,674
23510000,156.0228271099217,291.8765910156851,674
23515000,178.2017677622071,287.24344572470073,674
23520000,167.58909257616224,304.3875859850169,674
23525000,165.0350861630598,254.43689888631187,674
23530000,199.9986373171094,325.9775144390263,674
23535000,187.00663604515987,440.4344654463751,674
23540000,194.93705408781497,268.6438258100003,674
23545000,179.9351115646164,322.60846551926863,674
23550000,179.3973915169257,366.0940913689011,674
23555000,199.5568029497941,242.9422801206081,674
23560000,188.7802006130107,298.2206580801578,674
23565000,224.63871745437072,329.28666194347306,674
23570000,173.70275418182888,294.2702561506317,674
23575000,168.3504271849368,263.9566450392658,674
23580000,201.60505949057375,284.8682235150892,674
23585000,173.22899311899909,313.0286671763921,674
23590000,202.55880600861263,253.76059127622696,673
23595000,170.93937357024112,289.0246349212516,673
23600000,193.46219379990276,290.88376032310293,673
23605000,224.604404910961,334.79338434178686,673
23610000,180.38908380833882,300.21765459850127,673
23615000,184.09533492139371,379.261518934028,673
23620000,195.46462901740176,303.37031769933657,673
23625000,195.305266146628,245.36760201687264,673
23630000,188.63718939022274,242.94913342099343,673
23635000,195.2442452210081,343.66678257608436,673
23640000,184.34539750945936,252.56146243564575,673
23645000,203.52131778775933,282.130979325685,673
23650000,202.09466823285138,341.5644453417558,673
23655000,228.23846690113294,300.0952232471113,673
23660000,211.16181685405462,291.3426565120387,673
23665000,227.79260820362893,291.5926378660984,673
23670000,196.8188627875101,344.8194968420246,673
23675000,182.43834271777337,327.76217148000865,673
23680000,172.72385873336313,272.4021319176951,673
23685000,195.2242459720899,244.38502008868932,673
23690000,192.32227335079645,300.80780931492933,673
23695000,169.0935195361836,422.94739297957153,673
23700000,210.14352491921179,310.8496288193291,673
23705000,230.30005559131973,320.6497957439339,673
23710000,173.81159124234276,263.58632353875345,673
23715000,156.82581555355517,294.06918812110075,673
23720000,196.90376108627112,281.4729934979187,673
23725000,175.66819354367342,287.0703291752375,673
23730000,176.93438323042406,353.2270294865628,673
23735000,191.97214040994658,284.41290262966635,673
23740000,183.10473603724063,324.06734254846384,673
23745000,198.36841268714508,248.753075681426,673
23750000,181.56100313154394,261.90760562934594,673
23755000,182.19862215859337,376.7719915424897,673
23760000,198.3448813156056,290.6379945048203,673
23765000,173.32778351418577,292.67184907164665,673
23770000,174.2595277910863,325.22829935541415,673
23775000,193.20945952697784,312.82007647628524,673
23780000,169.3406226018163,321.5515046125684,673
23785000,175.92299571616294,284.0203976858849,673
23790000,191.7227053165661,288.4892818878336,673
23795000,194.72903871113965,331.5392602681724,673
23800000,151.91655781581673,281.0663463402679,672
23805000,196.2704372476938,282.46636514832954,672
23810000,198.35758189021433,239.10547198052387,672
23815000,139.4891851526369,251.376816121387,672
23820000,193.57977239970506,314.376038597201,672
23825000,207.36853136910713,347.9762416424697,672
23830000,186.08694449433355,318.21514046470656,672
23835000,264.45933657306887,326.48958546781506,672
23840000,192.8973670260086,286.8735109181895,672
23845000,168.2930131186248,357.8014486217314,672
23850000,158.8588991991122,268.923155372495,672
23855000,179.95385736015737,316.3754388164725,672
23860000,191.47991312098185,294.69454335852083,672
23865000,184.31871544147396,297.7506595950649,672
23870000,195.51231536772116,363.4969315261902,672
23875000,209.43769209222796,258.7692391233564,672
23880000,218.5608379462341,305.0551132069944,672
23885000,238.33646445262903,297.29529051979307,672
23890000,146.3291284334339,258.1064117566239,672
23895000,196.28549471895008,328.84812280182314,672
23900000,179.31656886829725,248.60183000765667,672
23905000,175.77189773940017,285.0393662987564,672
23910000,154.29201221411128,263.7018947079165,672
23915000,172.9440893613347,306.4535922904115,672
23920000,212.81215477014678,276.1857829498003,672
23925000,190.33166461910434,322.29384303653126,672
23930000,144.20108217578323,268.0115173116648,672
23935000,201.8162984098538,261.0508224074811,672
23940000,177.32799465226745,327.52258517997626,672
23945000,180.19098366039515,261.4311149877195,672
23950000,197.45241109513208,296.98668834207433,672
23955000,197.51232655559963,332.36045069894516,672
23960000,180.48620797352885,290.1526193460673,672
23965000,179.6140372050624,283.3992213573199,672
23970000,183.60680242377046,338.40774794285244,672
23975000,201.27402543844903,369.15375437687686,672
23980000,190.40872392741252,333.15088167053005,672
23985000,187.176178809969,306.05783106192774,672
23990000,181.69709461518417,280.54501391394683,672
23995000,198.36895957445614,252.279566378322,672
24000000,234.0533350310253,276.43266830277537,672
24005000,158.91551206581437,287.5442317538754,672
24010000,176.1955055456115,316.72543587075046,672
24015000,197.20002579918938,340.86323723036895,672
24020000,151.55407228659095,269.63153591743264,672
24025000,168.80855281986484,269.9033050416685,672
24030000,169.7305247647019,261.9939514879219,671
24035000,170.62455907881557,321.0395686148573,671
24040000,180.41293744737848,268.5747589585963,671
24045000,208.2895477865647,358.15127306924796,671
24050000,198.33377889306354,266.0114499950201,671
24055000,220.77605439554367,381.1605818655526,671
24060000,169.74878726329348,219.66164760069037,671
24065000,231.21515043137023,280.69084802379666,671
24070000,166.38632841055392,320.5464873463653,671
24075000,220.47178579041793,324.9435589546991,671
24080000,190.7988939684442,358.84139781534003,671
24085000,218.76708822855215,319.9978313222902,671
24090000,187.75846961983953,269.06125161539626,671
24095000,199.7824918480886,356.5184395517206,671
24100000,203.78679262453002,293.1397626340484,671
24105000,176.25890029182887,283.09879932499126,671
24110000,201.41379323768976,337.53657103714477,671
24115000,184.84739734456502,285.7809675700565,671
24120000,177.09908940466968,220.31479515838487,671
24125000,205.49600284450491,267.7147808992038,671
24130000,159.73962070499547,310.27449986258847,671
24135000,165.22435498668665,296.51232941180206,671
24140000,207.95757586515066,189.12333892005074,671
24145000,156.10178379912915,275.2190811279372,671
24150000,165.69710164413482,321.0220912835149,671
24155000,223.93221938457452,388.06824029202784,671
24160000,180.15363809424147,291.9967203744769,671
24165000,192.96688638572547,272.4693997062943,671
24170000,198.81862332571325,268.76362107375826,671
24175000,205.97651092012381,302.5224510919584,671
24180000,166.90821674608756,294.92403241742807,671
24185000,192.69454363932516,269.28040613924594,671
24190000,188.51014289620238,353.0179512734948,671
24195000,203.62677644068515,276.262917518046,671
24200000,194.57419802414555,344.5463367276195,671
24205000,216.39045322675577,294.9812716998332,671
24210000,165.3804818151339,239.73052962130356,671
24215000,232.7373795810318,299.1459872853385,671
24220000,213.64644860927663,307.99685354520454,671
24225000,192.90469552294127,282.72566672452064,671
24230000,170.62624652563795,332.52331510458356,671
24235000,170.92299500609903,337.2926001248149,671
24240000,202.4689208119286,337.15323310363937,671
24245000,190.54851362276446,356.11287891638005,671
24250000,214.3878782974434,281.6690315892882,670
24255000,192.41727934289628,350.03307322607714,670
24260000,142.6765527942256,235.52041605360537,670
24265000,188.3036490504015,279.74806597859896,670
24270000,190.46030954061004,311.0256762650361,670
24275000,161.24490329784336,274.65118975514054,670
24280000,175.04077797798516,240.04305047319554,670
24285000,173.8471448493243,330.8523909967272,670
24290000,197.99544077775099,358.6934490438249,670
24295000,181.29157290086744,254.20440249422433,670
24300000,218.663226187348,314.2045764369083,670
24305000,193.29277145410322,282.8483048210984,670
24310000,233.1730219086207,339.7102459279881,670
24315000,161.24091556878085,279.97628458718174,670
24320000,208.64000203581818,314.19722073176456,670
24325000,174.39747229815745,211.88286664708124,670
24330000,171.27814520085485,278.7184461190145,670
24335000,233.43985328327273,376.76397945054777,670
24340000,206.81053158515942,313.8252288595002,670
24345000,193.59650068486505,290.3673626087439,670
24350000,193.55638049771406,278.5132810534673,670
24355000,206.9860842384322,282.99708834676125,670
24360000,164.70398453399372,297.5256241670672,670
24365000,165.5279442130961,271.75819127034606,670
24370000,189.5084986228036,286.71345807523045,670
24375000,179.72237915664192,271.0479021909374,670
24380000,176.78998819445786,308.9333182185837,670
24385000,183.19215447507077,303.07230988352615,670
24390000,206.08650627041584,256.99273574542815,670
24395000,189.69648403787136,291.66849908051313,670
24400000,210.4328285292267,362.9677295010828,670
24405000,185.83709350021346,304.14405015472465,670
24410000,218.63819355522406,294.75205151109543,670
24415000,210.44556382758523,312.30180493792255,670
24420000,177.41970024354717,305.4113423649968,670
24425000,205.56351770525055,334.34548153123785,670
24430000,197.63741095209085,298.111545945582,670
24435000,163.23199107723505,348.471501191713,670
24440000,241.1648563646914,322.01902102215774,670
24445000,191.41112233189085,324.59480112967526,670
24450000,173.44846618017925,290.61364556170025,670
24455000,194.9419237396177,300.3084840487161,670
24460000,182.73011290432967,290.9212241244602,670
24465000,190.23678464047725,299.21767529348483,670
24470000,173.63366671960787,328.0614101879919,670
24475000,177.5776953027726,315.2866759676781,670
24480000,188.49062762768568,272.8577982095555,670
24485000,211.1615533892066,293.5314646343655,670
24490000,207.87860281307147,290.92993118304895,669
24495000,220.27365942800182,302.4637036877532,669
24500000,171.52183013300157,309.4502247865907,669
24505000,242.09730602877806,301.7604151020742,669
24510000,230.11944708428302,286.8551202660032,669
24515000,175.83089020554158,328.8102207664919,669
24520000,192.9115454854434,332.9924047474287,669
24525000,178.1960282107539,291.2215731340484,669
24530000,161.95846671732687,299.5995895258212,669
24535000,180.45445517942014,279.61114202426904,669
24540000,232.07297621465312,308.3484205673255,669
24545000,167.54161371921776,299.2216498803866,669
24550000,207.9213173880924,310.01364084811013,669
24555000,158.0105497902898,253.99084244207782,669
24560000,200.75963199772352,327.5200716835003,669
24565000,173.40252151871536,262.299311572897,669
24570000,175.7963600717301,278.75518575615234,669
24575000,213.19803402383823,383.1235508600708,669
24580000,191.92229675595502,275.21471799532816,669
24585000,150.99284252353064,269.57264347218404,669
24590000,171.1924968281589,299.54863576275073,669
24595000,202.0339543025819,291.26740886881316,669
24600000,175.36425587141602,338.4846057783282,669
24605000,186.90584965495052,351.5062021427585,669
24610000,176.87792494341232,304.0060498949038,669
24615000,173.2579801846162,370.4628999466838,669
24620000,163.51195530919566,319.4083344540617,669
24625000,155.79752575437422,255.9394494647651,669
24630000,167.9905867953109,274.4817808951048,669
24635000,141.35025396634867,288.308218082033,669
24640000,198.0300732623212,304.32105572152625,669
24645000,213.3730338412022,281.067494731415,669
24650000,165.62988950408953,267.05188525886666,669
24655000,167.42413066623962,307.53583299780314,669
24660000,168.02707419253537,283.9619235489107,669
24665000,203.30921078459158,308.7254165394865,669
24670000,174.83998392294419,211.75685297350117,669
24675000,184.05209720783463,301.75379720135817,669
24680000,182.67346244505626,222.81663629440345,669
24685000,186.9508052573249,344.9836414535926,669
24690000,223.85793156259498,357.6137815401392,669
24695000,216.45918131306925,305.28926534186496,669
24700000,205.764504906964,272.7076266148251,669
24705000,250.67542482742374,221.93122822955993,669
24710000,161.69812133357698,320.90168412874397,669
24715000,177.8669088174465,317.08628730177173,669
24720000,155.1048754285651,303.670585898385,669
24725000,204.1898111766231,381.93528261315345,669
24730000,233.83446277523717,287.13397295234716,669
24735000,159.45753909034602,284.821732337827,669
24740000,146.31253933844795,319.01902063923046,668
24745000,217.4863449270014,251.98320942262953,668
24750000,164.18149665423633,257.8721998264294,668
24755000,182.55735816670978,332.91395560307524,668
24760000,187.78993321429996,280.02873939716665,668
24765000,192.4909401828753,313.72417213289873,668
24770000,138.3186486439974,308.6328240749977,668
24775000,200.42161569700556,285.92340942375876,668
24780000,185.04555627306317,263.58516383234604,668
24785000,178.52184373318082,348.16297959199943,668
24790000,143.93510841974276,294.496248705474,668
24795000,201.74220591511346,263.82178783368255,668
24800000,146.33056470827424,273.26462845369656,668
24805000,157.92447239484417,303.48267062983797,668
24810000,217.1375050703831,370.3719375169271,668
24815000,215.9891873122209,305.2014656174403,668
24820000,201.42501015251875,368.1502918026767,668
24825000,159.06569563629586,308.5493967219265,668
24830000,171.39584561436814,307.38195531192883,668
24835000,179.2742665816942,297.5700434111282,668
24840000,159.1385993682008,231.45835064773215,668
24845000,191.47649859259792,325.67171452485746,668
24850000,184.961251224126,387.8335024057009,668
24855000,160.38982930052148,363.59287828701173,668
24860000,170.2435803530359,329.89803694642507,668
24865000,154.8008713510675,299.25867113366843,668
24870000,158.23554789691252,262.71263676793455,668
24875000,178.48003401142165,253.00592633375572,668
24880000,239.15551779117766,328.5042678978165,668
24885000,206.78072923481307,322.7595179248779,668
24890000,183.45468664162254,237.40206632995822,668
24895000,153.32538006444034,259.52377238189075,668
24900000,181.09389799540105,277.566824498797,668
24905000,198.64794432246347,319.27494030834526,668
24910000,169.27173169694944,282.70117127013253,668
24915000,190.91571858625392,341.4698075226614,668
24920000,203.85533664788483,275.1020074849527,668
24925000,163.2068631004271,333.66646265629805,668
24930000,191.42203119166976,313.83737825883577,668
24935000,163.85301477766453,297.2915349591536,668
24940000,206.8110473506973,291.06512045934136,668
24945000,220.91907460832857,318.1480372414352,668
24950000,181.6092959000747,275.5449158827033,668
24955000,163.63222982490493,304.72022828754257,668
24960000,197.62676211247583,335.58359624272975,668
24965000,244.25978528251537,318.3361323905449,667
24970000,211.71445756434906,278.4892085255409,667
24975000,181.51392068513428,320.736235931743,667
24980000,182.02222055261566,292.9473992809763,667
24985000,173.81246262437034,345.53513271911555,667
24990000,143.2666130826905,253.37028182142507,667
24995000,170.3998942897365,333.49341784343346,667
25000000,195.28199200184568,286.1668343236967,667
25005000,175.8226981234739,354.6985378367837,667
25010000,211.24247672983907,412.1145421605939,667
25015000,209.91535807814282,262.6327882999924,667
25020000,219.94285810951865,274.86249317805414,667
25025000,270.70152565536563,377.4723898466171,667
25030000,169.2383616108579,309.53880588727037,667
25035000,222.11403519326518,353.1226661673549,667
25040000,178.58950852304417,303.7529048026596,667
25045000,190.90494765868746,250.01170918300218,667
25050000,210.15106188215196,353.2992014028464,667
25055000,179.8948042993488,324.7571112146967,667
25060000,164.58159521227978,301.2193410693329,667
25065000,187.29188420603583,271.51139956765473,667
25070000,163.97547013524178,292.58080826955774,667
25075000,175.62828902310477,251.00290135114815,667
25080000,210.94952898306735,337.4693360464551,667
25085000,195.2393467923177,331.5266598829565,667
25090000,173.64667938845045,334.2814104922822,667
25095000,224.54755286459275,295.5965129668392,667
25100000,170.9874302174632,235.1124664015421,667
25105000,186.6060653097239,298.7560314344377,667
25110000,163.05736037225245,293.6022156367107,667
25115000,183.8465977813957,343.0385822020915,667
25120000,185.80249034537235,315.8787909675194,667
25125000,219.36896670205883,316.09205660176275,667
25130000,217.13983132561705,327.59423170635546,667
25135000,192.92116566227097,329.47147130265733,667
25140000,208.22982609634715,295.68744483813737,667
25145000,175.6264747655055,362.919018999089,667
25150000,236.536916732137,324.48659298695037,667
25155000,219.04752115464817,277.28859587265174,667
25160000,197.32687831781,347.8258407537224,667
25165000,173.79328215238257,222.20252034743464,667
25170000,179.79191959788207,259.53369360026176,667
25175000,195.58425088430806,258.46161969170214,667
25180000,178.10366299164184,290.0687680130644,667
25185000,173.50366130712786,283.31878210941255,667
25190000,206.1149008439801,257.7795060658083,667
25195000,174.33747125114655,329.8447852218001,667
25200000,198.83371121631413,403.8929245300281,667
25205000,210.35083235430656,286.0720142218217,667
25210000,166.51818047009976,267.68895835823764,667
25215000,188.0506349101181,278.0937007571594,666
25220000,217.12867607222876,300.9095557861129,666
25225000,215.63908384205942,300.7420496281973,666
25230000,138.07552057281615,307.6547660649109,666
25235000,176.81739813169898,304.3614510792151,666
25240000,184.85962142707524,305.9252328733475,666
25245000,166.8606032797717,249.93453692553035,666
25250000,188.9077870033482,291.5192710066323,666
25255000,225.36594032464595,294.50506121162226,666
25260000,196.8001644655419,313.7686064497961,666
25265000,187.911209619303,323.73288036318985,666
25270000,214.3324511393875,294.8494482060626,666
25275000,185.6183906061165,299.5395580682005,666
25280000,225.41844027199323,316.4734922642661,666
25285000,185.17533190449114,330.93802579787035,666
25290000,222.87018550003583,328.88706247439393,666
25295000,207.50437638585169,314.35005058364595,666
25300000,179.9334867705545,308.3582967335969,666
25305000,215.0482849731438,254.9438187499913,666
25310000,186.11964459823548,257.5947418172158,666
25315000,195.58948511335316,314.3836624691424,666
25320000,209.92907970369436,302.1585402869255,666
25325000,175.33358116591944,294.58989956134656,666
25330000,233.49489710818133,380.4818073021418,666
25335000,181.1404416807885,308.1739514761715,666
25340000,172.02302964248813,296.0382151562797,666
25345000,212.81907668090452,317.31197713881716,666
25350000,208.5927381084502,303.3845180836469,666
25355000,176.57318773780352,319.94445811076645,666
25360000,218.209044065831,285.3428365033931,666
25365000,210.8303598351827,410.1122322819463,666
25370000,176.00879189135733,260.1176372475317,666
25375000,194.05507928649138,240.36750355243342,666
25380000,176.9022664102569,261.7967530663121,666
25385000,219.6130884414647,267.4373051240348,666
25390000,215.35281274509498,239.7843555320511,666
25395000,175.2650255586733,263.3095057484999,666
25400000,193.28297712451808,285.7712081945668,666
25405000,156.76693375843612,288.9794980129786,666
25410000,183.19270765337012,320.79475827832846,666
25415000,170.9825236766269,255.48294311712976,666
25420000,212.1499457400682,243.12644592289334,666
25425000,225.4609895887074,310.7801484390553,666
25430000,178.64155609000719,258.4076804884218,666
25435000,182.3182121916777,295.15284357534364,666
25440000,198.53132861539794,392.4670189102657,665
25445000,183.3370132378836,272.14440751210526,665
25450000,179.40336969625702,320.69734303912804,665
25455000,198.55581795006543,306.9904181865075,665
25460000,220.7970712007609,310.22226607206863,665
25465000,205.1019374214119,370.4578848439653,665
25470000,241.10558291649912,349.8757759580937,665
25475000,178.54499907709697,347.1250199170788,665
25480000,194.89877618920042,355.28280321983567,665
25485000,191.34573555123163,261.51934574703785,665
25490000,188.32109165891478,316.93593450944286,665
25495000,162.8064416039501,306.03620505734096,665
25500000,175.44835394266957,315.6030407909505,665
25505000,183.03252223574015,277.67014593051107,665
25510000,146.17594979479387,318.5489867766525,665
25515000,213.28526694309045,376.4725326504954,665
25520000,205.890508730576,320.0872160607872,665
25525000,186.53674785409353,322.2243556821699,665
25530000,200.64773019183838,301.81541358675577,665
25535000,201.50051411651347,361.3403259941252,665
25540000,189.15805360068316,333.210365902944,665
25545000,187.49327667572925,332.2727561698966,665
25550000,170.94118966073844,307.63429678632235,665
25555000,197.7722284874721,270.17847104907565,665
25560000,194.18844332649707,328.3971772828894,665
25565000,181.90137256512804,283.2630045114283,665
25570000,199.13386205712214,296.636074095486,665
25575000,160.89575880294763,345.5593132034667,665
25580000,197.72242135371792,208.03230171682003,665
25585000,187.90798887324632,345.2571927387224,665
25590000,174.23793646882316,339.7632250131984,665
25595000,172.6783728583014,258.4272287820681,665
25600000,165.4047165391477,338.5382082875773,665
25605000,178.0548355578857,311.19474330867433,665
25610000,188.03947747421842,316.5758526659245,665
25615000,174.91153220728165,260.53705053904184,665
25620000,171.39003871917967,358.94034644180704,665
25625000,205.40093144255334,346.0604431338476,665
25630000,154.9082571576888,325.8654088847191,665
25635000,209.35328646660037,299.4720034260932,665
25640000,211.00362317756353,322.1829335469935,665
25645000,169.07839660132132,319.3772437880151,665
25650000,197.19017760055021,311.5362111754801,665
25655000,187.36691429729535,289.7496803032754,665
25660000,161.05620158474431,298.8921142974229,665
25665000,177.3264060090848,303.1016168288442,665
25670000,165.6815766903819,295.9864442341783,665
25675000,172.80938947087756,301.23566767349047,665
25680000,134.07169163382434,278.2434558290556,665
25685000,174.24016128389536,264.4118949333808,665
25690000,186.18560195256393,339.17220539349296,665
25695000,182.90234704721385,324.11699505925367,665
25700000,218.09143627639327,286.8765347156593,665
25705000,182.74085111918188,307.64618354106847,665
25710000,160.08835694694932,264.7304909405969,664
25715000,212.952641018463,356.92903061525305,664
25720000,159.9710123491422,272.0255422536229,664
25725000,172.60353941329146,292.62902618631693,664
25730000,212.33403073928554,404.39970956338755,664
25735000,196.26220419231637,292.3667000111005,664
25740000,198.39767150250356,319.02653673030176,664
25745000,169.43589267036398,296.29611020210695,664
25750000,161.75089958263288,304.85882310187526,664
25755000,175.86752735539068,291.2549742316474,664
25760000,183.65156684861603,363.8141134569146,664
25765000,209.9900540867087,313.00408980855855,664
25770000,187.1757945470962,369.122573002921,664
25775000,185.32809198004742,330.8814067003803,664
25780000,190.19707940497005,308.65899060016767,664
25785000,147.88938344043814,371.8408765919625,664
25790000,143.65592434274663,278.1660130706345,664
25795000,252.80778048247555,335.93512234147045,664
25800000,188.89418039088338,249.12475807889066,664
25805000,174.9863440734174,367.1106399703481,664
25810000,185.42007905668623,339.22570228674704,664
25815000,223.81991787666726,302.2170228161086,664
25820000,190.7280556701728,279.95734830285363,664
25825000,187.31463045438954,256.01541378092713,664
25830000,193.66961865220114,315.78075256511585,664
25835000,174.41256654307577,371.7644041203695,664
25840000,194.22921952094484,353.8489333897966,664
25845000,202.3006669213311,288.39364635243516,664
25850000,203.71182594216214,368.34590460206454,664
25855000,159.47988759111777,327.9520638751167,664
25860000,217.83727813281575,258.9772142572133,664
25865000,197.2815044044554,334.4518050181968,664
25870000,208.28085759274416,349.81340850751906,664
25875000,229.2021302814046,300.0168199846834,664
25880000,196.1211517845662,275.71943257334215,664
25885000,233.13908187489693,295.2623431863446,664
25890000,202.20048578276692,275.68739272099543,664
25895000,182.39811006259742,240.9090824965046,664
25900000,235.2366585545005,327.16237470641653,664
25905000,237.82225943818165,275.52637380032036,664
25910000,232.2782159468952,328.08952597504015,664
25915000,172.50488608517094,283.04543559366556,664
25920000,183.34067416856018,247.76178255154932,664
25925000,196.31554428862708,306.51764196488654,664
25930000,223.58389931722212,298.01405229825525,664
25935000,182.19764529497218,345.14059547071935,664
25940000,173.85732734129215,266.9085292287077,664
25945000,154.83899843703415,295.63747058052246,664
25950000,177.54904994875668,341.4432548564399,664
25955000,205.82568905681958,313.3070144792416,664
25960000,171.22092543939033,323.3243517104517,664
25965000,209.62487658319907,351.89056328036486,664
25970000,217.5242836223073,354.25656666837716,664
25975000,185.90405312646183,300.50338896687964,664
25980000,166.3416286580036,303.5240207423589,663
25985000,188.36155523017229,285.3025123375271,663
25990000,198.3628969996166,257.14495734802244,663
25995000,169.40535126774353,304.4118224009933,663
26000000,197.9593856358516,362.73728120362625,663
26005000,193.43994623253954,276.4515494405301,663
26010000,160.3179027089321,316.8826310347522,663
26015000,188.68841350173122,322.03489931225613,663
26020000,171.90013295700666,274.0158311755597,663
26025000,174.97569491470853,369.8971538483115,663
26030000,188.98094617690788,329.89189214082995,663
26035000,165.73828408101355,269.408251832644,663
26040000,169.16522271140434,316.663837518372,663
26045000,159.07401897432848,352.77044730095605,663
26050000,226.75088053777628,341.3325701200158,663
26055000,154.06913487399729,285.3270258165199,663
26060000,188.70005226903768,250.64342794236404,663
26065000,180.3149239076483,291.4928568868644,663
26070000,200.32472031228497,223.07168345716028,663
26075000,187.76090911667148,279.68829377272476,663
26080000,185.82994420209812,284.13338115681876,663
26085000,218.41240171078735,268.57512812273734,663
26090000,196.58209231632424,277.71706149087515,663
26095000,219.0015884203467,271.57147708259345,663
26100000,158.46101108690084,302.7551849875382,663
26105000,187.6055205296185,291.0527896128802,663
26110000,208.63191603812808,286.12420580260806,663
26115000,185.04555671190835,284.37657434324177,663
26120000,223.51176708172238,242.73985852197103,663
26125000,174.1337808622218,285.2158289140685,663
26130000,197.09031092605443,227.40944543647416,663
26135000,162.27439797065858,245.82401767172144,663
26140000,155.8048239818653,311.43727766998205,663
26145000,177.2300754706814,365.79374429825884,663
26150000,236.4041471428743,386.0547102867238,663
26155000,213.91427252264342,285.7187688915778,663
26160000,193.1141461964918,283.91584489680434,663
26165000,196.52595910394206,281.91492521567375,663
26170000,212.18828640192766,285.9511540818514,663
26175000,190.47702325362962,283.4995576039887,663
26180000,245.51940183531624,332.9419269023026,663
26185000,193.14235536319495,288.4186628909782,663
26190000,182.7350781179572,341.4115815490906,663
26195000,189.3084468229721,308.27899912778787,663
26200000,177.7673102721231,290.1297115419802,663
26205000,158.91201213359736,298.65190435442395,663
26210000,218.2458322169131,286.76519955979353,663
26215000,218.812278067149,262.54002386825493,663
26220000,171.58470438619926,278.7343653457993,663
26225000,193.54106723759602,292.8984490411905,663
26230000,177.0592584475558,264.43016486153937,663
26235000,215.90629071545644,318.13052792207066,663
26240000,213.96693844971477,315.168992843733,662
26245000,180.24136190315417,286.706769754173,662
26250000,168.48465645653778,287.3262316068452,662
26255000,173.23515640233944,233.72653706230903,662
26260000,166.31103579323533,363.03648572773653,662
26265000,154.1690120087538,294.63814729632855,662
26270000,191.11751061140544,294.58834336588546,662
26275000,158.73101452297738,264.66548735493325,662
26280000,193.8057096922676,357.9123999672815,662
26285000,171.3035805790098,257.4828654670642,662
26290000,156.58387274021837,240.41015015600775,662
26295000,187.24748057667802,278.7388073369274,662
26300000,199.46300723664103,242.3265579197757,662
26305000,189.65559790827677,331.38925802146645,662
26310000,145.8491624598618,322.71620764871284,662
26315000,210.4350900527571,230.07610842898336,662
26320000,201.47564719425085,329.15994142169524,662
26325000,206.01724513506096,293.11348404537557,662
26330000,227.57309606186934,342.9301949750558,662
26335000,211.2832925092174,285.7144298759275,662
26340000,154.8901109680705,296.5326492128569,662
26345000,154.00973196879295,298.7823361077702,662
26350000,231.39193082933625,305.3162658149076,662
26355000,198.3415688231479,304.9915590489368,662
26360000,184.3875106736752,286.15940134601726,662
26365000,189.730317044066,280.2121940804423,662
26370000,200.85960766630495,290.58777022151213,662
26375000,207.56777454953854,335.37823013844263,662
26380000,160.5544081473188,270.611200541627,662
26385000,180.95699398164476,322.5428330041645,662
26390000,187.6903464917132,278.2000080557259,662
26395000,168.4787234430268,288.67860995898735,662
26400000,157.9209547355286,304.5099901016957,662
26405000,168.24659230075142,278.1044492931139,662
26410000,158.72465828957777,327.6912213726676,662
26415000,195.90965334584394,272.96151794511127,662
26420000,175.66791406281695,299.02761503825593,662
26425000,195.14504575121506,346.85647741511764,662
26430000,204.78854197510375,352.00944130416576,662
26435000,223.36463389645388,329.65622365623386,662
26440000,188.76273032632199,377.6560136102896,662
26445000,170.98489005529203,276.9575191974258,662
26450000,176.45571457429483,314.242208875778,662
26455000,220.6574378549107,328.97805587596656,662
26460000,214.1470991106557,360.9221593625317,662
26465000,173.0159198971207,320.8630155432481,662
26470000,217.2194284809807,309.54881632923764,662
26475000,225.33343584743668,412.08691218641627,662
26480000,189.5735112804228,264.68045423509614,662
26485000,175.80206229572534,379.5729638228799,662
26490000,187.2973004432605,337.5525742416222,662
26495000,171.25567864906532,265.79368469252455,662
26500000,206.122368386854,303.0412595605309,662
26505000,169.48939201154317,286.2965485003109,662
26510000,195.08327097095344,274.8021591818959,662
26515000,183.93326733055278,298.9738290383824,661
26520000,185.48119150908047,311.3126665775116,661
26525000,166.65822430353157,260.6490497614178,661
26530000,181.472879201615,303.83539574908826,661
26535000,231.9269873087181,279.87423436782177,661
26540000,189.52472390102977,260.17267434368307,661
26545000,209.46657184338304,315.1261399435603,661
26550000,192.45929226033738,321.96673288016893,661
26555000,167.59405374372713,289.7156055211877,661
26560000,165.66753154115918,263.7795914264024,661
26565000,202.00356851739684,275.7517051392279,661
26570000,189.63563756843791,314.61175453610264,661
26575000,181.7700227258881,269.93083701962405,661
26580000,178.31883188238953,250.12634599004818,661
26585000,187.0210342548291,238.7053938157146,661
26590000,202.51290182287457,364.9505844157058,661
26595000,184.7039642908029,266.1145250215931,661
26600000,194.82972185367694,302.5588377106473,661
26605000,176.24530892400008,271.3586536992487,661
26610000,186.57331812916487,348.5885668476412,661
26615000,166.50964907307997,285.0893701801618,661
26620000,171.37426362315438,245.28377854362907,661
26625000,186.85624727814314,282.31382244862226,661
26630000,183.9376308519957,302.6685496057528,661
26635000,140.76885680295194,302.4252500908821,661
26640000,162.80773358001073,290.76429238997883,661
26645000,207.27654611516755,321.7561024797375,661
26650000,226.95270014456298,307.96823414659866,661
26655000,164.25590963181392,283.7864969989247,661
26660000,187.12941515918547,349.8699171388707,661
26665000,170.495896409101,350.208001173672,661
26670000,162.67808777281192,352.9531558898898,661
26675000,216.50693585210135,285.46713055577914,661
26680000,165.74392841361313,323.6641004243037,661
26685000,199.35389973545725,326.5207247855532,661
26690000,187.30954570919798,320.6125217831549,661
26695000,177.60290220151938,256.8902625627583,661
26700000,206.55217365485308,280.3869454755596,661
26705000,202.0216965091971,286.7326557393772,661
26710000,198.74400850899855,256.6928910332945,661
26715000,163.37157164493038,308.6998615798973,661
26720000,206.1370823911491,343.2641939946292,661
26725000,151.91432421386264,261.38626709502404,661
26730000,184.72687138370068,293.8651701791121,661
26735000,167.33176178913075,338.396050167623,661
26740000,192.58708179120333,320.31582397864787,661
26745000,187.3295423428438,263.83904796661307,661
26750000,156.61195156563414,288.5281514847211,661
26755000,174.0497277033695,407.58214715795896,661
26760000,210.28689525726907,293.1735512823354,661
26765000,220.10430934856595,243.89434946069406,661
26770000,203.90808763716004,307.56225969744185,661
26775000,219.70283736008707,321.1235240403355,661
26780000,186.73384197676475,340.0978773501018,661
26785000,206.1647420040284,211.74365954713426,661
26790000,173.50896177509108,255.00662785412842,660
26795000,219.41721964690413,316.8173844109992,660
26800000,175.4295905344443,309.1650670123295,660
26805000,179.54279007086697,234.75125724683613,660
26810000,188.28513517242575,224.43615913988307,660
26815000,211.29305826303911,345.8251379189667,660
26820000,221.7997477146337,246.44682869838596,660
26825000,196.37978333307072,310.4536738332324,660
26830000,197.62316201007332,318.66801993148425,660
26835000,205.97680469789702,290.56197276108304,660
26840000,204.44934440009587,337.40772717734404,660
26845000,233.2193007629486,300.10757543753795,660
26850000,214.90848690428805,297.01208713182587,660
26855000,166.38224576725418,326.6618031122262,660
26860000,173.9858536764794,281.6559102434755,660
26865000,198.80074188967637,307.1371746187687,660
26870000,209.77405181568136,323.7819239489917,660
26875000,192.79663335351253,342.65526477038867,660
26880000,189.71822641930908,311.7817139446887,660
26885000,161.73842828659906,262.47094925501125,660
26890000,193.44352099957734,265.13109660405405,660
26895000,202.86758101435115,307.14124504150556,660
26900000,208.99093575844228,303.91661942360133,660
26905000,226.1329535830109,269.0005702441843,660
26910000,220.5543493757492,274.36401450389076,660
26915000,151.81177341368058,272.9500765508667,660
26920000,199.20684452878263,316.14527348986667,660
26925000,189.65473618050413,338.22024949077615,660
26930000,200.63649915156816,309.3565867414716,660
26935000,190.82437471564396,315.50973537130915,660
26940000,237.77757847394685,371.5781905779514,660
26945000,203.53404626754946,314.17755000631456,660
26950000,210.92494447309485,297.7214416054137,660
26955000,187.17199948125477,344.7961430011721,660
26960000,189.57544103103123,249.16901217100047,660
26965000,181.34144569582688,310.0785706034127,660
26970000,211.28464026445252,307.6020620439315,660
26975000,170.21536822758605,323.5199219442677,660
26980000,223.7375673406484,344.12205656297255,660
26985000,175.86119897306418,293.1245002160592,660
26990000,145.22829897624794,274.6956545999714,660
26995000,179.69721446422182,305.26002291922083,660
27000000,165.77462698037505,315.439816835424,660
27005000,162.94131631823734,241.88481800118802,660
27010000,199.7122977938264,293.32723171400875,660
27015000,195.1659539208872,326.823069194929,660
27020000,184.92040637299783,301.4822997689676,660
27025000,183.03124820543047,310.57780561806027,660
27030000,196.89947847537317,279.1928704337138,660
27035000,191.53202472210836,327.9002954214419,660
27040000,166.48640385545497,295.53513412730933,660
27045000,197.54542412117343,264.05832181854964,660
27050000,200.6821825469982,371.18611775295466,660
27055000,206.83432124604954,289.8182864790549,660
27060000,173.99676381660703,259.53168144839935,660
27065000,179.5452014535362,305.02923944003743,660
27070000,154.4655061750431,255.27284177983745,659
27075000,214.1445731144333,298.79244417495306,659
27080000,186.63974666817728,294.43496798664347,659
27085000,168.11783190403105,282.69219361419954,659
27090000,177.851865595853,289.59669023923664,659
27095000,217.19509382305512,278.36633334072684,659
27100000,200.4184192833364,270.31155629993384,659
27105000,222.6760181431402,285.18816738903297,659
27110000,177.2851680951502,285.82545226469045,659
27115000,156.10661299207712,278.3580457815547,659
27120000,241.2340455136546,365.2938034129056,659
27125000,181.0901149518053,335.8959398965274,659
27130000,203.45318082357267,287.49355277152364,659
27135000,184.0021337369926,275.2569720973045,659
27140000,181.45986477169782,351.97603420769605,659
27145000,207.40311910535814,300.51200060423923,659
27150000,216.13470967433483,321.2909764507354,659
27155000,177.30292512694882,271.4751459164187,659
27160000,233.52656250422805,297.2951216355481,659
27165000,197.85047015106463,310.9236786416728,659
27170000,206.50436465868017,278.557898317518,659
27175000,177.36857331770614,289.6649704085914,659
27180000,187.92468425893443,336.76448031596834,659
27185000,185.16130012321904,294.3019985063521,659
27190000,204.50774972504908,273.45700114877826,659
27195000,218.81811073797903,371.91975046184973,659
27200000,162.89765495484676,275.193981548841,659
27205000,195.8437016516385,288.2534955545828,659
27210000,230.96084886943737,340.1651064306506,659
27215000,164.33416393373187,318.7193034061644,659
27220000,197.32880494701237,327.79581414722367,659
27225000,179.21344680032487,287.34052488491113,659
27230000,195.8845256550373,290.6721006124442,659
27235000,170.9978401851742,296.5715513816651,659
27240000,186.97138136380636,244.86187334406407,659
27245000,182.69463386459142,310.17416300907513,659
27250000,187.48819043346919,295.66735274880847,659
27255000,164.90993249966363,335.15923360329475,659
27260000,198.15499717119246,273.8634453042854,659
27265000,215.34069897884964,349.8699165171331,659
27270000,194.20639026428483,288.55933480735223,659
27275000,188.37799952688783,327.7308195243182,659
27280000,192.3019086242074,291.4777068777803,659
27285000,156.34142812173158,321.4056461204435,659
27290000,179.28867963024766,253.90812052058797,659
27295000,189.5918494941321,276.8791932058504,659
27300000,196.0792430188627,324.4148681195853,659
27305000,199.95015574568367,269.1569925855646,659
27310000,176.8799976214047,261.5338561595688,659
27315000,211.69362904852971,269.6589843071542,659
27320000,205.84376901570002,299.8298470951798,659
27325000,189.56414949437897,242.55944339790682,659
27330000,171.04107220128924,312.93047170778357,659
27335000,213.8738326790743,307.1977331136781,659
27340000,148.23900798756148,261.2205942129847,659
27345000,177.84594614712444,319.41008506039225,659
27350000,202.99470647267145,295.65317724479206,659
27355000,213.3238435793733,253.2872736762804,659
27360000,229.596725881847,294.6117022723832,659
27365000,187.88365083777904,295.00639333412994,659
27370000,176.31837538478888,271.0059995920262,658
27375000,186.4131610328679,308.2908581723989,658
27380000,192.24500609946477,338.1548359764167,658
27385000,184.2638668079913,347.25540042009624,658
27390000,210.34326919296035,277.50128912739484,658
27395000,196.955687294592,306.24832153627057,658
27400000,151.7375927638003,308.25398319116493,658
27405000,214.11934237285288,318.6876253727763,658
27410000,168.3098566303599,279.8830076437745,658
27415000,182.45012168531858,340.22630793170225,658
27420000,163.87325712562722,361.73583880643275,658
27425000,214.2565309376898,349.31855476189736,658
27430000,201.1145190793253,325.1136281922238,658
27435000,212.92905723677768,326.26741873616965,658
27440000,180.21442141708846,291.47299740105933,658
27445000,165.0941010138924,311.30640635269714,658
27450000,188.07034037044465,339.2942263680342,658
27455000,164.79370054918294,365.16492665249035,658
27460000,154.45914061862732,321.5338015590545,658
27465000,194.52952346441052,315.54498665269927,658
27470000,183.16077889106353,297.9405495545083,658
27475000,241.44536526782105,320.5799842710757,658
27480000,182.54975138550552,244.65200213010274,658
27485000,186.16860204814589,239.87838645973937,658
27490000,192.5402478938803,278.0692031176744,658
27495000,187.97194595361674,317.66031696505246,658
27500000,212.27196643485436,267.55970740331685,658
27505000,170.73110652480662,261.5974588301385,658
27510000,196.59513274228607,269.6895953569534,658
27515000,223.15060970895937,311.7803242947997,658
27520000,201.39376905652216,314.7289858979695,658
27525000,185.46155676450687,276.7007003704978,658
27530000,167.92322186057805,371.75367997416896,658
27535000,152.25039485457106,295.23342860832594,658
27540000,160.65847305775225,267.7726440066678,658
27545000,219.09721418180015,345.04183814631335,658
27550000,210.97927258773595,342.8216875788999,658
27555000,160.56695097063448,206.0651801927161,658
27560000,230.10173462820842,291.4320182407737,658
27565000,179.49579016922357,296.8345053604819,658
27570000,181.01898511638538,367.9505046832424,658
27575000,178.27877807784316,260.6412670573066,658
27580000,204.09102716455575,283.9331297001048,658
27585000,173.2215915135331,323.0195009168147,658
27590000,176.7727861413266,323.0906413015832,658
27595000,207.59427948429595,310.01514228792576,658
27600000,143.6477748441541,270.24798774438995,658
27605000,162.4122897579716,338.8521448246943,658
27610000,173.89310175617788,281.0612193406226,658
27615000,176.03511663610132,290.3482921475779,658
27620000,149.18814144631216,286.36069099579237,658
27625000,179.75099040704777,303.0020592948994,658
27630000,195.68642701788673,353.1059359162189,658
27635000,206.24015617886656,306.5309227148451,658
27640000,165.50466917186546,265.67188074840993,658
27645000,196.18614108365026,352.535421516954,658
27650000,243.11805416278582,313.994056284084,658
27655000,201.56222843725809,316.8322568444626,658
27660000,155.45518700948372,269.43314576503,658
27665000,239.7445190992608,320.23581657615296,658
27670000,198.35314095903257,360.66200627933364,658
27675000,171.64597327348355,295.5835127928668,657
27680000,164.9624693860422,285.23425002270847,657
27685000,165.74879131119388,326.9084817748018,657
27690000,168.47106304598972,277.0786764323948,657
27695000,207.55993506804526,273.8395302394343,657
27700000,185.24296400655842,303.8751516216974,657
27705000,192.40046019020946,244.3675281923301,657
27710000,171.00591718295843,322.1841790507818,657
27715000,201.32067231293385,310.6029904483581,657
27720000,174.45649456053675,332.3732143785805,657
27725000,181.19744639730345,344.07012130708006,657
27730000,203.63400403641066,266.6944250360083,657
27735000,192.69291229633177,307.9392811786664,657
27740000,180.71847173290215,368.52501911596323,657
27745000,190.32222362546895,263.37270256251196,657
27750000,177.0671573667233,296.88860756900766,657
27755000,217.88368617584868,281.3171136380516,657
27760000,175.28449544826393,268.01709863893547,657
27765000,190.7845452159365,299.8660905471815,657
27770000,160.77664341670982,339.4334534952513,657
27775000,172.51321521084665,265.8020738985672,657
27780000,209.888403130753,283.65793295635353,657
27785000,230.39533227004185,276.9125006151012,657
27790000,215.43962434269457,345.2084716759766,657
27795000,161.8008612517074,238.38121090667954,657
27800000,213.1405605213108,339.0322683903407,657
27805000,244.14232786390195,337.7160229157648,657
27810000,167.70665073991432,228.90833525674336,657
27815000,182.4142891521101,266.53507700020043,657
27820000,179.2474888771197,305.2088896695965,657
27825000,162.62161228487935,257.7055430052022,657
27830000,174.51389580844216,322.67651738159987,657
27835000,215.55756264490586,319.05797197673587,657
27840000,196.62126220305146,309.511045647095,657
27845000,199.94554960669117,322.3874003257839,657
27850000,199.61050665397252,286.88369903548266,657
27855000,159.8110728340189,253.3476781451623,657
27860000,181.00774061209148,346.0386190161628,657
27865000,212.89277367372037,341.54633612012253,657
27870000,164.4630961136535,293.5000212178078,657
27875000,169.01076568941684,271.15752161453656,657
27880000,185.9316734926021,310.3289805517434,657
27885000,171.57591261251818,260.83290105774984,657
27890000,216.32724069659577,357.0093586860183,657
27895000,195.76357976166582,291.94048857871354,657
27900000,199.30077808743485,273.0047172665026,657
27905000,187.3372124435495,315.14746646437294,657
27910000,179.25088638956714,288.26801477613367,657
27915000,206.06434906181326,201.86228341779986,657
27920000,202.05396694002116,285.0008158310564,657
27925000,157.46022813431645,252.88543752469795,657
27930000,204.8991418322598,314.058229729446,657
27935000,193.6606337984996,314.5922700016139,657
27940000,167.20853980895578,319.5994490397322,657
27945000,205.63904435049872,304.6232428408257,657
27950000,189.82937210942606,267.02770962403446,657
27955000,182.0937833989176,274.8014733364236,657
27960000,191.76899151375298,288.20458747079664,657
27965000,190.27815424815003,272.49315627856276,657
27970000,177.48139730599743,317.8644479212031,657
27975000,171.43168690759788,332.81580123817764,657
27980000,198.11505581515354,335.83013041049185,656
27985000,210.44031348973462,276.87711360397475,656
27990000,225.20943899444893,285.4152812417898,656
27995000,168.3436872538567,256.5856319007571,656
28000000,166.7260190837803,241.19455822209997,656
28005000,192.82089553838023,288.31303121895405,656
28010000,189.1438008429892,372.70281267280035,656
28015000,185.09192568844307,264.28783795479006,656
28020000,197.23781882551066,292.033602517462,656
28025000,179.33597176021325,303.69497452075234,656
28030000,184.56732173253764,263.59942100726175,656
28035000,215.39074850004667,280.406190490344,656
28040000,199.73738481724536,243.02778562873166,656
28045000,181.48425865970887,352.6563891923859,656
28050000,204.0164106583572,313.0334898266104,656
28055000,215.2462848270884,310.8043426675851,656
28060000,147.89640734697247,288.49261504064975,656
28065000,210.02164408185448,293.92796272801473,656
28070000,193.35331045680587,329.31510027568703,656
28075000,208.72108788654853,269.1612666096203,656
28080000,193.7725872154594,306.4375898083263,656
28085000,180.6618951107329,275.26339754524145,656
28090000,199.44711111034943,262.5788398741069,656
28095000,189.0213955785918,283.0377027394344,656
28100000,182.81823570710034,314.10493064035063,656
28105000,176.12689071101352,341.5996189266616,656
28110000,170.0177807572849,301.0800588463137,656
28115000,200.4335198363374,336.83532044180066,656
28120000,183.02123009335673,283.0982153399719,656
28125000,158.87375080211802,312.90873802059366,656
28130000,207.99976526476556,391.8053992165545,656
28135000,210.66881479161881,322.0126427401455,656
28140000,204.86331296401184,348.87839519845846,656
28145000,199.65472272111538,273.80247786068196,656
28150000,192.65000091417042,372.67315555387006,656
28155000,190.87467295289167,246.17125402591068,656
28160000,164.0716425776198,312.4848888204131,656
28165000,191.26786003642917,339.4751525396488,656
28170000,200.74745411086226,308.9783499468048,656
28175000,213.9271211629676,247.5345332612568,656
28180000,227.06588358724719,306.85146187977267,656
28185000,158.67363791593488,320.29271368570824,656
28190000,196.00516057078013,316.6028543943124,656
28195000,161.13659675531662,316.17924962398337,656
28200000,250.7133427450276,348.14785018190304,656
28205000,231.33622320826728,254.72650072631492,656
28210000,206.03973647247554,242.088417817075,656
28215000,164.2555667682064,383.1491239758248,656
28220000,201.30600328455796,281.74066142681426,656
28225000,202.4130632891969,312.7972920401731,656
28230000,199.24628589270083,324.9493511740362,656
28235000,190.65232109167485,279.77827959151165,656
28240000,188.00929319189694,382.6669639228293,656
28245000,158.10838543598655,263.0090041652224,656
28250000,188.40480456797528,249.1374905030346,656
28255000,181.24604988244715,298.1740639111366,656
28260000,150.67831682410952,227.65731999164848,656
28265000,143.3583095930612,233.55503992740034,656
28270000,172.34923329665588,286.76749743814383,655
28275000,189.26703702611022,259.94459026292986,655
28280000,212.03167768433045,263.4155892990598,655
28285000,174.06104028315872,292.1238283765876,655
28290000,171.92986517378705,268.11916936882443,655
28295000,207.41851396905489,303.1637560115919,655
28300000,213.31649073302916,357.57799282648716,655
28305000,174.24975656029414,251.14217505984038,655
28310000,155.34945508893748,269.7698600318526,655
28315000,181.97443982815483,257.58644492422263,655
28320000,182.45083112377768,317.9786975103769,655
28325000,178.56011121664014,316.6084759480262,655
28330000,170.89811341004355,313.53903127264766,655
28335000,177.20652424602395,296.55586095197253,655
28340000,199.74068792385685,266.8620885434216,655
28345000,181.23168068686968,290.39933767923407,655
28350000,169.8013727763508,223.88941231862574,655
28355000,211.42354086985733,328.18812331898096,655
28360000,203.93736754465374,275.79523263277594,655
28365000,173.1262789742867,285.04093174609847,655
28370000,199.16232889925396,224.81032833254966,655
28375000,240.62079121168327,347.1194908028974,655
28380000,199.72404577379024,252.51738532113583,655
28385000,173.12819441194455,301.8061065571552,655
28390000,209.36665025347233,393.6712974348017,655
28395000,183.4713168138571,291.3661439572119,655
28400000,171.04898967128062,328.25334958093146,655
28405000,192.48581021440827,248.37618575626294,655
28410000,177.49891255125607,335.1680263699345,655
28415000,187.78562075770506,347.6143862998693,655
28420000,200.9688301108675,272.8851898018261,655
28425000,160.29767981357767,344.05348610266816,655
28430000,190.3402673766337,281.1388939287178,655
28435000,181.59039570301127,301.8937109707674,655
28440000,178.36520937459122,310.1684859537892,655
28445000,172.77068485859564,310.69105464608583,655
28450000,186.99437018950437,342.99992856528485,655
28455000,178.84503670065357,282.9014806522681,655
28460000,181.34671418500062,280.33593933646216,655
28465000,207.69814004762614,302.11162782231867,655
28470000,175.26404272358383,278.0749369005015,655
28475000,186.0601901441559,321.901950359405,655
28480000,178.34628585099523,385.85714291819687,655
28485000,173.6452818976712,267.61642864287444,655
28490000,200.51432132503723,252.1570266778666,655
28495000,184.57051257512506,257.80738566094556,655
28500000,210.1643309091678,317.2776999556686,655
28505000,213.4368706457303,331.0472002776945,655
28510000,205.65766105788094,305.41976827613206,655
28515000,213.2678074029629,279.35964727038134,655
28520000,172.56446963129312,417.62004573343387,655
28525000,164.07865740175367,283.705884879055,655
28530000,219.88920458252767,351.5053335454241,655
28535000,191.1327183452033,312.9575869926731,655
28540000,157.2716347382409,271.0478594880533,655
28545000,165.79869353524924,274.79636323742807,655
28550000,191.6139402059528,281.4890456900023,655
28555000,155.5649845286249,299.6935273829459,655
28560000,178.42817511918344,274.63019970382766,655
28565000,195.03474068735426,309.44673164731415,655
28570000,181.09705281728014,273.90403461808296,655
28575000,205.51517207098817,217.5240675283447,655
28580000,176.34001931332784,336.6064207758373,655
28585000,172.86378581347608,274.61419264757257,655
28590000,169.5539692305934,296.9854612482788,655
28595000,210.80105813642237,326.07960523110665,654
28600000,215.44267949825252,268.64851421991176,654
28605000,211.65880435744478,300.63011654455426,654
28610000,174.1277318406622,289.57575155943823,654
28615000,173.97118969377252,258.7343481991347,654
28620000,171.85565783788493,300.31265257396774,654
28625000,202.93415029097062,297.1795330566529,654
28630000,189.00852491060652,326.8895676199688,654
28635000,227.71844878562925,329.79487307537585,654
28640000,167.85727671380081,347.75455102148493,654
28645000,186.43350515142893,268.3744138432056,654
28650000,195.59517064089374,354.82798182254555,654
28655000,192.5286615049028,369.9859675913827,654
28660000,180.6253929881973,261.32568003554496,654
28665000,191.25033069255463,307.915619800781,654
28670000,130.654670262992,313.28248581119516,654
28675000,166.3659381137005,285.45228181677714,654
28680000,210.09127353240314,299.3365081754337,654
28685000,188.4309212676771,253.78186508363254,654
28690000,156.72077557909358,289.366680719421,654
28695000,218.4456371046305,301.9571310224578,654
28700000,160.2492462059646,293.482210065651,654
28705000,213.95723128219134,318.56870165399425,654
28710000,202.79235099343398,327.5622054364014,654
28715000,201.24978156222798,296.95486237332045,654
28720000,215.2414234667895,387.7220224194818,654
28725000,185.3144237060808,300.22093203363005,654
28730000,158.5205357193249,294.65455170842364,654
28735000,194.52925575725246,291.2110175981086,654
28740000,176.85652737339635,267.063710950076,654
28745000,219.67422079897491,354.73566795250883,654
28750000,175.97146040967985,300.52056228861886,654
28755000,201.05327609033048,233.20164488893693,654
28760000,170.54557402014828,343.2096282944294,654
28765000,174.00420349357265,314.5688766886417,654
28770000,175.50485279766474,270.4761330934849,654
28775000,201.12358784741758,308.80182961692395,654
28780000,160.1010928039803,304.7806031851237,654
28785000,150.53600000145676,286.67922591247606,654
28790000,212.1457074136535,318.2179114664526,654
28795000,188.2207448077171,315.005860623451,654
28800000,164.47691650682054,354.8660694205402,654
28805000,170.8403218936641,328.45227964521763,654
28810000,192.78544421409617,307.8025279280272,654
28815000,176.7204544777475,311.09438128334193,654
28820000,217.8017001901067,281.16259914602773,654
28825000,200.01539676273777,355.2863477700282,654
28830000,220.0526945834597,306.5125778364286,654
28835000,159.77583588358436,300.6791034211519,654
28840000,174.69866078037273,298.7106442069084,654
28845000,197.88137260023697,327.45347836324294,654
28850000,198.04330335898715,264.3791340977829,654
28855000,146.25908054698618,390.6707283743699,654
28860000,178.11219869740282,243.59786645908375,654
28865000,200.44371631104877,316.97160319277043,654
28870000,184.31411315709985,285.2513947388683,654
28875000,169.8169110976895,273.7475003501043,654
28880000,161.79493963036708,270.4544674403014,654
28885000,169.97996201173038,320.9825286140269,654
28890000,172.75811677629136,268.5878921473059,654
28895000,197.4671466346614,354.08638084342573,654
28900000,164.12727669127653,275.0333684529349,654
28905000,170.67148112296678,331.26922292063114,654
28910000,168.56678010412293,309.3042547410935,654
28915000,178.61542775982463,332.7000693365359,654
28920000,169.09151917762028,307.3485206022991,654
28925000,206.65401221482165,328.392848395143,653
28930000,179.07711590115952,273.16690574640774,653
28935000,204.8011503217091,319.3686734220506,653
28940000,154.38214758959234,317.2285768613128,653
28945000,218.45034645018856,278.96125218275654,653
28950000,171.2484322962526,323.62343736558506,653
28955000,216.19929127500467,346.6281545124548,653
28960000,201.8531757849477,363.772509528281,653
28965000,173.82979281468033,328.313802455203,653
28970000,227.9816608734933,256.2803263495182,653
28975000,215.43325903905935,366.00598331543927,653
28980000,205.13169606890207,316.03746931174635,653
28985000,176.06675337139785,280.2455984791553,653
28990000,178.4269212843601,342.05264026133597,653
28995000,183.2667197893122,298.38304931432873,653
29000000,194.4606641824587,278.9621409759887,653
29005000,227.9858045417705,267.1800241715045,653
29010000,205.681061492318,251.45451990431027,653
29015000,186.8481124158362,285.50789054116814,653
29020000,160.08651310165598,273.9183688957366,653
29025000,203.67996056588893,331.1301149793041,653
29030000,184.21750525791492,283.7114872044774,653
29035000,194.76617262917148,233.76576083814084,653
29040000,193.95318371339255,256.1483584848655,653
29045000,172.42198805841863,312.1306781570606,653
29050000,176.44567499663222,345.84803073671765,653
29055000,192.58108359085486,279.7978088106861,653
29060000,180.79005101139396,299.87228868431146,653
29065000,178.8881655869991,304.92689979447135,653
29070000,168.22238718592513,257.4618797316969,653
29075000,208.0575566030048,325.40994070075476,653
29080000,212.53798903051637,329.7537620615351,653
29085000,169.83966703635704,281.7137468335744,653
29090000,207.00348580800892,302.5773586884971,653
29095000,221.69003037954204,262.40217085198753,653
29100000,195.90216536568687,310.40324988911857,653
29105000,175.09838192152736,268.5402123322522,653
29110000,200.3713904823632,371.28158647962795,653
29115000,160.56227578765862,323.94291811105273,653
29120000,197.32975682496152,217.45310543225338,653
29125000,173.66617769244965,331.2806233291434,653
29130000,153.10656494327029,289.78918871380625,653
29135000,175.52270952137116,250.92079344408032,653
29140000,186.71617059719648,255.73133518560604,653
29145000,177.60400588604816,327.20646675424996,653
29150000,195.5277876710947,260.41280627097854,653
29155000,187.07257280341923,251.30977875412913,653
29160000,179.8369357078932,306.82479559230836,653
29165000,187.57119325422565,307.10197010860645,653
29170000,172.60306115589583,301.46581076566116,653
29175000,200.03946417951028,299.22400643768236,653
29180000,191.2633177466536,295.2937457053518,653
29185000,209.4456711301321,263.94478488638157,653
29190000,181.90132875838555,305.6384411646205,653
29195000,203.8795618832823,356.8717395132389,653
29200000,176.2059041087686,247.16080402152346,653
29205000,201.17090893151163,293.51625414972045,653
29210000,206.06744002825403,297.0754515836867,653
29215000,168.84718165680042,294.74453774940577,653
29220000,178.02026248398536,363.9633401507007,653
29225000,165.78676949753145,321.16247410392884,653
29230000,184.5011130427714,295.8031823695925,653
29235000,161.63554500381557,278.86263416860265,653
29240000,213.60101809254732,266.9427239986582,653
29245000,184.8745496662014,349.33636934087133,653
29250000,190.98849172765463,278.1203141961866,653
29255000,228.83721429440024,331.67302024702735,652
29260000,197.61972636503086,314.3541937907421,652
29265000,175.18528537913753,285.33715347564345,652
29270000,216.98808130740605,313.00702388150086,652
29275000,185.08789231101022,295.14250964493567,652
29280000,214.7540354204605,314.9494360835175,652
29285000,158.8117457396497,316.83877355815054,652
29290000,148.76120516251032,306.283114861903,652
29295000,210.25163396748442,345.03129805743595,652
29300000,217.53115656274446,310.2900274590273,652
29305000,245.27286241191533,297.6550289689913,652
29310000,157.774283724004,346.6188131967296,652
29315000,163.91961236852777,264.34271731925804,652
29320000,208.24985677367076,328.6768005912591,652
29325000,195.01367793928753,329.1111666753117,652
29330000,166.6802303698834,332.60902276371587,652
29335000,203.80938747278566,243.88490510346784,652
29340000,196.36211883263434,250.37773448944094,652
29345000,179.60202332706422,285.749829121608,652
29350000,190.08838004980836,319.76074925289305,652
29355000,234.102861743496,255.14707288608528,652
29360000,177.19670652001855,349.21518259401535,652
29365000,187.5956057910505,295.9200365783749,652
29370000,216.928270654455,293.3896141490019,652
29375000,208.8235560373774,235.01883819623853,652
29380000,262.0757715407998,404.93303289450944,652
29385000,235.36577418193477,326.2689437771716,652
29390000,214.55226875836803,370.51614445173504,652
29395000,190.50042072086077,358.4945834398706,652
29400000,181.59932197810713,364.73848430802707,652
29405000,204.61959136688938,249.48423691659175,652
29410000,159.18756248114863,315.50667671413163,652
29415000,186.70647582502292,322.7493519549256,652
29420000,198.84727072435922,353.5899267580184,652
29425000,210.1843637333456,270.67288423062615,652
29430000,218.22382025775673,238.4855143446734,652
29435000,170.7002095827737,254.71207922471874,652
29440000,186.78189340669337,293.48340265169,652
29445000,178.8022530144052,282.49868443115525,652
29450000,205.81076295952005,266.3588245152624,652
29455000,186.7067103820365,311.66025644939606,652
29460000,190.50003990769113,339.77327680197357,652
29465000,167.93708308725513,315.77434156301575,652
29470000,229.10343475296747,336.0463291065788,652
29475000,206.92635221531162,326.25743163042785,652
29480000,199.4770798190495,390.2878880666476,652
29485000,172.88809771361812,274.0740584952362,652
29490000,196.70703598415207,322.1374513185886,652
29495000,213.7172527721995,345.7262639018189,652
29500000,147.89595940034192,242.7954046561663,652
29505000,177.64539889852148,340.64378229389763,652
29510000,194.02181788761567,252.6475704883593,652
29515000,193.4358532212024,285.8397447568434,652
29520000,191.58188744138434,337.4158190707053,652
29525000,162.61723344757215,236.44751239969153,652
29530000,191.70572665264586,325.75353706766805,652
29535000,168.41907815787567,310.79692481605105,652
29540000,186.45467197517894,310.93505117063336,652
29545000,216.32479419273915,262.2689258629821,652
29550000,174.76413415770975,303.2731990658343,652
29555000,218.7000829268651,330.1960291277155,652
29560000,226.3096780966252,345.35141747431004,652
29565000,195.89738958400497,232.26728299318643,652
29570000,202.58596962632203,289.8110267303512,652
29575000,178.79666499610747,229.26288654094984,652
29580000,179.41924193683946,301.13012006839585,652
29585000,204.44859564110382,300.7953318218099,652
29590000,193.24749698507887,295.40128002699953,652
29595000,171.78886350870533,334.5334017986722,652
29600000,225.17298906719287,347.0540553916593,652
29605000,180.3362471915832,271.4356925610414,651
29610000,192.1088784707552,296.26116789026156,651
29615000,179.4820359081758,255.61342689403938,651
29620000,178.03075556110073,218.17843808949658,651
29625000,222.30356957547085,271.67370611900856,651
29630000,201.84689891004996,304.48530541359975,651
29635000,177.6635240801376,371.3223518711966,651
29640000,188.64472216284304,309.88754518866943,651
29645000,197.2406384399025,301.3482028860876,651
29650000,170.30611117647263,303.4344578127376,651
29655000,188.3631278109608,303.2958362816683,651
29660000,180.16194799737767,284.48855014442427,651
29665000,163.10054803682908,360.35177696944123,651
29670000,171.2443178399225,248.88233318094012,651
29675000,196.34524205405663,350.6988227266817,651
29680000,198.03921597161545,266.7885904898373,651
29685000,188.77361841418124,271.570604312031,651
29690000,201.34659683650347,296.15137771449554,651
29695000,204.89294276995076,286.38718751275326,651
29700000,165.26893047830978,255.09013741382458,651
29705000,192.05561737498834,320.9484370203583,651
29710000,190.44333068301302,309.1006572228391,651
29715000,194.27011702786703,344.1933657863685,651
29720000,178.04038041765466,333.51319842657796,651
29725000,202.75341265480208,316.64061218157804,651
29730000,187.39224513612822,306.788540755195,651
29735000,209.09756031753815,298.4140680084336,651
29740000,205.77192076326367,326.68947792332204,651
29745000,146.10808276070088,248.39410161740315,651
29750000,182.3868857784255,257.16372618416585,651
29755000,177.68892537695905,306.29803013592493,651
29760000,165.0353037510032,287.74554650362063,651
29765000,202.21527789572986,348.87610637130916,651
29770000,226.71665378958505,367.5547063678763,651
29775000,136.9610140350019,300.1163561497609,651
29780000,208.91581754877603,299.23121714672544,651
29785000,209.45909953604115,325.38252879858163,651
29790000,199.1468383364872,317.07039657568185,651
29795000,167.59893293898924,333.21801718416174,651
29800000,199.31113724587217,344.24597841826443,651
29805000,199.45100877915962,251.10980967654484,651
29810000,148.9228392107613,313.91351870772655,651
29815000,188.30179605681536,292.1673183422583,651
29820000,175.07970080256672,348.25898610985735,651
29825000,189.2607507439376,364.128350464975,651
29830000,144.00559915461815,296.56297157980885,651
29835000,155.82924995405298,275.95483321966145,651
29840000,202.61100346700263,235.1587965023906,651
29845000,197.26377263923987,278.359922560794,651
29850000,243.0615653888456,340.5691377896395,651
29855000,155.22426675975288,300.51877124554545,651
29860000,145.81841368856414,273.9264632435658,651
29865000,169.42799974836433,315.3495188307751,651
29870000,146.0427868627221,300.2702563826632,651
29875000,161.71644540405217,278.54957901835866,651
29880000,187.64873242601846,244.46562046687706,651
29885000,236.5386003068609,298.62409897208346,651
29890000,175.27592484362012,260.8536316920583,651
29895000,164.30516990556453,277.4104609188826,651
29900000,183.87759007410455,293.3797650407616,651
29905000,175.84347199103468,288.13976761546843,651
29910000,153.95884400939687,267.6734462462987,651
29915000,208.07475790164423,343.6594186231923,651
29920000,201.1034998732081,321.1316854258499,651
29925000,198.3577235713215,264.34167615152774,650
29930000,211.03191406686497,337.04356635744654,650
29935000,178.9135393587024,309.2610975031135,650
29940000,193.69595622852123,350.06333946108873,650
29945000,214.77546551753446,310.6597628417191,650
29950000,182.87663001047784,318.7670314876254,650
29955000,189.95287065908911,320.9603503920005,650
29960000,181.02913600396914,251.57140205644768,650
29965000,195.99458930579715,311.83336331891155,650
29970000,193.92680654193472,331.94594913049946,650
29975000,179.88613098829376,239.54149354317678,650
29980000,142.50088291219637,288.19838344691226,650
29985000,192.40830570598604,272.9948131430224,650
29990000,173.55665508415132,239.8748713447721,650
29995000,222.73074842923435,323.8494415355982,650
30000000,191.550450969531,268.71281953561777,650
30005000,199.20768089622706,216.19790779672692,650
30010000,202.6767322951956,246.7890272948733,650
30015000,208.8810700367361,311.03731207852275,650
30020000,186.34176056119745,302.8862102076515,650
30025000,218.7672123462515,247.5900786238349,650
30030000,170.4915653526495,313.7648754522893,650
30035000,172.76846990783466,360.29235682675323,650
30040000,175.0063205333342,293.78037510970086,650
30045000,180.47349151645258,352.88596503980455,650
30050000,179.33849100621893,328.78145223074364,650
30055000,192.19906886223254,344.5271948347819,650
30060000,193.82438020995343,341.53291793059327,650
30065000,166.54348678836803,264.9647819643875,650
30070000,178.71506791913131,272.9749681256526,650
30075000,190.30899295572704,337.4331674548145,650
30080000,236.21580720479267,301.23825402853737,650
30085000,159.48106067733775,241.17147433636333,650
30090000,214.98836926756735,271.37409964646264,650
30095000,212.89251395411554,339.8128363542642,650
30100000,178.70308890143028,282.11480230733684,650
30105000,184.75919704168962,292.75187911571356,650
30110000,171.7621182069429,302.5370978303705,650
30115000,143.80061650440436,225.75880729513258,650
30120000,169.58108078439835,321.2284522378598,650
30125000,155.23806128089726,263.321658308028,650
30130000,161.3581361687503,221.97838896994668,650
30135000,175.75394004921284,233.43474049120607,650
30140000,200.30359000000365,369.25536235661497,650
30145000,190.82809025150857,339.13145842766966,650
30150000,166.67112552494015,281.3100811579859,650
30155000,192.40395937493903,270.4414418474088,650
30160000,201.60054084440222,316.1845150071919,650
30165000,221.49202151424555,290.6449435509857,650
30170000,171.23624765335907,308.46049292478085,650
30175000,221.99744497593085,320.08034577530907,650
30180000,189.25350281302383,273.5182011503063,650
30185000,166.05391167623893,287.9934557228355,650
30190000,192.70200227748063,269.8469635197081,650
30195000,184.36864361613414,311.57862032984707,650
30200000,187.90190286868142,311.3465691528613,650
30205000,207.7882190692866,291.05625507388976,650
30210000,217.59656817379076,302.5441378413537,650
30215000,179.20236761763277,294.0049917249305,650
30220000,178.40488728820705,298.9041183619657,650
30225000,193.7461286509274,270.3314862570525,650
30230000,173.73977588841637,331.06776818804866,650
30235000,187.41616414591834,327.8497288006203,650
30240000,214.9408171875741,282.8167338954958,650
30245000,206.81206083820015,334.53155906773264,650
30250000,176.29010715112142,291.68116085665235,650
30255000,200.56280346701746,253.75088359820242,650
30260000,206.55024162477227,277.0547768437323,650
30265000,153.38908102507355,328.8763898322288,650
30270000,211.1859472940131,258.56575243451863,650
30275000,160.10868168599586,283.4924262192954,650
30280000,203.9375411332491,331.3525726022396,650
30285000,183.85942639162857,313.89061039553394,650
30290000,160.11962673916764,345.2553540853612,650
30295000,176.80203579044635,224.3615757266038,650
30300000,179.08386597426585,324.5599903587871,650
30305000,194.7033189027856,314.20665211824735,650
30310000,198.6922450851738,274.6358060392964,650
30315000,175.11516205533312,308.4663308383489,650
30320000,150.50515666764727,270.63239164023304,649
30325000,195.00348115879802,324.4476891361647,649
30330000,171.5884236688659,261.99424387497896,649
30335000,217.10829684387974,335.82211910470386,649
30340000,176.0978379887147,263.0747826917748,649
30345000,189.22923083705146,302.7007150251333,649
30350000,155.3744138455823,267.41187486772424,649
30355000,206.76287731456375,292.6803342886675,649
30360000,169.6291755413622,258.96598208436467,649
30365000,170.54010917342123,306.4061969769223,649
30370000,196.36006949062306,317.1391138656867,649
30375000,139.88799656053493,280.7408175596007,649
30380000,223.02911514478694,286.49350081574926,649
30385000,190.6273430715405,244.64655706131236,649
30390000,169.62480278285247,278.1925103178549,649
30395000,212.25468106686517,318.5809598911429,649
30400000,191.139569923768,256.650656137137,649
30405000,219.81689295496602,274.7275501177814,649
30410000,176.41833338050816,287.3955682832928,649
30415000,206.09483920580672,343.9861020537331,649
30420000,159.94333290912965,340.4967330764209,649
30425000,198.81623304108143,259.26585220223456,649
30430000,171.4179571652122,323.8936195024256,649
30435000,165.8722219120817,245.7482117629414,649
30440000,174.04607815867118,313.9486309194452,649
30445000,171.27353321866514,338.1476908518137,649
30450000,185.2122832251246,276.0079017579948,649
30455000,174.91396847821602,268.325162200378,649
30460000,183.21518358112334,302.58975946600907,649
30465000,211.23775755105422,307.5294166272621,649
30470000,189.05239501745993,288.4272688293113,649
30475000,197.74734583161194,354.59223289278253,649
30480000,180.8241149124974,260.6035716592327,649
30485000,190.81323832738278,313.922616746982,649
30490000,179.163923220691,320.5451899517058,649
30495000,182.7049806434715,285.9904233683482,649
30500000,187.85129458655913,305.6424038462634,649
30505000,178.00656499197936,346.40353197676245,649
30510000,186.86810099571994,278.1446400149952,649
30515000,178.82931271892483,269.5762246966338,649
30520000,198.86944636509799,267.2100052331296,649
30525000,175.03711423660718,308.5651353654585,649
30530000,171.04078104485228,385.0999239744132,649
30535000,189.74673943416897,294.2350845610316,649
30540000,164.22134629182236,303.4819158946162,649
30545000,209.19211496057903,348.0996605704812,649
30550000,177.44411610323823,317.47472462508586,649
30555000,172.7603575813348,338.94540121432453,649
30560000,192.8870151216755,260.16063106695003,649
30565000,193.55212331360846,315.3925356184547,649
30570000,188.89731793204172,300.29873766990875,649
30575000,201.969724780924,347.0382703862136,649
30580000,163.57678151252136,310.8798296646229,649
30585000,168.87628823248716,296.477082353527,649
30590000,191.94324640705463,313.04688723009605,649
30595000,165.15972181450394,274.5039877217468,649
30600000,199.97093465723964,316.762366933343,649
30605000,197.71302152821573,316.1704186316674,649
30610000,238.50025893887425,330.2336664180406,649
30615000,175.64122380090456,282.0642843374248,649
30620000,177.03865356161802,296.4615344429072,649
30625000,183.76277065891227,381.5733375773414,649
30630000,145.27231883892597,329.05581322858274,649
30635000,209.09671037888882,350.2346861404043,649
30640000,144.44464938690453,301.43947676632223,649
30645000,183.31682330401608,284.13447997010456,649
30650000,181.99482815037865,265.1288683631546,649
30655000,176.35196510608483,323.01473151545747,649
30660000,203.68486083407876,315.86497266689514,649
30665000,160.32862465550386,338.3254863472655,649
30670000,216.69397823082312,316.9395818113492,649
30675000,201.1428596987635,233.59498434030564,649
30680000,199.53034472421388,297.4025558381272,649
30685000,157.7990796489216,226.33007621832755,649
30690000,186.1922383121032,322.0859653537936,649
30695000,170.65872070695954,237.21691254642732,649
30700000,155.3693927048217,275.99587646544416,649
30705000,212.62008735786523,319.25777672000055,649
30710000,186.42087818263727,298.9339568468455,649
30715000,164.26494420854272,311.15062001765403,648
30720000,204.31810244999957,238.1818873906171,648
30725000,198.10460699228597,300.0152369156682,648
30730000,194.75886873364738,366.11339589607223,648
30735000,165.9863018820493,320.1770633003609,648
30740000,201.98860333011567,305.3851576620819,648
30745000,182.41533999629996,303.96338268846245,648
30750000,194.0754288171614,250.27099314854416,648
30755000,180.71523137252348,287.07787048029064,648
30760000,252.14405143660767,262.7682797867187,648
30765000,197.23746303804188,302.6412020865346,648
30770000,188.1326644750664,305.5295536011411,648
30775000,181.34158949187736,335.9436098348625,648
30780000,170.70429982230024,292.60150818655325,648
30785000,218.0830807346062,297.41948842975876,648
30790000,186.663018040836,266.2088183672944,648
30795000,172.3473941110087,279.435880955436,648
30800000,160.57157539934227,378.77784322131197,648
30805000,197.20378558811464,321.0331109176672,648
30810000,201.5860227116087,343.80562663495016,648
30815000,199.83499164038074,289.19936394711044,648
30820000,209.54873292173556,308.64145071626643,648
30825000,171.98215003903144,321.5965298718107,648
30830000,213.00462182480402,249.84577117143715,648
30835000,177.3838145498385,311.8754587664312,648
30840000,215.56234196741278,322.45249019132694,648
30845000,197.6493954030591,370.19524553336606,648
30850000,182.06589346957088,291.04349931666866,648
30855000,199.29554455114976,248.72971461203903,648
30860000,164.48087071893096,295.85593067235897,648
30865000,174.30826263333665,264.277455295732,648
30870000,155.26994084971975,351.615126341696,648
30875000,206.8291557136799,302.93638214513356,648
30880000,171.94895060283997,312.23438539253306,648
30885000,176.50663957669803,305.208606201191,648
30890000,178.67585795768355,342.77282705136054,648
30895000,235.66708361001344,275.5138406631084,648
30900000,175.4860452085091,256.4875429842932,648
30905000,195.79858823677475,379.64749247269157,648
30910000,200.05733036135115,295.7178833830103,648
30915000,213.7030494882585,309.8253984844757,648
30920000,189.91186738961147,256.74693621347063,648
30925000,189.4482472851965,298.81319013805614,648
30930000,202.74217017340717,329.0718703810686,648
30935000,165.0981897481037,262.44135765206113,648
30940000,200.591472456207,336.8310865912997,648
30945000,238.30436177529936,334.1784755277846,648
30950000,185.26985953556454,299.8100911494473,648
30955000,177.34603963211987,280.92118251869016,648
30960000,197.192321708569,327.76566866725716,648
30965000,168.26195743427758,250.0604790899813,648
30970000,203.08962659482756,310.9203249806385,648
30975000,189.03533422562256,315.3372683044451,648
30980000,225.04868573131972,295.0941940732135,648
30985000,122.53538046586121,246.68776241091362,648
30990000,157.12640030778957,318.53293752498604,648
30995000,183.46036426857773,293.5329573296141,648
31000000,146.69945339512344,314.3589842470496,648
31005000,198.26371178375885,274.4588005998089,648
31010000,222.79161522833192,281.9481650261041,648
31015000,161.46822939445332,239.29165144127595,648
31020000,195.35685103992284,249.7031283655481,648
31025000,195.09743379657704,343.1370927261384,648
31030000,178.9117612462503,269.58042006433993,648
31035000,195.84277104574218,307.26260649722786,648
31040000,180.07079274687206,309.5038023706232,648
31045000,241.78188036456564,295.38163657196145,648
31050000,170.1511451770462,336.36457272509904,648
31055000,210.4780680063043,323.7130653574429,648
31060000,201.77596505214433,303.0201698277615,648
31065000,190.20478261444856,258.8652366303317,648
31070000,224.39433418510757,335.05387496533535,648
31075000,182.67307652826733,254.13603827788805,648
31080000,188.79540951537518,268.94863722914636,648
31085000,170.58704253114684,309.161905394453,648
31090000,201.74683142406855,246.74367803096337,648
31095000,200.22258438926272,318.34300489340205,648
31100000,172.44768385297456,320.5216201837426,648
31105000,180.22139370716945,284.62237186271574,648
31110000,194.6686799524818,328.9822954111552,648
31115000,202.7508406678381,302.7487646972736,647
31120000,168.34188184350157,276.0338306450791,647
31125000,209.41314244406317,263.9281646741184,647
31130000,198.33308152953944,295.94890509979876,647
31135000,182.42354416982587,316.9974166063765,647
31140000,178.68291902092594,307.48921467449117,647
31145000,183.60569649316693,314.3586193795396,647
31150000,169.4777422657734,308.94966424933693,647
31155000,179.44629385853966,288.77913761396707,647
31160000,185.23836264081535,257.083254979825,647
31165000,156.10378288346368,280.7608920620073,647
31170000,182.49146829706407,231.50918474180472,647
31175000,171.83647284634532,282.9522587405557,647
31180000,216.92170942914743,342.00294504849677,647
31185000,156.6065993711245,321.2451472739779,647
31190000,213.9310034892965,249.78516580779248,647
31195000,170.95281753024932,234.2426185155424,647
31200000,197.9591003506471,281.56397999310724,647
31205000,154.47251325020582,308.3737261982893,647
31210000,176.35636865054082,264.90703978270875,647
31215000,131.60504147772562,344.021144289299,647
31220000,194.78993165396062,336.8405504939227,647
31225000,194.1365960574344,369.0559449565365,647
31230000,185.95545787965537,281.4628109359472,647
31235000,218.9802706260073,282.5603760144506,647
31240000,223.89618466597375,335.24771340017503,647
31245000,180.90634829147854,345.6289963073271,647
31250000,167.94738721359852,361.71530194318996,647
31255000,191.57707343713258,307.2529285332179,647
31260000,170.23185072985294,314.54845089123694,647
31265000,194.95820606457644,300.8714812285885,647
31270000,228.37021552530229,310.34916356297526,647
31275000,177.41755657860585,384.8876919698181,647
31280000,174.2037288246296,274.20226976572417,647
31285000,175.5156182309824,340.5468524745793,647
31290000,201.09083126414964,312.58757400236783,647
31295000,178.19398199170624,308.8536415990585,647
31300000,223.38538964200524,313.94279254970866,647
31305000,148.5792128983406,302.17555108435846,647
31310000,226.73066280426883,282.4913060089485,647
31315000,216.1518194582771,332.39329968893236,647
31320000,228.349353870033,208.3542941978559,647
31325000,176.54947054910605,343.33116935993127,647
31330000,202.4267194466691,311.1987855439118,647
31335000,172.15286643128863,294.9327064950506,647
31340000,155.68522116570625,333.5258755503678,647
31345000,204.7313143184239,337.84553815403484,647
31350000,165.5881583103694,275.4646644377508,647
31355000,180.82541633864773,293.4620399079691,647
31360000,197.43262961357385,309.1780459601474,647
31365000,193.03015536858703,299.50960085134113,647
31370000,203.55573471716252,225.6848729047221,647
31375000,208.29751150411835,284.0934942381769,647
31380000,203.79162134857967,271.9422604641961,647
31385000,195.9004006781248,250.81444749069425,647
31390000,187.4118247041962,320.0682804262261,647
31395000,185.8511745143375,353.13950536142517,647
31400000,191.26925542805608,293.9799492871758,647
31405000,159.58826907078034,293.29436252446465,647
31410000,143.72745753540096,260.17255684305803,647
31415000,155.29287936350775,313.883488344572,647
31420000,146.0499819307024,344.1555710967954,647
31425000,210.79604529608497,308.50770119056244,647
31430000,207.88789760739832,258.543226191165,647
31435000,194.07148929301488,272.61989316263714,647
31440000,177.89076260763997,259.55243023804456,647
31445000,164.9872267266025,270.0548255601796,647
31450000,197.9543416938622,263.24823572224926,647
31455000,241.00717567774242,316.7168963850162,647
31460000,191.40213881372418,299.3854564388794,647
31465000,219.06638759381627,374.9609760427453,647
31470000,192.72948683673582,258.74058953247305,647
31475000,176.9895589047634,285.53896031208404,647
31480000,198.41141569303446,285.059463125902,647
31485000,182.86005177864143,253.0480114662107,647
31490000,197.04923583712412,308.59142436084676,647
31495000,204.8678527588055,271.6024394454361,647
31500000,176.3536099782994,278.9596930241725,647
31505000,194.37843305543328,220.45262235403658,647
31510000,213.8270261806766,375.81819594059067,647
31515000,208.0994719864191,295.5030458048766,647
31520000,210.94615813778813,272.794045734457,647
31525000,200.38766439038108,323.52676155297394,646
31530000,185.9206253756614,304.4138447885947,646
31535000,196.98357481009802,312.08799908306855,646
31540000,171.6996500905118,277.8852339198105,646
31545000,179.97139388283034,301.2229309418137,646
31550000,218.17461257175262,326.6039479383845,646
31555000,160.51219412051256,320.2516236316899,646
31560000,181.5115625404722,337.8772318598228,646
31565000,187.5710058591444,331.4783216126767,646
31570000,199.81442533324523,301.3803901310395,646
31575000,200.50258484822865,300.8549858809718,646
31580000,214.60707524777214,309.43009839571226,646
31585000,213.8851170450718,339.5889810759923,646
31590000,206.80226299708437,352.44085255094217,646
31595000,178.36952807036786,341.9998268027772,646
31600000,184.07043387374443,270.1233603642708,646
31605000,206.32320698878243,304.4858207640856,646
31610000,216.8601517196909,326.16112854057974,646
31615000,182.67565639535022,302.65458545112836,646
31620000,206.7460943919177,264.77600826298794,646
31625000,193.54974421864569,366.40234482824394,646
31630000,206.6713366412784,387.59594817623093,646
31635000,184.7536668455742,317.0676689585778,646
31640000,186.2537053759457,314.7091536599176,646
31645000,189.26279570390517,383.0494940929339,646
31650000,164.72044308605643,261.7541770616875,646
31655000,185.17583723247648,278.6964614365558,646
31660000,208.11840308311744,300.40440069803356,646
31665000,210.81226837487597,296.5922815032542,646
31670000,212.34698176666777,362.6390171233106,646
31675000,182.3547872812676,306.3181782357563,646
31680000,196.58408180229983,337.7432978376369,646
31685000,190.8742894601491,311.6272505856695,646
31690000,197.32359846458317,323.3150924815442,646
31695000,181.68419470216935,268.9045521393503,646
31700000,192.3170464566855,284.44077909098525,646
31705000,173.88842366036206,348.93337379348816,646
31710000,163.01938626428694,307.7492320947038,646
31715000,184.5418658536695,259.9413911680254,646
31720000,205.07725074717513,312.0582213779966,646
31725000,187.1081841387064,264.54454263334236,646
31730000,187.07078869207714,252.76185290207314,646
31735000,164.71552360063444,299.2651270248112,646
31740000,219.55023892556184,313.32313815221795,646
31745000,187.55586667160168,281.7851627172631,646
31750000,189.43512318806478,253.8521376246251,646
31755000,224.88367319443063,290.5427974772687,646
31760000,196.45031725151102,342.801582181262,646
31765000,165.92295168356463,319.37501771920887,646
31770000,146.69318801756398,291.42303796900507,646
31775000,165.8831386989878,272.55051181680506,646
31780000,203.54286823797725,362.7682192683405,646
31785000,203.27080068206624,264.50743512745396,646
31790000,184.63202053190102,282.9139682061881,646
31795000,165.55840726984712,271.16296364733057,646
31800000,176.1496825766124,335.72521358732934,646
31805000,201.08767773435642,317.41939174789457,646
31810000,218.81838899215532,333.06935304565826,646
31815000,164.4136156952673,315.5977425466643,646
31820000,168.29757382184928,284.352618271223,646
31825000,215.32097234991616,318.29558610214616,646
31830000,217.7618617510659,304.9786999787572,646
31835000,225.42114447889946,315.49059591430387,646
31840000,200.0220427562932,325.3704156411729,646
31845000,196.54323054831335,347.86254782473515,646
31850000,218.09985083068375,277.5829285869631,646
31855000,182.51564895054457,245.19984423563795,646
31860000,194.44076266281934,329.4941164175255,646
31865000,182.6059875782423,318.97366227712087,646
31870000,204.1516206922856,265.5618036243879,646
31875000,177.10147186946867,244.47251964530406,646
31880000,171.86639684254317,231.50997897417002,646
31885000,177.53389086481425,316.7279763617902,646
31890000,170.8773994770359,256.41174570394446,646
31895000,180.2190321207224,237.50932812517726,646
31900000,154.18739165117208,275.3576013489852,646
31905000,182.09304311475086,282.23658197757476,646
31910000,144.86636101738975,247.06260963934855,646
31915000,188.2542806551589,415.63829458284846,646
31920000,194.98515472501734,302.51684261089815,646
31925000,184.31502854296588,321.8466912907523,646
31930000,194.68881711034751,323.15773367534246,645
31935000,184.18248083149518,238.09616488132727,645
31940000,163.74489807705152,331.0479345759708,645
31945000,202.4028982539098,304.46551997618195,645
31950000,175.61520606202103,265.9697311145125,645
31955000,144.13589785362151,305.6177692459183,645
31960000,194.02855751690544,342.4935901989471,645
31965000,183.28922772304324,290.5887004746692,645
31970000,184.5180219081698,345.18080646123514,645
31975000,219.83418951909616,285.36077078317567,645
31980000,148.81041140666315,240.0433202412003,645
31985000,183.04440824983425,249.01806528416924,645
31990000,164.39682203728623,250.73913565383364,645
31995000,176.35077226364,224.0449438487882,645
32000000,178.69579142068247,321.83579637319707,645
32005000,159.53266659776898,274.51517506636003,645
32010000,209.6712771690277,295.03930880562166,645
32015000,170.69109621464642,284.1984186507219,645
32020000,202.98760909121256,352.0017417961883,645
32025000,182.42850795043944,259.0210823162334,645
32030000,185.96988158932612,267.8471764122295,645
32035000,187.5984471697545,321.0709400468435,645
32040000,190.10870335104994,231.30832912624572,645
32045000,169.48294282279096,278.8455948187928,645
32050000,199.80161336503522,286.3163349667132,645
32055000,199.97656736367196,326.5668964997616,645
32060000,173.2372388854358,366.48545968810345,645
32065000,155.4551665321365,264.5762141302308,645
32070000,201.81415132171722,314.3372698136226,645
32075000,183.52209735171323,304.62641930682116,645
32080000,193.3901987692226,345.92045550239396,645
32085000,199.0085661012581,270.53029496648503,645
32090000,208.90561122746715,276.8576115169422,645
32095000,196.92440724236087,259.8578913685372,645
32100000,168.23718972738772,352.31856615694335,645
32105000,153.03471025734802,344.2276497162682,645
32110000,189.83242102716764,285.8154832599923,645
32115000,165.8716242370843,295.1674003403399,645
32120000,198.38034137468776,327.32648723608384,645
32125000,200.21870846219022,344.6937003664489,645
32130000,160.87642480333477,302.7920831722211,645
32135000,159.70091854169198,375.1356427384143,645
32140000,191.7972371696899,317.0549426458999,645
32145000,175.09988739707364,270.34261327795286,645
32150000,205.5437532668777,296.44899045289503,645
32155000,189.84055356659218,299.1912081210075,645
32160000,180.5405868696007,298.3250767749555,645
32165000,214.22243400958567,320.2412263165426,645
32170000,202.62416347589087,270.158534625731,645
32175000,197.1459895832775,288.90690771550965,645
32180000,231.93326058905876,302.2426636181083,645
32185000,187.805457027923,328.9473454500523,645
32190000,169.94081733262448,282.4730074433476,645
32195000,194.6438135643305,389.6663495582875,645
32200000,169.29446383488906,289.7623723930276,645
32205000,199.21625284221176,359.89549554304904,645
32210000,166.3156557428562,286.90274752236513,645
32215000,163.4112229098502,333.9349989053494,645
32220000,209.71107859097083,326.3876909334303,645
32225000,192.54644622342303,273.9259792246828,645
32230000,163.4079770268439,281.8584659503813,645
32235000,158.51754735853697,299.26786674893947,645
32240000,224.68340794506037,358.1449655203232,645
32245000,196.05568833468018,270.1000264922509,645
32250000,172.71711725878953,368.6195290995033,645
32255000,191.70590203752363,314.3313514117073,645
32260000,222.30768241270772,314.25593992645577,645
32265000,194.8512374788269,336.6343006018379,645
32270000,206.49661844726998,358.00818310337695,645
32275000,191.66118759089596,339.33845753024497,645
32280000,179.6122566791738,277.0104623775551,645
32285000,200.57879045876876,301.6934261304903,645
32290000,153.0616662781836,247.3807394941749,645
32295000,226.54059228758862,277.02986695510504,645
32300000,157.98549258742435,283.5814085201658,645
32305000,176.77202612574357,303.2638455670863,645
32310000,143.95337601278158,339.4125795943676,645
32315000,218.19843751493173,285.47894332570075,645
32320000,161.80987665082304,327.86522375905577,645
32325000,180.11792866061865,355.2239341996928,645
32330000,176.1010563102008,207.54926618580677,645
32335000,171.44154763613744,315.75923423196133,645
32340000,178.95627747992057,291.3599025612134,645
32345000,190.87272939074623,371.5510393789883,645
32350000,172.5821845986519,288.35449287718285,645
32355000,170.69912514191083,301.89033384114407,645
32360000,177.76902789667847,264.601879503811,645
32365000,174.56890872645866,335.57908792785287,645
32370000,192.48214546687498,314.8193881131988,645
32375000,207.52093260326723,301.35544035684643,644
32380000,174.13208293005135,280.100348883205,644
32385000,189.1121256442074,264.30974493301295,644
32390000,212.45893338971433,348.55246904713414,644
32395000,186.00260040841005,298.0364159526769,644
32400000,187.46989967745577,353.1771533900119,644
32405000,201.84485017394465,270.42768539827944,644
32410000,161.73640039665023,342.81367423172486,644
32415000,166.96877428814335,333.7526670599607,644
32420000,197.0136671822789,292.7977662674858,644
32425000,202.6912779889456,274.2269568498356,644
32430000,212.48853384082045,255.01933906804487,644
32435000,167.2250874875501,293.67344668041807,644
32440000,206.86564760278162,337.01842153860036,644
32445000,220.7776500037446,294.11060727668143,644
32450000,215.85866317489058,299.7368015859493,644
32455000,158.6523815154231,247.79140635873094,644
32460000,202.73920552374582,283.31613245861115,644
32465000,190.02276071383704,305.6124696623624,644
32470000,192.5627265196058,273.4630374693992,644
32475000,201.25775829793196,283.1275924810113,644
32480000,188.5705236014837,340.88771804284687,644
32485000,195.07687690836767,300.49839410031973,644
32490000,171.29717799228285,252.82007551218433,644
32495000,188.39331140084454,301.5267717659615,644
32500000,186.11218939524446,305.509480117604,644
32505000,185.51376721614045,257.7868316458836,644
32510000,199.93660149192357,322.782438112822,644
32515000,156.8068130044278,288.51195486282455,644
32520000,159.68495217667103,276.97468298755587,644
32525000,189.90511361516445,274.4674037898603,644
32530000,198.13693500842487,305.0893981206791,644
32535000,195.34614005179384,286.48530986135535,644
32540000,159.38684391282544,298.93666229243183,644
32545000,187.30254160096436,260.74701035042784,644
32550000,186.96304971499455,378.33459990939673,644
32555000,197.5201350018828,288.1583744961827,644
32560000,184.4490068790976,288.91277171094094,644
32565000,205.6546432851551,266.1112356097002,644
32570000,185.85457798947593,296.4180086469717,644
32575000,194.08033046703596,265.8476596720578,644
32580000,159.05975599928502,295.8458874152084,644
32585000,145.57936080116053,297.6979848241374,644
32590000,189.40365206996816,241.84945975514856,644
32595000,181.4592876149776,300.7902236563164,644
32600000,174.71918867764117,299.95288867194967,644
32605000,181.84742073852098,310.65276347412316,644
32610000,162.9515756585272,304.7575704616109,644
32615000,187.24190849933245,303.1065105762574,644
32620000,174.8144195478284,321.69971689059713,644
32625000,220.16491048394855,318.5477761059787,644
32630000,195.6658553687393,247.72629506997706,644
32635000,224.0194763330189,266.68211382432156,644
32640000,189.81874860397707,254.0335826357293,644
32645000,267.69352606736214,342.24288131991216,644
32650000,174.0628372260055,370.4608765279258,644
32655000,203.43193162320281,324.8493867429118,644
32660000,192.5734642378829,265.98699157231584,644
32665000,200.5424142097077,271.7809092314368,644
32670000,172.14949327982404,309.7836200157613,644
32675000,183.33567422742934,336.4387217727862,644
32680000,176.9325487619568,374.8673799235475,644
32685000,214.71300315222098,382.96256350892475,644
32690000,188.67706322970196,310.7700461683665,644
32695000,173.82698563173494,315.5956749615565,644
32700000,177.11924614384145,266.4811272952609,644
32705000,176.65335384362018,284.5793397600337,644
32710000,212.03455899059213,275.7157484320914,644
32715000,174.00826747457944,354.2798196775824,644
32720000,185.20075831974646,343.10609092043103,644
32725000,187.13539320450113,346.7180968440653,644
32730000,219.73329718729633,222.4903123803957,644
32735000,163.0443235896067,271.1770591000075,644
32740000,194.5723588476909,314.6336454370196,644
32745000,174.8482646050676,266.4753069721518,644
32750000,213.3215973754521,368.65736978578855,644
32755000,167.8867714396613,317.879235820676,644
32760000,200.4235662787149,407.6868724065604,644
32765000,225.02712314976145,360.3941302654847,644
32770000,199.029623444089,315.4313711224749,644
32775000,211.87672447365523,316.7530913210069,644
32780000,154.80692654228275,281.38540480197776,644
32785000,172.21116603366542,346.4266529731879,644
32790000,151.55342081812356,324.72451574843495,644
32795000,195.20882221289668,300.0444223195308,644
32800000,179.8760646342054,290.038741198841,643
32805000,162.11108689764168,337.80871011255886,643
32810000,219.83206905286448,278.07515789527656,643
32815000,162.24900084339652,315.7054414832379,643
32820000,196.44248293087023,256.96940505230486,643
32825000,170.96477744820314,264.0674567241979,643
32830000,194.1663446062031,314.4922305402741,643
32835000,208.0323139009736,277.011732803661,643
32840000,199.6111892510728,251.61371170076512,643
32845000,184.5273169927865,309.5038399961707,643
32850000,166.68985021264825,269.33478958121674,643
32855000,163.3922834325876,310.07191100432885,643
32860000,170.80214343960486,345.4386666332683,643
32865000,218.28630622747602,288.6337463737056,643
32870000,186.00615896714385,291.5921051365271,643
32875000,190.2504396600412,326.4916764620937,643
32880000,161.03826002090008,307.48647534053805,643
32885000,180.40918959026487,277.560340851652,643
32890000,181.3020321228298,328.6881020106231,643
32895000,175.24666658272648,299.65844970555713,643
32900000,196.59236628210667,283.4106685102534,643
32905000,151.0056434031352,246.21247353750528,643
32910000,209.2952108877842,295.43777734535325,643
32915000,184.35070901984062,314.3516457823199,643
32920000,223.98205533337799,345.6840721411576,643
32925000,167.12523638890835,334.01189847324093,643
32930000,187.95814946766473,292.9479675683007,643
32935000,234.27214149062218,256.85378405163857,643
32940000,199.30420661689328,264.2855138080147,643
32945000,177.46605366711984,312.49044954130807,643
32950000,174.59243055192871,304.5412955792871,643
32955000,191.93284556353262,316.73029104513404,643
32960000,210.62533244817504,361.9460861832645,643
32965000,183.71626103252976,303.8461882122179,643
32970000,186.66070495530008,264.1282606789467,643
32975000,207.8316104560647,283.94413443833065,643
32980000,166.27653450683025,243.73064559621488,643
32985000,199.39743478745638,313.933409468338,643
32990000,183.0266874726101,231.16344519250987,643
32995000,189.35865874758,253.18313074144228,643
33000000,145.578864384717,326.00482129389434,643
33005000,180.5755006861517,348.8246002374923,643
33010000,179.96288210284857,314.2464830854614,643
33015000,176.1727928799412,270.9383766682477,643
33020000,181.13689563658434,284.3026407758574,643
33025000,174.84614771909446,262.4352802052014,643
33030000,184.5844000119361,351.4400122925591,643
33035000,219.23176772215788,311.2410378635359,643
33040000,165.515125819945,283.20796131144454,643
33045000,220.59095774141332,346.6586805213307,643
33050000,195.95901276659964,227.965124345531,643
33055000,226.86835410093414,300.5713671628287,643
33060000,188.82643351959734,330.72548140000504,643
33065000,179.36273257082738,326.5342420212912,643
33070000,171.79057463405528,331.66588736519486,643
33075000,164.56622218100196,230.39184684716383,643
33080000,155.96329850985973,271.60277933918843,643
33085000,167.19274890063923,368.56585811415044,643
33090000,208.25201436721133,384.8832882705066,643
33095000,194.57601383303285,386.0022127301518,643
33100000,205.89337976043083,306.1136035498316,643
33105000,190.49451276901908,264.1911735339967,643
33110000,183.50843183525038,292.41490572217765,643
33115000,192.1367456561264,275.3073278164351,643
33120000,202.5006652178898,324.0764296603294,643
33125000,205.21090528379392,263.40182762956124,643
33130000,193.82653551327917,265.6046869036395,643
33135000,181.37370979022984,353.09799355333956,643
33140000,203.14651816493338,281.89552046342874,643
33145000,218.37244894999355,260.3428836292886,643
33150000,207.69261307273237,321.2794470761441,643
33155000,172.824087478846,242.40720965659142,643
33160000,187.73121358829053,248.58265011660353,643
33165000,215.02621019592158,276.47125745185855,643
33170000,206.02745452996592,302.8956388073395,643
33175000,210.550511682776,297.2848093765276,643
33180000,199.94133959624645,274.25473465177504,643
33185000,190.90756072031132,303.05721908615243,643
33190000,185.90986082968686,302.13688526137827,643
33195000,221.61688496691886,322.1980127162198,643
33200000,187.53725575414234,317.1034535248802,643
33205000,214.30555667877988,305.8235494449128,643
33210000,214.04696792111275,270.9767388925291,643
33215000,219.46475750817828,354.8278599748072,643
33220000,177.71851563062322,223.67491753348895,643
33225000,206.16070276477816,309.62835809861616,643
33230000,163.61570669663115,308.8693687951316,643
33235000,191.7897578585771,322.3518170545869,643
33240000,212.0394654298611,323.7758608024467,643
33245000,168.07014085806077,281.6074206358079,643
33250000,187.19640821333286,241.40412554523354,643
33255000,181.17447830936385,243.9926777065278,643
33260000,189.71417924655668,353.3790099916138,643
33265000,172.8020135524202,285.7869046393307,643
33270000,199.46333652582976,298.3561945233975,643
33275000,216.977333736418,268.93611371136126,643
33280000,182.73680626225254,315.45326741946707,643
33285000,183.6480204869322,290.8754362771537,643
33290000,201.1259240603387,279.83683717316626,643
33295000,199.3751399086961,293.0683632935046,642
33300000,189.4072267645502,297.28904113423545,642
33305000,178.7632612573373,234.62904686738557,642
33310000,193.1674682746343,279.6744826528488,642
33315000,205.23206718614367,304.4310273464074,642
33320000,190.09291139022363,285.6569503690543,642
33325000,166.57035360845953,300.1162903700278,642
33330000,155.14448873864194,291.71736328964624,642
33335000,181.6790332071471,298.0368421544269,642
33340000,172.82413353197146,321.9793892288163,642
33345000,205.43348967219643,282.7040598288857,642
33350000,186.19848009477374,334.3007624015714,642
33355000,194.36653302972016,286.6287318921214,642
33360000,195.16087569586603,289.70644544427233,642
33365000,173.09737304250723,249.53668964497334,642
33370000,192.47478046515417,345.3335265337912,642
33375000,185.3929009658738,320.66961114518784,642
33380000,219.14218769596678,308.6324583915462,642
33385000,146.83043935045413,284.5290439956099,642
33390000,138.57530213552425,319.1580515378249,642
33395000,166.30116156792187,284.13115140987685,642
33400000,165.63155104330502,279.81276264729115,642
33405000,198.83147964250335,295.62325931605335,642
33410000,194.2641712590702,343.8063306802512,642
33415000,170.97009248810895,274.5450834780061,642
33420000,227.6516112386687,337.4456430729019,642
33425000,222.44510026285118,306.93866116901614,642
33430000,205.42435651298462,266.0739597628326,642
33435000,188.7685490956602,255.54058521560796,642
33440000,176.9443741888874,321.56165066278606,642
33445000,148.13053099064135,252.57913856381325,642
33450000,200.473377174407,300.6422243020958,642
33455000,185.42228323399019,300.8475536263861,642
33460000,191.51877323145328,336.58752908344326,642
33465000,180.4743295178497,372.78523414369306,642
33470000,195.2715830749407,349.1613396083326,642
33475000,176.34805115413906,245.48805016124103,642
33480000,188.7029743105742,304.77485962064,642
33485000,228.96810388825963,335.09161635782,642
33490000,216.37838566707734,253.9768715700449,642
33495000,202.1676582191119,349.24883605007324,642
33500000,201.9262524121036,317.4260767993271,642
33505000,237.8809424630251,253.63915685240485,642
33510000,184.41911456546217,333.7174316134551,642
33515000,164.11202493421212,289.71652932380846,642
33520000,190.61298512973477,314.8577857646832,642
33525000,190.18710945107006,321.18909347560657,642
33530000,181.23345287714596,313.3979849495198,642
33535000,167.78264050672294,345.80733898690494,642
33540000,197.54069636048487,304.2820474020495,642
33545000,218.95227659305093,272.6890545095004,642
33550000,199.90927768926764,292.3919670118435,642
33555000,187.98710787434655,351.30459216117305,642
33560000,199.13690132828913,234.46968526014209,642
33565000,176.60743007164353,246.1865690460514,642
33570000,197.13177071124338,268.99834886977817,642
33575000,181.77565821977302,341.12282494551965,642
33580000,185.27897213999836,260.30970715696947,642
33585000,214.28431801260888,339.36864443800516,642
33590000,211.71257128444412,276.7012720296129,642
33595000,188.4515921424347,309.6331050642766,642
33600000,186.60812686263057,352.1347786337624,642
33605000,185.33755637384405,282.0896309637183,642
33610000,181.93699144827397,279.96892882660126,642
33615000,202.41300875253566,282.2757583688727,642
33620000,212.48172793344045,295.0419538690368,642
33625000,193.30996581978408,295.9163547801833,642
33630000,164.2580650479354,299.57618526327576,642
33635000,251.3903616789477,325.35006520629213,642
33640000,179.0027425028729,299.3050909937945,642
33645000,199.48259007964313,283.14166863332235,642
33650000,217.93615646252002,360.0955352175383,642
33655000,173.70527921961747,281.1330965154932,642
33660000,193.6019406037306,283.06592414745154,642
33665000,219.70133707070875,284.10708758878144,642
33670000,227.52689856275003,264.782219192697,642
33675000,206.63218597029982,329.80169455925375,642
33680000,161.91086572743188,233.81837959757988,642
33685000,157.04412030396017,317.38660169505954,642
33690000,167.24378888138446,264.7730671842593,642
33695000,203.13473856372806,264.5199725721333,642
33700000,185.95539187898692,336.81429543063297,642
33705000,164.14586468528162,268.80849145688865,642
33710000,180.8477389035435,271.81438833657637,642
33715000,196.77327957728167,243.81351580716915,642
33720000,168.13325669888545,278.53713200235717,642
33725000,203.9679579487775,327.21852029602485,642
33730000,220.63483582342533,283.87651981622986,642
33735000,186.57734848263027,311.5330535392617,642
33740000,199.83653412980988,303.6002786111626,642
33745000,187.8070601984633,309.5950620621817,642
33750000,184.1679636222127,291.87548188017035,642
33755000,169.82406456178472,302.2400043827104,642
33760000,205.10702582525772,313.90467604839426,642
33765000,191.19247011248947,306.1343696807717,641
33770000,187.3093123522953,284.66662901924906,641
33775000,185.95756407109732,238.67993866297428,641
33780000,207.19948129506298,338.7119014089742,641
33785000,181.32750810973576,275.32070843416477,641
33790000,185.6890244306984,346.98318014423296,641
33795000,257.70684232988503,381.280531797214,641
33800000,185.73863631489192,257.42073511949616,641
33805000,205.88204921505528,312.74062942742086,641
33810000,214.98493203657532,308.3660579376576,641
33815000,216.50442969095585,275.97579739406495,641
33820000,174.91590880685638,246.31335050647567,641
33825000,187.00191475171837,322.00558774517964,641
33830000,203.10086830569745,336.60012568664837,641
33835000,196.358428840267,255.01539700821507,641
33840000,194.99230975367823,328.5878623132903,641
33845000,164.23220183439415,290.5077868839774,641
33850000,175.85212342314324,245.63140975135374,641
33855000,170.140719459615,324.5005147426702,641
33860000,210.42950889058255,253.47467572054495,641
33865000,176.320114673471,257.2334435440547,641
33870000,138.9386724039499,294.3738689807774,641
33875000,175.63802282762072,353.10123936016214,641
33880000,184.7343625166376,325.78075855270043,641
33885000,192.55260812037676,292.5282316247154,641
33890000,151.13702056017505,291.2931297823263,641
33895000,179.4490255912623,313.2413868653911,641
33900000,172.97471296452082,293.5885126729176,641
33905000,177.6546710334533,349.8792873391615,641
33910000,203.0949345267265,254.90762314206123,641
33915000,172.46666901207385,247.33023984439922,641
33920000,163.49648633932526,317.473812340329,641
33925000,183.5758352976008,325.34665111935254,641
33930000,178.955679620542,298.48150107930803,641
33935000,180.7882235985371,289.24527057081764,641
33940000,193.68884269580246,298.6617332990397,641
33945000,178.30006499107645,275.97599025398347,641
33950000,201.79335692415015,368.87159865361843,641
33955000,206.46369282358447,296.8272410057536,641
33960000,215.66757317464965,311.22554860510945,641
33965000,161.51636885301465,287.07671787466955,641
33970000,200.5375962545608,284.6437387682875,641
33975000,196.30165885111956,315.3435092473791,641
33980000,193.98042197770127,322.96174493278704,641
33985000,207.5366231864138,349.61355154071765,641
33990000,177.62174078916945,329.5966227734221,641
33995000,154.12133655081604,264.23883351657963,641
34000000,167.08221384781694,304.7540836031846,641
34005000,195.58535130395612,283.29227870636737,641
34010000,199.10407180942585,272.51981618073455,641
34015000,227.3082682535346,238.8745330428765,641
34020000,194.92842628046267,301.5800604794,641
34025000,191.16862757448422,255.05366431480164,641
34030000,201.9317940327146,264.4120994742406,641
34035000,197.2716839471646,264.70285553775284,641
34040000,168.71130216672822,242.6471146179652,641
34045000,192.1993246512289,299.44294913304566,641
34050000,153.51888842130134,253.8843805027167,641
34055000,192.38410572293924,232.2501785229242,641
34060000,178.71312442037558,297.9943098574097,641
34065000,177.7582833400564,303.54589517801173,641
34070000,158.07276985651706,281.1217847904178,641
34075000,182.4183166509155,295.03560958875386,641
34080000,181.5593979543117,272.8299375672246,641
34085000,173.1337766962015,307.6781416958601,641
34090000,189.08182024823594,351.5529275752508,641
34095000,181.98480381449883,259.8124965033376,641
34100000,191.1918940329869,263.05141721356927,641
34105000,201.86361693132952,298.9087569723714,641
34110000,170.09174461152853,265.31443021449115,641
34115000,162.35533028084512,248.596116644926,641
34120000,188.80120738622284,296.0168649819284,641
34125000,192.3567963596301,334.50822220997907,641
34130000,192.4642433274229,287.744528060921,641
34135000,186.3368395396121,356.2479502757824,641
34140000,162.76106437037095,296.8042952997893,641
34145000,180.61424400559034,309.8348465138316,641
34150000,209.3022324810488,353.95968219763324,641
34155000,193.80908319620272,309.1098240194193,641
34160000,204.20453503751432,316.76231290971333,641
34165000,185.47330737429002,334.031073384335,641
34170000,182.43938887531144,321.93019174553734,641
34175000,208.96361238910896,353.4220043914513,641
34180000,188.2573395962782,351.4892614623516,641
34185000,158.93867580904742,281.73197445143336,641
34190000,186.7387448939869,234.36600891135419,641
34195000,161.56498278086218,260.5215505625784,641
34200000,167.49228093243744,306.65336295532745,641
34205000,202.8660469751266,300.3220910730141,641
34210000,225.97559310174842,266.2907960729227,641
34215000,194.80597963083662,317.04048452207854,641
34220000,215.89690831401822,314.27887248620823,640
34225000,200.5880446684756,341.2754623743764,640
34230000,204.68423192560763,291.051293581762,640
34235000,163.45418496428658,324.2662581072529,640
34240000,183.9950539386968,307.57634412330395,640
34245000,177.90482909950617,238.63803565830733,640
34250000,148.26859580998865,273.8629795056533,640
34255000,157.87837497723345,254.068450302525,640
34260000,178.0061254916164,327.26039618802406,640
34265000,209.42160481327144,291.6225773512498,640
34270000,158.5419591913753,271.1639202062705,640
34275000,221.90391451681725,278.36496200999744,640
34280000,218.61801959891613,326.89771395316774,640
34285000,193.4558750798986,277.1236532098159,640
34290000,206.5540881413978,289.16545791362887,640
34295000,201.4283445438554,295.8151077064558,640
34300000,231.33333199980757,352.66492571687746,640
34305000,198.41753387233268,270.8720305256047,640
34310000,211.4229538201314,359.9894975944303,640
34315000,165.2611686252965,292.55701026241275,640
34320000,210.18774343752418,226.98715165381716,640
34325000,156.33989712052457,266.1296238609173,640
34330000,166.98185676033754,254.84879833803643,640
34335000,163.53156449585404,294.9944835709268,640
34340000,162.38224216314148,285.4682830464482,640
34345000,146.91351424167675,266.89961728411475,640
34350000,156.94989463779402,311.7691227114889,640
34355000,192.1562205807931,232.73042668343834,640
34360000,189.75870310391844,335.227901586561,640
34365000,198.8974939052777,253.51115582456546,640
34370000,208.94131637015516,301.96018322010826,640
34375000,214.6907807381716,270.8330095278633,640
34380000,164.636414780867,289.2199408197047,640
34385000,168.2991230574087,360.4407248159951,640
34390000,203.01209394688675,321.9353706060675,640
34395000,165.01581496299113,309.6220914827794,640
34400000,163.1677919866685,255.1863698716501,640
34405000,152.86509202335492,372.20333650450715,640
34410000,233.99832339709587,309.7164790889992,640
34415000,169.9338358494043,229.7239341158112,640
34420000,173.94802978464193,244.93806066386634,640
34425000,193.19004969616395,316.34767878822163,640
34430000,199.61489058721537,227.41405954995716,640
34435000,195.91579553986784,297.7657009115256,640
34440000,192.14758731223935,234.11208275851854,640
34445000,158.69084930209678,262.490172200821,640
34450000,166.81082711457196,354.3734367525913,640
34455000,182.39152145475072,308.10817457458654,640
34460000,174.80876506333362,267.01754331384643,640
34465000,176.17291610603075,312.01713477545485,640
34470000,195.80551069267054,305.3504992401133,640
34475000,207.86166904006356,265.86296727896524,640
34480000,178.28131415178444,279.102604728305,640
34485000,174.96262625362365,295.50093502242197,640
34490000,201.6259542242716,276.57280596925614,640
34495000,185.807691873026,327.0639938244618,640
34500000,173.06755274019633,297.61460913287783,640
34505000,204.74990346055924,309.8462631765656,640
34510000,192.87440440185932,291.42480785981303,640
34515000,166.27539460804186,302.98222921665797,640
34520000,206.78833750662153,311.68445143846753,640
34525000,195.37875497290355,291.7434835295717,640
34530000,195.94244306561666,337.5441134314333,640
34535000,218.2412691461013,312.96045205745656,640
34540000,185.14220804608158,264.38591772255785,640
34545000,209.07929742004595,306.3018986748766,640
34550000,197.96118406247163,316.974902018853,640
34555000,161.1209501076287,307.0278167963163,640
34560000,233.44662138341397,344.23723286730285,640
34565000,162.55052018991043,376.7523845866945,640
34570000,167.97212051903998,332.84282506695973,640
34575000,237.1056958005033,357.2899646395529,640
34580000,232.6758446358739,295.1516360708925,640
34585000,185.641448658165,336.65784907077614,640
34590000,152.70602571824384,274.28662910667725,640
34595000,208.09568805947524,331.9690310404116,640
34600000,193.33874718250223,337.05039086668876,640
34605000,219.88726456933583,344.7883953872865,640
34610000,188.1780885416261,305.52553486839514,640
34615000,175.62622113834254,290.44776903666275,640
34620000,154.5097668727108,326.37128204780316,640
34625000,178.91910027465914,349.17407862643563,640
34630000,190.29151049570945,276.8169655060024,640
34635000,188.42035772354882,299.90187552811506,640
34640000,175.66217869575405,331.52077986706394,640
34645000,192.19007118192195,300.3257494318513,640
34650000,185.06884417155328,312.6955621877299,640
34655000,163.67031859664513,285.59738823689077,640
34660000,198.27960445587598,312.91481349986634,640
34665000,212.19616832131894,309.9607964467044,640
34670000,199.64034308566198,301.82702384305594,640
34675000,162.11492610693375,264.1676573736266,640
34680000,197.86960985833358,287.52753272583743,640
34685000,194.87029439694305,409.98216649540166,640
34690000,146.4736168186179,256.31785732858106,640
34695000,194.66604461262088,242.56624887820433,639
34700000,148.76248349084352,339.4607681592959,639
34705000,180.14054237278845,280.56992682108853,639
34710000,182.14334384658792,302.80962763979244,639
34715000,168.78887662210877,228.274404859969,639
34720000,213.05166740088234,341.8467922391718,639
34725000,162.30162157045507,326.0410842901217,639
34730000,180.9559205692134,245.3827355382331,639
34735000,197.5986476187214,292.8682974474743,639
34740000,214.65781436519688,331.5089175827225,639
34745000,178.38636494516072,342.2225070734723,639
34750000,235.0493777579337,401.55771571259277,639
34755000,200.4647311173402,306.09669362449705,639
34760000,178.8609064966816,374.53526192747916,639
34765000,178.08700349890387,258.1901134785069,639
34770000,172.08794363363214,250.0614123316987,639
34775000,254.337217496274,262.75275626832206,639
34780000,203.7021583245565,256.2797526629224,639
34785000,175.16269882408884,365.7832834226714,639
34790000,163.44295484260599,248.08279099880977,639
34795000,207.4878554157311,363.445330116825,639
34800000,181.2948561461066,269.5661554549221,639
34805000,158.43947156684425,297.14340056639855,639
34810000,190.66386134400352,376.3913885812028,639
34815000,217.62145217977917,341.0773039847712,639
34820000,206.04919496261408,313.2678745543429,639
34825000,186.68717038377096,326.45856194781726,639
34830000,185.3537310838005,317.25800728712346,639
34835000,220.36526770355366,377.0547202240385,639
34840000,164.36544459305236,296.91771195287686,639
34845000,149.92476066332367,295.55229354522106,639
34850000,166.92040664241807,276.8802808384785,639
34855000,203.32962610821053,236.37557152012099,639
34860000,175.06296250112217,321.9277500837134,639
34865000,182.78574246870605,318.63825390726134,639
34870000,198.1393857879103,298.8122824720854,639
34875000,197.94884280856988,346.9994042378518,639
34880000,211.73289841279038,274.78291552971154,639
34885000,182.1135476877735,294.9515188875144,639
34890000,203.14930243321368,259.8769864242638,639
34895000,172.52800591275405,289.67487636208807,639
34900000,148.1222879220227,289.9499149061591,639
34905000,186.8275739551714,307.29041486695166,639
34910000,181.78682129347067,295.82763393818834,639
34915000,200.63099327315652,262.7013667922555,639
34920000,217.55438562468441,356.7412003962864,639
34925000,175.47724479829964,301.986841988253,639
34930000,210.43103658424747,270.83970615025873,639
34935000,179.5776630439395,334.6203370652354,639
34940000,193.29956435110665,320.4497084867254,639
34945000,189.51135719569353,313.8928276841498,639
34950000,203.2630834970179,314.66363152490146,639
34955000,186.42578240178497,308.5403595565537,639
34960000,193.9699581788285,289.70009718299934,639
34965000,210.42127259177136,284.28583805363286,639
34970000,219.1019568382334,280.66695067962934,639
34975000,183.33889761750808,316.7348632650755,639
34980000,161.36021419569113,238.71676535361885,639
34985000,183.5471876761662,354.9330044615142,639
34990000,147.9628332216936,270.3517855626361,639
34995000,186.30488531472596,353.0552812247768,639
35000000,213.86521221806217,240.05352810049675,639
35005000,191.53327155621446,283.5915788961589,639
35010000,155.79497484200766,299.13356968087203,639
35015000,178.48252853858924,295.99357373880827,639
35020000,175.30397055986458,275.8692146546689,639
35025000,154.27446864709253,398.62328347395936,639
35030000,193.79373644598692,336.1924067335233,639
35035000,170.64800007524784,240.69220668442526,639
35040000,204.1690574304015,350.3033525687008,639
35045000,178.7867028473501,286.76652855939807,639
35050000,167.76539951490656,324.3533059529734,639
35055000,159.58004942413407,331.0851481914875,639
35060000,200.74160594129035,296.0504969376535,639
35065000,173.81070830231607,359.3021003401962,639
35070000,158.33183392693496,296.86620940378316,639
35075000,161.75739507447025,232.6793270275044,639
35080000,225.8087365303209,252.28934750837135,639
35085000,187.42109553569964,299.25825187198296,639
35090000,152.21384641519185,249.4800316068977,639
35095000,188.02814602460788,301.9580181702372,639
35100000,221.74149806112325,326.6741274129586,639
35105000,193.4008516432073,301.3528222888813,639
35110000,184.76469428675998,315.5180044214133,639
35115000,178.44938258988688,283.46441262675125,639
35120000,169.3715979438719,288.0851407049212,639
35125000,207.45621545097012,289.57882002798846,639
35130000,215.6929752689953,274.0190402981601,639
35135000,217.2687836324897,271.1361169506769,639
35140000,196.15153608507822,281.1644360098648,639
35145000,178.03663430843082,345.987707658554,639
35150000,193.09241866004876,224.4440562553124,639
35155000,186.322173262724,385.34227475558697,639
35160000,184.65292533142096,288.0142325387428,639
35165000,168.59303551713282,286.5648525660648,639
35170000,200.23886144140297,297.06839504344487,639
35175000,204.76530281091868,302.75783554588224,639
35180000,209.8456994545357,291.56083224836385,639
35185000,217.4746356180164,329.3369870033934,639
35190000,180.67314792072486,313.38792485590847,639
35195000,203.6845740520025,293.3493053439574,638
35200000,203.94495446017962,314.53714494905466,638
35205000,195.2267269353004,267.7498572239889,638
35210000,196.23593029726447,284.2268034268483,638
35215000,203.02454378929625,295.61170995272556,638
35220000,215.7609027735685,265.5632625369551,638
35225000,199.49850458338074,318.236200876166,638
35230000,162.16486177445694,283.98992338376524,638
35235000,143.46497059861179,321.3181824793698,638
35240000,177.56487452974238,281.28684500934685,638
35245000,198.51001013464062,339.9379760963381,638
35250000,193.42355784553743,296.93502174232276,638
35255000,167.93153722668595,282.20613665213006,638
35260000,192.66334964416495,241.98630926828608,638
35265000,198.4874421631128,325.7982133372262,638
35270000,178.17169834526828,236.74148513865774,638
35275000,190.52488834392173,243.23229296937424,638
35280000,222.43481860337351,355.27923749664626,638
35285000,194.99946836078075,344.7755099498624,638
35290000,171.7980172920531,252.72232312854808,638
35295000,223.21839600148377,311.33443877204735,638
35300000,161.9276275193541,300.9029281713627,638
35305000,209.15818544514332,302.7804005402442,638
35310000,194.84826383836753,268.9191258662746,638
35315000,210.89064218934567,311.2808960175501,638
35320000,185.1688031950433,364.866247715522,638
35325000,232.14010803312047,277.802660741665,638
35330000,178.7033994845015,320.14209450477665,638
35335000,205.24313386502715,332.18832178947247,638
35340000,222.32949357652907,316.95186779352787,638
35345000,133.3528034834393,276.5730408907743,638
35350000,213.9541197611222,302.0157023603264,638
35355000,162.07001629319106,287.089810120171,638
35360000,165.88316402066351,258.51199803316524,638
35365000,151.57332036031255,373.3518635589197,638
35370000,177.31656956239175,295.23269232505385,638
35375000,226.8931883165162,303.12609164765007,638
35380000,167.63651481021176,323.7316825021453,638
35385000,176.72587484366505,216.55366574018205,638
35390000,215.52555938096833,270.3781210060772,638
35395000,181.11038927629963,271.6198210961787,638
35400000,190.11479036209863,283.1485741888574,638
35405000,223.22306923458476,337.49996787155317,638
35410000,197.0759038345607,297.74154209886393,638
35415000,195.1455953708695,268.57080967992437,638
35420000,195.96428941899435,259.0658586736668,638
35425000,162.64483253695,248.57634221421358,638
35430000,225.62608784999415,338.01673544267305,638
35435000,215.88871982814942,328.93761165765926,638
35440000,163.2261422842347,326.7590430978863,638
35445000,217.8569722435809,320.033200930783,638
35450000,242.84217133980349,321.01358710381487,638
35455000,183.82130339301978,310.60198881455403,638
35460000,220.04710832738886,342.7321174536125,638
35465000,199.45489192209513,315.585657726742,638
35470000,194.18808410867007,279.4191391769353,638
35475000,207.0923339903515,251.39515300785314,638
35480000,162.1004050798178,275.35752520455594,638
35485000,168.74162671183274,271.6590457655553,638
35490000,182.19677503825125,252.38931609977456,638
35495000,185.9929391549447,281.99386622280105,638
35500000,171.5597721604896,259.976203949352,638
35505000,196.15654149882866,288.4827635066483,638
35510000,202.14072353750726,329.4654163122214,638
35515000,220.75066429159193,222.03674887324493,638
35520000,254.25053368682282,335.239253264555,638
35525000,186.41929483186684,295.10251197658647,638
35530000,209.5751713832111,309.85823228773245,638
35535000,174.1408522020627,307.40847906191993,638
35540000,203.17330530883592,271.06067773389725,638
35545000,191.16296018721178,303.75093668138993,638
35550000,197.9260804234284,281.614418435398,638
35555000,212.17730901689524,269.2813420916913,638
35560000,201.25027289345223,305.14743477084676,638
35565000,166.12018110528737,338.8005419367692,638
35570000,171.5286358623145,327.0162902649902,638
35575000,200.94321700545902,271.9089229115972,638
35580000,213.2681646538463,354.47988371825073,638
35585000,186.67964436091464,294.4386854468221,638
35590000,240.20772576415123,344.04115266561155,638
35595000,181.83390386196953,265.57766324399233,638
35600000,200.19521469032986,279.6931918046618,638
35605000,179.3636267976994,272.9417874015577,638
35610000,167.616801111624,323.243530042235,638
35615000,190.22826597172795,219.7306481494839,638
35620000,176.3637645287712,313.9512353037067,638
35625000,231.87484752086544,280.4403339344848,638
35630000,153.8788117488054,362.94524511951056,638
35635000,198.07790588566496,293.25174147786635,638
35640000,177.70682933477121,292.2652106219966,638
35645000,183.8597658480213,295.8969849938559,638
35650000,203.18749063443065,264.51642025680746,638
35655000,224.64744404389478,323.76602969535264,638
35660000,178.94188652346253,309.25426988446884,638
35665000,183.74134324252407,258.1173762297758,638
35670000,193.49886704051485,274.2558338475382,638
35675000,188.96478622431795,357.8839806640285,638
35680000,196.8035345187744,340.8603187204994,638
35685000,160.52549194458646,237.5521776496019,638
35690000,209.32462612992717,352.5798181231637,638
35695000,183.66554462741587,328.21446668417246,638
35700000,188.650809782978,272.31051531891836,638
35705000,181.9078842138053,280.5113739835758,638
35710000,180.87459666857453,332.6034886326732,638
35715000,206.98191340251904,272.43558889653406,638
35720000,151.96426872690682,301.7880849022504,638
35725000,193.06385274777898,326.7357797771243,638
35730000,169.90782886641816,218.9759164436819,638
35735000,189.73087689605535,336.9944558461463,638
35740000,205.55353593093142,287.97684669426917,638
35745000,224.3929102623015,314.7520641652331,638
35750000,192.06976529957575,291.7018048097392,638
35755000,192.31508026665136,345.2593177308571,638
35760000,185.01955025853957,314.9002111337226,638
35765000,211.0250555295515,259.06926596652534,638
35770000,166.50435697563506,225.91837305076967,638
35775000,189.06652435872232,245.9502265371727,638
35780000,199.27826079058906,275.52257751796645,638
35785000,165.9625169153059,303.8678615256588,638
35790000,191.49169160957547,294.9702663789766,637
35795000,168.89063000549083,311.7602872840627,637
35800000,187.84770191717035,285.24000481091923,637
35805000,199.4946790088438,260.16749419149915,637
35810000,201.76221314709892,303.2057118415451,637
35815000,157.98570435254135,333.3920711894983,637
35820000,229.9795544213589,280.19970523741785,637
35825000,183.1247142512314,233.6024616433807,637
35830000,226.25251347082136,292.61972091403385,637
35835000,164.76301702213703,285.7081629634471,637
35840000,184.55322116016455,272.20919718407345,637
35845000,172.98474298238813,248.11698087787414,637
35850000,189.7785960776055,286.2412125737647,637
35855000,154.08529299964226,294.16419747797244,637
35860000,155.13895803219384,349.8374648354634,637
35865000,208.81317486258024,331.2659710343726,637
35870000,236.75551481060765,311.5414882300367,637
35875000,208.13100220488087,258.9144874426833,637
35880000,159.63221696072733,322.59572221987764,637
35885000,185.11795982091428,239.71640640099514,637
35890000,194.39330510194804,323.5029676788527,637
35895000,188.56546369502598,321.42374297382815,637
35900000,178.60649264117228,282.97637474061753,637
35905000,177.51952594952581,250.49375514856033,637
35910000,171.54638617082603,281.4544874374021,637
35915000,185.54794408981107,323.7527159355147,637
35920000,184.943616958476,253.60305117102732,637
35925000,184.77919469497007,261.11915879618084,637
35930000,183.1000067871788,269.77257332253424,637
35935000,210.50512350566115,363.23438601180794,637
35940000,183.06889284948855,306.9269385556437,637
35945000,185.67190007721095,329.06147168795576,637
35950000,190.89422487176466,308.0391149647553,637
35955000,182.93038095863344,302.1774969317219,637
35960000,183.0263061967299,306.6839996764973,637
35965000,177.42034690758828,281.84726754972996,637
35970000,185.81702368501175,288.0706890171252,637
35975000,168.6604550096684,275.45559335624563,637
35980000,184.6985563209862,266.7005996838575,637
35985000,206.42260434602176,305.2456218084028,637
35990000,136.92080270263136,282.4071726436223,637
35995000,138.08422284132033,337.98104726850687,637
36000000,154.1151347644511,253.79993620879537,637
36005000,201.24767242456463,288.6952981606935,637
36010000,203.94898629747246,278.4024540218701,637
36015000,150.53521135706137,287.8932501702203,637
36020000,196.9373375297361,306.91459408254127,637
36025000,183.9811759169498,349.85558974485673,637
36030000,169.1494677396399,285.7137715630884,637
36035000,187.37169155023224,319.2510216067759,637
36040000,163.6443870164303,373.4691195279356,637
36045000,221.41750497786836,330.4731055136343,637
36050000,155.66748634478,307.2791963493806,637
36055000,159.65725933160195,294.0081164191922,637
36060000,198.90768888922423,309.7665274821292,637
36065000,182.15263922392424,291.90506158999614,637
36070000,197.96273692480008,324.772660535565,637
36075000,214.5861011191829,263.2296299347292,637
36080000,236.48799749734928,279.0187736596157,637
36085000,179.6828362094592,303.40542825427707,637
36090000,182.60785617049382,313.5136195445329,637
36095000,190.14194592731536,270.45123074435804,637
36100000,210.6556541080684,264.87293995605444,637
36105000,200.05061476926727,311.9431362283638,637
36110000,196.44396484465076,303.17051941652744,637
36115000,214.97327858658034,294.3493959127592,637
36120000,178.20811861359377,251.6502354955815,637
36125000,199.1295048035788,275.29651276104266,637
36130000,204.34478967777196,325.9976221229204,637
36135000,183.61107658958574,270.4752378636583,637
36140000,175.6131340800469,254.22139706396013,637
36145000,198.13780528380062,326.2255589759995,637
36150000,184.50634140284137,292.55183965140964,637
36155000,214.60331396047764,294.07496250366705,637
36160000,164.72683427290264,286.14333336732193,637
36165000,184.29921913314905,278.6887889319094,637
36170000,153.170308196775,371.6222328311291,637
36175000,191.139024522242,297.63275948571203,637
36180000,226.73706329861287,275.37399557455086,637
36185000,207.25091603848946,292.94970261410407,637
36190000,183.40193002655616,311.2845928260598,637
36195000,204.7182281656125,318.04960180438576,637
36200000,155.87303030787888,334.63100113719554,637
36205000,169.38757109798684,303.7692117684191,637
36210000,204.2433795884647,328.4916145838491,637
36215000,199.63382258441226,300.48070203336357,637
36220000,246.9729718057087,313.0945821244693,637
36225000,152.45907716078034,279.12822402875855,637
36230000,194.70023111758798,268.50269277598613,637
36235000,210.13607535523232,293.7167166068375,637
36240000,178.10133846087092,285.74246875758126,637
36245000,210.52330243180063,300.4241004539655,637
36250000,213.39384389828655,346.66155531881435,637
36255000,158.18847834727023,295.27319594972863,637
36260000,228.8124669479925,292.63264200977954,637
36265000,197.69968248477426,263.6087681331269,637
36270000,184.25437436304532,357.2625325952444,637
36275000,161.60058625600976,303.3293705104377,637
36280000,182.60381641134606,295.18638723553784,637
36285000,169.76855246888968,242.38074895625283,637
36290000,174.00008870529615,289.14258575450634,637
36295000,184.4936086282755,311.61661048135835,637
36300000,199.53044193760772,241.72069649016288,637
36305000,221.66045533294144,300.5019130223095,637
36310000,180.40109281266697,292.688851550612,637
36315000,232.39660568514384,340.5814145819786,637
36320000,183.79149653203234,368.058725815923,637
36325000,175.1413419082387,303.5240470784261,637
36330000,199.52038952693184,322.9807114800503,637
36335000,198.11018882075916,266.33105018590936,637
36340000,181.19730855353873,282.9850180132918,636
36345000,178.82734652338797,347.9367060380249,636
36350000,241.3410897924282,331.74337013321883,636
36355000,157.42841307832504,338.19258972725004,636
36360000,197.81944019435784,246.3111979187683,636
36365000,191.45890957621273,333.41219878891314,636
36370000,211.25255057212456,281.81231235648664,636
36375000,226.61275126358092,323.2601986745729,636
36380000,189.26352914548139,333.2634441933094,636
36385000,216.9605231803578,308.53680554755624,636
36390000,159.6539340795774,266.9916145414469,636
36395000,176.50725141311375,319.20892950119327,636
36400000,191.94678953784867,251.9235330648368,636
36405000,187.96114355084418,298.10784060880934,636
36410000,195.32884070198082,284.0543503996446,636
36415000,190.71040903915383,291.5048587815336,636
36420000,176.2755563021075,368.7394053681402,636
36425000,192.90128494723115,274.9037553409183,636
36430000,177.96638685703414,277.0162407712758,636
36435000,199.1094061234931,370.02220745716113,636
36440000,194.30192637981082,265.8237230250348,636
36445000,166.3767245563632,292.8052765873186,636
36450000,226.4418422261708,233.6267927034994,636
36455000,168.29707798682233,229.65994351867795,636
36460000,244.3580321873677,308.60135413915987,636
36465000,173.09120959417382,221.86119776819154,636
36470000,184.5811778603022,268.20520025580385,636
36475000,179.0921445454573,291.3372450926138,636
36480000,213.77722977314573,246.35306599538083,636
36485000,146.60879941884832,321.0387163129245,636
36490000,217.6252402515148,375.17364178899487,636
36495000,216.82954253184704,275.4633992002049,636
36500000,192.19776310475737,294.1871945969205,636
36505000,190.56495596080063,318.56271612121554,636
36510000,220.54614951622145,339.1566130441641,636
36515000,171.50487372984966,253.99592114735685,636
36520000,194.16714852995847,376.9900632539635,636
36525000,179.9619206214026,325.54521186722445,636
36530000,206.9722503139151,294.6953112736928,636
36535000,231.1537818911272,266.72030601163294,636
36540000,169.9318387064398,270.99283331744914,636
36545000,185.72398414868215,271.04397147800915,636
36550000,166.60720336102275,346.77846239430926,636
36555000,226.23735116899388,366.4121842775311,636
36560000,191.43477163689084,339.7025252949363,636
36565000,225.5012020582118,312.66642371678273,636
36570000,173.06557947197712,263.99017391835326,636
36575000,170.83024164350536,284.01842241181544,636
36580000,193.47106074874628,293.9098427860071,636
36585000,198.97076989627462,363.00220324937726,636
36590000,203.9088405635718,258.09008709753203,636
36595000,167.1035178761002,326.2655906529333,636
36600000,180.75911854689383,289.2106273290716,636
36605000,197.01208030736382,271.5856933384638,636
36610000,194.51476593639603,317.5717073994044,636
36615000,189.10034191860538,364.78033949467255,636
36620000,162.13085906720167,291.0245382184023,636
36625000,166.4156534731201,260.5455195301964,636
36630000,189.6784238287829,336.4514352001303,636
36635000,178.9671228656147,320.62713887622175,636
36640000,194.28593602877334,313.68263293052513,636
36645000,206.99948419397737,295.5459540535447,636
36650000,216.82240319418304,280.5599936286939,636
36655000,204.86170726714428,304.4046716716232,636
36660000,195.851937413361,315.411009824808,636
36665000,172.29185374276403,259.4331729202994,636
36670000,182.75873707857573,279.19324118068323,636
36675000,201.2018827872516,269.7468719788213,636
36680000,153.9398196046372,297.330369420756,636
36685000,166.30451318602343,253.45119991180658,636
36690000,183.72988188473377,308.43953621014384,636
36695000,150.26480182692362,296.74918599712043,636
36700000,176.4189006392426,330.55924639144934,636
36705000,206.2559011588554,258.96295992472045,636
36710000,180.07811989114003,328.6848520594924,636
36715000,209.0984962069596,341.2134109988669,636
36720000,170.00340819499812,285.4271053194561,636
36725000,196.22507349711483,293.67689974898303,636
36730000,190.34631650018073,303.57687953178464,636
36735000,177.20158283316476,324.0547406456843,636
36740000,200.34359476278973,313.88163786050194,636
36745000,231.08098825446615,247.225434608222,636
36750000,200.3012649429927,334.5804495787293,636
36755000,173.4828303765548,300.6799055927174,636
36760000,201.81713548175094,245.38904832920554,636
36765000,207.88254098001232,354.54119500546255,636
36770000,196.250932599514,348.1716986928739,636
36775000,229.02065112218781,298.53908262340445,636
36780000,223.01785799051916,320.46013412105094,636
36785000,207.04456602812417,243.7769983360659,636
36790000,195.80490387222378,316.36696135232575,636
36795000,197.69770744873458,279.96895677918326,636
36800000,164.21939320341846,271.3820959773743,636
36805000,191.56899610459698,301.7573973931913,636
36810000,180.11480844649557,276.1838252392436,636
36815000,233.7973410981635,284.1552926122414,636
36820000,220.89412453359486,257.1315258457524,636
36825000,170.9365658078574,295.0566378424362,636
36830000,187.94834194935433,265.79675695353353,636
36835000,206.63970524537427,305.4498529915379,636
36840000,176.25287991537405,300.0306839165354,636
36845000,194.36481875452785,288.2019547701081,636
36850000,157.91497122238758,316.17573098896344,636
36855000,210.2724037852595,278.84759674870986,636
36860000,176.83031723967136,379.29755832190773,636
36865000,232.11581007465276,332.92388438961143,636
36870000,169.0644772500217,298.7641795709086,636
36875000,204.13297125140596,290.9123714950325,636
36880000,174.28735385316196,319.63114072533824,636
36885000,200.4621140817472,268.49162102822487,636
36890000,169.20507095854492,285.96289922651584,636
36895000,176.49132020663598,280.93951393105164,636
36900000,193.37351534291324,266.572731377549,636
36905000,193.17672989888402,205.44268748349364,636
36910000,213.68529963312795,290.430042546493,636
36915000,205.15829623187636,310.16951207546924,636
36920000,234.04282549956693,265.79180381960373,636
36925000,231.15390564984745,288.34453606199753,636
36930000,215.08801585944383,337.84191118673203,635
36935000,168.27205726323535,295.49296553012243,635
36940000,185.6859237397527,274.1243822189868,635
36945000,179.25705388302848,307.96926690929365,635
36950000,202.04123916549787,262.63347252270097,635
36955000,207.02911813495052,277.3403206384668,635
36960000,172.1651631926872,266.6750651551117,635
36965000,195.6161804678684,340.0637742630804,635
36970000,174.89983189187788,280.016806927472,635
36975000,215.56021221843633,321.3451458957264,635
36980000,171.9697513169687,278.6138611166505,635
36985000,180.41387984378684,277.65270385635876,635
36990000,205.4435241767569,272.5408344553399,635
36995000,242.67726556753584,362.0097160319977,635
37000000,170.52073193761288,259.3100228179552,635
37005000,228.2846265590855,322.7319117738958,635
37010000,145.53557488730377,270.54009394764364,635
37015000,190.47076714589105,295.2779577500878,635
37020000,199.02207144878315,342.840518963631,635
37025000,167.18476691866442,296.4182037310151,635
37030000,162.961104176118,297.5537204909278,635
37035000,182.77707680116004,279.9204282031106,635
37040000,186.16205830649875,298.6635263476321,635
37045000,178.56167755195548,305.8525213885671,635
37050000,177.9419576760179,346.8831813486727,635
37055000,196.1377818492157,337.3610257734799,635
37060000,196.03820449735792,280.1677095296091,635
37065000,201.41340218909596,312.1327223531379,635
37070000,171.81589452581008,291.8430076041558,635
37075000,137.74826648167297,275.1474349702992,635
37080000,188.7914498433283,282.0952030851563,635
37085000,185.9884477093021,289.7513464108118,635
37090000,161.27353831860012,350.0993292560914,635
37095000,218.07662009156567,281.8591671233409,635
37100000,182.6788137924961,307.58575656223366,635
37105000,148.69134872250186,270.760591138922,635
37110000,172.12343236144773,358.61787889287046,635
37115000,199.34028359378772,332.18545952707007,635
37120000,207.81118646515733,275.49794632184694,635
37125000,189.96073800278518,254.58861846424546,635
37130000,185.79253103546586,332.8668815863646,635
37135000,209.9628435454742,258.0130910570933,635
37140000,199.20477481046663,307.0970606477334,635
37145000,206.13667291653482,354.8397466828859,635
37150000,217.6072696423656,347.29048984581493,635
37155000,192.06902377676184,390.78563611951813,635
37160000,196.24326045442362,331.55442186066693,635
37165000,171.10513354485843,305.15690264492036,635
37170000,195.19374342523287,343.23782605277734,635
37175000,191.8043880784387,327.1075417593934,635
37180000,187.44592444889525,304.0441989579827,635
37185000,169.25536537376115,316.4053669046734,635
37190000,192.56762152893413,229.6646067005574,635
37195000,165.80810186543692,308.8545125469888,635
37200000,177.87721476803478,272.63994781210585,635
37205000,190.2231611814201,254.9660285433914,635
37210000,139.1100178409443,223.62584339034183,635
37215000,181.08484132187786,307.34727034903153,635
37220000,177.90071113315102,363.8076821174335,635
37225000,248.0709758997509,286.91243084997757,635
37230000,156.05747616919174,394.8926646996924,635
37235000,175.26764493042324,260.3241118432572,635
37240000,197.4226054500944,366.2366438294716,635
37245000,195.46204280512265,270.947886021428,635
37250000,216.57671893112916,385.2570182987557,635
37255000,244.85657350299516,304.0324158926927,635
37260000,195.86248828451647,276.8049766155947,635
37265000,178.68320349926475,245.59961634864305,635
37270000,181.0507367038985,308.08485079817353,635
37275000,194.27146289962573,244.89767747431327,635
37280000,183.97156600668777,297.96179552310036,635
37285000,195.4336054243405,260.1380386264098,635
37290000,187.09225607545886,296.491972532749,635
37295000,210.23021396173615,312.272072246998,635
37300000,155.3790181708112,288.124658664788,635
37305000,198.24353175721572,305.3778825070298,635
37310000,133.7001147571118,277.91327653288386,635
37315000,199.13347302760712,321.281507724932,635
37320000,174.85095289799435,341.1233392412327,635
37325000,180.71025228717036,282.85544506938993,635
37330000,175.47612944994952,286.7733027308443,635
37335000,184.29046718920526,328.55294575410414,635
37340000,162.29411883496815,261.52268522830946,635
37345000,171.745518250021,274.1713636649707,635
37350000,205.5705927306783,344.7109677980408,635
37355000,160.4975055869296,300.1105176511994,635
37360000,204.3102478799563,299.12525512169094,635
37365000,165.36380612450773,338.434280309252,635
37370000,158.56017753057773,323.41271041432583,635
37375000,187.82596413969839,306.03753524574154,635
37380000,183.37096436913248,332.83811430346975,635
37385000,192.31403115943158,305.9090196587058,635
37390000,214.21147381019742,283.1462983113194,635
37395000,196.20167701610868,279.1287285736071,635
37400000,207.2190351036678,315.89923842650046,635
37405000,185.93965791520986,348.82300250310857,635
37410000,163.28081587288443,283.5187804506816,635
37415000,212.3375640374172,281.7227949532963,635
37420000,207.63881485489736,357.44059560174054,635
37425000,178.37006668810704,326.24785587148995,635
37430000,161.59298899818344,335.2978255246998,635
37435000,196.87759683375825,324.5817583585736,635
37440000,204.0053945154697,335.20018030111044,635
37445000,163.71426063315064,255.8979359009223,635
37450000,182.26840683496408,286.9450314941057,635
37455000,176.1163201494511,320.871359575596,635
37460000,195.19756171251458,247.6722118557596,635
37465000,158.4161856658186,284.80659289788383,635
37470000,189.94744496328434,343.2048161917679,635
37475000,183.97398447700814,317.97844819582133,635
37480000,196.55436941628872,253.7780226773636,635
37485000,202.79581883479284,314.7868262566771,635
37490000,188.1137846221672,257.4130762492965,635
37495000,197.1019032049238,297.86895037626084,635
37500000,209.26264793787095,293.78094295456975,635
37505000,200.23303228768745,315.051816565895,634
37510000,211.28771463724567,296.51407512964465,634
37515000,192.28620266760242,374.9377939814047,634
37520000,167.97533076667787,220.92905297921453,634
37525000,187.2852532441382,397.36389562818795,634
37530000,212.13543955710065,247.47404857299085,634
37535000,186.36987242605562,325.2315005754162,634
37540000,224.5261081174216,307.13091929983943,634
37545000,215.60608807326014,315.20542500357897,634
37550000,188.4929879280778,261.78244751851474,634
37555000,180.00810928546454,297.5653625426482,634
37560000,223.16930206995625,292.103444607545,634
37565000,151.360378384309,302.7417664820012,634
37570000,218.30096208772542,364.83540815622996,634
37575000,213.64193993371612,257.3718067979278,634
37580000,197.25423857753486,280.5280525372444,634
37585000,242.8259095021115,317.0756296187185,634
37590000,224.89996905106005,323.4633650752701,634
37595000,177.50734139469026,272.54988279451004,634
37600000,207.05419965718292,316.9716065814563,634
37605000,195.49702661824753,294.77916420108966,634
37610000,201.37538134710195,323.5555940116648,634
37615000,160.86147873777355,261.07465406305033,634
37620000,181.42918553976432,320.38002255095495,634
37625000,145.74559357742177,292.4648148050233,634
37630000,184.67325124005862,234.7835137946014,634
37635000,194.29796495031508,331.60595037450344,634
37640000,155.85370376778127,393.93828925670084,634
37645000,209.8580961813354,327.3657504182606,634
37650000,193.6092122868178,289.9757238895401,634
37655000,175.47859457243084,287.2827476534368,634
37660000,201.37383321924565,340.7166577694533,634
37665000,236.4746606484664,308.47966148817335,634
37670000,210.4167178568514,345.72646708286214,634
37675000,204.50743007160656,325.94523586723255,634
37680000,166.61976444556282,347.81701760406605,634
37685000,175.1865660710735,374.14672118008525,634
37690000,193.95167565674222,417.22719160575775,634
37695000,167.32238552422245,315.0949702270395,634
37700000,162.36444105235245,271.71615296868777,634
37705000,199.24086644202782,302.23379195566787,634
37710000,194.47243827719626,316.276981038672,634
37715000,215.80060360816563,322.14344973371357,634
37720000,188.48161379362614,338.81483875348664,634
37725000,160.0936415514332,299.68695999204846,634
37730000,231.16230855953398,301.3169443288091,634
37735000,201.50296106321218,301.19785279363805,634
37740000,183.88375776543302,328.83976531293035,634
37745000,184.74395080941596,249.86545214175388,634
37750000,207.40496794414014,276.5469145149973,634
37755000,160.77256234426153,280.53315092248516,634
37760000,202.1801214600001,325.09230942989535,634
37765000,190.31986145403917,278.5401753278651,634
37770000,186.25311020238826,300.75019582794334,634
37775000,179.79346211647464,313.65226881098823,634
37780000,201.90693526301655,341.5442076519407,634
37785000,168.65256942932754,322.01363390691506,634
37790000,179.64736639906351,324.18002937619957,634
37795000,211.353054396647,357.5582552027921,634
37800000,190.29988430656874,300.8227792492479,634
37805000,163.0105610665592,343.477086726054,634
37810000,167.52906482288716,318.79693199036484,634
37815000,200.22475190669527,271.85436086963387,634
37820000,161.72892765249762,330.8934622226077,634
37825000,190.88248668605326,216.49593717138129,634
37830000,198.04236031488082,308.14584918931195,634
37835000,170.08450688664692,256.95735424725706,634
37840000,194.88683313628923,205.3333244013613,634
37845000,180.79554736728724,299.4647060014092,634
37850000,227.24944284131985,337.41332121418196,634
37855000,206.72175110841573,243.83173443760444,634
37860000,173.4311349148162,259.30619478315487,634
37865000,208.20202508853174,303.27378037235025,634
37870000,204.38949649037798,302.8748734861585,634
37875000,218.2229837927179,260.65277992263475,634
37880000,173.32103676824102,286.1504237526485,634
37885000,214.63246549860375,313.7737592023511,634
37890000,166.2212861406268,274.3706178952107,634
37895000,154.10538958122783,322.9154198398478,634
37900000,170.3990936795514,294.43724888578834,634
37905000,208.55801950384907,272.66984742298735,634
37910000,213.62070131885514,336.75238061194756,634
37915000,194.9471623035088,256.81505580261233,634
37920000,181.45302244246398,274.98825848176045,634
37925000,175.00133307139106,290.990980252474,634
37930000,167.1100831998171,322.3001134127139,634
37935000,201.05929166737815,297.33197702160254,634
37940000,185.12315627795547,333.54173359876756,634
37945000,164.19492905966405,349.25409549300736,634
37950000,158.0853865789138,292.0600437399852,634
37955000,182.05916971777373,295.3969914316667,634
37960000,188.14414791425784,291.40203723710124,634
37965000,158.97568774798413,366.0158595767916,634
37970000,192.35369488123246,320.81316167848627,634
37975000,194.68315523704678,281.3951325484373,634
37980000,197.36755929940273,326.46077223027385,634
37985000,167.70929752763277,233.67615218155686,634
37990000,191.78352352916536,247.96532665984864,634
37995000,175.68373141295277,309.4184656432251,634
38000000,198.5676311401151,346.10667743792186,634
38005000,202.9286752136197,306.23889023803144,634
38010000,180.0229879449291,293.34012828216436,634
38015000,171.37316882456443,323.75861203898586,634
38020000,198.1750517470115,325.4111387429599,634
38025000,172.9007204823141,288.46013185925665,634
38030000,178.48421531622307,298.87017691381965,634
38035000,158.09784964486877,299.1433296418603,633
38040000,232.69514755574514,320.7999607689867,633
38045000,174.6732114132229,319.53460208893546,633
38050000,178.8911533808015,373.84938785652906,633
38055000,159.61877315269922,278.1541453675412,633
38060000,200.31065984057634,309.12438243270884,633
38065000,170.605723063936,292.53422180026877,633
38070000,186.2433889060863,279.3273926390377,633
38075000,209.6691410470201,280.7197826975095,633
38080000,214.1657161307853,287.9076111454909,633
38085000,201.6631718956871,371.16339719449934,633
38090000,186.14679965763133,285.0723386773636,633
38095000,191.9760297025222,240.8561330138029,633
38100000,205.52185244731695,330.66045719979047,633
38105000,206.85047127494983,315.20393184843556,633
38110000,198.67420201023546,311.75760855023617,633
38115000,207.78423109835518,289.040204483817,633
38120000,176.39087484470846,294.12427918833475,633
38125000,178.5380762927311,299.7928846418392,633
38130000,178.9619836314131,339.11270750606775,633
38135000,262.1685976595211,258.72792207779753,633
38140000,185.155029579831,336.3575176881605,633
38145000,173.15568928218337,279.5043611701177,633
38150000,182.94617039970393,304.21906666576433,633
38155000,217.83295133473376,293.4324405331449,633
38160000,173.67695361294878,293.17949212889687,633
38165000,205.50186731548354,374.61508953384276,633
38170000,189.5172863773039,277.56679345469865,633
38175000,204.45913871941073,270.36293307303623,633
38180000,244.98173635187266,313.9930279144044,633
38185000,181.16106163977872,333.31064367572844,633
38190000,165.0845983666491,258.61989056326377,633
38195000,179.3807174738139,264.33595202580045,633
38200000,224.9932059939598,241.45243134336923,633
38205000,199.31327941945688,303.31344847474855,633
38210000,192.8200073034936,294.45581376621755,633
38215000,216.39735510724722,303.68471643217094,633
38220000,169.56531316691374,316.1942453622688,633
38225000,192.83580692510455,297.001937163725,633
38230000,179.50455224171884,286.6289709972306,633
38235000,184.17478544201117,291.1470591650726,633
38240000,165.4512609811474,225.91773944175227,633
38245000,197.9733020193309,282.36106901949705,633
38250000,185.28251927685417,261.5748220347265,633
38255000,210.65266573719822,310.6146851661901,633
38260000,171.9806334184729,385.05249515778985,633
38265000,155.11677376376014,264.5565503983972,633
38270000,181.08921441174334,286.59509624402506,633
38275000,219.7186378053621,264.40344197692264,633
38280000,209.33915561510796,342.2017963110787,633
38285000,191.3894440100135,343.0389410835317,633
38290000,179.08812838031116,317.2254196855566,633
38295000,193.16510225138808,354.77598748424765,633
38300000,196.18548726376562,292.0058424359649,633
38305000,180.78294882521817,444.7215237090286,633
38310000,183.72907115078016,340.67186193750285,633
38315000,175.82785572633378,298.35590739880803,633
38320000,151.61087454016462,251.5883152372629,633
38325000,170.70548745331573,262.86370811622197,633
38330000,198.69522582799524,291.6882613055474,633
38335000,173.57675962325663,232.4610384540787,633
38340000,189.84784778311422,295.34644569286735,633
38345000,192.73190189925026,410.3339607805574,633
38350000,205.70872457715342,232.20391395583147,633
38355000,206.53307554802853,308.12464359379857,633
38360000,169.36872844859292,289.8355963675021,633
38365000,190.03898486788452,305.59171841868766,633
38370000,242.07219588009457,333.86857322439687,633
38375000,200.6302790615302,281.01042609706315,633
38380000,174.22879876474096,322.9671798671436,633
38385000,223.20132347216892,316.0555545755714,633
38390000,192.96971746930808,230.28220407597357,633
38395000,183.59371577394506,306.7325865378988,633
38400000,230.37766240442824,312.85191988283094,633
38405000,211.13043654040806,255.16670066136206,633
38410000,189.35034265149142,305.912284860618,633
38415000,187.2487239127971,260.56070019503187,633
38420000,202.83189484425273,274.1165466724795,633
38425000,198.29627436888987,306.39565221492023,633
38430000,205.25982953117853,350.40516430807935,633
38435000,194.07729451512242,279.18512872086364,633
38440000,168.92452577340478,291.07035197944134,633
38445000,195.571149400965,305.5622359812951,633
38450000,181.9125847732616,277.77380081612847,633
38455000,188.60626528997415,339.76624191078787,633
38460000,184.7294589815676,282.699189605104,633
38465000,186.3868339052532,232.2061136981429,633
38470000,195.70543543869508,314.0691917715387,633
38475000,210.76924730078912,254.32924652952104,633
38480000,158.49030937263197,252.74612761782862,633
38485000,196.9092221625958,310.68517748353975,633
38490000,200.5781564674767,280.7353070184785,633
38495000,199.89524721249904,284.51319594900144,633
38500000,175.26132776075804,242.56561374363983,633
38505000,194.3670703162745,282.4544470310034,633
38510000,216.04018586764224,336.5054971583921,633
38515000,210.80851784501175,333.7918054204601,633
38520000,209.4536962927104,264.4752771806168,633
38525000,198.88270369664048,316.75994624413386,633
38530000,155.76987058252655,253.89978810938246,633
38535000,216.17669391302329,296.60778855700636,633
38540000,157.5585674939545,287.8168395006053,633
38545000,167.18412285660492,266.46571744280806,633
38550000,207.89567583668966,371.69248881583434,633
38555000,219.88420928088135,296.0991391938223,633
38560000,156.07683335624705,283.2329123257741,633
38565000,193.23564919882057,319.15656071012074,633
38570000,184.68532645737315,327.3873088166355,633
38575000,200.4956937865372,273.9993080434572,633
38580000,181.28048847136174,325.32026362424733,633
38585000,190.50833011956863,267.687738988082,633
38590000,210.16921392571376,309.3702509643681,633
38595000,166.8958045190819,329.4582130492483,633
38600000,194.61517786391153,293.3211797804758,633
38605000,157.76459319996843,293.7525904224673,633
38610000,211.37909534935767,343.66426812447435,633
38615000,170.90164670210493,338.72595762323124,633
38620000,147.93481005231854,336.7971412345904,633
38625000,187.9471775745849,259.15546246891296,633
38630000,218.6572928526516,304.3482028638148,633
38635000,204.29302258664933,301.1147435204375,633
38640000,189.2849733157149,316.3080793803085,633
38645000,211.59585678626132,300.9457035337044,633
38650000,191.02137231974493,285.3961740960434,633
38655000,170.30880262713438,295.2780878687839,633
38660000,188.05266299423567,310.2989600256462,633
38665000,187.10408701844707,307.3052989109504,633
38670000,203.3670230939316,232.39325546254292,632
38675000,204.83504730431721,242.77133706734847,632
38680000,180.22448375487124,286.54288466555397,632
38685000,193.43445886171068,331.3617794325064,632
38690000,213.30207081682386,281.5483079464664,632
38695000,170.8013850126181,299.2268674241429,632
38700000,176.57550792311653,283.18099012509424,632
38705000,206.58474759140728,272.83152775021114,632
38710000,184.04645120642448,327.5022077129637,632
38715000,161.99115943085107,232.523451036287,632
38720000,158.03685066058128,253.3916347325813,632
38725000,181.39290967053404,278.64078606973953,632
38730000,199.67599520494994,324.82793054816034,632
38735000,194.77098939980976,274.5298519830446,632
38740000,202.96531554575517,299.63501726342236,632
38745000,199.68596232339556,272.8400935558663,632
38750000,199.28873986040065,370.81717662972545,632
38755000,174.18729319962955,298.67044563716473,632
38760000,205.02318312737705,276.97563062604473,632
38765000,164.87238887532953,243.8533837177612,632
38770000,204.32107689718094,304.6688543188122,632
38775000,190.83643711432617,323.9258895591363,632
38780000,185.09013095960597,239.7486922917985,632
38785000,192.64536309521756,313.68370341865676,632
38790000,210.83308044360774,298.49989022127005,632
38795000,194.82901216690098,266.48020491690494,632
38800000,182.06555307097696,272.2582960690359,632
38805000,178.5494243370387,232.30924554409955,632
38810000,192.03454398545338,301.22374889665014,632
38815000,180.99907441967747,312.34618520527835,632
38820000,147.74734278277805,304.0100687741855,632
38825000,225.58823359583553,373.91070551923895,632
38830000,180.43149403213621,321.8169012681166,632
38835000,229.07237433211657,314.14379126019617,632
38840000,218.19365720716866,309.3922143684362,632
38845000,135.69507705120733,329.57569766682616,632
38850000,182.56478749586768,372.5784513733046,632
38855000,191.13392920060636,379.21606231928365,632
38860000,166.9760518502237,245.3073515992433,632
38865000,196.77591963439,315.71891419923236,632
38870000,161.21875288988852,249.2193348751483,632
38875000,182.93955779512206,274.65573347748233,632
38880000,164.0276628090183,294.2294139793953,632
38885000,190.51858980233595,258.45442603509935,632
38890000,184.18489861286815,321.0905338743258,632
38895000,186.667248882152,293.4316005896642,632
38900000,200.76155321594993,354.7992863707853,632
38905000,189.78278551958368,276.34374768506314,632
38910000,219.5058836948944,257.2609291359671,632
38915000,149.99680593334,308.13207354755525,632
38920000,173.12958339462926,283.87582037779845,632
38925000,173.96631639595716,243.98643894669377,632
38930000,211.32585792964497,258.0413731284881,632
38935000,207.85687979467235,359.35282259089706,632
38940000,162.33505251590256,344.3850429544322,632
38945000,198.29285029688214,315.9063868827558,632
38950000,183.97061175959806,304.45985683673524,632
38955000,193.1202981002935,264.8934267009337,632
38960000,169.12520907595035,315.31325261003843,632
38965000,182.62612708825694,373.93209267463027,632
38970000,196.2724941917355,256.39655546030116,632
38975000,174.05724494493444,292.357135994145,632
38980000,215.84199712306986,311.36763331891973,632
38985000,218.48277316775528,332.74266363563737,632
38990000,224.6656856905028,298.46397795685124,632
38995000,210.99964323098283,281.754776297922,632
39000000,186.2948356627524,235.02308727908436,632
39005000,267.8505903581299,374.8618813559575,632
39010000,177.24073630192225,296.93836560337365,632
39015000,171.8184576600556,324.03481874357726,632
39020000,182.86553984856434,322.37990425446617,632
39025000,192.17726771708092,246.25812014513457,632
39030000,186.4892357907275,292.5471055807134,632
39035000,213.54247470409717,304.3935727459109,632
39040000,167.0879227501431,262.9427790040572,632
39045000,154.50146731103737,267.47175246293455,632
39050000,201.9129444071773,269.6162496372335,632
39055000,189.2965326839563,277.3301155896992,632
39060000,216.75509512206142,363.63793097584903,632
39065000,218.68088252259014,255.8648153223279,632
39070000,213.31816039541147,315.1399903378881,632
39075000,213.3200530138647,308.60111093711544,632
39080000,216.24898246291832,282.6594633711988,632
39085000,201.32282900328497,318.7831702018507,632
39090000,196.32933961263114,337.8282094534361,632
39095000,171.19977594063906,324.777356907427,632
39100000,201.4373620271097,326.0531056853065,632
39105000,214.050291343529,320.7978635883953,632
39110000,232.0348642259491,338.60547661924426,632
39115000,186.56758049965308,306.8677806050723,632
39120000,175.5334284570636,287.6624423794198,632
39125000,193.05522315882178,290.02285980330475,632
39130000,198.2584074663648,328.77706284207267,632
39135000,189.8736441529169,250.57173836794954,632
39140000,184.9189350732828,267.02577394511883,632
39145000,182.6723631328891,303.1840342451452,632
39150000,200.74973477266298,292.1588068072315,632
39155000,190.29619644172953,338.2672555887318,632
39160000,194.21166690005714,228.70248908848308,632
39165000,178.8845843889352,308.5710942533983,632
39170000,181.65744836765126,294.69030121070625,632
39175000,163.36516967426073,377.8996198018322,632
39180000,184.517020650309,332.03004409816964,632
39185000,190.78861211552461,302.7247219563082,632
39190000,183.58748206038604,324.0386830305317,632
39195000,206.91099531766702,356.70890553143107,632
39200000,194.249871700984,300.1540916519833,632
39205000,159.96832281946885,344.67222491967493,632
39210000,202.7485736283224,304.2924021188523,632
39215000,183.90900276403488,307.26246665840927,632
39220000,152.57518220666492,273.88661513251554,632
39225000,224.15742746245448,320.6943200257537,632
39230000,195.97550004927444,310.7445743953505,632
39235000,142.63460417986903,294.7603077717823,632
39240000,204.13681759899384,338.75167293490233,632
39245000,201.82954215667047,272.19815211813676,632
39250000,193.48714941566914,302.25817856332424,632
39255000,217.48092988153917,287.94469920413826,632
39260000,186.06150137109688,310.4760666818127,632
39265000,176.03790849374016,325.4276739240397,632
39270000,171.51266286665367,279.0702237217611,632
39275000,196.75460925020138,300.66173807507755,632
39280000,200.92248834568142,283.5309015261964,632
39285000,187.06645840964134,293.0044676752699,632
39290000,202.47366044775046,331.97027353454797,632
39295000,195.71644102980977,300.4667675166483,631
39300000,207.76848677271462,339.43605020367653,631
39305000,210.2639833193184,233.96685221918779,631
39310000,169.33674821763725,318.3046370256742,631
39315000,190.14703922109786,342.1997228569458,631
39320000,168.30615831578604,269.4923177640498,631
39325000,189.7632982328414,233.88181335592574,631
39330000,222.24856840179143,278.5186152239345,631
39335000,188.00919122153903,312.2958403739798,631
39340000,199.14432581638283,304.45259957836544,631
39345000,183.99637915951888,321.6040491687113,631
39350000,159.12799975307502,300.9511089768023,631
39355000,156.50990874581984,294.9021672758207,631
39360000,184.63004681662494,274.81337354430684,631
39365000,170.58077223231794,282.08560476886754,631
39370000,178.54831486320626,313.4087928913892,631
39375000,236.43400851634328,321.03035384365296,631
39380000,202.2591782538168,264.03626938416545,631
39385000,208.63573648954116,272.8411743277416,631
39390000,200.34540208725494,347.5600873972766,631
39395000,216.90106531271255,378.23183220107984,631
39400000,207.20456366625666,266.48880346997925,631
39405000,197.73545286201966,328.29858213205654,631
39410000,188.8949142316841,320.1651520571972,631
39415000,189.72238455682458,300.0507067399011,631
39420000,219.23385671244128,357.1602493410046,631
39425000,195.76947902423524,314.97359726013485,631
39430000,193.9463788657206,324.8801301663181,631
39435000,181.68817109170544,256.2611476414097,631
39440000,164.42781691269653,257.6825328939543,631
39445000,216.85838008520653,326.109822941596,631
39450000,188.277013886885,294.3797713309101,631
39455000,180.70328325265757,319.2686783640112,631
39460000,209.3149409050957,318.6356641369076,631
39465000,187.54120204939508,275.4357091589045,631
39470000,196.2652698909028,324.3984906567428,631
39475000,185.07147098193852,258.51280731577936,631
39480000,198.113668485488,233.75842863581772,631
39485000,148.81338906858525,334.3495380729648,631
39490000,204.73958420159147,312.4086591056103,631
39495000,184.62560855017426,290.584645946934,631
39500000,204.1657744160493,266.8392589322185,631
39505000,171.49479445129833,328.01445807204925,631
39510000,224.6476843643268,315.25388337735023,631
39515000,184.15075921167318,332.35664670618866,631
39520000,183.671088474487,311.9214872671786,631
39525000,197.30528455197134,295.39645110505114,631
39530000,174.8136333480343,261.39293472930876,631
39535000,213.93502832313388,286.03476921272977,631
39540000,162.85530338521687,252.38898142169137,631
39545000,210.88257988608981,289.40139589944323,631
39550000,194.4824509294259,342.9473907950444,631
39555000,183.73460469416656,294.61415686455,631
39560000,177.62708314440908,308.81304911633185,631
39565000,182.00817521710403,212.79125697497003,631
39570000,179.0668048764316,300.0814680278943,631
39575000,189.69022720034417,292.0773708025878,631
39580000,188.68435996182689,230.7304650137379,631
39585000,170.93644264300437,317.00232796978185,631
39590000,192.12217646268547,294.44537919059576,631
39595000,173.82911585611419,306.39955290880454,631
39600000,217.48194022421362,307.0848472445879,631
39605000,192.6063188002543,299.68628225006677,631
39610000,210.41537628126272,348.10782875468294,631
39615000,211.2839393094674,291.52674874699625,631
39620000,161.79418755962328,258.40633370509823,631
39625000,191.70671050471506,242.55015524997614,631
39630000,160.65473510604227,287.8276415418515,631
39635000,153.8047795981617,336.64206437438406,631
39640000,193.55783652916523,288.2879291176111,631
39645000,183.21105626051764,334.45512577388405,631
39650000,202.20853111761113,293.72762169398044,631
39655000,188.17783774143464,335.52203177051825,631
39660000,199.46216931697379,373.7013277149605,631
39665000,228.82286657213905,250.67229470537637,631
39670000,191.75650155354828,304.4895722661358,631
39675000,173.64472940205167,334.93490317650054,631
39680000,201.72828400332455,293.6292955499734,631
39685000,173.05660774889466,281.5128073407165,631
39690000,159.79297030841096,293.0834123882278,631
39695000,185.63568969125387,327.6515941777884,631
39700000,193.39585789427866,271.7816197779329,631
39705000,187.76846540802913,295.98716772538194,631
39710000,182.30480318094905,239.51230614715956,631
39715000,207.19301154111196,336.4300939985916,631
39720000,189.43404633033734,277.63517292394107,631
39725000,137.5696762078319,251.791249164809,631
39730000,178.39753772535215,299.07597760830714,631
39735000,195.53105601139364,276.8764338216154,631
39740000,210.9035874148276,335.8511469767365,631
39745000,193.20525096955026,298.1956547145428,631
39750000,180.40721279017833,242.72565015805208,631
39755000,185.98308741595955,326.67214224904035,631
39760000,195.86340587480657,294.24133492696774,631
39765000,202.763372221487,294.15106536205417,631
39770000,195.6079687043854,326.4930858299968,631
39775000,230.5740640647595,295.41359675632657,631
39780000,187.97040011875964,298.85192429665085,631
39785000,201.88418279688477,296.62210861257944,631
39790000,166.97007629126918,300.77596815583485,631
39795000,189.718491299608,342.46480907141324,631
39800000,190.19117322089613,287.62831421491666,631
39805000,253.7723652389975,278.9696533532793,631
39810000,177.26777971371658,272.1695750716985,631
39815000,185.20094330792372,249.00784946789926,631
39820000,212.86625702225817,277.05755105018574,631
39825000,201.89875427392894,242.35036221584588,631
39830000,183.4226822118371,326.58165105077376,631
39835000,155.57470372259206,342.2314687775833,631
39840000,187.97682809559376,257.5959243620666,631
39845000,189.25570984147873,348.6718751763316,631
39850000,203.5842579994472,336.6300527562946,631
39855000,235.31030769794248,320.8071004160019,631
39860000,180.3261074809921,329.05272883075054,631
39865000,191.57609213019805,400.8400382670778,631
39870000,186.52162108853315,290.7645606964697,631
39875000,152.1057419136681,363.23960343803344,631
39880000,177.64294287034076,244.1073105283545,631
39885000,172.8423714089623,308.87069935161605,631
39890000,170.3869306047964,305.18707289952783,631
39895000,168.20807371545604,324.11976149941967,631
39900000,184.73678341588132,293.6052388326036,631
39905000,198.85989206560996,346.3872894357795,631
39910000,208.04409886094112,265.7382847057036,631
39915000,185.3740750475001,242.35505492426702,631
39920000,203.50902729731578,301.8428526835232,631
39925000,135.873996983273,325.9627538068048,631
39930000,186.8225572817922,261.2461904217567,631
39935000,215.93089461400677,270.98443453145103,631
39940000,208.42118783728756,358.5821983574604,631
39945000,257.15186170011543,323.20597651144243,631
39950000,181.77836539913523,287.2107735054491,631
39955000,218.11146952190745,303.9460842411105,630
39960000,146.16924289919297,285.6203360004083,630
39965000,209.03670072762372,295.9138937460202,630
39970000,223.0628430962828,343.2725111294473,630
39975000,172.2068463457161,337.8706194296999,630
39980000,193.0094099357006,336.59589655140314,630
39985000,196.50711960745699,301.4537927424554,630
39990000,159.8259840421907,266.0260483997564,630
39995000,253.6290528235757,312.92550166622453,630
40000000,187.23140840025366,276.7977650197638,630
40005000,190.64418545287378,309.12780981181487,630
40010000,219.69058994563846,297.0045976705294,630
40015000,202.91123402595488,270.3689132772436,630
40020000,199.4511628642502,271.37980112688996,630
40025000,194.5236624418475,258.71834979035543,630
40030000,200.6622534456578,276.3917530315816,630
40035000,168.46332706258988,267.5005075734966,630
40040000,214.93938830594118,275.9253442404829,630
40045000,195.44691425272094,346.1726164678268,630
40050000,192.54392540215005,352.7307480878623,630
40055000,193.1511913337289,239.8137127448821,630
40060000,163.44399885870197,284.2437935103339,630
40065000,211.42480772473724,322.4145662347953,630
40070000,182.69150479096874,271.535891133418,630
40075000,165.60715056201252,260.6835873405863,630
40080000,214.76773582237053,352.6501432536456,630
40085000,191.44435871671274,326.69757049333043,630
40090000,161.15853299248104,286.5152877815995,630
40095000,182.53312043436546,323.92749529515015,630
40100000,177.3340331053166,324.84771769107635,630
40105000,205.69998116698284,330.1502380046262,630
40110000,163.56566421306053,293.7243739846253,630
40115000,245.24530081296294,328.5280077900923,630
40120000,190.94365612301556,338.3482680195021,630
40125000,177.98794423143244,302.77428422346713,630
40130000,206.84051668656184,271.6278664120276,630
40135000,196.36522150630515,285.08125820374664,630
40140000,173.80178437764397,239.46770823668354,630
40145000,219.403261510067,304.0424724937671,630
40150000,178.8206917554434,288.0415637284392,630
40155000,193.69391151949293,273.12682855657806,630
40160000,216.15061668164648,276.3981281856786,630
40165000,182.39395030371324,310.33253467393797,630
40170000,188.08577419495964,302.350674338614,630
40175000,208.5878982607621,307.964941081557,630
40180000,202.36365929249945,333.92693698576454,630
40185000,172.32632928733943,276.7293307568648,630
40190000,212.6377225462227,300.66074150030244,630
40195000,190.99660159661738,280.99341621431637,630
40200000,163.42546944389497,287.3667843156354,630
40205000,182.06434022378588,279.42411604590825,630
40210000,166.92377662034392,279.2097567269427,630
40215000,163.02733713614577,282.94134351062945,630
40220000,197.8456117428633,361.14347370990214,630
40225000,180.8750413750554,301.70710043179884,630
40230000,236.67169874026212,304.9660668297723,630
40235000,178.8041341851056,240.94013314755182,630
40240000,160.83738254592197,325.7081829868092,630
40245000,186.2529500396611,288.1728271023185,630
40250000,171.35203672642186,280.6159554855267,630
40255000,234.22656417779314,385.84044921343207,630
40260000,183.10047219947384,258.39522660599664,630
40265000,145.8761889900831,293.4604116325212,630
40270000,196.33106615762236,253.16588908603643,630
40275000,157.65247543291483,259.03939959634687,630
40280000,158.36762404222793,325.5042159039247,630
40285000,208.2707653350697,311.5559741730083,630
40290000,205.07490791183855,251.82427394525953,630
40295000,188.9588430391948,253.24917035388017,630
40300000,202.80272171448158,284.66555653003627,630
40305000,166.91736560597747,283.45510292301014,630
40310000,202.48576038989742,273.5577258540892,630
40315000,193.2475125082475,353.1221492687145,630
40320000,188.01513545628384,261.52996705671893,630
40325000,211.4922369165295,228.23408298554276,630
40330000,192.62714658423263,338.801332256904,630
40335000,175.95070130462904,363.6735237810533,630
40340000,178.0013597183842,286.82303147169483,630
40345000,168.02379407724524,297.3576493687244,630
40350000,177.56941553283323,335.2801397769497,630
40355000,234.01242032536427,333.6044217205277,630
40360000,191.7706759200606,300.46046272959427,630
40365000,188.60709729116044,243.59396571287994,630
40370000,159.3930034354256,253.177934438762,630
40375000,210.46498274063887,291.7340197246737,630
40380000,196.30772438133948,308.7871826763868,630
40385000,198.21846915810752,329.4535891836638,630
40390000,201.21176018323646,286.34057873074306,630
40395000,182.0090567752472,359.72811416506704,630
40400000,212.28150675504787,337.8379417733119,630
40405000,218.48348958535362,340.5874530207755,630
40410000,174.7470521979868,337.34401061484004,630
40415000,186.7494318966877,303.91323921914557,630
40420000,202.67748307574865,290.95597849275873,630
40425000,193.3560871036152,278.8055680689924,630
40430000,229.63724079291666,324.1329022819582,630
40435000,199.64816490977805,308.8575041909981,630
40440000,162.08900551538625,353.0351405020481,630
40445000,178.11195402977307,286.29448100459456,630
40450000,236.08599745625125,296.6347845368558,630
40455000,176.6971431949972,276.662108475309,630
40460000,210.8835589208011,293.0591389744208,630
40465000,218.18900805371473,304.5433992430191,630
40470000,180.9377207972384,276.03090563922984,630
40475000,180.19401478676215,258.243981645562,630
40480000,151.89383173204806,333.25528302466256,630
40485000,163.46035734989516,283.0810845196048,630
40490000,188.92704007122254,273.06287927685,630
40495000,211.71743507280695,305.07415454405447,630
40500000,167.4061353777399,213.1609146982617,630
40505000,167.49897417082016,299.58361399626915,630
40510000,174.38198882445377,317.7727095277458,630
40515000,203.57910905725197,432.79728822189276,630
40520000,203.8965394418742,329.03895990775385,630
40525000,181.6547022520316,291.861287377514,630
40530000,199.57771864251316,319.11340557286496,630
40535000,204.97947274335078,368.421748333776,630
40540000,195.2092927674113,303.56204249844444,630
40545000,191.5938394453226,225.47122933459232,630
40550000,201.68530779046188,371.47361195708004,630
40555000,187.31158285466287,273.39904997102195,630
40560000,215.1866538891539,303.800443950522,630
40565000,203.01857137389322,261.5026496942665,630
40570000,202.48876176252003,291.2615581807853,630
40575000,201.14378128247228,314.04727099810043,630
40580000,173.26817356561406,328.9148384168333,630
40585000,234.77388643469982,348.7344315600647,630
40590000,186.96963111621235,284.1185534379053,630
40595000,143.0118555186521,343.30972130332077,630
40600000,214.7329932777842,326.45613774417956,630
40605000,165.99975568714393,268.2791695141326,630
40610000,193.66931222826054,301.46646033696203,630
40615000,196.35522257232165,299.52239825959794,630
40620000,177.81077675057622,263.4907895123227,630
40625000,186.6399983771231,284.2885127903619,630
40630000,174.96559192568003,263.4210976184522,630
40635000,199.44286343200457,345.5120840201195,629
40640000,208.4561747805602,302.47465379214236,629
40645000,194.886528918645,354.8703737417375,629
40650000,194.62171887500003,291.129833172292,629
40655000,205.02020021556228,357.26184293194376,629
40660000,167.44063995254027,283.90674978653044,629
40665000,181.52345327496505,319.92295035209605,629
40670000,212.17565743104052,266.53881067601804,629
40675000,219.73213675407789,297.75664381542174,629
40680000,168.48673066010195,310.5300683128458,629
40685000,178.620866716543,242.96616167984436,629
40690000,209.9576787377821,262.77407384555056,629
40695000,188.18602723433216,301.2701479114486,629
40700000,180.9421224368706,271.2301208907912,629
40705000,216.8508667081562,283.46095087007467,629
40710000,183.51872680287755,320.6435345248007,629
40715000,177.06966826795232,370.8103374829087,629
40720000,189.03156096965955,280.43896743376354,629
40725000,193.34229059415603,209.11835800350553,629
40730000,181.62629120306536,296.88003652000145,629
40735000,209.17879189228614,236.51284087129983,629
40740000,168.1704242792847,289.0726474345748,629
40745000,200.4090192919626,310.4284135375687,629
40750000,181.95438540992672,265.80822429928946,629
40755000,215.00002818946123,304.9327596509717,629
40760000,189.4545298312046,343.463359297911,629
40765000,226.55323145743242,264.80470255534607,629
40770000,165.3110110286663,316.80506762199843,629
40775000,183.82340028053514,314.32716303790244,629
40780000,204.2245964972959,279.3523762609873,629
40785000,184.99211003019948,312.61137302578635,629
40790000,217.5126589866857,265.3352678410389,629
40795000,209.99732878060226,293.7645964503124,629
40800000,187.69838442337084,369.3510063178489,629
40805000,192.78207552886005,317.61917306537805,629
40810000,192.03799784438263,286.9087549649206,629
40815000,183.34400200874268,346.59888208630974,629
40820000,197.17070455723263,223.26820579997946,629
40825000,233.57981584882745,354.38700443380367,629
40830000,186.40672388794368,325.25718658652573,629
40835000,198.62243218684137,261.8258560257783,629
40840000,157.82200301651045,285.7604010478309,629
40845000,178.91926820523585,267.06103468165674,629
40850000,153.69286546953452,305.5472143426033,629
40855000,181.36006720889168,278.37348430630607,629
40860000,151.83481476338034,298.62084504243194,629
40865000,239.97314293858892,277.00256127940236,629
40870000,180.26141475854658,266.15947518748067,629
40875000,202.81066512326527,292.2642020307999,629
40880000,187.98876290136752,362.3506431291436,629
40885000,165.20468325321724,279.0059222755677,629
40890000,228.88109749270612,322.2147114077443,629
40895000,141.95288421518578,300.8364386221263,629
40900000,207.41056848483524,317.5139306435439,629
40905000,173.70546257283726,349.82287097083275,629
40910000,234.9659826749047,324.6930316902531,629
40915000,188.3768504937612,302.2825760539873,629
40920000,191.3559173549279,318.03963272134206,629
40925000,212.69123828459297,309.4255177447963,629
40930000,202.26993252941577,302.8488388103915,629
40935000,180.9736490212517,252.91874674637666,629
40940000,215.06566586097182,313.4998607894598,629
40945000,193.39991991157868,211.62402294754864,629
40950000,189.06793015405665,330.46746391383334,629
40955000,152.5629011699948,302.9105065765203,629
40960000,201.5476278300994,358.42878853934104,629
40965000,200.29858344454007,320.21322322733477,629
40970000,197.50200505103123,269.26592933072095,629
40975000,161.82998671462468,261.34598142753055,629
40980000,190.36679551971423,297.76191297053407,629
40985000,183.79584515440385,314.8921574997142,629
40990000,225.54256664355694,322.70540727246487,629
40995000,179.31838192083993,315.4890074397347,629
41000000,190.13772867840262,330.5673016182038,629
41005000,193.31553598488998,301.0218627246517,629
41010000,175.30080502198663,304.76389468754735,629
41015000,201.81064482089138,301.18083780575563,629
41020000,205.6182186906204,325.8931242169097,629
41025000,182.41424668525252,297.24005053653815,629
41030000,175.27055980587156,322.43283607306375,629
41035000,196.74252132582419,345.982208608015,629
41040000,199.5978417183968,330.5521737175231,629
41045000,219.94493923256158,317.82417579868456,629
41050000,214.51876252020014,377.37536391614873,629
41055000,164.39040648230645,312.5999669430296,629
41060000,190.4999752616538,315.26052196086454,629
41065000,187.0453055337253,290.75399909069705,629
41070000,165.77941813757624,287.7713407704087,629
41075000,226.11704079863298,236.39513747437135,629
41080000,232.31237243790645,265.5593619195945,629
41085000,198.68837696898697,274.0326024452415,629
41090000,187.87696543122985,291.84845098626033,629
41095000,179.266662662558,322.9479908417568,629
41100000,165.07081177104314,275.93658452867476,629
41105000,185.4198197164709,255.0666249596044,629
41110000,236.23519840316666,299.2916843336411,629
41115000,216.49898049971188,260.9284503777501,629
41120000,252.55339542196242,300.3574994945561,629
41125000,173.88095364278382,385.82806996201947,629
41130000,190.01499533372396,297.8763648642355,629
41135000,177.51394933848525,321.48107336991495,629
41140000,207.83703064804357,355.130238333379,629
41145000,175.58513844089816,298.48703532544636,629
41150000,156.3758607434106,259.79886722239235,629
41155000,190.71005750527377,300.6375506046103,629
41160000,165.5512599161342,246.20148754018277,629
41165000,192.4928910044672,349.44685386985225,629
41170000,203.25259395632773,319.5294633187871,629
41175000,188.9879414602338,331.7015652741449,629
41180000,201.6678872113808,366.0736418143759,629
41185000,161.57179524009797,326.2339001127961,629
41190000,174.90769888537596,293.0548484414283,629
41195000,158.36799319434317,345.70141962599445,629
41200000,176.15986561823337,275.5484488702444,629
41205000,176.57206328820737,310.1530385756122,629
41210000,182.35768705272574,264.8379540535046,629
41215000,178.48234362032466,318.39288134370315,629
41220000,211.71119022378844,333.1414473464147,629
41225000,185.70934802332752,292.61354092939075,629
41230000,185.5936661495538,334.4710191464476,629
41235000,194.08659999088727,263.9435150426909,629
41240000,180.89476519774223,283.95704381923656,629
41245000,224.6029379285493,312.10657133333854,629
41250000,238.87514299288608,309.32027325992453,629
41255000,193.51404259741915,292.8099105525778,629
41260000,184.75713577036385,307.3556125930795,629
41265000,201.8538257653885,314.5850051224475,629
41270000,133.53049817435718,283.2763020889465,629
41275000,152.865772770462,255.25886702782185,629
41280000,178.66628368901107,284.3591540978979,629
41285000,202.6488744703231,285.8750387866977,629
41290000,183.508287818776,307.216681234668,629
41295000,204.79792640972633,288.54244357447936,629
41300000,187.35439072469853,261.38199971921904,629
41305000,239.22027514549114,254.64638659658263,629
41310000,182.84485225819606,252.3844145972955,629
41315000,212.0980971374885,359.5818404536892,629
41320000,182.2651040118787,251.2308671989097,629
41325000,183.4526157758816,304.70924214601985,629
41330000,169.22975761086894,289.6257014633103,629
41335000,190.18522553937225,252.78818121586343,629
41340000,178.00895560044708,292.6069957261529,629
41345000,170.74069373252024,349.29650260624373,629
41350000,179.0977099940643,340.1349862417398,629
41355000,239.17844723356097,329.27967597695283,629
41360000,236.34331561623074,321.2132468659624,629
41365000,197.3131097122488,314.9773334823574,629
41370000,225.56750668613893,367.4539649304803,629
41375000,194.34105022476083,354.2012608257054,629
41380000,161.7361991342098,268.0022256710838,628
41385000,175.0957694873782,264.6848703309917,628
41390000,201.69861264210493,276.64359548447146,628
41395000,190.99214502613623,338.3153737018685,628
41400000,150.78746610963321,265.01731978114,628
41405000,221.9086338637182,327.251338920771,628
41410000,177.72902569815884,258.95632080905756,628
41415000,193.85979224648494,347.3781496650332,628
41420000,225.16873142043033,319.9980074032186,628
41425000,172.8210623363887,296.3875751853775,628
41430000,205.00876359392376,276.2428782301419,628
41435000,206.61029741013658,403.56838248708533,628
41440000,186.48138108216193,282.2074386580228,628
41445000,208.37007935016095,277.3197265051495,628
41450000,187.21814525663615,333.65490531107304,628
41455000,187.6029615691238,272.97507588007585,628
41460000,169.65042010861055,414.75727857451704,628
41465000,205.57815450863052,313.9396521676214,628
41470000,179.72098307772907,310.46434507462897,628
41475000,185.5492126686688,253.7770678402582,628
41480000,204.56655972455567,305.3611637254786,628
41485000,170.60347433786555,297.0699737085965,628
41490000,187.91357661290346,312.48143096924105,628
41495000,180.41071354731818,274.94529116284417,628
41500000,177.1548056306229,326.20442981525383,628
41505000,161.34299606251284,331.0810630975717,628
41510000,227.70226754004193,267.908865998234,628
41515000,206.20920599061066,277.68666943735684,628
41520000,180.85705815140562,350.7976699369475,628
41525000,188.16087516276994,293.353302566184,628
41530000,168.22623350145741,364.1212093659003,628
41535000,215.66390198202382,302.7955770092159,628
41540000,192.4251065079595,300.61023329299417,628
41545000,186.82535095373476,299.50258108327586,628
41550000,188.92598949496633,265.635843887196,628
41555000,211.99651035351215,267.6109682556604,628
41560000,215.2821665690127,378.6585474986489,628
41565000,188.4376857636875,299.4174834766434,628
41570000,171.85665926388987,337.0737592298057,628
41575000,199.60072337272192,249.15483180888185,628
41580000,182.25872544406337,292.84383894400986,628
41585000,199.558450770467,318.49704957532845,628
41590000,173.06942176619026,320.92594329615343,628
41595000,192.39381205156826,330.49531856746125,628
41600000,203.6297753796805,320.3301444857833,628
41605000,253.91434681091175,281.3093677429547,628
41610000,175.18271107427023,313.9579044816077,628
41615000,204.02216647020484,345.27692938310315,628
41620000,165.26547955128405,282.851968019486,628
41625000,182.65212936546885,224.79252505831556,628
41630000,228.33433512232108,290.6321501143919,628
41635000,185.14464323866244,294.43111207817725,628
41640000,191.1942257514951,306.6204389414719,628
41645000,203.61166538087102,263.18087094458076,628
41650000,198.2900505336219,318.6891584882226,628
41655000,168.51356260426758,312.6081954408707,628
41660000,180.77910692433446,294.91297822274964,628
41665000,146.92822527687525,251.33131258606494,628
41670000,173.92887912583683,269.9950490584492,628
41675000,226.5591913901879,301.03769922296146,628
41680000,189.98350202486483,328.223431413542,628
41685000,234.6062023193543,316.96539461647046,628
41690000,162.59170422457862,291.1944393528915,628
41695000,200.4627214938285,324.81423005129716,628
41700000,183.86297316927323,283.4414637949907,628
41705000,197.21342939384226,356.2116467321944,628
41710000,196.08270844283965,347.17298995699366,628
41715000,155.64989438717822,326.90315908972843,628
41720000,196.42478221046173,343.75687964496495,628
41725000,185.4933684747526,285.2458191372221,628
41730000,164.19712104898255,291.69183070039963,628
41735000,191.87671201897155,233.11643431235962,628
41740000,179.3352044587657,262.8224612252932,628
41745000,196.2016131073644,341.0337629040971,628
41750000,159.12706338925022,288.1190148808723,628
41755000,176.27327053734052,316.8131079974183,628
41760000,205.00941154928037,288.381877484383,628
41765000,209.15612533441393,361.6637590698279,628
41770000,159.62553260407284,331.0457001153112,628
41775000,164.77506688320335,341.47059329443874,628
41780000,190.5718284551121,289.1115618547136,628
41785000,184.49628797302339,277.01762546112184,628
41790000,202.67377168526207,300.9011678952977,628
41795000,208.3392792504146,325.95514976128356,628
41800000,229.36044206742082,313.72809106123475,628
41805000,185.9756848231407,267.16104554569904,628
41810000,205.3192856019059,299.0524098770111,628
41815000,195.97102434790906,310.9254462812569,628
41820000,236.78199514257102,317.5767145982651,628
41825000,204.1738282100454,274.40796451343095,628
41830000,162.66111147324085,320.3213634390023,628
41835000,204.7985355263927,324.38215498220865,628
41840000,137.00785922655987,293.3099547011173,628
41845000,206.08673640881318,248.112954126509,628
41850000,188.0655798583303,270.9221105024142,628
41855000,173.59557107283936,290.0349555347042,628
41860000,176.16577576577635,320.3916646856275,628
41865000,197.77465424066094,295.36733775703925,628
41870000,161.80983864583476,310.9321087105658,628
41875000,175.68683139688778,329.13673222616495,628
41880000,156.93669628515696,223.04887123353973,628
41885000,183.79701390157106,301.1311370394999,628
41890000,174.7532860607121,353.5891504323071,628
41895000,166.59914769374467,272.30946397405796,628
41900000,196.22288800831132,233.95059157461327,628
41905000,197.40732308244506,253.28894990765656,628
41910000,185.9381586177835,298.1777607285186,628
41915000,161.93287627455464,274.5897415668616,628
41920000,180.44029889833337,289.1549246926599,628
41925000,156.88496143925866,287.63791966609983,628
41930000,240.16457263247634,293.81162584950914,628
41935000,191.3373394531738,285.5820209708648,628
41940000,185.59159225012897,257.7413337922965,628
41945000,169.83644138569227,299.2808726757401,628
41950000,192.6280055742457,358.99062826373563,628
41955000,171.2301221411916,370.0313646862182,628
41960000,151.2279424113895,258.94654563759576,628
41965000,208.14901215661394,296.6614030290528,628
41970000,206.56341094429206,325.7788229245972,628
41975000,184.24895803921876,281.93649719581555,628
41980000,188.46282963441877,263.42777898764757,628
41985000,182.92357641604326,233.82625582825787,628
41990000,153.1812800351897,276.76634328412445,628
41995000,217.5564201424258,265.0280470329528,628
42000000,162.58448424349828,288.81421592047514,628
42005000,211.11565117341343,355.33195795661896,628
42010000,165.04761507362934,349.54911478033836,628
42015000,190.34900916920455,296.8197569205076,628
42020000,182.75670553495814,326.048901093873,628
42025000,209.89240943510734,286.0666423490596,628
42030000,231.1171400951523,357.2731859719348,628
42035000,170.88389366476406,239.63339090224636,628
42040000,201.63206565206443,246.3526288995631,628
42045000,189.4033022069134,299.421598228068,628
42050000,170.50506895364268,332.27953286597074,628
42055000,170.1179006067743,253.33372776318535,627
42060000,175.47696143640124,321.1537594889297,627
42065000,200.77011116527697,287.00186931790415,627
42070000,177.35434787457982,317.7485048891403,627
42075000,183.48382310124924,295.19095566526306,627
42080000,173.51573977936255,293.9153339039768,627
42085000,220.32261134126807,321.297047089776,627
42090000,206.82308354621097,298.8404193122887,627
42095000,229.07444372722796,360.3037452505235,627
42100000,191.47587165563033,344.8381743899425,627
42105000,213.29439151722013,315.0920746748004,627
42110000,177.3383116905295,330.485847718141,627
42115000,136.00326791997767,257.39622421229865,627
42120000,192.03252961806118,255.2247676700934,627
42125000,187.90297913300603,306.1184699906347,627
42130000,158.98139165499327,306.5001548461422,627
42135000,177.01544530920415,261.2679113815597,627
42140000,176.6567027548029,276.4839386590337,627
42145000,165.72458457785802,307.90095680058784,627
42150000,202.23087256197488,287.96667836339554,627
42155000,151.8180565486638,260.502871425017,627
42160000,167.15400132363112,320.14279829856434,627
42165000,199.7818114480702,272.5911431185284,627
42170000,168.6050144786034,264.63977248929996,627
42175000,169.763055559965,305.58800505069104,627
42180000,209.13275242692262,308.2264075759097,627
42185000,187.74333176024572,278.990796088241,627
42190000,197.08237893751232,294.04744221923806,627
42195000,217.3431455965771,342.24443041639495,627
42200000,173.25214308701698,316.071432365483,627
42205000,215.40854550012747,246.593863668771,627
42210000,210.22489852580827,320.8798191162306,627
42215000,175.29277106229023,293.4600350491549,627
42220000,191.47721883247797,294.6985037777489,627
42225000,192.01385131490693,279.42915728180867,627
42230000,198.6053688631186,247.4386544243539,627
42235000,163.22340082860637,264.1140939904332,627
42240000,194.74503675823323,298.2365693215861,627
42245000,166.41973661819483,269.4501805586662,627
42250000,157.07000869349346,284.98281022012185,627
42255000,170.3525103689325,328.3210850488099,627
42260000,171.44640906181365,256.2189165322041,627
42265000,187.05600051595883,323.33933226188077,627
42270000,173.23314002141404,278.99443560297755,627
42275000,181.8868167978061,260.6479925927763,627
42280000,156.8611709409573,233.38857598576448,627
42285000,180.90194263414392,297.1559680723583,627
42290000,194.70748047969414,250.47657151654724,627
42295000,208.51135236257548,299.82520537690397,627
42300000,165.28529046938598,298.1910645525146,627
42305000,204.79546749020517,320.5538068023292,627
42310000,206.22827212225536,293.0481723829211,627
42315000,172.77060252985126,235.48544787554866,627
42320000,234.32297560682724,276.257988062981,627
42325000,183.00433974197765,377.0409179163238,627
42330000,172.17200371832948,262.0487838721886,627
42335000,158.01835012864433,245.32052870213656,627
42340000,214.26390782304074,284.84883699510294,627
42345000,212.05485499297788,339.148267416957,627
42350000,183.0929534617579,327.5153050492963,627
42355000,177.2273074574389,330.42437724002343,627
42360000,192.7907735745269,326.95584261276457,627
42365000,190.51041470650947,249.77192826461925,627
42370000,172.45313433990498,286.1513967135693,627
42375000,182.00839707961242,235.69265227425566,627
42380000,181.13133176747812,321.358412858249,627
42385000,140.0914508263596,309.6291615128467,627
42390000,215.96167601427163,281.67157133932596,627
42395000,203.71483229311085,315.0998587038838,627
42400000,176.10888235808864,344.5800083256012,627
42405000,208.55016236667208,327.4630439669309,627
42410000,214.92729206352078,264.91967054033887,627
42415000,174.0527806876795,305.512611170011,627
42420000,204.89213298839093,270.1577995634275,627
42425000,223.0527836606988,247.2528781443271,627
42430000,220.34339871245788,292.1785696486608,627
42435000,192.343735723572,244.21448501671586,627
42440000,174.07378201337917,276.6738124515809,627
42445000,153.33806802495388,289.2183597789024,627
42450000,222.2470914553284,361.3112224200165,627
42455000,214.45651655292258,263.6636821300884,627
42460000,210.4605214969744,302.6922161754543,627
42465000,176.04119197034737,206.15016985629438,627
42470000,236.53782408070361,264.074522076002,627
42475000,187.66879577819662,286.06868679535023,627
42480000,192.70228074087754,301.0220041577539,627
42485000,181.50301157604596,279.59606741590096,627
42490000,193.10589626439705,324.8316513460769,627
42495000,208.12578820684388,352.718097264977,627
42500000,164.3663256244527,287.47028326568676,627
42505000,183.03835559103362,314.4697043412673,627
42510000,160.23714239157252,248.55064989689023,627
42515000,167.4661133968818,283.222238105096,627
42520000,162.10427655750607,285.69036253653076,627
42525000,224.87416985477648,242.64178245253208,627
42530000,175.4190145067211,306.73637821128125,627
42535000,191.02114826534864,315.9961128723662,627
42540000,171.28276219265237,277.08060193418424,627
42545000,187.89872234219635,266.58806292714127,627
42550000,190.97102285953116,227.46823205284912,627
42555000,214.71322501510488,319.85552269834477,627
42560000,240.94409243015997,327.7522306235706,627
42565000,156.2343519237943,256.18377468000585,627
42570000,184.6000942674022,276.3571842826193,627
42575000,179.02339866336726,325.6083890155251,627
42580000,166.62001196792625,330.3003840534498,627
42585000,158.7175527016542,334.9502028355503,627
42590000,228.87210020817574,277.38444242670255,627
42595000,184.49966616695323,245.48967749229087,627
42600000,148.90857839596583,306.02461806319775,627
42605000,186.29819183435455,312.817900885605,627
42610000,196.6127260999131,288.94427254585025,627
42615000,182.710116284645,225.01534251176702,627
42620000,183.81415636628523,273.6663795490259,627
42625000,201.03421823505178,286.6894706467626,627
42630000,215.08519299597475,333.5907787071867,627
42635000,205.0047449247972,329.541336739238,627
42640000,208.57997327648783,311.03260085964007,627
42645000,240.02752350308438,334.1819557225819,627
42650000,192.66694664583628,273.4212802806711,627
42655000,175.48040207100308,284.57674902181964,627
42660000,195.61028874579043,267.69275277135455,627
42665000,199.3574634980881,265.7524224209198,627
42670000,216.83024766453784,296.4038248445965,627
42675000,194.62042822527312,290.02058755229314,627
42680000,197.65129802718056,319.7698187362424,627
42685000,183.69172231014028,249.07554517447278,627
42690000,187.0904520495426,349.9726094394594,627
42695000,200.87388710164927,260.80945858942664,627
42700000,172.285920123419,329.8176795878461,627
42705000,198.34356802336976,274.7732474033002,627
42710000,199.73445790292888,272.69737733573606,627
42715000,144.96682949231675,311.8672500975196,627
42720000,197.32380370057035,328.712924111839,627
42725000,186.20994565603823,320.29610445358486,627
42730000,180.8386428245041,309.5122524679031,627
42735000,199.63622026239221,370.9758444496896,627
42740000,204.12869113500005,288.76444045215095,627
42745000,197.20268704250822,256.17805825261075,627
42750000,185.46382020248933,291.8861031559042,627
42755000,167.4546299644827,390.4767266795145,627
42760000,194.85276869566258,258.2409661733689,627
42765000,188.52261243638605,363.4711430012403,627
42770000,184.83493271810886,333.14361023146125,627
42775000,231.6983588599826,271.53037105093654,627
42780000,223.17321612727247,261.952816780395,627
42785000,147.16044070046115,305.9676107626235,627
42790000,217.81889314270114,247.94674634717498,627
42795000,220.9294623473109,320.77400564819266,627
42800000,168.04622911868668,243.4444097834817,627
42805000,198.5658087824458,337.5643723690924,627
42810000,168.62210944384512,381.7448798487148,627
42815000,185.54948884248097,312.69820089594293,627
42820000,210.38475325476566,313.8879732499841,626
42825000,186.1978972247254,264.528232822912,626
42830000,200.59812714609797,301.78316806251587,626
42835000,192.0380385023276,270.6154333732033,626
42840000,184.09674359126006,343.4982287988475,626
42845000,178.89522150637217,286.002103274574,626
42850000,195.66377467796647,322.9828464254107,626
42855000,189.4841289656503,301.5140760643463,626
42860000,204.47408711240655,337.9541369460211,626
42865000,169.8794728859409,288.12268845370915,626
42870000,200.46439983666122,331.9965659528768,626
42875000,181.2494149046455,349.0933487974596,626
42880000,217.36339542962617,261.5058340851873,626
42885000,169.31666781840363,294.18290254299905,626
42890000,190.37108813739016,350.77120900631985,626
42895000,181.9800984705764,249.70176720996682,626
42900000,193.32332158266007,349.94706426199286,626
42905000,179.4601088584071,247.18090292744918,626
42910000,178.35328358532888,304.4997446651261,626
42915000,186.17194377796508,285.2358761019453,626
42920000,211.02734755264586,371.883411629821,626
42925000,205.76004476611138,340.84556451511605,626
42930000,171.3942375778235,263.86489175941824,626
42935000,198.63321824540014,316.09322433092484,626
42940000,223.12053648068917,264.97839696079876,626
42945000,156.19399490037287,216.23308714283098,626
42950000,159.61936524615925,323.98246961080775,626
42955000,187.0237354035541,261.32134035414236,626
42960000,199.21211518037748,229.43439473257445,626
42965000,180.7167990093303,299.95533722619103,626
42970000,216.25266946759078,327.5030173226515,626
42975000,181.60114087122662,301.544952164459,626
42980000,218.66884918042325,321.8294525284194,626
42985000,199.0350321107204,269.66257485237554,626
42990000,185.9016197763855,295.0066427078477,626
42995000,165.5792988149777,338.8010893455182,626
43000000,166.19441121356806,302.78574630274727,626
43005000,207.38652139958273,286.30489849378114,626
43010000,168.76716862774538,311.1426315268976,626
43015000,201.99343607367027,290.5717692808818,626
43020000,162.62969650602028,312.90393509443845,626
43025000,178.0601245758611,292.6960877709116,626
43030000,150.1885777079329,267.49997158328495,626
43035000,180.67489096066242,291.3906544880667,626
43040000,171.60869315022566,279.1211161577787,626
43045000,194.1756009319684,313.10488974931957,626
43050000,176.4998069553488,258.3701616206191,626
43055000,192.47261484232934,295.88842895094973,626
43060000,188.47314354398958,323.1701774612192,626
43065000,185.9616876971051,354.4446949744846,626
43070000,194.25127732986337,278.5160188583913,626
43075000,213.36917630850868,346.1680430876219,626
43080000,214.7559715608779,347.01747149280845,626
43085000,198.93118527776446,277.384335175118,626
43090000,201.99083022093424,279.1901589723979,626
43095000,222.67858317688456,357.6463431436835,626
43100000,187.54812345031416,262.04511187219543,626
43105000,166.57487141857905,305.61742563675284,626
43110000,147.1668578128069,278.1464212047344,626
43115000,171.6628249390783,293.8689144614061,626
43120000,190.01417905751296,309.1937438147804,626
43125000,230.4811238834817,323.0784728279458,626
43130000,178.6885383303486,312.46320034762977,626
43135000,186.7725528907506,263.3603815934471,626
43140000,178.40245409331493,317.95391497236125,626
43145000,184.21126202594763,342.46700029935516,626
43150000,172.26112101561512,299.869291327713,626
43155000,202.9518839871429,294.72833669752066,626
43160000,172.0412559931114,282.2427827903864,626
43165000,183.6465888570461,225.11180393877788,626
43170000,183.13906228543178,274.9856519594829,626
43175000,196.2778265735069,292.8535614657419,626
43180000,178.00537699918755,267.32186055871404,626
43185000,150.8849588652132,287.9031423333241,626
43190000,188.4974445790625,296.91602918056776,626
43195000,215.73557224758443,307.69187661634476,626
43200000,159.56683629321185,284.48643325040194,626
43205000,211.9450442164226,272.16787054383354,626
43210000,185.196348514996,286.27228671601904,626
43215000,190.45155061711023,301.36068010100485,626
43220000,199.4454807934511,325.00766275629263,626
43225000,196.94295692880067,385.03746900323796,626
43230000,186.59190860376538,272.62230314688634,626
43235000,230.73100837355605,243.4108740533812,626
43240000,201.36898255648316,285.6728137828638,626
43245000,151.7090252269596,309.8406656857372,626
43250000,203.5384184060743,345.5112158957563,626
43255000,168.23489040212448,249.6004912192828,626
43260000,188.70983290476255,345.75778945606754,626
43265000,172.29436891618823,309.83873148053766,626
43270000,153.45100129986503,263.3298635044842,626
43275000,180.29091539328806,279.7859297070823,626
43280000,226.21847421828755,355.81597383239927,626
43285000,206.34617868478537,346.3219271632424,626
43290000,189.41143074997618,273.78972815136717,626
43295000,208.31225479300886,294.1295287755883,626
43300000,200.1707746484546,239.45432789666387,626
43305000,173.82774689904969,274.0463512802675,626
43310000,165.51938314673703,300.4586730801521,626
43315000,191.12617767888923,319.7306014849413,626
43320000,196.93718103598522,295.2621194636298,626
43325000,180.19607248325244,357.4219413810993,626
43330000,216.45632254535224,384.41018572301533,626
43335000,185.64055225454476,309.5715430901212,626
43340000,196.1425451777126,273.6336271209048,626
43345000,175.32010630838553,320.9737941804507,626
43350000,138.8443932410243,279.84162179606676,626
43355000,167.54174934417588,267.6236175861162,626
43360000,152.21553950485998,323.0847879324727,626
43365000,181.14424742137646,267.99830283206455,626
43370000,151.26216071902053,277.38113913544686,626
43375000,165.45222598866508,284.1638036524199,626
43380000,171.87235322534184,266.30216282784386,626
43385000,176.54154187079916,260.58369070026947,626
43390000,193.23013408933613,322.36929154502945,626
43395000,158.07539772380903,338.9080779690356,626
43400000,197.30477285397274,336.2955270540586,626
43405000,211.65766679629186,374.36855657768143,626
43410000,201.1114877230039,248.56754789510902,626
43415000,203.93977169022588,322.68458161617826,626
43420000,180.7302358616248,343.82950959033684,626
43425000,194.92680589286203,334.4436697222366,626
43430000,226.54391332711947,334.41206819311157,626
43435000,233.08753376854418,349.7452781529881,626
43440000,193.7748081335129,288.75351747977027,626
43445000,178.6695688181068,288.45990932593736,626
43450000,195.84695018728422,275.17094374633575,626
43455000,179.56507187300872,314.50606136043024,626
43460000,193.62510137845834,326.5311704641788,626
43465000,234.04425106886745,291.91325470894907,626
43470000,183.3360199213385,281.2973464630157,626
43475000,168.21701793902952,316.05482863427835,626
43480000,212.9348043995936,281.14116149685555,626
43485000,195.94515066000983,322.22359356935374,626
43490000,210.30249340278766,307.3802981086947,626
43495000,179.6054431732072,299.8179943387391,626
43500000,194.35249356356135,265.16294999806223,626
43505000,167.12931969714498,284.6464988786212,626
43510000,156.22411749753914,232.52347322723517,626
43515000,179.78259790833624,318.9499664682101,626
43520000,190.57633534845792,331.5726745248751,626
43525000,247.03108070335333,266.5490445777936,626
43530000,179.69736158663656,285.9857685844323,626
43535000,178.97653596277524,284.0436397780425,626
43540000,176.34493295282917,223.06672804129917,626
43545000,184.62021887414954,265.14515319062474,626
43550000,227.24141628367772,326.8875027321727,626
43555000,170.98029989564424,314.08053513619353,626
43560000,198.52154362171456,248.95825486785375,626
43565000,185.48482063038605,270.1783762882733,626
43570000,170.96601099379046,320.28588479713756,626
43575000,204.0264290878172,299.36612841688503,626
43580000,193.0398575712419,298.5371503706231,626
43585000,180.82415279606647,318.5818441455819,626
43590000,202.22291211160137,328.6219662979728,626
43595000,205.1269635061072,261.8027956288234,626
43600000,208.59742081607715,348.2855304635044,626
43605000,219.64677659469405,284.9323267555631,626
43610000,199.57894979013355,270.06463337608,626
43615000,184.4922279732425,351.51397272331087,626
43620000,221.0386765598865,340.39810164034924,626
43625000,189.50543351888544,344.56368748065506,626
43630000,175.73166770544395,264.80172271456973,626
43635000,192.76599502560987,354.38235089451825,626
43640000,196.69853075270566,330.7489767913181,626
43645000,170.4844036510325,344.17148474106335,626
43650000,178.96504428119755,289.5689745852189,626
43655000,157.92546854697144,211.80009804179525,626
43660000,161.41784157674942,261.66416420161875,626
43665000,210.7035372508316,270.52934141958264,626
43670000,170.7596401083918,327.3376140902535,626
43675000,218.31650513863457,333.1684188784744,626
43680000,157.87948496205212,233.49873976305662,626
43685000,180.69390589267445,312.91593672355214,626
43690000,197.33560156457696,295.86122227042773,626
43695000,208.17739767968737,310.3357063014039,626
43700000,189.01855662102622,314.79778667870784,626
43705000,198.15855500692808,263.9665290975292,626
43710000,203.47079047156302,274.3843381318467,626
43715000,205.92108519955755,357.90272849174926,626
43720000,218.41802222849304,238.58843771415295,626
43725000,211.02692089787323,312.72640656116874,626
43730000,222.37008193122483,290.0232205039626,626
43735000,179.82985974579603,287.10958027013095,626
43740000,192.74758788554817,297.6313734675396,626
43745000,206.10086328853905,297.9287605127935,626
43750000,182.55566984356412,273.28971233548816,626
43755000,191.47509129126846,351.19607809342705,626
43760000,171.91099426298578,336.14408500938947,626
43765000,210.60530623618968,315.82026504008905,626
43770000,217.08692640231567,275.6918165497925,626
43775000,203.48322588422326,276.09653448579326,626
43780000,178.2906543660302,262.34100275229366,626
43785000,197.69382291470606,271.8193647369425,626
43790000,199.44413941902923,318.8523230099243,626
43795000,204.63205568825353,377.3417663743425,626
43800000,195.9415407539565,255.06332347204068,626
43805000,199.51780433189072,360.32474768433536,626
43810000,191.38149217851168,263.9537649638336,626
43815000,164.02693515638848,288.0737880543823,626
43820000,171.90167565249774,286.5718129279417,626
43825000,212.16820487459927,315.0044364834105,626
43830000,177.7897202402272,354.16101103285587,626
43835000,206.2156290452195,310.6327381731328,626
43840000,161.18988756066935,312.2824765566242,626
43845000,178.7028284093994,296.192563686347,626
43850000,193.9561833285745,367.93935071607535,626
43855000,186.33561069094097,263.5148189207701,626
43860000,214.11508600168887,300.92282866300206,626
43865000,196.6969761633653,369.4702298445361,626
43870000,184.79062531085515,275.91952330674275,626
43875000,220.44661175842867,313.65405607050786,626
43880000,168.45636798839527,236.61937795819696,626
43885000,192.69197825333248,263.6887619671949,626
43890000,155.40640841500587,315.60891414227484,626
43895000,184.55459081404965,369.4883223731094,626
43900000,218.70726555119228,334.7072215669661,626
43905000,187.89100270619343,285.55225829979054,626
43910000,176.61655469199172,323.9733644260076,626
43915000,192.16839151138785,376.78121152729534,626
43920000,153.6817350803727,274.6994893227132,626
43925000,236.20965997520506,353.73193428510075,626
43930000,186.13334815066594,322.74017414681146,626
43935000,193.9644686331354,437.7572790295292,626
43940000,199.20807251063027,304.0666566060622,626
43945000,181.60836609276032,334.18437152679314,626
43950000,150.72956844609305,279.94512535424957,626
43955000,182.8233388911118,319.28858139623,626
43960000,197.38309741145554,269.7476625093136,626
43965000,212.99173396395076,260.90322273755635,626
43970000,175.51129398952423,306.88286448112103,626
43975000,189.0383303870246,337.37885347131913,626
43980000,170.99939006448662,243.55076363677819,626
43985000,156.30488921485096,316.6857913360246,626
43990000,149.88038640777683,244.09136500738583,626
43995000,187.16417626631403,300.00721248161244,626
44000000,212.4705146300258,345.8299953198594,626
44005000,193.15265350528384,287.6198374610632,626
44010000,191.40299583934706,299.0591548232822,626
44015000,199.4700290003986,353.5064051133187,626
44020000,194.2197630828277,271.11005815731795,626
44025000,169.0149336642596,274.48542546054,626
44030000,186.71289356671429,276.6093057178087,626
44035000,183.18044302272227,352.4927497577836,626
44040000,204.3750207154566,248.047796212527,626
44045000,187.02303133000993,307.62281094391346,626
44050000,193.11851205698628,227.21244062838448,626
44055000,183.93145500657033,314.2256212894695,626
44060000,152.62144082362093,270.70300899204614,626
44065000,249.46767186890273,345.3440953993492,626
44070000,162.0488018360845,235.85026249109927,626
44075000,184.08339498349693,291.25118232461614,626
44080000,196.94347205350292,237.1986803672644,626
44085000,170.56872330878133,267.50278098080986,626
44090000,187.35875793387416,288.3317638794262,626
44095000,199.080969351591,261.5413189807944,626
44100000,205.39659572155352,313.15347974453874,626
44105000,189.57225892427235,266.7464345989119,626
44110000,233.9904537823319,236.41619171646485,626
44115000,201.03374173253303,369.21065434486746,626
44120000,183.67394411457533,270.8780971308743,626
44125000,250.1140372959221,307.39155210412656,626
44130000,178.93894641624163,263.48041971651907,626
44135000,182.32553903864937,340.4738135277276,626
44140000,197.5235791279187,268.1639995494428,626
44145000,205.45328495011955,262.1799146055431,626
44150000,191.61578783106216,271.0858386983945,626
44155000,205.77644520058385,323.71891009331694,626
44160000,168.88840414735895,320.70763989550596,626
44165000,209.75888591619358,366.6411505414959,626
44170000,190.4478320572915,330.85125457284425,626
44175000,176.3357341803346,288.38577387089686,626
44180000,200.23105083082044,271.1148127167464,626
44185000,223.51972729267902,372.071928898305,626
44190000,192.2550113413683,316.33665653866217,626
44195000,159.3617561196039,278.96052168061505,626
44200000,209.01711583123233,298.7833264463329,626
44205000,190.19027947526078,317.37480387057013,626
44210000,203.4594211392683,316.58598640492636,626
44215000,218.1041371996489,355.6674236629777,626
44220000,204.43220830310094,353.34235030371866,626
44225000,216.05823048114962,302.9405290307095,626
44230000,168.896981353998,281.7625631241651,626
44235000,182.11309935294565,276.19576546622267,626
44240000,185.0451623321875,307.9899812469142,626
44245000,192.80007165835977,268.2375468641813,626
44250000,182.04237527320652,269.44837643772377,626
44255000,183.23057206646604,312.4929256054735,626
44260000,189.2473212119456,301.19452550257625,626
44265000,164.30491766402386,302.92561987011226,626
44270000,191.3412659630008,260.1244003880124,626
44275000,191.35207511932157,323.9992371264084,626
44280000,147.88201874738866,351.7007123907608,626
44285000,193.71833169090334,328.316074553534,626
44290000,167.4937508575647,273.73882934696616,626
44295000,196.88011550566083,309.88926746285136,626
44300000,168.1204408358082,311.14129608163904,626
44305000,186.52272519475594,352.24275806248824,626
44310000,186.09516494863004,288.5305001573076,626
44315000,178.37496448237752,293.38578399774315,626
44320000,178.1409393238892,324.9493331502372,626
44325000,180.6829514035253,325.67393378963544,626
44330000,210.84280575540157,267.56809443528806,626
44335000,176.60328958476256,326.13270426404114,626
44340000,236.83968462681605,364.63992409858747,626
44345000,180.55088186650136,255.3691038975495,626
44350000,178.41511914858376,315.31416667524115,626
44355000,199.03420875054303,360.07827783727987,626
44360000,189.24767444927272,298.9249784739112,626
44365000,163.1959095426439,314.23527064712147,626
44370000,171.67006474885127,262.6418796298477,626
44375000,225.86452370762098,342.69144905901715,626
44380000,156.15897699946635,335.37936589056153,626
44385000,199.79239449993023,268.7132379373817,626
44390000,158.09509568024234,286.51748713255034,626
44395000,199.69468086253312,328.5567032316999,626
44400000,245.69475104369135,351.5733931955664,626
44405000,197.9674895591862,251.00247185717794,626
44410000,159.74299173458368,296.7773651443386,626
44415000,160.42931083272717,292.9030506808029,626
44420000,200.04099068894186,288.31622989924415,626
44425000,162.1604419992703,292.6169079395714,626
44430000,198.81109400448204,207.48734302599738,626
44435000,176.00754952871443,292.9031798875455,626
44440000,184.30434559451155,351.14930157501453,626
44445000,192.72905385897252,242.66833742910217,626
44450000,231.70020947486006,284.8512572307744,626
44455000,183.55467507385566,297.3109848115753,626
44460000,210.8119225342367,291.8089218021385,626
44465000,214.75992601025322,258.52607559545766,626
44470000,204.27310476063005,272.58942271818967,626
44475000,194.9201320813485,284.92933811622174,626
44480000,179.53143688266326,270.91853493911617,626
44485000,165.23812585682157,247.7125363683636,626
44490000,195.85923920747445,288.7950149858512,626
44495000,187.5336083201836,251.02065214989355,626
44500000,173.04071480171189,254.27624358957317,626
44505000,179.43623832671403,308.1687753476445,626
44510000,195.4429873632663,280.6854898679889,626
44515000,206.32807501874908,316.89869039073193,626
44520000,166.78522121831583,340.78167762064777,626
44525000,161.9725810855041,265.3562815275618,626
44530000,189.21343087163828,215.54657992231148,626
44535000,173.40912568125972,331.0189789214201,626
44540000,206.08016198070783,314.7598769908267,626
44545000,201.14807288686265,312.99906341628866,626
44550000,182.9143386669858,261.646784152589,626
44555000,158.87757766550533,291.02836039053744,626
44560000,207.41500989701015,339.96645940704633,626
44565000,202.11191699039475,346.40613881153786,626
44570000,202.01386672493243,332.2580413251808,626
44575000,227.57330528215238,286.64789984380377,626
44580000,200.95990851759615,322.7267263467428,626
44585000,196.2727015388205,316.7405112098064,626
44590000,154.93560001867974,300.4453026984678,626
44595000,173.2287152239483,299.06926453745524,626
44600000,214.3053938291489,347.5231144613497,626
44605000,183.62410693510392,269.4913529710465,626
44610000,175.82708482793907,310.50811526231644,626
44615000,187.65829399977457,278.23809469018255,626
44620000,160.21100095178332,272.69287343315256,626
44625000,202.01393439074226,277.2850305883839,626
44630000,181.70871998952484,377.0950051683577,626
44635000,166.64523161701146,313.43641539629743,626
44640000,172.5391544294738,279.58842738184205,626
44645000,195.54895900044073,268.1222924220437,626
44650000,192.26005821110505,316.5463029270713,626
44655000,213.05811509578172,285.8927034353649,626
44660000,178.01949996947087,295.7940108127377,626
44665000,186.36364959396147,300.804726268761,626
44670000,192.78372095409742,314.5955922249112,626
44675000,220.57271746701275,335.4396521928441,626
44680000,190.35615323330768,315.38663062039933,626
44685000,200.81491648278194,262.21991882752127,626
44690000,216.16657828603786,296.0084107615486,626
44695000,181.3431802803074,338.9232191869582,626
44700000,213.4579151258296,315.18499012899,626
44705000,173.31875311469537,283.22136317333434,626
44710000,188.14546683179643,349.3463882679092,626
44715000,209.12675466762695,304.9246966184696,626
44720000,189.83807010737868,340.1180663585393,626
44725000,155.81212187817104,241.0262198300082,626
44730000,168.31515906286683,285.4142693540968,626
44735000,208.58292496563737,325.4469121234126,626
44740000,172.76713187459154,360.2064863483732,626
44745000,190.66272963633637,309.22112542783606,626
44750000,203.84608803974885,264.74401409551245,626
44755000,225.43258617027942,328.7441280927824,626
44760000,178.6998229810563,365.10891522880235,626
44765000,197.54828163639823,302.61024498623965,626
44770000,169.31801630726372,271.58322834434443,626
44775000,172.5009888796194,324.8995374009705,626
44780000,187.30245209538086,291.2306727306985,626
44785000,228.79306461773123,333.33395942436545,626
44790000,192.12963423225065,275.0565426148189,626
44795000,150.5395909519828,249.89995956306288,626
44800000,183.07478304540635,332.80630816638956,626
44805000,168.2704737563762,249.65950549084505,626
44810000,188.1595886279401,292.87600376937445,626
44815000,184.10393840073363,319.8747343786928,626
44820000,161.65862254890135,312.6996334378554,626
44825000,216.62131965829897,298.23826384897046,626
44830000,218.67306567641836,349.40991399883137,626
44835000,174.19836473106793,231.447579074696,626
44840000,187.08181930642297,291.5217561986427,626
44845000,190.51873007851384,316.22278916496765,626
44850000,173.50596158174324,339.82771686162573,626
44855000,173.68625533209084,316.36288475300677,626
44860000,192.73573370238051,285.84437375091414,626
44865000,225.80770610572011,365.9896344951594,626
44870000,199.0934697834735,244.76753454371246,626
44875000,189.55801097532006,262.4034729696269,626
44880000,158.49944069546285,333.10737656270396,626
44885000,183.3816580940403,270.68770482907996,626
44890000,163.7705310492864,319.12462399648774,626
44895000,192.61161114693593,283.9741748867902,626
44900000,201.31850374502415,321.24678464415655,626
44905000,179.45948127447755,354.27330030838294,626
44910000,185.42122787469285,278.6937920780738,626
44915000,211.31728981685913,256.6209346657994,626
44920000,172.34623562601013,308.2865696030049,626
44925000,176.976503233169,329.2028339781872,626
44930000,158.10820914677146,298.3551554885886,626
44935000,180.7477993727539,310.94874470398105,626
44940000,198.52749682145958,284.65059599312855,626
44945000,188.73186405515938,361.4693466573303,626
44950000,167.09132593722393,279.47090870510607,626
44955000,203.17289644837805,343.2374417330107,626
44960000,198.57491717745833,255.14425511764728,626
44965000,153.6823735287404,255.84052941560464,626
44970000,202.5153807046182,269.865317114755,626
44975000,184.3117690028719,328.5898774866887,626
44980000,180.5533700738386,347.17369632940415,626
44985000,216.14364648975507,285.20329596650566,626
44990000,158.5495316903822,260.9574028134101,626
44995000,168.34636853975059,318.854756600886,626
45000000,160.07988719859048,277.317457884008,626
45005000,184.70273174579077,268.5492838584577,626
45010000,190.52759815211814,285.04321709292554,626
45015000,184.8168854507441,295.79950247035094,626
45020000,199.41355043726549,269.1065750416401,626
45025000,168.7933589016917,283.67123475038994,626
45030000,189.3641316507669,250.35920638453075,626
45035000,210.3935130649953,349.8812569135685,626
45040000,206.98523107782975,272.1006547528288,626
45045000,140.71632509419328,302.1038717408374,626
45050000,236.58409795386905,333.56643930874617,626
45055000,194.3528959491328,259.4495826899049,626
45060000,192.3909995850127,293.45362242426495,626
45065000,227.1740934640901,368.1485345154918,626
45070000,218.75563947092974,252.47977867843952,626
45075000,167.20360864941432,261.2788402581969,626
45080000,169.00363994915494,271.7728478180753,626
45085000,178.24719297060165,303.47081276128563,626
45090000,218.6044397065699,306.76362935332935,626
45095000,180.37708575173127,324.77715904760265,626
45100000,239.30304410714513,304.4192614950866,626
45105000,237.7962700999023,279.77012749983385,626
45110000,182.5509299859914,302.3861312655296,626
45115000,219.88270601148344,287.8433065671694,626
45120000,181.73375147755908,257.266783727517,626
45125000,184.67863208499264,313.6800310843745,626
45130000,198.34991496766241,397.435062383,626
45135000,199.25047223720676,245.9790239140441,626
45140000,198.3586077358524,265.2978912115755,626
45145000,176.51530338224603,278.92380043986327,626
45150000,173.05990179266757,286.1716118648346,626
45155000,225.39501147496492,285.4865854055825,626
45160000,193.49696251477377,285.75320173512927,626
45165000,171.1516837232382,366.6848108060219,626
45170000,226.20299298499552,381.18947943913196,626
45175000,170.2256722636481,326.40216907525416,626
45180000,198.49845952230044,326.5721565158154,626
45185000,201.81063528274785,281.91321076994524,626
45190000,141.54305488612567,335.11972760393957,626
45195000,220.9909026109652,346.3821479863184,626
45200000,172.66829984496718,299.44407062597713,626
45205000,185.86378436662326,312.5346921165979,626
45210000,198.70503128576388,286.49242260941065,626
45215000,155.82466010660696,319.28218168230995,626
45220000,150.02752765161068,302.34697700473623,626
45225000,201.5644795052936,262.7558104784833,626
45230000,180.8104221308313,331.55621917587206,626
45235000,192.7584846603616,333.76459368656816,626
45240000,152.29847319850887,284.2614360022238,626
45245000,169.12120254425042,306.5588098975735,626
45250000,183.97120063109344,307.8505877498712,626
45255000,196.00283711286122,328.17696159908195,626
45260000,239.94670061677118,315.9351319845373,626
45265000,198.02258241586077,273.8452445809994,626
45270000,166.46312308971778,326.66678091307597,626
45275000,190.95733213963658,307.87317791840917,626
45280000,160.31226030541845,295.0224333558971,626
45285000,195.70694315674115,306.6471256934241,626
45290000,201.29593433072029,309.9106531790493,626
45295000,241.78154603098153,276.71114806058176,626
45300000,180.48822623657617,256.15133151763683,626
45305000,164.20137401754747,343.97623841474126,626
45310000,156.43658244745328,253.45851136058965,626
45315000,172.58803721868162,309.23290627152454,626
45320000,197.07028221442351,307.35940008917197,626
45325000,158.2562669450577,260.6928795197792,626
45330000,157.63640263743318,355.50672832109046,626
45335000,186.86967487203324,270.710312759876,626
45340000,181.9043249309889,286.9268276623872,626
45345000,202.50931919715896,306.6365081831011,626
45350000,196.8897616768822,267.6768998807971,626
45355000,188.79847369000282,271.5272181563999,626
45360000,152.45125572824853,314.64174530682124,626
45365000,188.07919035996306,266.1789091334958,626
45370000,202.88212133265725,287.1400607591926,626
45375000,184.6965953404681,320.7947305600493,626
45380000,152.2636474079826,281.04512053045084,626
45385000,229.10059777455777,339.024871507574,626
45390000,207.4337926932652,305.7860207076474,626
45395000,167.8885323199088,286.9147930383963,626
45400000,223.10557730053566,325.9324817778245,626
45405000,183.34702587285403,275.40700163994615,626
45410000,224.2772757118475,300.3354558120499,626
45415000,145.87550499906195,317.71843836461426,626
45420000,151.58770914138955,280.5667066287035,626
45425000,166.95964340978745,222.47366481888128,626
45430000,213.61679916887599,339.3170198110871,626
45435000,194.09385666518742,284.8756109705185,626
45440000,194.92905502772135,303.1315192772625,626
45445000,186.4299701259701,269.49029990177854,626
45450000,168.00054899091225,301.9696892968666,626
45455000,206.12170418506196,285.7033366028452,626
45460000,171.97881276787655,330.94066608926,626
45465000,202.93902113221367,309.9092235815589,626
45470000,200.64268509617426,299.0703067238635,626
45475000,198.78458328394436,362.0388440250317,626
45480000,221.20761326683933,301.90833790376126,626
45485000,205.74030766984907,282.36938060090705,626
45490000,197.16029591866877,300.97056742184736,626
45495000,175.97607385338932,363.576007945053,626
45500000,194.28419032260956,258.6730314597836,626
45505000,201.89066699131092,303.0443817326166,626
45510000,216.0156808960857,353.3943531906632,626
45515000,170.4171978423629,300.18190571184505,626
45520000,208.27953648085554,333.7893818285798,626
45525000,181.9038217564977,309.99395273572424,626
45530000,178.22268450999596,318.9365215053256,626
45535000,158.17108039115,317.7402341738625,626
45540000,233.5360022236607,313.59271604582216,626
45545000,154.660303460164,291.19819070893976,626
45550000,209.50070484497357,355.28125178617336,626
45555000,173.08383214575915,265.70201605285325,626
45560000,224.50348593866153,316.7423072227488,626
45565000,184.7364291760792,363.524443758188,626
45570000,196.47576457157788,212.7178913053129,626
45575000,179.5638829225108,280.7004783625417,626
45580000,166.03063065125394,323.219658858517,626
45585000,189.05180013767566,326.8585132992039,626
45590000,184.49530729678673,277.1564537332482,626
45595000,185.87176091770436,363.3580935778126,626
45600000,193.31918999200676,288.58643054853997,626
45605000,184.04229013906706,348.4002557697358,626
45610000,181.35448579376146,311.0309227074125,626
45615000,178.6024788186401,252.13457237038,626
45620000,175.23320570053278,278.02683642153653,626
45625000,198.85680262321074,360.4650504722049,626
45630000,183.31933102270423,306.08559061358903,626
45635000,205.0031791329139,287.33035109141815,626
45640000,205.5926725122431,274.4116161800745,626
45645000,170.30381606484815,272.31753915444824,626
45650000,178.72862510694782,325.0933165404195,626
45655000,179.72591556072163,315.52426598254635,626
45660000,199.9799568283289,328.72357814857656,626
45665000,184.7451117674,301.3488534191836,626
45670000,176.89488636507275,337.43294386850494,626
45675000,173.3221499933438,314.554963474924,626
45680000,204.95330378192682,268.9649879923856,626
45685000,178.0242111475673,274.75838786292496,626
45690000,209.65578417297752,385.5528355739137,626
45695000,199.92113301120946,314.73741070946755,626
45700000,196.96788572687686,261.98870585592226,626
45705000,197.11566348788017,322.72084418590686,626
45710000,168.65171271006943,280.2152658356524,626
45715000,192.7045275070282,351.15240825948774,626
45720000,179.48346987201512,295.51793077502515,626
45725000,180.19565537027583,314.4429464555645,626
45730000,181.46269013396648,281.50006322245065,626
45735000,178.10618788425072,324.79094357774557,626
45740000,179.36699183585503,321.48652119519267,626
45745000,206.7086716152707,222.5080527457248,626
45750000,195.23429649853776,317.4197282910996,626
45755000,198.1493849199289,319.2756182623417,626
45760000,178.50262153021492,371.1380138643093,626
45765000,147.47413468169583,260.7972175605759,626
45770000,168.12331263651632,278.5042890874233,626
45775000,163.9079228115226,339.0264772963883,626
45780000,180.69390901826287,273.1588892743233,626
45785000,177.20338580741117,287.9045201086446,626
45790000,218.03268198403515,355.07430974570485,626
45795000,163.40723716749835,343.61159419486455,626
45800000,213.14956651436395,302.7713431704744,626
45805000,231.81964834380727,317.42303633860087,626
45810000,163.0503083750083,320.8749172687475,626
45815000,209.50463597256226,363.8942011939971,626
45820000,188.9102754873104,295.0058762821152,626
45825000,221.20988455696641,323.7096527738096,626
45830000,178.75149023591192,280.06537799838577,626
45835000,198.42271526269897,311.10661186138117,626
45840000,218.3502910980903,309.96347548339486,626
45845000,228.90149458268672,270.80371149584533,626
45850000,227.2280963652319,319.39634822237343,626
45855000,188.43111052045825,295.0238098118061,626
45860000,210.42602415882644,305.38282471769173,626
45865000,139.1262958557296,292.63509404754757,626
45870000,188.72357756305206,273.8806087319005,626
45875000,183.17216119340222,264.78632456229707,626
45880000,218.5712068049532,283.7814575437881,626
45885000,219.55017226905568,344.48358053046076,626
45890000,230.70398530183124,337.70826734160664,626
45895000,168.75852024557605,294.0622212268033,626
45900000,172.8132339562662,354.4570289367712,626
45905000,195.10807678236876,327.25715059763667,626
45910000,196.30369721319514,289.9410140563637,626
45915000,225.69185940610902,289.44924649993214,626
45920000,198.17363873140155,260.29653171000456,626
45925000,218.2098934917995,360.0895628834251,626
45930000,171.51759798296294,262.5151977246402,626
45935000,209.55260745635607,289.33678561016643,626
45940000,153.10367337424938,256.3046543045585,626
45945000,186.0041597689867,306.77102797498395,626
45950000,226.35478098384317,324.9397100089823,626
45955000,219.57495044982267,341.248538373976,626
45960000,187.86506734547928,267.77473212589206,626
45965000,230.79348964419066,289.2398630397564,626
45970000,191.69333197621964,302.95693287940543,626
45975000,211.0976834363831,260.9049146575115,626
45980000,177.69768078848506,292.7305373876041,626
45985000,173.62021771160678,301.23379755207316,626
45990000,187.80326679896027,301.54107454289544,626
45995000,190.6447368437138,353.16145091458674,626
46000000,193.95056660668718,274.38993650591584,626
46005000,185.98072832500864,304.06471067238596,626
46010000,211.49973296558989,261.95861625906866,626
46015000,223.6027703487487,311.03157011770037,626
46020000,181.31751187014424,260.9744643269759,626
46025000,182.98795828286762,334.1707652736809,626
46030000,159.47338522325612,308.50786228309175,626
46035000,192.2997952727772,280.8361515599264,626
46040000,186.70731220773746,297.14875385698446,626
46045000,158.88093506536887,254.39527730892476,626
46050000,204.88589880795334,308.15741389545406,626
46055000,164.6969359206849,228.60618472447817,627
46060000,183.50859145516014,305.71695316429754,627
46065000,197.88935221338193,323.38941156526636,627
46070000,189.86241615962,326.5259849360762,627
46075000,177.32337997897045,276.09737465343096,627
46080000,176.25645256447982,302.8616503772019,627
46085000,205.45773312243549,374.8089647622701,627
46090000,225.18699214951948,366.79155411046,627
46095000,204.3660902187174,260.7246642842735,627
46100000,170.86051990277252,245.6882001562042,627
46105000,204.8983012620472,316.3534792991854,627
46110000,194.06726957173265,288.8072328063474,627
46115000,221.52890560340245,299.6817781467774,627
46120000,162.42979982014995,272.16012672052256,627
46125000,243.78862936299834,329.9333462317305,627
46130000,171.94404121312863,350.4229692621568,627
46135000,180.11755004316774,295.6876959205489,627
46140000,171.72639674282695,311.23240908501947,627
46145000,179.919322773156,363.1330961232013,627
46150000,176.24348456210907,329.9236300205385,627
46155000,171.74693998269066,279.8654454952957,627
46160000,190.29761165525093,328.48899155495025,627
46165000,175.98583334422693,353.086319799363,627
46170000,176.39745132383413,297.0621835963346,627
46175000,208.17621369215982,289.8290275472585,627
46180000,183.5906498434372,316.7277099021448,627
46185000,171.8990407582754,282.1502610644517,627
46190000,178.96848844950028,322.59764718757253,627
46195000,176.8466680347831,313.8641931058486,627
46200000,213.13880536266464,339.9815400701693,627
46205000,206.75970994710758,301.4503349293719,627
46210000,182.12775005371805,334.99002982193684,627
46215000,163.01591471937988,261.88682722264724,627
46220000,198.46084767132336,242.7632796943307,627
46225000,196.2249345735413,276.2123312171637,627
46230000,231.37639879890028,416.24482373757644,627
46235000,190.7910316701375,265.2149499670838,627
46240000,197.79166674070044,323.2484507972505,627
46245000,197.498464818992,297.75675977413795,627
46250000,206.60581789961122,250.20401797172997,627
46255000,187.84422189646298,320.6064249285957,627
46260000,214.11167619145147,291.4982148649631,627
46265000,215.91891154551092,256.7251756201721,627
46270000,228.17192160783804,424.62812080934344,627
46275000,215.7643256944899,246.67932122641633,627
46280000,217.69382310385447,294.9022411379778,627
46285000,198.96326564026967,369.5741931374206,627
46290000,171.45169693753914,334.0153512686871,627
46295000,168.16811703909184,219.40937058580843,627
46300000,200.21182051636688,221.39246845712753,627
46305000,221.5295926655761,289.3690890931164,627
46310000,170.2433687543703,289.53772393324704,627
46315000,183.1714396736596,260.65836274492636,627
46320000,202.4372932396501,320.0962148882278,627
46325000,172.9202304814226,254.41974922732146,627
46330000,163.26538120126384,338.41524235692754,627
46335000,154.30458530205294,265.11762553255767,627
46340000,174.9090308851355,325.6442411937452,627
46345000,185.68090647343908,358.7968209685737,627
46350000,186.0979458742319,313.010102347068,627
46355000,156.76200344476223,250.82357548682228,627
46360000,135.68388165829697,291.4453387601794,627
46365000,175.7088224450956,277.47791710763374,627
46370000,190.4268724521851,242.44395863659645,627
46375000,201.5334691410975,308.7090587701504,627
46380000,234.9428942272819,257.17407875754344,627
46385000,160.70112639093588,278.1214858729216,627
46390000,188.81882150473513,313.32522526175774,627
46395000,209.9951140308842,363.03321882479725,627
46400000,199.26554614968717,285.37386768427757,627
46405000,209.6460420380489,268.0225974466981,627
46410000,198.41685841224665,345.27736384188114,627
46415000,184.95991954323617,278.1957707595852,627
46420000,190.98673865151048,345.9951511142819,627
46425000,175.31083815263412,270.64584402190604,627
46430000,261.3576867358718,297.45574236133916,627
46435000,176.35761810571722,287.56604174745706,627
46440000,191.1981603174004,332.9292833886045,627
46445000,195.5018671381216,303.61859869734286,627
46450000,215.98153895321775,280.99537291465356,627
46455000,183.5371532509419,319.88606839644586,627
46460000,227.19169769701668,285.93816040267455,627
46465000,201.4616440069768,363.4861448732038,627
46470000,149.43735396416244,287.99562608646625,627
46475000,153.39380518591057,281.26274696577786,627
46480000,191.61891581784258,294.1226131849369,627
46485000,178.20742257071802,280.77671340734264,627
46490000,205.86555919519864,238.70526205097104,627
46495000,140.34890781603076,291.9799452027238,627
46500000,172.78218390398655,389.3949462097751,628
46505000,181.92508754609563,227.4134774038733,628
46510000,178.33844835112882,278.42517577231325,628
46515000,171.14333262738975,305.3420117065553,628
46520000,166.7835732626827,239.63852181303406,628
46525000,145.45335510251118,275.9045436359221,628
46530000,165.52440548154019,307.1562892346608,628
46535000,209.3888887376869,242.19879694124307,628
46540000,197.24286892482485,241.70065919306205,628
46545000,164.52103917210002,389.6275486120656,628
46550000,177.08897769659444,350.7977750124178,628
46555000,245.29580388739492,275.07111072674786,628
46560000,175.66937208048887,290.72638696838305,628
46565000,160.21735187245648,304.66814700438823,628
46570000,220.47938563041475,317.4832926082808,628
46575000,206.2592440175976,311.23862827735724,628
46580000,203.628960515076,286.1514306197424,628
46585000,204.2627532929079,293.7028469183591,628
46590000,181.65663716486418,234.51692865345936,628
46595000,226.73357633210634,306.1139125582275,628
46600000,167.0508789912338,277.47951725241654,628
46605000,202.91884904294005,329.03369878304653,628
46610000,189.7494217571162,336.8140570535474,628
46615000,207.81743921013776,350.04880094592596,628
46620000,154.8006774635181,277.48971690375225,628
46625000,218.92012481538865,378.7138686496553,628
46630000,206.61703008869256,245.33503645247058,628
46635000,195.23074025082343,302.7673319510603,628
46640000,203.1889611724725,257.4768993815721,628
46645000,202.97240120175084,325.8919187966076,628
46650000,153.57551359678678,269.4993239128437,628
46655000,192.7524080217112,326.57194332493805,628
46660000,183.73374185501774,301.05263906728106,628
46665000,169.24304399120905,308.27057274333004,628
46670000,168.0353786548929,359.23246522807943,628
46675000,148.29822245369132,320.3196757817191,628
46680000,191.61451617161367,320.00102883459436,628
46685000,176.84726431004285,284.15243447348826,628
46690000,191.38583861264522,288.6142271836885,628
46695000,189.73145816002847,327.3208797864694,628
46700000,167.9153013402809,249.4415343380355,628
46705000,171.26673496461237,324.2544767265857,628
46710000,231.89833065750446,292.30265559910407,628
46715000,206.76772016618838,345.77918143124083,628
46720000,218.67123959483803,358.3013339345487,628
46725000,170.96978143359817,290.40009384170185,628
46730000,198.24233803306643,352.91960258237316,628
46735000,164.34862215854778,277.29467899894973,628
46740000,178.70122297640808,257.24634624257106,628
46745000,172.47342110639792,383.54862336056186,628
46750000,189.56507610471542,258.9926470066204,628
46755000,245.49967923939116,278.0894320189084,628
46760000,231.33201228754913,309.441099601048,628
46765000,146.75345425422796,293.567488201053,628
46770000,167.9412155647498,272.50720595505993,628
46775000,190.13005614004632,310.2201213827534,628
46780000,178.74371201796998,279.60960035039955,628
46785000,217.2952757723018,293.30735302264804,628
46790000,230.05323626598664,338.31769147539904,628
46795000,171.36542286071716,259.36382358725405,628
46800000,194.06791304168547,299.63588739749986,628
46805000,215.39501088441352,247.611928035132,628
46810000,173.33109507120182,272.20791284191864,628
46815000,188.5748271339765,309.9407919060605,628
46820000,206.61677425819903,277.8323619916177,628
46825000,200.08776823799832,264.81927850424495,628
46830000,157.73633993031078,304.0164522755604,628
46835000,199.27644625306894,299.3599157340606,628
46840000,195.6931749572522,299.18063635980127,628
46845000,162.76253934804504,235.8073229357988,628
46850000,214.00257880018864,269.87400568608723,628
46855000,147.0103455416329,268.1553042438462,628
46860000,176.9633405626234,273.4410851271478,628
46865000,219.51358551761558,322.27987285095867,628
46870000,202.4987347178518,309.08955249868336,628
46875000,229.54330439453418,290.01292370826957,628
46880000,196.15903530940906,267.37205163602914,628
46885000,215.79116698542097,310.8992996574872,628
46890000,189.93035949674496,287.4311586016998,628
46895000,194.2086289958996,304.5371725863185,628
46900000,195.98033577683552,340.1091322923432,628
46905000,190.78977231523692,321.3301607377097,628
46910000,164.60335276124934,272.270228731434,628
46915000,158.06455130517156,317.6083106839856,628
46920000,175.40404431030208,302.71885988240405,628
46925000,221.27642622079617,351.5851926536923,628
46930000,172.78789102951214,281.1373225033169,628
46935000,168.22369044453086,295.40728628033077,628
46940000,180.1700869286571,301.1321659689545,628
46945000,173.36308681506318,218.72226773315933,629
46950000,176.50329268495403,367.2235981455574,629
46955000,197.39279894958253,250.97904775391993,629
46960000,212.2648130012235,314.58407720059273,629
46965000,192.08885047660792,287.75563553001234,629
46970000,230.15922016703263,283.5214737260472,629
46975000,173.30591071368542,359.7766855317917,629
46980000,175.6809874540797,272.63871316135237,629
46985000,202.90351999323394,315.927114539922,629
46990000,193.86483846615914,308.6727203400337,629
46995000,191.79865483162504,379.38225527936584,629
47000000,168.8379695058735,273.84542579764747,629
47005000,181.84446605116432,299.4070024457717,629
47010000,193.6338759298788,276.53416029217664,629
47015000,203.98340872707448,233.92390646473015,629
47020000,190.18443211715478,288.4188512362399,629
47025000,208.80420929901135,361.6332415512302,629
47030000,169.7063105095058,348.8920179856661,629
47035000,180.86657722298804,244.27738319068055,629
47040000,185.587408658134,280.317989913353,629
47045000,161.0862013979853,311.347367093704,629
47050000,205.28330853353737,349.79646019334973,629
47055000,181.45767045344502,310.1153664104621,629
47060000,162.3967703606084,279.98994825696565,629
47065000,188.44659857493232,301.12919372894106,629
47070000,191.60100951904968,299.48043705709546,629
47075000,240.67271188460916,314.8456545581987,629
47080000,181.75907194353456,292.32874028117004,629
47085000,162.26280265230014,294.92559464499385,629
47090000,192.50978609713718,300.2864904807045,629
47095000,203.43516858488547,321.21293987450736,629
47100000,233.85119714265036,401.24672403385625,629
47105000,182.07087891929228,334.66949715256465,629
47110000,175.60423815110474,365.7731468448999,629
47115000,178.29998651382923,304.61338878884226,629
47120000,184.35753488110925,235.1413608678605,629
47125000,254.76783787029146,298.2565684446807,629
47130000,208.1657429617785,305.6141889334857,629
47135000,234.29845632461672,359.79189699974876,629
47140000,163.976476353241,308.3131020198283,629
47145000,172.41815151647978,281.1429342761765,629
47150000,201.55143376354562,319.8865217898352,629
47155000,189.9420851831025,251.79785117112817,629
47160000,178.47578153732184,320.3630986354486,629
47165000,215.7414747695788,312.42800897933364,629
47170000,199.2010860556271,313.94344869553925,629
47175000,185.02689797458186,262.74012640311804,629
47180000,155.93808502933118,267.91601030431036,629
47185000,173.69185849571676,327.2839215304714,629
47190000,170.34825934198588,265.3319151745465,629
47195000,186.18501317696777,366.7886916681861,629
47200000,203.68132226529644,332.2386296703203,629
47205000,201.2816679103169,282.65231003792155,629
47210000,172.09843946387582,280.174901549321,629
47215000,200.64226003955977,311.30325742729434,629
47220000,200.02965794762255,305.56498859709336,629
47225000,181.0221569381737,316.90364511129997,629
47230000,182.84676132922172,274.33605303542043,629
47235000,162.14125870493865,279.4005422374935,629
47240000,204.18481546919395,296.303095870822,629
47245000,208.50302355034117,257.2844692954598,629
47250000,153.16621990037865,262.5438296341649,629
47255000,179.8096075992784,286.0218369037847,629
47260000,170.20932638741672,275.773091236127,629
47265000,211.18358461544923,300.85104937014836,629
47270000,186.24579730965803,323.4165274549016,629
47275000,204.32228634464968,252.32558582386395,629
47280000,208.22884503872623,321.4783545455095,629
47285000,180.6129972046444,275.62084819407664,629
47290000,144.77509843356688,271.351398010745,629
47295000,178.29846184698397,328.96513920648295,629
47300000,207.60843376043152,234.5587389112708,629
47305000,199.67180683257337,269.13377588866285,629
47310000,185.75420031553338,299.8263669680379,629
47315000,209.61665285999135,265.3293246918545,629
47320000,215.78561693871637,281.9492421820142,629
47325000,198.31175936882403,281.1309041659346,629
47330000,206.94893413058801,305.9899175120111,629
47335000,216.07196075139407,291.8294403731451,629
47340000,197.20641264059188,294.2468852342403,629
47345000,194.756941772625,363.3068479359244,629
47350000,191.43743338840787,322.47446341149106,629
47355000,197.51706853789895,326.25154689089726,629
47360000,188.96621032892074,281.5521927526723,629
47365000,190.6171102953457,322.0165601493788,629
47370000,189.27597189384,314.51054640364026,629
47375000,199.3333908678979,341.5141268479167,629
47380000,194.70415008398066,272.7387031533336,629
47385000,220.34548384116675,321.71190424440175,629
47390000,181.82695118006572,295.31822003117986,629
47395000,203.96661614908027,278.71100961529766,629
47400000,173.20696321335507,311.4247613716128,629
47405000,190.51798647402688,304.13086398196987,630
47410000,167.16407275699243,280.6180598936333,630
47415000,205.4779185073601,289.6717286127338,630
47420000,205.91751542862661,346.63739460311126,630
47425000,177.66876533836472,354.4241123153672,630
47430000,221.0324920793199,330.07022439241774,630
47435000,202.86018840869963,265.11633010023434,630
47440000,219.13149503088107,304.6496963611326,630
47445000,222.26793319551106,313.3751603441563,630
47450000,176.30463421147846,253.26191657146674,630
47455000,180.73702206964356,331.7196875441879,630
47460000,234.7754292817591,270.81428704864226,630
47465000,167.56873456984263,231.2176285533917,630
47470000,182.31763013177635,317.1762395002593,630
47475000,203.23000717538952,292.62600823553004,630
47480000,206.14933340549783,331.3913509283128,630
47485000,158.9931554105287,281.56397862702744,630
47490000,233.20130669510775,262.3599627108521,630
47495000,201.74975860623888,359.3853911685546,630
47500000,222.16202719280685,267.56560276488227,630
47505000,198.5963405454683,360.5697629935654,630
47510000,195.9925655891314,273.14455161082407,630
47515000,219.97740889365366,215.63349061807685,630
47520000,183.3247066027334,302.7570508307944,630
47525000,174.3223181541582,235.28343059788241,630
47530000,166.17039925080073,234.47916118852217,630
47535000,185.8029200771635,304.1826065378403,630
47540000,171.56541219921237,304.67607992102626,630
47545000,227.1150670302923,293.32733982702166,630
47550000,211.02316978286677,377.983194209418,630
47555000,182.88083326667225,315.8301159663042,630
47560000,205.75310970925148,251.45251892360915,630
47565000,180.21704770574166,296.6616784909398,630
47570000,231.64796856316596,307.3686288985282,630
47575000,194.81307528551844,301.16617875067124,630
47580000,203.21259421590355,309.5428318404734,630
47585000,173.0009486937717,323.04377192240236,630
47590000,135.5873152918669,276.4396687024345,630
47595000,166.3022594680276,278.5201234420969,630
47600000,182.66503214207614,348.69303569723746,630
47605000,185.62015723573992,290.2727134965252,630
47610000,189.71975261376377,310.55992441514434,630
47615000,182.1325786611565,308.88999185974035,630
47620000,218.09876515144452,310.05335046191084,630
47625000,161.28865621866052,337.2396573903991,630
47630000,187.86484377527606,246.99370797535096,630
47635000,154.75939102860508,257.94376231458955,630
47640000,216.41027907486983,298.5773315626575,630
47645000,158.76451783687332,271.80732523638073,630
47650000,177.8787863739303,301.4322614164275,630
47655000,190.309922004358,323.63212193939637,630
47660000,178.8133965339617,312.3308409181256,630
47665000,167.6498424872935,287.2117520455975,630
47670000,191.21506659114345,289.8754451029351,630
47675000,172.38297707116078,309.349256121487,630
47680000,189.25085101411872,343.6065865459426,630
47685000,173.57749223292805,286.27175026015493,630
47690000,172.5906635872664,264.6624131712733,630
47695000,218.65667063180499,296.8338092084188,630
47700000,179.94007132201006,317.6160937690582,630
47705000,201.4877102235646,320.03029470534653,630
47710000,215.0923023063768,336.95611293725364,630
47715000,186.27788762765226,320.4732880034194,630
47720000,150.6387014742158,338.9654145637301,630
47725000,158.90783968365955,303.6463093508223,630
47730000,163.13175520754845,314.9598994977173,630
47735000,217.02416018822052,360.4044229327187,630
47740000,189.76104612008749,297.7412767566692,630
47745000,198.66798963316455,303.74730121292384,630
47750000,170.67270344330248,309.49371875086354,630
47755000,150.17532203636785,293.810119195663,630
47760000,220.8336876057639,293.6359293267846,630
47765000,172.74164209706464,355.6741684627104,630
47770000,162.4314128445037,292.2678865716842,630
47775000,178.89306021481187,299.2050770017426,630
47780000,171.65772087920627,380.64438321357227,630
47785000,183.65125397733726,288.10331837685106,630
47790000,170.9436587205929,377.9924365602387,630
47795000,174.0787410536747,346.7998860153168,630
47800000,215.85625200246767,341.2791529950511,630
47805000,174.30907246737877,302.4126264521253,630
47810000,196.8408337204465,293.35188940042116,630
47815000,158.97352683548579,273.86267823195556,630
47820000,205.11804732143736,313.93191593600955,630
47825000,185.52102990252916,292.90064371844306,630
47830000,187.85400091174463,286.58663571783495,630
47835000,204.16411524581432,305.91255479835917,630
47840000,190.11207258907723,355.9454559653705,630
47845000,189.4412184146855,326.188289268039,630
47850000,190.6407500542601,302.1242917827949,630
47855000,224.88116059975238,320.3269248744783,630
47860000,163.0023244671263,282.2937460046798,630
47865000,179.4611357775526,328.6699919373861,630
47870000,224.84110773257643,332.82178511407653,631
47875000,190.81378512036176,289.47532768759044,631
47880000,197.70567864501956,286.13557850779074,631
47885000,187.91981061859337,274.0938222602994,631
47890000,185.0984926315221,377.5745613158162,631
47895000,208.4417224455632,294.18029236190375,631
47900000,217.58233867954485,329.00051883893184,631
47905000,162.06715388977022,347.1415871880732,631
47910000,178.67971786028895,346.8757381626585,631
47915000,161.09867244316723,255.03106242439944,631
47920000,229.32899728385263,264.3246989380066,631
47925000,156.2232668173666,276.10584593972186,631
47930000,174.62511689418884,313.40841675716047,631
47935000,168.578088157153,337.7252418956616,631
47940000,175.09116613656263,332.008997886365,631
47945000,199.0264946986681,321.9296882107844,631
47950000,200.20099299244296,271.47572996145755,631
47955000,153.53797708414007,336.71556157066914,631
47960000,172.60056569937535,302.60271791999935,631
47965000,211.43275067331896,306.8972795009697,631
47970000,180.1300263333453,320.6608351949287,631
47975000,196.4224359501415,324.7768145554739,631
47980000,172.59733445047715,252.0114419415397,631
47985000,184.29198682196093,335.0292764629553,631
47990000,177.71442323296193,251.69746508098535,631
47995000,194.35013335920559,287.2315496088362,631
48000000,213.19020731724106,364.2030284865876,631
48005000,193.7362562981461,294.6652510763916,631
48010000,184.79441397823814,301.00412529274524,631
48015000,182.87613489584294,311.37858555508484,631
48020000,212.09878935300324,323.3274254748374,631
48025000,178.8306003311662,264.51468064030973,631
48030000,172.82775221564805,309.26261794189537,631
48035000,210.96462233914252,297.47654623008054,631
48040000,183.7379016670222,304.05939358983244,631
48045000,208.19078842091818,261.18994889923715,631
48050000,184.91713072228168,263.09750440469384,631
48055000,216.4112427739816,312.7568099783539,631
48060000,215.63070114528892,303.7085688343339,631
48065000,185.83596948471921,295.7528383376472,631
48070000,191.23749727538083,307.8719706984047,631
48075000,190.03374981800997,290.1192007019573,631
48080000,161.75351715581678,304.90702626090945,631
48085000,168.78068836695024,333.4678770724029,631
48090000,190.90920594640835,325.20735999053994,631
48095000,184.97544429620953,278.77561667298744,631
48100000,166.81363631461303,276.7525568149833,631
48105000,164.55025825489602,323.2233474818452,631
48110000,209.3930076052666,342.40427767685793,631
48115000,172.1534660658083,242.19265453078825,631
48120000,224.65633302493785,303.57450265140847,631
48125000,194.93169129615805,268.2071433581772,631
48130000,201.7960009561974,330.40581905835876,631
48135000,196.5578464481556,309.970882217176,631
48140000,181.77783147708658,325.1799831772172,631
48145000,187.29537931114314,297.75724069851583,631
48150000,192.966091160641,370.6914856152237,631
48155000,203.00515832364388,327.4773688727659,631
48160000,206.82577743510083,303.01626718122185,631
48165000,166.09195079425746,293.2026121156394,631
48170000,192.17620092281726,281.5978684256605,631
48175000,160.7736373917381,269.6252808822102,631
48180000,161.70279867436116,268.2870987764951,631
48185000,203.83690755915757,275.58266621265676,631
48190000,202.9930653839353,327.8449906137346,631
48195000,187.21911936851063,318.4165404126866,631
48200000,152.58943344090028,289.5722223070014,631
48205000,197.01779426071727,310.47243951990714,631
48210000,238.9925194217523,289.97771426760244,631
48215000,209.34311135783037,305.91621351567613,631
48220000,149.65833834985216,291.000849052807,631
48225000,222.81972920890027,290.38384407861497,631
48230000,178.52608561377377,313.3864515477993,631
48235000,177.64647411371874,287.88722370616273,631
48240000,217.45411842120552,313.3702401874006,631
48245000,199.72635679625708,349.31180569034257,631
48250000,194.2496857923596,257.94437456865137,631
48255000,175.5698467420856,296.0797747857236,631
48260000,225.3820513581921,267.02643794789435,631
48265000,202.3959979904296,377.72277076292164,631
48270000,159.06415385013923,244.3858291743579,631
48275000,191.5015558514913,332.2733472263367,631
48280000,203.32974849885062,303.0519315097204,631
48285000,185.8249338644868,324.0019545201868,631
48290000,166.23661597386717,305.3929888072976,631
48295000,217.71475380946572,338.7030544709236,631
48300000,192.78994276946332,268.77226777008997,631
48305000,224.70381015966478,315.2617706206509,631
48310000,246.12056715183644,307.10880549810355,631
48315000,207.35165317533585,318.2881063209481,631
48320000,194.68249956246126,223.67739545316397,631
48325000,181.04600627107214,323.2785088116694,631
48330000,177.31031752832496,294.89846007226356,631
48335000,226.92939897912086,303.10113441815963,632
48340000,173.53535590165842,302.42273024136495,632
48345000,207.5399591223085,299.8581361044829,632
48350000,184.0956374727218,374.24078284020464,632
48355000,203.35814070003394,332.6355742061181,632
48360000,211.17226494403593,284.08785575890005,632
48365000,179.61593965118095,337.3884216835344,632
48370000,189.66226256293464,297.87160262752354,632
48375000,208.1034087329694,258.6068123211352,632
48380000,219.57200971296106,300.19764388521185,632
48385000,174.40691177495805,249.07231987143336,632
48390000,161.7512769363899,312.2350255541298,632
48395000,228.89609355043152,260.4411797242308,632
48400000,157.5406023032494,313.6795895780806,632
48405000,160.10025289552976,341.308069458722,632
48410000,203.69585849716225,301.898030818863,632
48415000,204.9898814780388,336.41794381390906,632
48420000,207.1012351213429,254.40584391098443,632
48425000,148.864231858604,303.18954756815475,632
48430000,200.72540932782698,291.96290641296304,632
48435000,231.12367617952452,283.48273147707147,632
48440000,165.67986281445545,255.73227814599653,632
48445000,198.6862367105674,266.5912903291251,632
48450000,158.32484156449937,354.77446242035893,632
48455000,225.11146017016276,356.807785613498,632
48460000,178.3262990946377,277.86557666254646,632
48465000,168.2735059656363,302.9526605382683,632
48470000,181.78931046459542,305.6861051315884,632
48475000,203.02381209160842,261.05237410650574,632
48480000,197.45487897531436,308.70101136582304,632
48485000,175.46804179847715,288.7950901969735,632
48490000,196.5880462293125,360.21195917678426,632
48495000,213.76139783336436,308.2988215589693,632
48500000,158.26069740402232,295.8846824677612,632
48505000,204.13082453444616,296.27052818410687,632
48510000,206.03739822579735,304.3091207286507,632
48515000,240.85558941503214,279.4422802651303,632
48520000,176.58277200226178,297.43442941498006,632
48525000,199.40170749325503,370.36318709533526,632
48530000,200.7803127006602,315.38937498857143,632
48535000,195.05015962194543,292.9570192380851,632
48540000,221.42275825808258,301.14054390430283,632
48545000,166.09309168675603,374.6290288524762,632
48550000,182.2425502126012,246.86847711575362,632
48555000,187.3730762538492,347.9526599193752,632
48560000,165.16947188949362,284.6069337946877,632
48565000,201.49075913397897,329.1391004907072,632
48570000,207.3680416379714,310.57523589459106,632
48575000,164.4114067616038,316.0373638511528,632
48580000,178.20407556112644,316.0581239847807,632
48585000,250.03998203551694,287.18204969241197,632
48590000,178.16817939601953,255.3107556586443,632
48595000,165.7445205965071,256.3747963155733,632
48600000,201.1363737778894,333.0265295209406,632
48605000,171.0089373766478,350.95124380150116,632
48610000,178.93770106974227,325.07078816499023,632
48615000,217.02065100254651,317.3440142230763,632
48620000,186.48179955980663,312.0471226478714,632
48625000,157.11414948302905,296.74784140841956,632
48630000,189.44409895193908,338.5385084647857,632
48635000,186.81651660193802,383.21318566363226,632
48640000,194.72997707053332,298.38730891942777,632
48645000,162.52103903886146,300.3704356639929,632
48650000,249.3830091464818,333.1286221707429,632
48655000,229.27175741609938,339.3868613041974,632
48660000,186.9254234520564,271.9696469337483,632
48665000,165.5970220952876,288.68880001013434,632
48670000,222.6665424853717,333.0500017039646,632
48675000,179.6522240910084,296.5915132424939,632
48680000,199.72635757528445,304.9920323932126,632
48685000,196.66657421907814,332.91743002716356,632
48690000,152.01434318125882,302.2054571719494,632
48695000,156.1489381847562,287.08410392478436,632
48700000,189.7751798706975,303.35630239045184,632
48705000,160.30340799949556,229.5879088553442,632
48710000,171.48412929928236,253.48119967918237,632
48715000,204.6494176267902,290.90898170831474,632
48720000,177.18205500151112,298.7022507744275,632
48725000,155.03035017501463,322.1776616476085,632
48730000,165.08155178881123,278.80978479850165,632
48735000,178.33996882370815,298.96440299352753,632
48740000,203.93411907016784,254.8759666452106,632
48745000,209.43387180433714,291.1029879251298,632
48750000,202.208418837101,316.0089624428684,632
48755000,156.68762502422126,275.87399259785485,632
48760000,202.93667540790176,248.6763766814615,632
48765000,196.51406755584674,299.37119211229344,632
48770000,178.61322133521537,293.12170557600047,632
48775000,169.2322335893503,297.356696178205,632
48780000,205.76300102907055,311.7444221284221,632
48785000,209.1177903220984,298.61026459615744,632
48790000,201.85217037030228,277.05853930600176,632
48795000,205.66260119467447,267.53476578871744,632
48800000,188.4428654979512,312.4429865827154,632
48805000,184.00346243363023,265.9137408068605,632
48810000,190.18424951079584,311.22844640290987,632
48815000,198.71646740312775,291.4889052470856,632
48820000,188.3017492194188,310.84026915774297,633
48825000,180.88753675860917,356.6639052970813,633
48830000,181.28901838374196,284.8069000592539,633
48835000,201.58619792416744,275.3021656060851,633
48840000,192.0865409772735,254.84150951608504,633
48845000,204.26921802770124,323.9424457776444,633
48850000,208.89171287544625,303.9312641260004,633
48855000,191.13979831313526,302.9240642774628,633
48860000,180.49538445248743,312.5779413396374,633
48865000,180.2073021367952,261.7992656707897,633
48870000,191.77492434374395,333.51368585262225,633
48875000,195.72662622540395,360.3625476217231,633
48880000,172.6646367754074,283.7011029553123,633
48885000,199.25248839027654,323.0209597945575,633
48890000,194.49995237735428,279.2739838208919,633
48895000,218.4269083971037,311.6960559182926,633
48900000,191.47607183631482,376.23774730418444,633
48905000,221.37159493448752,300.42811967464047,633
48910000,209.17064532159822,227.30913159949216,633
48915000,156.9254649146467,282.308636721214,633
48920000,212.84412381084348,291.1725792000053,633
48925000,217.8670793353894,384.55703715974397,633
48930000,185.28156193650582,267.64244651677865,633
48935000,216.56061922972566,372.6378581949086,633
48940000,171.18058812278963,316.99605246306925,633
48945000,158.11279699031792,353.54079416578844,633
48950000,181.75058019388922,307.9182375656163,633
48955000,193.23381975620987,328.7500829179399,633
48960000,160.54236497124134,260.76511806765,633
48965000,194.02985426557885,298.19722855702673,633
48970000,158.154179994659,286.07513659973625,633
48975000,159.70863813755165,313.35413650425994,633
48980000,167.34859063890616,253.61431877124375,633
48985000,202.83454996058344,339.3747259658523,633
48990000,182.26051044639436,282.9481818794769,633
48995000,164.00021350513433,250.72659370612882,633
49000000,179.01508690303618,410.215045589502,633
49005000,194.45272278645118,359.8267195539791,633
49010000,187.64950788637745,307.19744467621194,633
49015000,152.9764297926506,301.85166286576873,633
49020000,188.6181967789078,329.90128220208766,633
49025000,150.77478102507496,364.57307353686434,633
49030000,167.1718280117499,334.5174011976263,633
49035000,190.4441084688563,303.7283063239696,633
49040000,183.71510892057577,251.2139966899722,633
49045000,185.8037345845667,312.40008377924323,633
49050000,161.2945798643697,311.4534092359174,633
49055000,187.09202009734196,290.81670392763044,633
49060000,167.75171641556258,212.59023282980962,633
49065000,192.51406339456562,262.40247609372796,633
49070000,228.2365778434177,286.8478933411678,633
49075000,180.31874324590285,326.7929097465829,633
49080000,186.54140058557726,279.1015267848684,633
49085000,202.1377285964189,249.45955626473835,633
49090000,192.7549632233909,261.3681214773152,633
49095000,193.61215856912384,298.7837362405651,633
49100000,190.9788979046691,284.70859140756477,633
49105000,232.00301192111883,276.7465019896739,633
49110000,188.50067239031898,266.2610875075682,633
49115000,167.21597884194634,314.86061476802143,633
49120000,165.39202959556326,320.64764306945193,633
49125000,166.51775560231806,313.80842496889784,633
49130000,167.9595910414757,282.0338801924883,633
49135000,196.59247622238786,292.38360643271807,633
49140000,185.6416718268463,338.6118108826984,633
49145000,161.12467117924163,329.28122908665785,633
49150000,189.90165014583795,301.88312096791645,633
49155000,160.0461902728823,291.19482149143164,633
49160000,218.6276212231784,272.4047406662072,633
49165000,207.747721620658,293.721767898957,633
49170000,160.95104160628003,340.37004650172145,633
49175000,214.1955902625394,350.217376272111,633
49180000,198.5897864915419,246.9449069995013,633
49185000,180.29544433646626,298.8899581545739,633
49190000,196.93647870845615,328.558755103909,633
49195000,233.62365298800998,328.1775623254166,633
49200000,191.8782439576491,240.83492236626932,633
49205000,246.90421823299894,351.9221565829559,633
49210000,191.1899030450503,317.975342052063,633
49215000,177.2888184419006,267.2160621532471,633
49220000,192.71923711490825,375.9438225793449,633
49225000,180.66228005952516,272.68413939369003,633
49230000,183.79932176772928,307.3155621613121,633
49235000,198.70581632636086,347.63032250320106,633
49240000,172.02405137351678,318.6979675249243,633
49245000,188.47418825822518,285.88111256925225,633
49250000,172.48670568541337,289.13579732819653,633
49255000,170.6984063737609,299.0068988049969,633
49260000,159.82039703279221,293.3106398628233,633
49265000,182.9884847224523,294.07638422068516,633
49270000,148.05316978442693,284.83160624655073,633
49275000,167.26653608520598,290.6048237313681,633
49280000,165.22508520256653,212.51973153409938,633
49285000,159.62670413658626,280.84553327709233,633
49290000,223.01044945970463,320.9370083334544,633
49295000,154.9142050463635,335.36781360911937,633
49300000,179.1184097557511,332.72426647422037,633
49305000,207.40426846442142,295.91046999134875,633
49310000,150.14092396929072,324.5126220671732,634
49315000,186.28674469015277,240.06282087872447,634
49320000,164.84499206713818,321.3865694873994,634
49325000,178.28034353857547,271.96019260865427,634
49330000,199.7975976958633,292.5519614851841,634
49335000,206.12523848149448,320.04418807737926,634
49340000,222.54190250279908,330.5392710336336,634
49345000,193.4702881858243,318.5787856355796,634
49350000,223.75191502314675,330.1842170789086,634
49355000,188.20119418851124,296.24576196156005,634
49360000,190.24517464999124,347.6796278342939,634
49365000,208.4365252502027,264.678076460333,634
49370000,223.12227949273043,344.32546139822006,634
49375000,189.0081546177494,303.38107435978185,634
49380000,204.55547779681507,280.62000114968123,634
49385000,181.26873126786933,294.1131062695289,634
49390000,190.3415309353638,275.67280709501546,634
49395000,163.6688646328416,235.9797835112353,634
49400000,194.43745395206665,281.74246634702774,634
49405000,167.28701165361122,288.1556161916203,634
49410000,186.49012096021985,307.57477998259594,634
49415000,162.22530916049925,266.9755100380264,634
49420000,190.23002504260182,275.0028688142355,634
49425000,197.3386523487744,302.1240623427516,634
49430000,185.03971050458867,289.60979285424605,634
49435000,223.34913683668967,315.7702560657899,634
49440000,165.71391937188093,223.53080546374247,634
49445000,174.9504359513812,258.4977443963056,634
49450000,217.64618281337042,232.59852988878862,634
49455000,258.05104446275925,288.57007873815445,634
49460000,188.9001292220754,268.9265516140819,634
49465000,199.65379684248987,245.74386639812383,634
49470000,227.0927077012621,355.87847928157925,634
49475000,172.00940773915056,340.90738554949223,634
49480000,175.87642536704553,324.7938747765961,634
49485000,144.19274734668318,277.17898858454834,634
49490000,169.16693076363552,346.4656240879446,634
49495000,200.26324781371045,293.3929728967151,634
49500000,207.64856156232113,291.47989554114605,634
49505000,174.84076801822732,314.9551571000923,634
49510000,202.9497197268739,320.16095302908803,634
49515000,207.5224555481887,331.4666463897141,634
49520000,182.5292837013837,296.365328623141,634
49525000,172.97913190555437,284.8935273081117,634
49530000,186.7879043983667,348.4697418078464,634
49535000,177.2375971921363,258.77571571110747,634
49540000,216.97493894387392,300.46766712594234,634
49545000,204.04548544029996,325.52880092735796,634
49550000,211.4042053491708,284.72774971446034,634
49555000,191.58899188010233,338.12353294890187,634
49560000,204.18296607973414,270.35719025125945,634
49565000,186.96655699184348,316.4644590040425,634
49570000,201.2826846351736,327.5763642240374,634
49575000,216.90924330077692,289.00759324944534,634
49580000,189.24545821102305,290.7389665579943,634
49585000,200.62060493893213,236.7397092362703,634
49590000,190.25811282604081,296.8919961863527,634
49595000,184.02802930029836,316.0947897463738,634
49600000,214.54450874497448,348.13146926914584,634
49605000,154.058438211184,307.1949544854374,634
49610000,188.770541522228,305.6101370658617,634
49615000,217.95056513284078,305.8572219577639,634
49620000,168.96602020635098,347.99393989400085,634
49625000,206.8235312356597,270.4988011448266,634
49630000,224.0320543574792,332.88918430422063,634
49635000,190.93006664634652,289.610764392092,634
49640000,180.87443785590114,326.98696201331006,634
49645000,164.42788419619845,343.90050427554934,634
49650000,212.68354495104643,297.06477217593215,634
49655000,194.8732938466444,225.99940379974993,634
49660000,202.73520468102583,277.89835535192924,634
49665000,164.29891072204808,285.1426417254084,634
49670000,154.52193484308296,375.78327123771294,634
49675000,153.56925131012565,240.81039748567946,634
49680000,175.59239590312973,308.50801463614226,634
49685000,163.55679031568428,279.2444564183018,634
49690000,173.1721391669013,314.46288581516495,634
49695000,175.57673872572423,225.12555289396573,634
49700000,168.26523319867948,321.12331037353886,634
49705000,166.5984642811369,337.0050921259732,634
49710000,165.2932311864046,288.4847234836442,634
49715000,194.50699117890167,288.93896444067906,634
49720000,191.2611932973481,300.2751333760146,634
49725000,186.63168407924516,298.6573603568367,634
49730000,234.35944151829,368.07590331379174,634
49735000,199.6667090794987,329.39193486028876,634
49740000,199.9081426416813,286.2840662229116,634
49745000,188.53747723795334,255.75589613520006,634
49750000,187.34581794811567,295.74421791471747,634
49755000,192.29142514478005,269.9365044163399,634
49760000,209.41645383621992,288.07641661686165,634
49765000,168.23169547841906,250.6571022118269,634
49770000,161.199500464246,283.6507354203294,634
49775000,235.390484353851,364.35133123598257,634
49780000,187.9425960949505,301.21217708206444,634
49785000,200.51367298393285,302.3851957567232,634
49790000,169.96045856446827,275.9504592250753,634
49795000,189.81833942149342,270.3112993724763,634
49800000,188.33576371266244,392.9401391652981,634
49805000,149.94293102034618,236.50703406226253,634
49810000,181.64651916584387,250.78829468919074,635
49815000,144.46929092419643,267.53970309149173,635
49820000,195.85453828351493,335.1954710571788,635
49825000,220.60872952086737,318.83271034365504,635
49830000,165.81509730811572,393.04398994648795,635
49835000,186.37985954127777,401.96355084006467,635
49840000,210.4655026751226,260.856576445227,635
49845000,206.20699502841197,388.57341071900447,635
49850000,166.43311326238472,264.8179923193535,635
49855000,230.06951917603942,256.46138350221895,635
49860000,162.76557536690015,299.2506610093207,635
49865000,160.97683297685285,312.47797073194863,635
49870000,172.07287511857828,310.8296311697176,635
49875000,199.8171402809432,282.2284061809308,635
49880000,177.93585369792038,292.7793889354625,635
49885000,186.21668737788184,282.8877237770533,635
49890000,166.66971980004973,289.72382206041954,635
49895000,165.82517170540183,279.2542068425334,635
49900000,185.25344073026304,349.4387705236856,635
49905000,188.2890473952583,277.8434914906465,635
49910000,208.22270762638706,306.6373129138399,635
49915000,188.82243036727328,330.0515967672889,635
49920000,207.2964167742824,321.84873907188563,635
49925000,179.8005030184477,373.7563392976722,635
49930000,195.21115407455886,300.12305190002354,635
49935000,173.59764847169242,356.71956521299217,635
49940000,217.38779782151147,326.83979815978364,635
49945000,194.57662038832888,321.62987235627253,635
49950000,192.4323181796763,365.07168808453497,635
49955000,183.12081296936532,239.87760664329105,635
49960000,196.575353813885,327.09365335863987,635
49965000,182.74129178065405,258.5791888366613,635
49970000,201.93715768126512,291.1978125108108,635
49975000,196.777385900137,290.11134457359617,635
49980000,203.84181808731486,323.60000908043236,635
49985000,161.0141805224661,289.215756111935,635
49990000,216.8255227184077,314.3374501090438,635
49995000,166.9168164137617,292.9911386276499,635
50000000,225.81842948916938,331.6063132503288,635
50005000,227.10064555137603,258.43928090304126,635
50010000,188.23284543313235,312.2081429504198,635
50015000,164.93085424491323,298.20518406679,635
50020000,167.11865694592478,238.094060494273,635
50025000,177.67877323506238,324.99168104364963,635
50030000,210.46486718788637,309.58408394842127,635
50035000,195.1134615870531,311.3228998279341,635
50040000,219.4899727137109,330.7372422135535,635
50045000,201.6294273221378,311.63765508146207,635
50050000,146.0248051938256,242.96277481315758,635
50055000,167.17560323760432,315.24943994328163,635
50060000,189.58890317246235,228.01364375149788,635
50065000,202.70125055078663,302.0051595422483,635
50070000,203.45765823379816,294.24377385975856,635
50075000,212.9013222586,326.7311842813986,635
50080000,179.64575359343144,275.3015753569574,635
50085000,197.43623784111256,333.52567066012716,635
50090000,187.4563022724291,322.4428098348371,635
50095000,212.6457242616518,213.83588873422013,635
50100000,158.8407378831085,260.3062707226537,635
50105000,186.63652651454763,275.8556799171668,635
50110000,177.53032472917906,281.74592089802,635
50115000,163.79728436258085,274.63248823225587,635
50120000,180.76226622900217,309.49301734876667,635
50125000,198.08180134471598,280.52767736289593,635
50130000,178.50648816271223,318.7332051754663,635
50135000,189.9623055114898,271.41477205412514,635
50140000,194.12930735116734,325.18672819528587,635
50145000,193.22245728677294,358.1461564687602,635
50150000,237.2246253474936,275.3366677664196,635
50155000,197.8508772800055,307.5012278955111,635
50160000,195.3916173938948,265.21182362639087,635
50165000,202.21187253254024,311.08924646342103,635
50170000,184.75165849245204,279.5215488472529,635
50175000,230.4679892758465,270.04014242266067,635
50180000,190.1445729574232,282.0042008254572,635
50185000,175.15364165489453,296.9687507973376,635
50190000,173.7863340032406,294.619174398738,635
50195000,190.54898291336124,342.9499208898394,635
50200000,176.87921669816376,338.5746383718672,635
50205000,178.07412559419527,277.48976455459143,635
50210000,195.83917139771154,246.07772261394285,635
50215000,192.899363105118,337.9968637224466,635
50220000,191.92843283448494,307.9780570934934,635
50225000,204.79040492133856,306.02294764853053,635
50230000,167.73747632638216,307.1404970086506,635
50235000,208.4346826324937,226.25168845756434,635
50240000,214.83665482609678,260.4799813904821,635
50245000,180.1482690399256,293.84525899676856,635
50250000,224.1352005536475,305.408660307465,635
50255000,213.18524942696516,348.2776684300371,635
50260000,174.73003757092323,275.46280559572836,635
50265000,208.28986958425918,284.16086910247446,635
50270000,212.54586156965348,325.23038712676674,635
50275000,219.72450036271061,363.88732621571756,635
50280000,245.23356769484894,281.10813102771056,635
50285000,211.87581629135482,259.2119098752925,635
50290000,188.93548065083522,285.24298718299445,635
50295000,169.88910551727776,283.256395839239,635
50300000,176.1348745032159,276.413191540807,635
50305000,211.06938676772478,333.22718688225314,635
50310000,212.42068095516532,283.9365453693041,635
50315000,186.1832721736787,374.4806400699348,635
50320000,181.6459755853061,308.0278130327118,636
50325000,202.82538848626277,241.6048324521842,636
50330000,179.91793136298344,326.57323501495205,636
50335000,168.5839013726464,256.3657262765395,636
50340000,192.11417192705065,314.4538308665012,636
50345000,162.7396607242769,310.8813097563795,636
50350000,212.4947429044396,304.9070220173285,636
50355000,162.03822414122402,289.3869835811141,636
50360000,187.67855470754284,272.5143451220469,636
50365000,166.78034506470073,327.5260587143927,636
50370000,168.3330770532881,253.15775874722718,636
50375000,176.30788864271,304.35176367901516,636
50380000,182.13084959471934,266.70280103531405,636
50385000,207.68240140118706,292.44323845846986,636
50390000,168.62137858139948,267.2726654241356,636
50395000,146.17318892186614,312.08868164682804,636
50400000,157.5043701841212,258.1220696254318,636
50405000,173.06641917302696,272.77133497487483,636
50410000,198.94474535404908,258.432639457763,636
50415000,142.2287285023965,257.8391092465657,636
50420000,188.52025966266783,305.7708470271698,636
50425000,234.29924527982195,303.47794530537027,636
50430000,205.9393618267195,302.4137996745819,636
50435000,224.44029705273226,358.3139018282292,636
50440000,233.0865251832456,279.50265147422726,636
50445000,190.29994004127093,340.7841847272497,636
50450000,229.4123134505619,298.8857457215177,636
50455000,203.69200718639436,229.39128096943006,636
50460000,175.02666704361116,260.30324211554006,636
50465000,179.77416247615957,318.8056723074391,636
50470000,182.84723022362215,324.26542153780565,636
50475000,180.20308420235014,284.110461172286,636
50480000,172.899304261096,295.1356579999593,636
50485000,155.01031247957022,266.7732627545117,636
50490000,218.93546411017059,351.9762694656314,636
50495000,212.54698816345237,338.1555545339999,636
50500000,183.58651490052176,377.51831739430855,636
50505000,215.34836660831837,291.2282187820124,636
50510000,185.62351916768193,290.4581577140128,636
50515000,173.4181712835987,321.45166438735146,636
50520000,192.74627523985444,328.5168703667573,636
50525000,181.93409550197114,295.55272887364083,636
50530000,176.83011244323683,285.4672089588416,636
50535000,168.04271489395003,332.4144017824228,636
50540000,207.16722020592454,299.3099898571135,636
50545000,182.14771941449547,290.65142313617224,636
50550000,182.3321863165881,308.64446169972314,636
50555000,198.32840771306147,329.02019846130196,636
50560000,199.59263880685853,246.6014072537442,636
50565000,196.16549521612782,220.19869561655108,636
50570000,188.75566296269835,261.5629269525343,636
50575000,216.8010217422935,426.42104761334826,636
50580000,170.21727400924223,341.32053557009147,636
50585000,201.14234619510947,294.8858348379308,636
50590000,231.04780015663607,371.0416971767936,636
50595000,218.68170276499163,290.79398741936654,636
50600000,170.02243923328618,257.1462365880076,636
50605000,185.51129055098272,349.60147227054347,636
50610000,203.12142834340722,264.1435416111513,636
50615000,186.86968555420853,301.53428634323586,636
50620000,190.53147439537514,289.50476342861424,636
50625000,196.39732978026532,363.7096551625889,636
50630000,184.5929012073861,317.9918280249123,636
50635000,201.15630631470037,290.6546825043201,636
50640000,208.3436151277443,298.0096712094844,636
50645000,194.24280106716088,328.9364873424484,636
50650000,174.66482943686844,368.24322694473284,636
50655000,152.865078961683,305.5893177326066,636
50660000,166.01281922100878,285.4416520138579,636
50665000,162.84425969713962,316.41542945353603,636
50670000,222.63593240044509,310.8038231617595,636
50675000,193.1695849414176,260.55883843965614,636
50680000,193.4129383656039,311.43128256027103,636
50685000,206.47743766963177,301.7999993052292,636
50690000,204.5998831656458,276.6964183534379,636
50695000,157.3102145190609,255.8955389761417,636
50700000,196.58154246213033,349.6459042837483,636
50705000,222.98810000306722,289.95316242124255,636
50710000,174.72100448804184,253.2323619507821,636
50715000,193.95821680933898,330.5992640342899,636
50720000,207.0311205523452,318.8622170364005,636
50725000,172.63859545097162,284.87795759148344,636
50730000,173.98575692980478,270.2332302707533,636
50735000,149.05349736420806,299.83800591854475,636
50740000,212.17093781190394,296.03380563482114,636
50745000,218.34079602271882,252.62417078673144,636
50750000,174.38231202549582,271.27250016613004,636
50755000,217.87485559739798,294.48505265016985,636
50760000,161.9389987542207,293.3576954889348,636
50765000,171.9725315435608,297.9217109882585,636
50770000,225.6773182501247,309.740924410259,636
50775000,161.27744056814055,252.59133062561006,636
50780000,195.28105745850374,215.78214612337527,636
50785000,160.35297161587093,217.71872398076403,636
50790000,203.5904969160287,321.1360558807744,636
50795000,210.0748704956687,340.73628206205007,636
50800000,189.5139359637185,269.9280222556239,636
50805000,184.386504929114,309.57304711596043,636
50810000,231.67486076526126,311.70951932328677,636
50815000,154.10444416940635,318.1004365239084,636
50820000,180.4841343812508,245.62179431571334,636
50825000,215.0425195916336,285.93151421420055,636
50830000,185.5099442826071,275.2120279021544,637
50835000,186.2130094534287,332.87533333367224,637
50840000,192.0017572792356,315.16309318640646,637
50845000,174.27733237592284,337.48830145163146,637
50850000,197.03836399071983,272.5124080234955,637
50855000,203.56496299237003,275.03943831929325,637
50860000,171.98054484365977,291.1973923382469,637
50865000,196.50059115931361,316.31057602390047,637
50870000,184.22426525781057,237.59127749775809,637
50875000,164.84208896641127,282.0550189555906,637
50880000,207.6851502202643,352.6086275588764,637
50885000,210.7568226384127,283.57257977596527,637
50890000,186.71875736956207,323.27703981545346,637
50895000,208.93287440872717,352.76531734794725,637
50900000,163.03449893758813,236.00477122257817,637
50905000,162.34972143395643,387.03334900168863,637
50910000,197.20943628344537,292.2458065057574,637
50915000,203.27645361131016,273.6813621303254,637
50920000,180.48502432591752,253.10520940320745,637
50925000,186.49385392921545,284.3192912865404,637
50930000,214.94683051018808,271.7419485291441,637
50935000,201.47822174328533,280.8057918436237,637
50940000,250.54136090287886,287.1335261285505,637
50945000,183.94312388459116,292.72422433269213,637
50950000,167.12478167418593,322.5942610678172,637
50955000,161.49649506813677,225.15882722240107,637
50960000,193.7534130778866,335.9390253920637,637
50965000,184.82293703542229,250.1317699874151,637
50970000,189.465000455951,289.4446499069175,637
50975000,167.25868020892676,312.0508836427539,637
50980000,192.58294859137683,284.0139045346366,637
50985000,168.70269153638822,317.1891984443876,637
50990000,210.4908202056657,269.81305174648935,637
50995000,159.54416015315246,282.09262808655313,637
51000000,226.53674869147125,254.7964530711382,637
51005000,183.0081933531827,288.41081607635175,637
51010000,188.43789648623013,300.2930902709918,637
51015000,220.04300797362603,331.72760656037843,637
51020000,197.2500501610873,265.3220376923896,637
51025000,190.7783576286622,293.56067334674424,637
51030000,196.16020136536525,349.6840042394822,637
51035000,158.96913826678212,323.17631799062684,637
51040000,187.59337158212094,283.5238482599012,637
51045000,167.85613301668434,300.70614848613724,637
51050000,226.22141753036558,313.3086596141222,637
51055000,179.35402111698315,314.41099003583895,637
51060000,161.8567160015041,324.0428839590934,637
51065000,181.64305284687472,292.105970594787,637
51070000,186.41911571694078,262.71656400993453,637
51075000,180.6216092583747,343.6589952979054,637
51080000,177.02517439581752,302.9555309299609,637
51085000,226.44095989523692,357.8453439503608,637
51090000,183.86715920771147,300.6952097931349,637
51095000,160.5665548704389,340.4434247896879,637
51100000,167.49943193775107,352.67495366903967,637
51105000,190.88627929090399,283.7995232307682,637
51110000,216.3065711122339,281.7218340722317,637
51115000,202.8060009456977,297.41577791733897,637
51120000,196.83920692007314,304.33987810811897,637
51125000,178.1064390605521,279.51447654666595,637
51130000,199.10571842600177,315.97289458701806,637
51135000,184.50974087557344,270.30456386028106,637
51140000,207.81797027466413,328.5917219812583,637
51145000,175.63995514619762,250.64611479069922,637
51150000,197.57484947696202,349.23935202969744,637
51155000,171.65306497209977,255.49652424022983,637
51160000,180.0358013677466,312.49514584523564,637
51165000,192.53443898841527,304.38459205290195,637
51170000,228.5974893815297,293.1146657352411,637
51175000,175.38336669855892,315.02419521380716,637
51180000,185.74120079191135,292.03944072979505,637
51185000,189.20115523973683,348.7066621281875,637
51190000,183.8339622909887,250.20643633396884,637
51195000,190.42373189415815,292.1388098208764,637
51200000,186.73951199057655,281.15631451583596,637
51205000,177.91903196111178,285.45935629280723,637
51210000,192.33460781160883,329.8934923863292,637
51215000,177.72991078248992,315.86841015934345,637
51220000,180.3977096660917,274.910533072141,637
51225000,218.274468073048,277.19332096233154,637
51230000,226.153251734465,312.3244702162348,637
51235000,197.65870145886728,265.35223212281704,637
51240000,213.42918135629674,332.6991299191131,637
51245000,204.44687691039672,297.68776049191905,637
51250000,177.55301321230905,248.87893098588552,637
51255000,179.0807153980938,301.2576350302515,637
51260000,213.4457624447536,252.4616853333871,637
51265000,200.91681430639684,253.38593117486096,637
51270000,203.05253834534375,250.84154378837349,637
51275000,171.45861547961698,329.94510247793875,637
51280000,187.13410015433638,224.20192696152623,637
51285000,179.7958446762367,248.32530654410513,637
51290000,187.83638397168895,315.97033612011086,637
51295000,190.06304887512468,323.71987594081145,637
51300000,149.06458836694836,308.96457263515236,637
51305000,230.97804552584776,326.3712504543308,637
51310000,173.0779515564374,285.48252173405604,637
51315000,221.44072509318718,350.24713365028055,637
51320000,193.98431371980797,294.9288068684899,637
51325000,199.98358666075956,268.8876371324452,637
51330000,182.35059824601214,259.17178788751136,637
51335000,168.52982676195091,257.86937313178606,637
51340000,192.77600178654487,357.73884315686723,637
51345000,193.81017099864633,250.05683174044202,637
51350000,178.81565941743585,303.689088786267,638
51355000,226.96133584779892,236.9933968305459,638
51360000,186.72843558264347,267.57309996285375,638
51365000,200.34874258744287,268.1426985828667,638
51370000,236.34934185426616,301.711831832911,638
51375000,164.42650538479,299.7948832965004,638
51380000,199.9684178300303,312.7523835138213,638
51385000,155.3592793000315,308.4846514743343,638
51390000,211.23686180186675,264.05580193265746,638
51395000,172.40174689586652,305.97069015318704,638
51400000,232.12935605731485,327.2077816832156,638
51405000,220.96202610497443,286.18002588143867,638
51410000,162.77144141960648,292.3699439898333,638
51415000,192.48644531053276,299.11486889413067,638
51420000,191.86794731621197,336.2472625017736,638
51425000,241.42820658804985,300.5473090085813,638
51430000,189.78565000721733,288.65478747271584,638
51435000,172.19252513996733,266.43962149899033,638
51440000,188.87090905763088,231.58691623648286,638
51445000,172.6696422207114,304.4902471176913,638
51450000,132.43385806329377,281.55019193593677,638
51455000,186.47197739949982,267.87397056076935,638
51460000,196.49335764762833,318.28173017005867,638
51465000,170.1661387532062,309.97968354637214,638
51470000,205.8751658295228,247.22350850722356,638
51475000,169.6703360114526,348.4721926299796,638
51480000,209.04576209183324,283.37237633262225,638
51485000,163.50546047318028,317.19240878543224,638
51490000,188.15532407393698,351.8319544314837,638
51495000,170.94029198624642,310.7240156117952,638
51500000,164.58970334520927,325.0559715418808,638
51505000,191.11750391522165,286.98119777808216,638
51510000,215.44200251316886,290.24680246960247,638
51515000,156.07040053027868,260.55148546400466,638
51520000,193.24484864058232,304.6341854239436,638
51525000,176.25965519736647,277.09353461611096,638
51530000,182.15421530585337,285.5789827634755,638
51535000,190.96180787079288,288.45261967435385,638
51540000,213.5945369735974,255.27855530455628,638
51545000,177.00191754873978,304.7919873744913,638
51550000,159.07277062080203,315.3780330511655,638
51555000,207.43877127801434,289.0886218096165,638
51560000,189.66518652147408,328.146418983786,638
51565000,191.0048989582676,309.8364412381148,638
51570000,198.82131482947392,261.43773815474015,638
51575000,179.0096200166637,259.6909595807651,638
51580000,176.95315648139928,269.9346920364682,638
51585000,173.49857663177215,257.08193753783894,638
51590000,197.0956271034226,304.59975023064703,638
51595000,201.04295484833926,351.36762804951684,638
51600000,181.07329421864745,258.375212818096,638
51605000,190.50703404053687,336.23267377716036,638
51610000,179.3849083599734,327.7137323698967,638
51615000,163.14708309377272,315.89799178964216,638
51620000,201.25593821732997,309.5330768449839,638
51625000,171.820528647723,265.82606658053817,638
51630000,196.63709817712888,259.76150561398475,638
51635000,193.92251218057635,331.16166044538994,638
51640000,209.4565005873565,263.1007104093686,638
51645000,196.10338712775575,242.91316318773556,638
51650000,183.26262184075583,306.79534575143725,638
51655000,166.98866322136624,251.33839895144027,638
51660000,168.7094803763086,270.18299165342773,638
51665000,188.69428043133016,325.288196310517,638
51670000,196.03644187245453,269.08141669460247,638
51675000,213.69316357162188,339.8153642230626,638
51680000,173.72356548431378,277.4185831867564,638
51685000,184.9701133103651,269.15622636422887,638
51690000,150.21901388775154,324.6128911790344,638
51695000,167.79669960478887,334.9835552627702,638
51700000,229.9711214070989,297.1959148239187,638
51705000,156.99309741674233,284.49992821185305,638
51710000,196.07720390414372,299.9210418013478,638
51715000,173.69908858310652,269.21611554985253,638
51720000,154.64453716088076,271.9041890372927,638
51725000,190.22939423904296,263.15032179264307,638
51730000,191.1908542580445,274.70135992535904,638
51735000,178.83438823984,273.4778518826829,638
51740000,220.46018641963275,296.1166332043197,638
51745000,211.0854978585344,322.5642799647141,638
51750000,148.7445340803767,246.61962430928753,638
51755000,182.54996881210448,309.3760090219032,638
51760000,179.6325610363139,282.4370568221854,638
51765000,190.2955919771436,318.7707774269628,638
51770000,242.83456855445803,273.84860164646955,638
51775000,203.4948252810139,295.2827224762946,638
51780000,197.1648095491289,298.10638748978727,638
51785000,195.8227334614709,287.55415543872147,638
51790000,207.68787305572323,275.504543010299,638
51795000,163.3490481983809,329.8466557551308,638
51800000,200.33567533755257,333.7242312405522,638
51805000,165.82136667211097,344.5320800686736,638
51810000,149.34821207202282,279.1616612728579,638
51815000,215.63411041283678,247.7076983399933,638
51820000,200.40577029654654,305.1916559273367,638
51825000,159.4181207556049,413.29785347995977,638
51830000,206.01356046755697,418.9354252712053,638
51835000,196.6840999844825,278.69408403265913,638
51840000,148.61965137482386,280.56174969725123,638
51845000,188.81572308653847,284.2627243240208,638
51850000,186.88102816509237,347.5109361741483,638
51855000,172.87420057187333,344.24002459612825,638
51860000,187.8039611830506,346.20646042113384,638
51865000,206.6344430235118,322.3132631395643,638
51870000,197.31774261304545,299.34859350312513,638
51875000,212.40523013679717,254.92605449005384,638
51880000,180.76174504277662,299.50924372981757,638
51885000,232.38582520229153,281.81231122635995,639
51890000,183.32477453461655,285.5050401925156,639
51895000,197.1769208201668,358.9676237986159,639
51900000,202.3073491321967,255.4213932485328,639
51905000,179.51732885653672,263.08397543956494,639
51910000,174.76569808306135,354.22319026820344,639
51915000,172.36647450358114,308.5495223282255,639
51920000,195.44652047893214,277.80997520051767,639
51925000,209.81898197481166,282.06620232813594,639
51930000,188.02518008260364,267.9266927917984,639
51935000,179.59309441970464,312.3664302494137,639
51940000,165.2302372189711,281.06089635449575,639
51945000,200.91960175034728,335.8687222465335,639
51950000,149.96208545423886,287.73644650047106,639
51955000,209.7913773473568,252.90895930315745,639
51960000,173.91872787089616,298.7298766027002,639
51965000,200.7341071313692,282.42892432535183,639
51970000,195.09303857183463,271.8061058095844,639
51975000,178.8870706192186,221.74718353927022,639
51980000,199.4604714636698,258.1176199771461,639
51985000,172.18528109261243,339.53436612310094,639
51990000,205.94558502760847,322.65223971205023,639
51995000,160.52506929562662,334.57556644644745,639
52000000,162.10757093924462,278.2025021611981,639
52005000,178.80561105863777,285.7578671119168,639
52010000,220.96778606724183,270.1520339777509,639
52015000,233.0289886870068,359.3042671192863,639
52020000,185.76958790409796,333.10321187098083,639
52025000,170.1168177799735,347.76599434010575,639
52030000,226.54772219182047,290.49259372100323,639
52035000,239.5100277213533,296.6886692365275,639
52040000,163.101708230937,256.9917329331667,639
52045000,209.97945206059967,295.96075725906877,639
52050000,205.77679642919276,353.82966313695096,639
52055000,179.19508289139227,300.19281655655755,639
52060000,174.94187810631232,294.8988997724017,639
52065000,188.3094335269618,334.9747790696498,639
52070000,213.6412641329581,330.0042091409456,639
52075000,154.8944703219035,305.1411239295501,639
52080000,232.78115886725863,353.56312132760297,639
52085000,185.92903960081742,329.2136260225318,639
52090000,140.6777698412576,317.2496739355584,639
52095000,152.4894272474028,285.9687353459244,639
52100000,184.17301635717064,266.4743630497207,639
52105000,184.7149433116471,296.03499684308457,639
52110000,192.29240313493256,265.72645681846706,639
52115000,156.32917321302097,313.0650799398698,639
52120000,222.3508018785304,363.9883864358646,639
52125000,233.73868600764112,366.01982406159163,639
52130000,186.8225326063834,300.7275091103548,639
52135000,178.5931847743632,279.59022502501495,639
52140000,180.94404876768462,303.9028627902323,639
52145000,148.6576925689998,301.0287390226627,639
52150000,181.5432333707294,290.27656651716353,639
52155000,208.61967328664838,300.7825256654155,639
52160000,217.037091524419,254.46004038482155,639
52165000,231.12947266102987,260.79200999205676,639
52170000,181.46412659699806,279.90639682817766,639
52175000,182.03994713763458,290.3169810084288,639
52180000,176.4681911534838,357.8043832554478,639
52185000,214.75577583289515,265.9358904216493,639
52190000,175.67899847712403,340.8882945261879,639
52195000,196.87209389134586,317.4546576270592,639
52200000,169.27175463601571,297.378742718754,639
52205000,195.05182990270262,328.83399967277177,639
52210000,173.13308326270962,300.06605832993716,639
52215000,145.75085931337742,299.99780601434446,639
52220000,208.56820385391163,348.056156883457,639
52225000,206.90722473587488,306.341074177665,639
52230000,213.55332201785342,303.5537630927711,639
52235000,223.3946929360428,301.1284509501411,639
52240000,164.40227511147054,244.6760220583195,639
52245000,198.53810509451415,297.1781873706975,639
52250000,198.94578300376463,230.33482556157605,639
52255000,228.97848976265288,333.608083033618,639
52260000,197.42025352834045,360.67839291309014,639
52265000,187.80282160031584,263.5632052905902,639
52270000,169.2447112254942,258.70799215180585,639
52275000,153.838228007128,320.345183431508,639
52280000,211.28026817721934,407.65098524367335,639
52285000,223.0002731417735,295.3259550962215,639
52290000,225.0592912607966,319.04883143190847,639
52295000,218.42091725746442,337.84405734182485,639
52300000,200.33027299002643,253.0957378804357,639
52305000,163.07302143908345,344.2738293804607,639
52310000,159.15506661423373,396.73702837076166,639
52315000,196.458535943971,306.7323277183802,639
52320000,163.55068957776834,339.9579124497504,639
52325000,202.76264129762893,285.34834863462936,639
52330000,207.04855075960052,337.3001596298215,639
52335000,183.42184344711012,265.3892035565712,639
52340000,190.90687106527218,290.0580771990016,639
52345000,170.13277182000513,270.7492771092322,639
52350000,213.8282228685701,244.6799340582581,639
52355000,186.72172352168548,316.13999695648357,639
52360000,188.6407764278865,264.4530028986008,639
52365000,169.06436223389835,348.70978769632876,639
52370000,208.19577685890602,323.7480886074742,639
52375000,202.77179392817413,344.658649426532,639
52380000,165.8337661661355,246.26962581461538,639
52385000,212.84672395688887,303.281982879417,639
52390000,236.64325383809097,290.79254557554293,639
52395000,214.46881404356708,298.997198815522,639
52400000,178.86935774973617,293.70193678148286,639
52405000,196.56519938386282,304.43490850972483,639
52410000,191.00575722555502,299.5095942773192,639
52415000,160.4716417882869,254.72472038053485,639
52420000,189.51145118577614,298.6454448112677,639
52425000,230.7696731468018,316.18842466106884,640
52430000,198.85442080763542,237.29187964883823,640
52435000,169.12103226513295,229.90848691412089,640
52440000,157.70650189222957,279.8426280051649,640
52445000,192.7249808885224,281.8822161621439,640
52450000,198.7714452797422,232.6019045859667,640
52455000,164.0307817738876,331.6639318059146,640
52460000,174.33628636746354,342.9511451876873,640
52465000,183.47562258387205,330.674909491005,640
52470000,199.84210847243241,245.8008195734412,640
52475000,239.33276273975935,274.34176467952426,640
52480000,203.5708531119283,270.1844930837813,640
52485000,186.87624094790033,259.0196677614008,640
52490000,201.45651527431014,296.5563457018174,640
52495000,174.92035112239125,287.0975458132526,640
52500000,195.0103419991357,316.3323378095072,640
52505000,169.57566186702599,257.42510151758387,640
52510000,177.00949935829703,290.28248176628796,640
52515000,197.33013276222687,262.8473634140544,640
52520000,190.56906722183828,285.5142381911999,640
52525000,173.48439273314526,428.16581460298096,640
52530000,173.46759804597136,295.78123009426037,640
52535000,165.2604241422619,333.74315256850457,640
52540000,171.37289317048356,276.76038158897177,640
52545000,170.92519781435286,317.81701490910837,640
52550000,197.98839294853747,281.6014551041081,640
52555000,190.77668458785243,288.54326334668343,640
52560000,195.45796155799917,268.9519910887449,640
52565000,162.13646469236647,314.22048936590255,640
52570000,172.51896754270896,283.13428312284384,640
52575000,200.7853572573681,275.66894457472,640
52580000,201.07760888761263,297.3889887634185,640
52585000,152.80970374311872,241.42525953784397,640
52590000,213.88230594101955,292.46333669595833,640
52595000,183.77385473334743,264.64296440739514,640
52600000,237.10352471039607,218.51460826690894,640
52605000,174.52858240694513,291.397074578245,640
52610000,190.3178510833329,317.85443587933327,640
52615000,186.5903181754992,333.6494701544315,640
52620000,172.92629119597424,299.34409901287694,640
52625000,178.77322695460177,277.19811536935333,640
52630000,210.46869268966014,305.33210408778393,640
52635000,174.72001159500743,256.0299952455572,640
52640000,159.90357140938607,245.27535927445794,640
52645000,176.24576648501935,229.97439106072437,640
52650000,201.83367913073974,325.7841146833031,640
52655000,204.81422457344212,323.4595615217522,640
52660000,157.5955601471307,393.83586365781406,640
52665000,238.10495935682926,248.94461031044236,640
52670000,192.05460292914944,257.11997235794104,640
52675000,196.47097618282095,351.082983132571,640
52680000,161.808466164752,240.02595086790555,640
52685000,165.44203846968182,366.5295659689726,640
52690000,218.75499373084904,332.05717610651396,640
52695000,174.35379314078486,332.27513929664354,640
52700000,177.72696904195251,306.7767186349525,640
52705000,181.30166444585547,282.7835510390674,640
52710000,197.27467838863606,268.33669305038495,640
52715000,190.87408467852487,253.30438526565547,640
52720000,145.01398416615172,279.700443141771,640
52725000,186.25510738730873,339.1325373738271,640
52730000,209.7288524484144,324.971230996038,640
52735000,229.1340217957713,298.07691684008955,640
52740000,207.2931557263807,267.1147188391725,640
52745000,205.16247649487408,271.8162079516159,640
52750000,177.792623455782,286.3740574988717,640
52755000,168.88125067479203,280.2296013599673,640
52760000,171.97799193547158,285.16692619767997,640
52765000,155.20952475349324,352.5243930031077,640
52770000,207.9497147049069,327.0996008957272,640
52775000,199.2198092583668,258.52696875963505,640
52780000,200.53291335948046,265.6785060438651,640
52785000,150.42451835885166,356.26035476979314,640
52790000,185.72914042365616,298.6802809470814,640
52795000,167.6539886577084,298.61060138767255,640
52800000,203.73764599363946,314.50489140292467,640
52805000,182.64429276688986,307.9104822522459,640
52810000,171.96048417078973,282.3948176964612,640
52815000,192.50168000301954,291.7111323828154,640
52820000,172.10069718403213,246.8710185102579,640
52825000,212.00712298636407,274.5515669192961,640
52830000,201.2025021988932,288.3368465361387,640
52835000,184.86206188249545,313.27787807323693,640
52840000,229.48024814051794,347.8345728478687,640
52845000,191.53101614484208,283.31629274529445,640
52850000,167.27886963585024,349.07339969365063,640
52855000,248.25622683844296,340.0955036605263,640
52860000,205.18709324533754,321.45141266763216,640
52865000,183.23576015853828,261.0097773926496,640
52870000,181.37552871995217,233.8298323617747,640
52875000,178.3516727755307,283.367227929294,640
52880000,180.3801391897095,293.31876514335903,640
52885000,169.69471772377915,289.4758293003144,640
52890000,187.23959115806673,404.2049148550052,640
52895000,192.37141197396338,309.4271892658336,640
52900000,203.3899984326634,277.06500924153625,640
52905000,183.82967436262643,292.2783371906829,640
52910000,179.06900825097335,283.2848302819808,640
52915000,184.53038145070997,297.5723167490937,640
52920000,178.57941560952736,266.7206600049811,640
52925000,195.85606750052668,223.11691285532584,640
52930000,167.36903709495766,256.96110135951983,640
52935000,211.99407436993084,311.18312452360095,640
52940000,159.2847665102155,281.94297138979016,640
52945000,173.8689967548539,264.85765902803325,640
52950000,170.06585188083056,356.7452513812502,640
52955000,197.93640450216952,307.84019552059436,640
52960000,196.82047925039862,254.11279635463023,640
52965000,219.4035875826067,380.1606071103743,640
52970000,178.53361459138875,347.3750243414118,640
52975000,189.8438284328074,329.8079957497873,641
52980000,216.99706075444357,254.9225730584803,641
52985000,172.6711959874295,288.87903450425927,641
52990000,158.53980718677747,289.9824533977837,641
52995000,166.9170669137019,281.2346732095701,641
53000000,181.19553147776784,360.5085722533754,641
53005000,176.92483407486787,336.58886203116526,641
53010000,163.0951259862168,275.38100100770964,641
53015000,223.7345515409147,337.86777529455514,641
53020000,173.12671987951728,329.261605686722,641
53025000,201.86659106920885,288.02877989730814,641
53030000,168.28089133960196,313.9577458007666,641
53035000,205.12826646715337,302.0327496585956,641
53040000,209.53541228074857,310.9877838867934,641
53045000,173.50555660703566,307.4622931003944,641
53050000,191.47464178275328,356.2920818928433,641
53055000,191.80041342537913,262.0064951402066,641
53060000,178.47833447543735,269.5653378090122,641
53065000,220.45115369368546,292.52565967641027,641
53070000,206.44095433091883,286.75331729684575,641
53075000,201.93403157929788,345.9672319952703,641
53080000,190.07450032958093,343.3369837850992,641
53085000,193.82556913697104,295.972890670707,641
53090000,160.51617286801374,340.50019537985435,641
53095000,183.19923500565585,315.29106448486186,641
53100000,171.90551141178716,284.9936805905423,641
53105000,217.60584067177388,309.1706188787494,641
53110000,214.05691576798563,298.8754895393765,641
53115000,175.2084631019963,268.84727253339383,641
53120000,181.13132663450494,366.35035052008385,641
53125000,227.38121205621184,312.40657868083133,641
53130000,199.44891254391098,298.7306386833065,641
53135000,170.53504005647085,290.9276763529859,641
53140000,213.47464810337553,326.73838009737835,641
53145000,146.21665144095,245.08816041096696,641
53150000,184.57433937722644,250.21557345834367,641
53155000,177.06386984268153,298.81338647913606,641
53160000,131.01396092407714,293.39703386768497,641
53165000,215.68421481485453,340.604863359063,641
53170000,186.55139524881136,299.84415468905104,641
53175000,196.25645300872384,334.0402157222177,641
53180000,193.1655635402032,266.9984481683207,641
53185000,179.32768071494522,240.18317042987493,641
53190000,211.42204680410208,356.9659910603716,641
53195000,172.3905014901216,242.45221440314944,641
53200000,182.1311621042922,310.5824245545968,641
53205000,189.03004069459422,329.06874517438035,641
53210000,192.4163102692968,284.8843084416342,641
53215000,257.3629516828787,311.42306950174503,641
53220000,161.52954142980363,271.8868248861793,641
53225000,149.74094368257394,314.24633776770804,641
53230000,181.37436247699262,278.6883476527667,641
53235000,208.77296138624908,313.8861572184487,641
53240000,198.00019231957424,315.5703516672967,641
53245000,171.74455707448067,279.33192267585355,641
53250000,220.86000948814242,286.1104390991178,641
53255000,166.00236084089806,263.11475458089143,641
53260000,225.15326614724947,332.0929041204457,641
53265000,172.51833193963222,223.23799697010412,641
53270000,181.1155499540599,302.5997776538832,641
53275000,229.465993980328,312.6692417704527,641
53280000,205.2362511916776,312.2008528098752,641
53285000,148.03722588316296,277.842086880649,641
53290000,204.72552413374484,276.4883080889846,641
53295000,153.5571815232949,363.9291045743892,641
53300000,195.05177209474274,369.3500556304713,641
53305000,202.2948192571207,328.0753498219573,641
53310000,181.07356680287162,297.7002988684232,641
53315000,204.2547604858206,253.19969713067852,641
53320000,185.52792368980587,295.8207404143951,641
53325000,192.86758560562424,232.3463995943629,641
53330000,226.8667766941086,297.79785131079785,641
53335000,187.9803821332331,306.3798557089371,641
53340000,220.41236837381848,299.8249767822668,641
53345000,209.98145613849124,371.2826092419719,641
53350000,163.0551385261332,269.59916438717426,641
53355000,154.10841512520165,320.5190822302698,641
53360000,225.61732238799942,309.5303465336993,641
53365000,180.8137212941986,281.86477172489265,641
53370000,195.2868894638664,350.46607765871823,641
53375000,203.08671024342584,286.4410978670558,641
53380000,195.7719460807655,258.8891790863341,641
53385000,189.15680317985837,261.7791945424588,641
53390000,179.89110618103157,302.6473096187878,641
53395000,177.61680903561927,232.7800775332927,641
53400000,213.34965746966958,303.59866077527266,641
53405000,200.63770018486568,269.3083837192659,641
53410000,237.49107502512484,246.787256479933,641
53415000,178.1904227797939,244.8826833443501,641
53420000,185.71147041307268,245.39972288675534,641
53425000,150.58101272349933,302.70585675520533,641
53430000,175.17908047261977,293.21846636816196,641
53435000,174.30244250156815,258.33110832907477,641
53440000,167.75048741517665,246.19794738060767,641
53445000,222.6828480147019,266.80842410264495,641
53450000,180.03561762792378,234.5551516186739,641
53455000,179.6840688602563,231.4317656389381,641
53460000,175.0882762474753,288.41739095367245,641
53465000,163.2872693307023,299.91524828843575,641
53470000,170.08451258813275,320.1707538678582,641
53475000,168.40859195743096,319.083964079027,641
53480000,222.06543105483325,343.2349435884705,641
53485000,144.51478922960504,280.9705861162614,641
53490000,191.1767613020825,299.8072278700908,641
53495000,197.73424008347,247.22753886378104,641
53500000,184.0563836821417,275.9261645646308,641
53505000,237.6666073453323,265.9716246946751,641
53510000,203.64949281508598,261.5851012449749,641
53515000,205.93676716660752,258.708643606414,641
53520000,183.74311067083468,294.08015367057754,641
53525000,227.9036826242657,326.23821958455045,641
53530000,173.78692309614058,262.9246826174688,642
53535000,201.0889136797001,342.0533839376687,642
53540000,197.55074879713925,311.42975060770607,642
53545000,175.18236871216638,258.61893105302096,642
53550000,185.43974111953747,332.6854455861524,642
53555000,184.4536771545956,296.5430776406616,642
53560000,247.88189338501815,290.25382499881107,642
53565000,162.71357962359923,328.56976846482206,642
53570000,191.02459103054954,303.95869414824574,642
53575000,187.49455420741398,281.9232797775042,642
53580000,197.51956345354301,332.5517270804435,642
53585000,190.27705721148328,272.0013386610776,642
53590000,174.08821437895534,347.2831481635197,642
53595000,177.2304945776922,265.6018451228467,642
53600000,167.9993938160028,314.5702486096014,642
53605000,207.03498033438765,293.61909283522414,642
53610000,176.57524942596507,292.3681737442475,642
53615000,158.76121478459012,324.63562366438885,642
53620000,189.62563917101124,240.34129707684187,642
53625000,166.64921396912018,363.2581697884781,642
53630000,206.8050187642143,289.41388806652026,642
53635000,188.96013987818725,349.60366172609497,642
53640000,198.78760605757256,317.2158943308897,642
53645000,195.11223665397904,324.4653447772952,642
53650000,172.35880487238202,275.08216816757954,642
53655000,182.21193151272263,346.4772652782644,642
53660000,168.84921381920574,273.19897399027417,642
53665000,164.1852741112821,342.6902854245307,642
53670000,194.30069662596776,325.8643589823825,642
53675000,160.55792294311908,269.0563542667091,642
53680000,237.4106329717409,284.4874790682479,642
53685000,192.30176568380074,350.7131364268536,642
53690000,183.63355774301561,326.6117400310669,642
53695000,169.17700171738358,262.32994351323583,642
53700000,196.46839317857288,253.97675009720717,642
53705000,197.89425769501707,223.16677337956526,642
53710000,167.64774690393892,280.5871801778063,642
53715000,201.94571545099097,245.70574630085275,642
53720000,199.83917576458498,321.09955951886315,642
53725000,199.9620150780494,261.1282804384593,642
53730000,178.63937646412808,285.7354365803957,642
53735000,209.8977317732275,300.24858659632326,642
53740000,186.66135372174955,290.54283018633265,642
53745000,194.6588739749049,356.42071654136885,642
53750000,178.41820956852303,303.00572539577394,642
53755000,171.5557602724728,234.90107001003483,642
53760000,186.36718298934923,309.2574161284316,642
53765000,207.27426337291632,308.6419853104507,642
53770000,181.93511613523972,234.8504221622691,642
53775000,149.2175338315196,326.3360884172961,642
53780000,192.30903150014538,296.92650524833766,642
53785000,182.0547827895846,254.17991400254525,642
53790000,225.2272409012392,357.65949700504416,642
53795000,174.4459542314639,270.3905903814715,642
53800000,190.03151113036873,317.13241374118047,642
53805000,182.88463857361933,305.1781206518677,642
53810000,165.36654168702,294.55167951888217,642
53815000,205.9442910189543,234.19996226993217,642
53820000,168.38098264797813,266.1669083139407,642
53825000,173.41241244169942,332.1261381637591,642
53830000,176.5238121913331,289.17460549911004,642
53835000,196.9947552770294,305.43458476315317,642
53840000,162.40649363168063,308.51227626551434,642
53845000,230.9536327428569,287.49691164572425,642
53850000,174.54722026032246,303.94758865697463,642
53855000,160.52952639225,305.4383921488413,642
53860000,180.8845239367565,373.56335567366904,642
53865000,201.9115954544101,291.48850223497607,642
53870000,198.92749917149047,306.89535689420705,642
53875000,171.5199838005735,319.6551874754558,642
53880000,168.889063890637,295.80241990644527,642
53885000,156.2996822764826,262.3657696391498,642
53890000,185.30177937945646,331.92423940681437,642
53895000,189.5406304692001,314.7902689649427,642
53900000,177.38291577877533,271.09826520349145,642
53905000,176.97375783043032,266.20965551204046,642
53910000,163.92930432486202,296.82847415029323,642
53915000,185.61216023386226,279.18376652063057,642
53920000,217.7301268556192,294.3785089445337,642
53925000,176.39610264726002,286.63229704815546,642
53930000,224.38175623430413,307.9527861009687,642
53935000,205.8138389399921,271.7845632417794,642
53940000,174.3228047750247,296.1472077517962,642
53945000,180.6819156206829,325.2151017376442,642
53950000,203.29135079330902,325.88808784100206,642
53955000,159.1399262337929,273.65587991174874,642
53960000,180.63607638751984,319.8384355531095,642
53965000,182.2415118684423,352.5234665212997,642
53970000,186.53189332668737,314.0498934849341,642
53975000,152.84741742304737,264.1146422469602,642
53980000,216.55309270331264,266.36722216379536,642
53985000,213.33782611220408,275.209699817021,642
53990000,175.46814959882744,244.1723530625663,642
53995000,169.73955300515888,334.22132967616386,642
54000000,183.53490531833955,287.0272385178088,642
54005000,203.0239259355845,368.7059234593847,642
54010000,180.18126294612594,274.633431798073,642
54015000,173.86888190152558,318.97027409367894,642
54020000,146.14979282294266,246.23117742829794,642
54025000,156.00311185701432,298.69453115555996,642
54030000,177.69847525659839,321.6622495131143,642
54035000,191.49168951818996,338.2847243619113,642
54040000,185.1579587422106,278.35444772199673,642
54045000,155.14780448714788,298.9258970317093,642
54050000,209.72849979669795,321.9734047541509,642
54055000,203.70258093037467,329.29380493863886,642
54060000,173.21266364131154,334.43154783657474,642
54065000,185.43436184282035,255.91552743005525,642
54070000,186.97666242031465,305.4726808896074,642
54075000,188.41654268419398,375.80937909321113,642
54080000,166.8128280772661,304.8714729724038,642
54085000,202.16949021568104,344.2920387652577,642
54090000,192.01025919600525,263.2862102329986,642
54095000,214.75534775803908,303.73625568914173,643
54100000,191.6335037076189,321.0692090699978,643
54105000,172.87703661640765,262.2813306726004,643
54110000,179.17973017421465,300.9009775428854,643
54115000,192.1390710357727,306.32609697564646,643
54120000,177.64849927648643,323.0038497398927,643
54125000,196.16020803289686,290.13292880153807,643
54130000,263.906331664549,420.67918110372256,643
54135000,196.3911407282282,347.046268715946,643
54140000,198.28893846160258,376.7360953238522,643
54145000,150.08482097794973,324.25916987741033,643
54150000,190.68005993437674,249.7110351899157,643
54155000,179.61742672240254,262.36570219361823,643
54160000,218.10111459986592,349.53286450028486,643
54165000,182.362845924864,274.60711847943236,643
54170000,188.04820000443078,313.9887610004976,643
54175000,208.44090297683186,325.25312451899293,643
54180000,191.9102057129301,339.71551403775646,643
54185000,185.40646381466473,268.17643578902215,643
54190000,190.16299907098053,386.8909814972474,643
54195000,184.41548217283014,310.0553747871235,643
54200000,212.5844035046934,304.74192401768073,643
54205000,188.34374947940432,313.27878994535786,643
54210000,191.15606806692506,257.9298398667485,643
54215000,212.68373829936596,265.6556981976941,643
54220000,211.81626411852355,289.2011579066431,643
54225000,187.52314492772828,284.5692565648416,643
54230000,197.70079341752836,295.0596526935395,643
54235000,210.12006178429044,301.07941022693046,643
54240000,215.9430930498254,386.7841299960061,643
54245000,186.75439687733444,336.91326263845673,643
54250000,126.50383790222521,348.05620961521316,643
54255000,221.84903506643656,267.88227613907833,643
54260000,188.77762301936014,313.477950726359,643
54265000,194.9247531950174,265.10170417985574,643
54270000,168.78846902567096,342.15724636853145,643
54275000,228.33607671679076,324.48158620877985,643
54280000,177.68035793418312,294.277872334477,643
54285000,229.31896394763893,274.84250844403545,643
54290000,210.76592703932317,322.3190358433608,643
54295000,215.8938479807859,261.8461010299821,643
54300000,192.7513303366435,325.1191697093221,643
54305000,212.29807726851993,294.3984820924106,643
54310000,176.47897753534397,288.82095595939165,643
54315000,178.69588460153417,295.8546952630779,643
54320000,182.0661114560613,290.8164719928619,643
54325000,194.78552222463466,264.7317240932097,643
54330000,196.50648141312485,267.2010160498862,643
54335000,173.47580794116382,282.1006358999825,643
54340000,186.83461408234552,279.89062060920526,643
54345000,197.09513733463717,317.7377368154418,643
54350000,177.15211783059618,277.4504926977649,643
54355000,191.72288014232717,367.70044946733776,643
54360000,148.67117317758246,278.67505697397644,643
54365000,156.35751555156992,311.56816471133834,643
54370000,223.9035142026688,280.92358763818015,643
54375000,213.06506754334677,328.9659770095776,643
54380000,189.25464729203523,232.0146520284862,643
54385000,199.11643081715533,295.84694046195744,643
54390000,165.89585105003857,263.7561109130533,643
54395000,209.38130093651517,292.9899586143346,643
54400000,212.95551109089496,255.90603961490189,643
54405000,191.85862150293235,310.170136886059,643
54410000,205.20247419212072,323.52937585732457,643
54415000,199.58004517240596,303.3588326399754,643
54420000,196.86992014092618,392.9816002792338,643
54425000,197.25873866036287,316.2848566584447,643
54430000,193.717907591324,312.2753478985983,643
54435000,194.23940399308296,251.2624378253534,643
54440000,185.99481279587937,277.33326721068244,643
54445000,222.35450946220715,297.29036917974645,643
54450000,201.55364894319632,305.811361003324,643
54455000,156.88898272701374,294.7885957259352,643
54460000,207.18571745788643,287.7917410832424,643
54465000,211.48650668915502,334.84471411332794,643
54470000,168.07071596928836,340.15402409761367,643
54475000,178.20717603419143,284.438078930297,643
54480000,188.25746248803705,284.59143070985806,643
54485000,184.8700269032346,266.9244927624231,643
54490000,176.56700295334952,297.0856669904851,643
54495000,189.73535367134212,314.42856079094105,643
54500000,236.92616592095467,361.68830558148267,643
54505000,189.78776357934296,314.3505159951744,643
54510000,183.12176978554368,325.74325989284483,643
54515000,197.83469771794736,277.2855009921649,643
54520000,194.87254096454197,320.0369170954372,643
54525000,195.08457651525706,283.15089473257865,643
54530000,218.01090753673006,301.36020606914536,643
54535000,174.0466908868239,332.1675847166504,643
54540000,211.67991033627808,298.9397191758739,643
54545000,210.8223855733616,331.22143285346874,643
54550000,234.1816651463269,344.9710109360809,643
54555000,183.3634996196269,247.68408284399746,643
54560000,183.78366188181414,314.2282687541295,643
54565000,178.1982697847214,287.97380986154826,643
54570000,207.02561688351892,340.8987178818084,643
54575000,191.53464801125602,290.2059926902807,643
54580000,187.91380350226888,323.6888100472601,643
54585000,142.29655768912795,314.6699083580289,643
54590000,261.8986780026799,303.5547828798408,643
54595000,153.02738564179728,317.0937508449872,643
54600000,181.19925949531458,211.6906967613183,643
54605000,175.69045781252692,282.4408665906484,643
54610000,155.396891935341,259.4852830834585,643
54615000,191.83184474784662,320.0444363141523,643
54620000,238.2796605969156,372.61647972897407,643
54625000,182.70097286630678,286.69928502249877,643
54630000,184.51900182105163,313.20205365464795,643
54635000,188.32464064842787,295.8806100434972,643
54640000,164.21180754276057,393.35823080567235,643
54645000,172.01325896298715,248.04997004503025,643
54650000,176.48513400431943,278.5029668792797,643
54655000,218.06658265507733,291.8126810779717,643
54660000,194.80167041745813,305.05167079018383,643
54665000,210.36820451282762,267.99203623098265,643
54670000,201.62360906362792,259.54625940733644,643
54675000,163.63335889467095,359.90384247175604,644
54680000,223.6423491620817,297.559542904791,644
54685000,163.32938873488146,282.81375886567497,644
54690000,159.75139077762185,322.3476701809244,644
54695000,216.64031572968617,308.61119056993397,644
54700000,147.8909727715118,271.0970360600073,644
54705000,148.04227486343336,315.2816512489526,644
54710000,172.89476126379193,263.6611743510909,644
54715000,230.64023670443748,356.98359145286753,644
54720000,193.69213423062462,310.22215297919485,644
54725000,213.88846163648395,280.7647038798826,644
54730000,191.4805433451105,326.22194345814273,644
54735000,171.7592831214825,246.27397025151794,644
54740000,189.9159723124066,269.09901458573756,644
54745000,197.10307074840262,321.88633000300536,644
54750000,188.55429188778734,293.4556811325291,644
54755000,209.04652404267713,330.4633956673505,644
54760000,189.51985717084824,304.01269387366466,644
54765000,208.51525859754616,349.4241992653993,644
54770000,144.1357597020525,362.21699775848987,644
54775000,186.5709026495421,284.97124697877166,644
54780000,172.86439018749022,249.5166125109519,644
54785000,198.52325351164566,347.96898960173905,644
54790000,201.28852627480822,299.7450115231056,644
54795000,192.14547527536683,318.6194458968874,644
54800000,165.39382667289226,359.20308078892646,644
54805000,144.5664138403317,312.3456046620989,644
54810000,175.6550558282887,220.76902464771518,644
54815000,200.49804473959583,291.8193390872426,644
54820000,198.21259851040173,281.0049290125572,644
54825000,204.62432405552966,231.41307945091725,644
54830000,217.82006761993424,294.55119113070964,644
54835000,177.7263051673806,326.83133439414365,644
54840000,163.0034499100058,234.5881355104756,644
54845000,193.1946637349135,377.8997321443843,644
54850000,203.98018182299205,316.07490892560355,644
54855000,168.74178108563513,306.39890733601356,644
54860000,160.4840061988423,284.62153918592423,644
54865000,195.2276005036306,283.2235874098043,644
54870000,161.6866784056303,240.79561262708432,644
54875000,163.57127635600642,295.04458069715633,644
54880000,181.17557157675728,375.61635636330607,644
54885000,194.89826932371534,250.0006562206584,644
54890000,193.1078570016488,290.6694746851302,644
54895000,173.43759643709615,262.4404376229622,644
54900000,184.39444904763954,304.1807446859294,644
54905000,177.4330061628129,325.8228712768702,644
54910000,160.05026277151228,288.71469670656023,644
54915000,170.81293652937748,311.7363195483868,644
54920000,186.4066261131658,300.94658143981695,644
54925000,198.69831264326095,271.98890937538346,644
54930000,218.89857820350312,352.43965145780413,644
54935000,192.99730232964654,333.82224572305654,644
54940000,182.37040128278255,305.74993277976137,644
54945000,155.0534360147379,277.84837232727966,644
54950000,194.62967796636946,247.51919596732284,644
54955000,176.45588577490065,269.93902065061496,644
54960000,207.09751912375435,284.74069858215154,644
54965000,188.97484031320536,266.73884684166313,644
54970000,182.74125989182374,313.58615502184495,644
54975000,212.73250975302062,281.79242225650614,644
54980000,166.70516602343807,259.05130445104913,644
54985000,153.04966908920875,264.37104710548607,644
54990000,218.47728156520446,309.23352517439565,644
54995000,159.65612816161794,318.51608970647254,644
55000000,194.7587748882172,296.9458965646564,644
55005000,252.2881528694706,328.9757504460962,644
55010000,182.92187747149848,360.7950888095024,644
55015000,187.08207905423004,343.3355620912382,644
55020000,188.67340022447513,290.5942465864792,644
55025000,202.37767133623217,263.23728818204614,644
55030000,175.78256348587976,300.1721884931124,644
55035000,177.6648334243921,279.6301220108792,644
55040000,198.54505794108863,292.38447412477194,644
55045000,201.090473944148,288.9613347282125,644
55050000,188.63195326670316,330.29650739144284,644
55055000,187.85019359766721,261.5367641131484,644
55060000,211.2817467513779,318.9096428530996,644
55065000,195.7827402415598,297.30033868292077,644
55070000,234.99403082419394,323.3574798341538,644
55075000,194.39200323044494,303.2507899387666,644
55080000,185.1112005691362,254.50535117848057,644
55085000,187.35877162881468,269.2152704074189,644
55090000,213.57005666885394,371.9362135730984,644
55095000,175.8513650006121,367.69502252312026,644
55100000,184.6273205236978,337.230247788766,644
55105000,159.72291837314117,311.89703165330735,644
55110000,184.03885234828874,332.6321704708619,644
55115000,177.40210438794466,301.5370618446522,644
55120000,188.36589114272954,335.55177385254495,644
55125000,187.5482343434518,334.13592707784085,644
55130000,192.31582209449127,362.0567226222156,644
55135000,153.60037604885204,305.73947870665796,644
55140000,185.0416367101127,370.62229490067756,644
55145000,197.3714178110466,301.7485648682654,644
55150000,195.11683650829485,356.09861390381553,644
55155000,179.96723277215096,275.5306011818163,644
55160000,179.0851289353528,368.97953728608337,644
55165000,218.43149359763532,262.684811793833,644
55170000,152.70214548220773,353.97226564138555,644
55175000,180.35657991162785,314.6770497564089,644
55180000,231.46631946902696,364.65910800220774,644
55185000,181.98878884803486,346.18509541291746,644
55190000,170.76183856957994,310.8265580862346,644
55195000,182.96907369042034,297.9331973551715,644
55200000,193.16398755624485,396.06798747078074,644
55205000,170.29785232492503,377.62424750143543,644
55210000,178.74499683013664,269.4909666461142,644
55215000,181.91813488645496,320.82362269975926,644
55220000,217.33725401248702,294.929085855371,644
55225000,178.95771767056115,235.22367105518015,644
55230000,194.59538378478086,297.1777403710512,644
55235000,196.16558755324866,308.4626427460273,644
55240000,197.13913946395087,373.23835622532243,644
55245000,201.82205968683337,275.52524258612243,644
55250000,179.1848243411059,373.39997422377695,644
55255000,235.96808433888097,281.8523747108559,644
55260000,164.28446511459316,256.5273812061116,644
55265000,182.49507660996971,253.93683162716783,645
55270000,217.62224874013336,312.33711918111857,645
55275000,192.6834271609072,297.5113301843371,645
55280000,140.52612410183053,253.79809547790094,645
55285000,200.6834744587471,391.40962195422077,645
55290000,218.8481420498617,275.0152902773384,645
55295000,170.0293956131468,286.8190288953621,645
55300000,189.94520174289627,268.2282898209928,645
55305000,215.30362196062387,272.0671593802674,645
55310000,161.17221931134634,307.4300086447069,645
55315000,164.9094451102298,293.26978988564514,645
55320000,216.10394734894203,356.4805930881053,645
55325000,180.17116025590093,282.8204514440413,645
55330000,177.57959164501236,239.92837086361695,645
55335000,184.58446538905696,321.2036580686447,645
55340000,191.5465692224484,309.01865393510286,645
55345000,170.75353339958892,349.6876045423278,645
55350000,196.12603638646692,325.9417222113311,645
55355000,230.06410287690267,299.6764949073355,645
55360000,209.6715673184838,304.6714982676893,645
55365000,241.6809549518431,373.9850499113339,645
55370000,213.72199214835712,276.9632298410219,645
55375000,159.05555495839116,256.3265108997319,645
55380000,177.48515328180255,300.18793497656526,645
55385000,176.27606938441662,289.22337876618553,645
55390000,199.49082898338608,288.0650022662803,645
55395000,196.07907570202102,291.42536250452076,645
55400000,195.60986845468193,340.27500693612967,645
55405000,201.90019475054362,300.20110614615805,645
55410000,195.21676404607874,278.81638146400167,645
55415000,172.2886428120524,325.57878324369085,645
55420000,195.60241271368747,234.64427397803436,645
55425000,171.50665953369523,333.29164498373433,645
55430000,202.1911803649706,274.0651297549785,645
55435000,188.57169293167985,274.79299121800943,645
55440000,163.3493868664056,305.61530070772477,645
55445000,173.82833152842954,334.7852359283585,645
55450000,185.5727879994591,256.5211069487057,645
55455000,159.93904591099994,306.8308127754994,645
55460000,188.45692879766688,277.68982153176256,645
55465000,177.948644142516,341.2937593474694,645
55470000,223.337944259238,261.6580501225199,645
55475000,178.9250916245718,316.08506622766686,645
55480000,173.2990331028444,284.4165967412344,645
55485000,203.09134366226726,282.5303993483581,645
55490000,204.08614466540547,284.3472610944649,645
55495000,167.7243148589947,286.75450704543647,645
55500000,191.8656811830267,340.53537587920374,645
55505000,164.55177536778731,230.55932964348034,645
55510000,164.153642162319,310.324695182021,645
55515000,149.83687554600905,267.9929436690688,645
55520000,218.28668845198715,297.05957296781213,645
55525000,200.09224770554562,268.50322843019546,645
55530000,201.31610977742397,305.98680947931433,645
55535000,169.9496656217819,273.3797528891603,645
55540000,201.7651451318544,329.7120709176271,645
55545000,206.5266887573623,215.9360986574826,645
55550000,212.89845021324,319.77587945766436,645
55555000,193.47258012725808,300.65319053181133,645
55560000,189.61995671527995,236.02815960712658,645
55565000,195.7271516638183,357.16651026646093,645
55570000,176.28196291545788,314.7991158989923,645
55575000,201.83017228229542,264.8885480982436,645
55580000,215.4618145918825,281.19729506209694,645
55585000,211.05054404806134,336.60914601959826,645
55590000,182.18972983422964,281.295299416688,645
55595000,196.5321093324889,345.11585670360654,645
55600000,178.25564040061602,256.40406847194015,645
55605000,185.3592202658118,273.1989707693689,645
55610000,159.76524659856707,300.7065197612311,645
55615000,226.65168099674202,357.5210562818953,645
55620000,219.78546636927226,204.51658058168263,645
55625000,209.47974470154344,234.64574939022438,645
55630000,195.07828380172612,351.08092634464134,645
55635000,171.4914285383981,287.1885228291284,645
55640000,179.96680007510582,265.71262260701945,645
55645000,177.37775709244212,318.3625618717575,645
55650000,166.31816143668487,271.4707096478199,645
55655000,169.8525032120552,268.08739033062244,645
55660000,165.15674350846848,303.7044419751201,645
55665000,164.00348533727262,331.51681217043966,645
55670000,242.497889659218,284.9038938338765,645
55675000,183.27102943717378,316.1537320730866,645
55680000,146.6064697488842,270.3947768609344,645
55685000,169.99428225410875,279.44480041535735,645
55690000,186.2752617124092,260.70487617232413,645
55695000,181.5454897507298,268.2782381667698,645
55700000,192.7782184212778,263.7749764091008,645
55705000,164.95763754662192,309.02158877018644,645
55710000,183.422659467705,282.9538621482693,645
55715000,201.21078880548896,308.14963463151923,645
55720000,189.46849522867427,303.0207430339991,645
55725000,186.3871572081476,290.17290275857846,645
55730000,196.29382924971043,253.30798240806573,645
55735000,223.33458253605252,289.3971805649358,645
55740000,176.44693336012205,282.9046321160981,645
55745000,200.0039972074465,231.9585650785001,645
55750000,214.9760676512084,240.7576396718135,645
55755000,191.51061007992902,307.3549265776072,645
55760000,169.3472730521978,262.5867943740681,645
55765000,197.40266103878156,317.9413924080368,645
55770000,185.58767139782145,315.17572257522636,645
55775000,195.21550903851914,310.6550097130354,645
55780000,253.03313976644748,345.4699325644193,645
55785000,210.18558479244783,247.69772363524228,645
55790000,183.92358818371687,292.63821131660785,645
55795000,156.03072072209378,359.0213962039511,645
55800000,168.4612476500977,268.10989971006353,645
55805000,204.47338021377539,313.6127525324182,645
55810000,164.11673571234815,257.2833534445965,645
55815000,185.85102381924685,362.3293209845902,645
55820000,168.98327860863543,311.69242987031805,645
55825000,209.24909384754005,278.8983447477798,645
55830000,162.32296100359792,272.8034506932055,645
55835000,246.81706061138112,272.77350998152605,645
55840000,212.16793514304806,272.6154624198913,645
55845000,182.34522206020233,341.1894002388832,645
55850000,199.7550754337298,301.0084800542785,645
55855000,205.34248509728226,342.66163101996335,645
55860000,219.0231006945579,288.981850261599,645
55865000,204.5566040174117,299.0353442506753,646
55870000,200.4222592747542,333.91698577508373,646
55875000,179.19342937334451,322.55662711434314,646
55880000,216.58284376143365,240.08705190111127,646
55885000,184.33399710221076,289.8434586023773,646
55890000,220.00710090233895,321.419108074214,646
55895000,160.02881258017536,253.95110595254744,646
55900000,192.34918032362359,324.41088226546475,646
55905000,196.8314687551287,318.215107503779,646
55910000,236.61401233673155,321.80851676011366,646
55915000,197.35441739879099,339.7290397283411,646
55920000,206.17257328767062,329.75933389547555,646
55925000,209.41519529389836,303.21026538777795,646
55930000,207.2518095809603,296.3100949470895,646
55935000,179.67627765930047,389.6907444611716,646
55940000,195.71095153310625,291.0052567710206,646
55945000,208.2450750305949,290.85597086974656,646
55950000,197.03482756215428,337.76282004005293,646
55955000,170.73355562994112,284.1252303291117,646
55960000,173.40130392581443,270.3332517259608,646
55965000,199.15038814708518,289.83639284025884,646
55970000,208.0575262797064,294.9816699833232,646
55975000,170.66202408858564,305.80811239300397,646
55980000,192.47100917660157,291.48093473886223,646
55985000,220.6956516435851,249.73586231274786,646
55990000,185.13174409197558,328.5256643844069,646
55995000,212.76632521843862,299.33039662427365,646
56000000,179.77931978856566,315.100657190387,646
56005000,168.58835498918864,335.17383101223766,646
56010000,205.64242654527166,299.2201320979819,646
56015000,174.75201073764146,285.2877914824801,646
56020000,205.0490434747535,293.9511514255091,646
56025000,182.51100117856663,331.11928256919157,646
56030000,209.3438444087449,286.8066267239497,646
56035000,193.76093335119805,306.1311917942902,646
56040000,159.44149189913787,308.09992029606116,646
56045000,217.1041653437136,318.9737339344352,646
56050000,165.88469130086918,274.70947932432586,646
56055000,212.9166905928261,341.6904508477255,646
56060000,191.42577312635694,384.15897851183774,646
56065000,205.9263143856022,304.5358829910473,646
56070000,197.52782123413536,333.22489146835346,646
56075000,202.66054086221084,271.37294755088544,646
56080000,173.89857669118578,274.51266407367206,646
56085000,186.9643606067433,337.350230578026,646
56090000,227.15172647271424,318.0369674027803,646
56095000,196.18458667601448,291.8526378101308,646
56100000,166.96709215064314,296.20719403061366,646
56105000,184.30885572680447,307.65494741786154,646
56110000,155.05066771358113,306.3850123644333,646
56115000,180.42664985883746,312.1071963704541,646
56120000,160.72755584457246,271.5110354377035,646
56125000,178.41664796751837,281.1400959433405,646
56130000,184.25495069038632,310.21357254377983,646
56135000,215.37383849627423,317.21839693720676,646
56140000,176.72183086161996,271.3746870534542,646
56145000,149.92724654492224,343.11605767515834,646
56150000,178.36777075794345,295.9445095244688,646
56155000,211.76488805888982,302.88599998474666,646
56160000,186.5045693196976,298.2434867988234,646
56165000,180.19767427398793,311.55689332826483,646
56170000,183.5974415098955,393.78812250313206,646
56175000,179.63951236826412,301.02433071456517,646
56180000,185.96549402312309,363.63391467705947,646
56185000,152.80285219694784,290.6507506430242,646
56190000,160.85563744013814,288.2596080543165,646
56195000,211.70597677217384,286.6251200836773,646
56200000,200.3823883322739,381.0218134056749,646
56205000,205.81985583402437,341.7224648418395,646
56210000,232.9813665137977,234.7212326695238,646
56215000,200.56721416114357,288.04781614028957,646
56220000,211.54290595426565,334.89380804673624,646
56225000,183.2396360738568,305.2601620916911,646
56230000,245.01271681493512,299.746091622672,646
56235000,183.1520431745732,301.581215775968,646
56240000,185.13729393559,290.90331310436653,646
56245000,166.51296780532428,275.93959742562976,646
56250000,255.40155821674293,260.0671086689292,646
56255000,204.27347351903782,303.650977746263,646
56260000,208.13721690439598,356.56447125899024,646
56265000,193.14031203295394,283.0458471350171,646
56270000,201.87016431684182,291.548960362391,646
56275000,220.59883766145788,360.18101596211807,646
56280000,202.94654405533166,333.3109714639715,646
56285000,192.433120103464,287.3065781072918,646
56290000,173.176872910119,309.5483293914966,646
56295000,212.05625565485633,344.4877068633737,646
56300000,192.8959051564003,278.0160227366289,646
56305000,167.28275147698838,316.43610611803604,646
56310000,198.77400278446214,309.50870590667546,646
56315000,168.47334683316893,304.44992997345884,646
56320000,159.65473330977719,266.54061493465593,646
56325000,174.40134085521757,313.9955373629134,646
56330000,214.26446456878722,323.915749159191,646
56335000,224.200029509765,324.0399529681164,646
56340000,191.20828468598276,308.2248211138038,646
56345000,184.16382812928944,330.0066838062317,646
56350000,190.43132435517563,327.0818578565207,646
56355000,157.98389312751976,265.46165454442445,646
56360000,250.1717572628348,338.744300720446,646
56365000,187.14598654267334,297.790438317772,646
56370000,189.74264051490633,299.96874376773144,646
56375000,198.88745464630557,299.32193863270675,646
56380000,164.67812501935222,318.0261813220342,646
56385000,185.15931066116087,317.0410135141458,646
56390000,188.16686612463567,356.5417882790715,646
56395000,181.72610131069024,281.80464797846804,646
56400000,190.75918943971502,336.7070897842887,646
56405000,184.13539645235798,320.85483560501604,646
56410000,186.20777652990506,282.18544606875065,646
56415000,149.96302464527827,230.84764061439282,646
56420000,194.63716634011934,214.90253134819102,646
56425000,236.03660337273556,268.9102927161511,646
56430000,180.5156941511506,291.65849128490237,646
56435000,184.30843324074743,279.49254404001795,646
56440000,172.72134427122958,331.46504264038276,646
56445000,263.0600197423096,348.705036450065,646
56450000,192.75141784539932,299.84348120828537,646
56455000,200.30606844607075,247.798242616095,646
56460000,185.09334705818128,335.06003371033194,646
56465000,193.49116226088825,333.4378984400543,646
56470000,159.39183314155312,276.58742807656023,646
56475000,184.85242615186837,324.63128006097173,646
56480000,192.37956781490664,285.7197842080757,646
56485000,182.32613297104132,332.4111621528743,646
56490000,196.7586026299445,354.12593397313,647
56495000,197.7107386753286,314.8512270887324,647
56500000,173.41096542033003,345.71332005031303,647
56505000,191.67235600716086,316.2281077446644,647
56510000,151.90824017983954,299.9579179426262,647
56515000,197.73714161883606,340.15230833343395,647
56520000,192.86938298683543,298.06085921135707,647
56525000,212.2464091165058,285.78149388591123,647
56530000,189.05706332578512,336.3733884679549,647
56535000,160.4431143286711,307.9742422304887,647
56540000,224.8291433708133,274.0777913308745,647
56545000,190.15701144149605,298.91115868479875,647
56550000,151.1489677460942,386.405843777388,647
56555000,182.6995686838128,243.41274562941018,647
56560000,195.4982433232055,296.67736530528805,647
56565000,212.8224379960609,277.5853384282776,647
56570000,182.24425210434572,259.4361449680151,647
56575000,168.6815286115369,329.7322157029069,647
56580000,170.82616376796028,314.89863945766945,647
56585000,236.53790116437693,343.3779772179391,647
56590000,214.20010223674865,350.55264647439367,647
56595000,175.74934735238233,273.4293094928344,647
56600000,199.03025897486054,271.8903715405839,647
56605000,193.79516648065578,231.691030557201,647
56610000,184.9593299494854,223.96627390905326,647
56615000,178.17734018142463,281.20194759095205,647
56620000,162.95788652595513,280.86951319490066,647
56625000,169.65757814375252,256.1194416348624,647
56630000,233.57414056709527,303.5374506985199,647
56635000,156.96485277726256,237.8243397915245,647
56640000,204.4158613774253,299.44927849008207,647
56645000,161.0371304351061,270.5003091584205,647
56650000,202.8712121274471,349.5114018140174,647
56655000,180.57375273788386,286.2458968537012,647
56660000,223.00665336154373,323.76885024956874,647
56665000,166.89285554693114,311.5659733092204,647
56670000,215.34051484794938,316.8166147304516,647
56675000,182.02092219610697,319.08619063225467,647
56680000,232.50284731429673,330.81868727187344,647
56685000,170.75370903768552,292.0869171415823,647
56690000,188.40397827111354,374.202088162437,647
56695000,158.0443031263306,313.84003011158984,647
56700000,187.80799341010197,281.754583684361,647
56705000,192.53789479867496,237.79177072553776,647
56710000,168.1908998576812,278.4646804033618,647
56715000,155.7504854411307,310.3800274160388,647
56720000,194.55843198389059,333.1528499879475,647
56725000,155.0009141316073,299.20325176039836,647
56730000,203.6912588573137,316.4889586874706,647
56735000,182.39002719451545,296.2412396033211,647
56740000,194.69391244564525,224.40578672528125,647
56745000,204.9039488944251,286.5697736734675,647
56750000,204.4881420501848,266.13047262267276,647
56755000,179.1089201956932,329.6532666052057,647
56760000,205.118998056587,208.64211712703252,647
56765000,208.2125500975337,278.6476762617343,647
56770000,179.21681844238296,284.59601133891897,647
56775000,197.28880051329236,297.33393145350414,647
56780000,192.40180833925137,288.6790741421888,647
56785000,207.955106259639,300.5537387364342,647
56790000,193.9670262220466,246.81296764535318,647
56795000,203.411299942707,332.43487758323937,647
56800000,219.26197456395866,316.7419715940597,647
56805000,226.7102311263167,313.7822576082874,647
56810000,193.55999701957344,292.388695796704,647
56815000,198.0314445585982,317.43377862925763,647
56820000,168.24853677666763,291.89976123970655,647
56825000,160.36650165129765,278.47574630750586,647
56830000,165.86907041003784,222.23713637481373,647
56835000,231.16497500782808,299.0705882943743,647
56840000,144.37096023505148,295.77321210821714,647
56845000,168.58079610386537,301.0702699561429,647
56850000,168.71564907441496,265.48155166179475,647
56855000,172.11474082832834,316.95500740532117,647
56860000,153.68033283016442,295.5883872683149,647
56865000,213.14487882608552,314.8569621986853,647
56870000,159.64964014531722,313.67157475341,647
56875000,215.22704789652838,382.01309874885595,647
56880000,208.6349691156409,292.2134857980075,647
56885000,194.65950334653755,281.9120490312941,647
56890000,229.47814398047535,285.7085849823364,647
56895000,192.598236138537,365.18510556150665,647
56900000,218.36833417537446,299.6034589257075,647
56905000,207.1121931084879,310.3475710815351,647
56910000,173.17705986569413,230.13076546380893,647
56915000,221.9196516503394,367.7330300037871,647
56920000,183.58010418177727,284.08098918545625,647
56925000,144.58469878105353,253.9373247480004,647
56930000,200.6974764720406,282.122835870292,647
56935000,193.4002495216794,380.27501206122173,647
56940000,166.83467837302027,344.3325589230131,647
56945000,191.10978138246236,369.4549735976372,647
56950000,159.15132180202644,279.5408848824759,647
56955000,193.73300902282875,299.1921054310973,647
56960000,250.10290186001927,285.5118000970275,647
56965000,217.8567796879866,318.3522019533843,647
56970000,208.04779982750867,319.5608590951524,647
56975000,172.76262176736427,305.3511254035454,647
56980000,172.31737877626745,244.68169339291575,647
56985000,152.0600845746369,292.50090160594607,647
56990000,179.7975608323419,293.8674136439378,647
56995000,177.1182506686588,294.845146411941,647
57000000,233.61250666057606,302.5860254880759,647
57005000,192.34310132356973,307.3484493441646,647
57010000,165.35254967190136,298.87518929828343,647
57015000,174.86101441012937,239.20038616237565,647
57020000,178.41302544920455,322.7613675213273,647
57025000,187.96145285640097,227.5979236794187,647
57030000,185.86846974160483,354.89389321769124,647
57035000,180.2926077455125,300.8540923709659,647
57040000,196.46900626141925,264.11528983093257,647
57045000,197.45173079774932,304.16670523358255,647
57050000,189.52549994110856,290.1335084610928,647
57055000,164.54386504792393,302.4959373889955,647
57060000,161.40417454794976,294.7745321534002,647
57065000,198.03987453063786,251.43211321689273,647
57070000,213.7309934333253,346.3871367193262,647
57075000,198.1171214478242,264.2902215435331,647
57080000,199.7460831039685,299.97746512700746,647
57085000,192.19925129713982,310.7503796832397,647
57090000,190.69045430167571,296.98770687277664,647
57095000,133.9828720793594,255.94227573712308,647
57100000,232.991825793177,374.8842377708052,647
57105000,195.340207279503,262.7821722645191,647
57110000,205.6551146557639,235.3293175539542,647
57115000,222.26874721534534,319.0665965642613,647
57120000,171.6237576903399,340.9739793153991,647
57125000,172.53948433508924,229.8469170829091,648
57130000,178.25181573451616,313.81923507548174,648
57135000,228.75117401397475,349.5430653326027,648
57140000,223.14184550293297,360.47085051036606,648
57145000,181.97764707039426,344.5176082951839,648
57150000,173.51868880692678,315.5574433287354,648
57155000,181.15935505757338,295.8017856562177,648
57160000,197.32384798543214,283.09065610394725,648
57165000,193.61774217266702,373.33677433482694,648
57170000,204.35699241478204,265.0852917315298,648
57175000,200.58783722206533,302.90067432359615,648
57180000,185.69572497277636,277.62497960919313,648
57185000,190.4184617090334,265.18505152361564,648
57190000,148.62067723824535,293.965960969107,648
57195000,224.726948354016,325.4406489448928,648
57200000,189.45966288418649,307.7999109864984,648
57205000,210.38305003382268,270.2041370928227,648
57210000,187.00181148226088,299.156419231609,648
57215000,220.16061643589146,315.902742175207,648
57220000,188.40815859644857,343.7249040543042,648
57225000,196.59028462638352,342.2811526217989,648
57230000,184.48926630764203,270.74176915667226,648
57235000,188.11123213343478,326.109135698391,648
57240000,156.9725242455158,270.50507199896015,648
57245000,192.9086606459717,306.7279584373255,648
57250000,175.4279220652116,350.92340836275844,648
57255000,217.20387353345706,309.56422346250434,648
57260000,183.83238841776344,286.06093305138586,648
57265000,201.46781987659162,254.98177855536602,648
57270000,175.6556772735044,292.29328918778384,648
57275000,189.55536145965075,282.891014052251,648
57280000,203.85078648004003,298.41563052064527,648
57285000,223.17267589725031,242.39027088753173,648
57290000,170.21415750781216,251.7044685191137,648
57295000,175.21412913881517,305.22237692034724,648
57300000,211.75170046085827,285.170992353018,648
57305000,167.64868958909986,291.49578438534616,648
57310000,202.77548137283225,328.1236038288761,648
57315000,148.28170963551062,258.0875061089131,648
57320000,227.4417521420656,342.10492266407715,648
57325000,173.6936763383555,311.49446989305847,648
57330000,151.7600938774736,305.7760713059351,648
57335000,151.702218792243,282.41446555718363,648
57340000,203.11196083290824,334.53612413864647,648
57345000,184.50606262749227,293.84419112272525,648
57350000,183.1685414029335,354.1172111584932,648
57355000,187.74541262907124,319.105025186069,648
57360000,163.76412143869368,280.43998714670664,648
57365000,178.86473305340522,358.6614283995871,648
57370000,206.50201984758144,292.7956590593019,648
57375000,177.29856958255635,356.08303217960935,648
57380000,192.06485958995376,297.28553700032893,648
57385000,194.25767833833183,273.7992182206113,648
57390000,175.89942052811534,327.0714252218625,648
57395000,193.66775217914255,295.5367856421477,648
57400000,216.83393929081632,315.3109352694417,648
57405000,193.8969927633711,381.8205005508671,648
57410000,199.8763852536992,243.97026571123573,648
57415000,195.68512198268905,304.79927646981923,648
57420000,213.10368840291318,246.6322531887076,648
57425000,213.27568175935014,338.5917899909455,648
57430000,215.71597715068052,255.45074021594328,648
57435000,192.78043790853576,274.82066638976573,648
57440000,204.85554946130014,216.64099884164423,648
57445000,182.08989136238026,255.06800026095766,648
57450000,187.02756204589878,266.93937010817905,648
57455000,169.30926480053324,266.15624016537447,648
57460000,184.72883274994325,304.8062584417754,648
57465000,187.14723401479128,259.12564155415606,648
57470000,174.3861098075073,330.86191141436177,648
57475000,203.24240222374945,226.45698157013132,648
57480000,173.07054410355684,325.9179279748023,648
57485000,207.39778248072733,311.37906184289125,648
57490000,202.95560235888038,340.5478559140499,648
57495000,147.02179201495122,314.49556205488705,648
57500000,168.91692713507067,278.4344426444465,648
57505000,209.40902214057147,338.77572644244185,648
57510000,224.29169290519823,317.4836629110787,648
57515000,202.41699092705213,342.50711665949746,648
57520000,164.43798177714973,281.4035910002461,648
57525000,162.5119574891452,324.720438608159,648
57530000,197.94315231063956,378.7592671118353,648
57535000,203.88623219151125,377.5377396774592,648
57540000,188.31114860032918,353.850136909384,648
57545000,216.48706980044585,296.65800722245314,648
57550000,190.45039095730192,273.2917093361321,648
57555000,165.77034969943622,322.6974605418774,648
57560000,186.5999406559073,263.7610001720134,648
57565000,201.99771130565424,377.09590448987,648
57570000,176.00807531578425,336.26754638356164,648
57575000,199.09667888092397,271.78514714049294,648
57580000,173.63054621037708,338.5842711560549,648
57585000,176.9564105392629,271.21727482390787,648
57590000,208.7532687812207,305.81684516367386,648
57595000,202.83393476333381,289.5578685156879,648
57600000,194.7655167330722,288.49571647719296,648
57605000,188.22494418037672,272.5046708512649,648
57610000,160.66181592060224,366.8649942403171,648
57615000,162.4071971983911,218.10774816445362,648
57620000,192.26977466478934,309.1215595735565,648
57625000,155.73562872078392,252.71607313443633,648
57630000,174.0564204908702,265.33710397851183,648
57635000,196.88358224306856,304.6335771781985,648
57640000,162.1059687734212,224.396119741741,648
57645000,207.29171829625332,258.9676528738566,648
57650000,183.36357623038023,307.48391552673013,648
57655000,185.29797818636604,291.45466914322304,648
57660000,157.32754646250442,285.8906700639929,648
57665000,171.44567638034994,291.2956290406405,648
57670000,183.88176895935408,310.6179132679685,648
57675000,213.30838744012323,340.2866019656516,648
57680000,172.43127821757406,299.5960163161832,648
57685000,171.24888876058986,312.73312908339557,648
57690000,179.5649117893615,261.2584926675974,648
57695000,195.27023415343876,284.39034183622914,648
57700000,192.23160495114413,337.2753563544717,648
57705000,180.4563741301503,270.48325361308827,648
57710000,201.99108630300606,257.7327629417018,648
57715000,215.22149881268342,327.39191517965065,648
57720000,209.29314346711777,270.9037207017422,648
57725000,200.76987026059024,299.7363458048557,648
57730000,179.57660662669232,294.09358392057527,648
57735000,194.38620432450813,303.37495528759325,648
57740000,173.26966727230473,344.82650671220836,648
57745000,212.7219641957889,253.96981571250427,648
57750000,214.40039365746654,267.0990180658943,649
57755000,162.74082065284733,248.5109435687606,649
57760000,194.37750124985033,313.7254840078318,649
57765000,203.25626042223064,278.2269532225773,649
57770000,188.08089317010783,208.46727602331296,649
57775000,207.29003507755354,338.3591157432084,649
57780000,214.72232113913867,328.7936369640325,649
57785000,181.24272027461222,303.20803057146315,649
57790000,193.42997667385063,341.87328356817767,649
57795000,183.2918970567933,308.95902618671954,649
57800000,208.5699796626551,338.53844428365494,649
57805000,180.04021471999192,322.9997255749652,649
57810000,192.17179249260997,264.04628387890136,649
57815000,195.93209623167118,271.16127941705753,649
57820000,146.21070468339724,274.1427554467834,649
57825000,190.2671857559638,285.5619651335084,649
57830000,186.65164163333483,306.11373189934767,649
57835000,211.06354945854775,291.60510152850406,649
57840000,168.4682957126058,317.03524130902144,649
57845000,173.85821412770184,286.44591749389514,649
57850000,172.57508035035636,269.0237949518436,649
57855000,203.05701730640578,325.0347178916774,649
57860000,179.8628349621817,351.0522675621446,649
57865000,170.1904230163696,312.6607984330021,649
57870000,160.55051887832488,332.1093362057105,649
57875000,179.6502840070326,284.33574365854923,649
57880000,206.6169334572475,289.70720393519076,649
57885000,196.84541563647076,312.5883865634783,649
57890000,184.17208192989327,367.31682262822,649
57895000,187.5271898864496,273.98194538599444,649
57900000,184.5570080913256,278.6795201149459,649
57905000,170.04366213781324,298.99258202458606,649
57910000,188.69720402851937,313.21481793126947,649
57915000,189.17568622701066,333.0921249361935,649
57920000,150.37343162139726,363.9493878617619,649
57925000,195.1384369926077,275.81233275928673,649
57930000,198.51073736784687,287.2835689205122,649
57935000,162.1057833804325,298.5612814769842,649
57940000,178.67351420675925,273.274609360031,649
57945000,242.35942063371658,340.59651219049596,649
57950000,172.09994804240364,246.7764959011341,649
57955000,136.94439664837262,283.69452488042356,649
57960000,162.790900085283,319.619698539478,649
57965000,148.06817789680443,303.53453935693506,649
57970000,200.72270765300297,320.9185479452551,649
57975000,197.07431382821898,314.094869787008,649
57980000,201.24879864550508,273.6502014986098,649
57985000,171.72249392544805,253.74299574554783,649
57990000,162.4694330359274,288.62687741384394,649
57995000,203.6684519324037,333.3671065964439,649
58000000,185.18011051245182,312.39096270627334,649
58005000,178.1425184370153,380.87122918570395,649
58010000,206.8371593300908,266.48357128020916,649
58015000,171.2551569564874,291.97487180184095,649
58020000,188.5520868645269,295.938311862366,649
58025000,232.35120040708182,311.4961393827996,649
58030000,178.2065505474751,232.45495889533922,649
58035000,202.85730951574146,325.110655238912,649
58040000,205.46276026260492,332.8949384393511,649
58045000,204.6636812703748,334.39996932821145,649
58050000,194.56699995004956,347.5745725146012,649
58055000,191.81833481795792,365.97544902291713,649
58060000,173.9283236189939,316.38427680805484,649
58065000,187.3068907268641,290.4525606623428,649
58070000,165.86190803566814,220.52507810530574,649
58075000,191.85353205058692,304.0063977890766,649
58080000,182.19681797384266,301.40508153800357,649
58085000,190.5060180895468,267.904729957315,649
58090000,160.68294657686593,280.7470933592671,649
58095000,245.7581268681052,364.3297329833647,649
58100000,165.9096534314011,337.123533876651,649
58105000,169.20027942550334,273.467272621359,649
58110000,200.9927319428181,305.71567877323474,649
58115000,175.66934703643773,277.4133572877684,649
58120000,181.39644707814585,266.7916816920392,649
58125000,183.574923639386,272.8570557248878,649
58130000,203.84248432501084,340.8876712981109,649
58135000,192.8054889486779,262.12371019280147,649
58140000,186.05028094691693,249.35160949862836,649
58145000,156.7339470669886,337.35457124483884,649
58150000,184.96543551297253,306.64745020083114,649
58155000,164.7397580741344,344.80744686030494,649
58160000,187.83121856998258,306.3475356623961,649
58165000,192.58707604324806,303.3421590828824,649
58170000,197.48404600344185,345.5433634771828,649
58175000,181.81226564567373,344.1425648596885,649
58180000,190.57523201274512,321.5027923979005,649
58185000,244.7118102207035,242.7939223386297,649
58190000,212.96376666574267,274.5016086839921,649
58195000,171.1294423550316,298.8653649054771,649
58200000,179.2278878376444,262.7348492737419,649
58205000,166.14706196869517,279.48730072218024,649
58210000,205.65384500572668,327.19279693901797,649
58215000,165.8766835932682,276.95466621686955,649
58220000,219.41005392764407,264.96724198533633,649
58225000,235.2178438426338,368.1426827941364,649
58230000,198.6951130296544,304.87356975074533,649
58235000,168.4505709240758,290.22515569503435,649
58240000,196.14889317509375,249.0379629045001,649
58245000,180.74584420860964,352.21871586686234,649
58250000,230.59167552250338,357.11399026582177,649
58255000,172.1556213227643,275.631059741677,649
58260000,164.11673642659056,347.3720267955477,649
58265000,160.6627889993816,250.12398644277596,649
58270000,203.6216416391629,320.92823487081023,649
58275000,192.26414593839124,296.29672626783514,649
58280000,180.59432148900663,308.69678102534954,649
58285000,177.3038653235825,279.31527329615494,649
58290000,164.09088621136027,251.27262883029854,649
58295000,197.72670065308336,370.53100175472673,649
58300000,147.58622795350018,287.99536466594617,649
58305000,175.4913035507085,321.3431952097605,649
58310000,185.0263006854165,286.5319952598962,649
58315000,204.69032154729865,341.57615412078746,649
58320000,193.5721747518703,324.7936213411194,649
58325000,215.14856219304878,270.8559570751803,649
58330000,187.5701505378267,341.5907568159728,649
58335000,219.30895268125505,266.4861989767417,649
58340000,185.08986886154264,236.69086281761324,649
58345000,239.3263741029855,350.19188517678646,649
58350000,186.1985506215467,268.9310921073266,649
58355000,192.56237773654854,336.6868225297717,649
58360000,187.17686610318037,292.4754357081322,649
58365000,194.3056068634407,299.70747043706183,649
58370000,204.88957572150832,279.2819439047216,649
58375000,215.64331877834087,314.75671065965173,649
58380000,205.84900454451528,332.75138961408476,649
58385000,219.24269545832072,309.9655313785925,649
58390000,176.69031644011653,235.13379207247533,649
58395000,231.05816704141887,326.25605723940134,650
58400000,219.76863946430137,312.686834738002,650
58405000,187.87649783862446,246.78253200538455,650
58410000,172.04956650810104,262.65579977707625,650
58415000,179.736870561042,293.22410759384735,650
58420000,192.65876394748662,338.12444322219426,650
58425000,203.16682081256508,306.1264392902286,650
58430000,186.79612382073407,314.4694756387724,650
58435000,175.6821920086482,333.8692906226305,650
58440000,211.39081676579022,253.48784588902856,650
58445000,227.8913572912457,288.243844420261,650
58450000,184.13594854336904,328.04921417948924,650
58455000,138.09840201023562,317.2563893100122,650
58460000,186.9106465353389,282.290686592909,650
58465000,212.64783422159522,328.91814801692544,650
58470000,192.96669172839339,247.8660150393398,650
58475000,153.77247660077654,304.65417660570455,650
58480000,173.5105696356954,293.9662477855975,650
58485000,173.04743693008263,328.7076676443018,650
58490000,201.16111481632913,312.631239133881,650
58495000,201.55789737038907,341.0019839732314,650
58500000,174.5463453593522,349.3657213544016,650
58505000,176.4436908722508,246.76794905838463,650
58510000,141.0043128320851,309.63139138092663,650
58515000,208.32523158916206,296.49382299125506,650
58520000,188.10645798728083,310.21993090521704,650
58525000,177.92383600689936,288.74148924495785,650
58530000,217.3079889803409,327.2269520450793,650
58535000,164.01480207253593,346.01997266251897,650
58540000,207.63909590534774,340.7568835667133,650
58545000,194.07738100370216,272.7396636252884,650
58550000,190.90225039379806,300.5172937673126,650
58555000,140.0821836419094,283.9749648933792,650
58560000,171.82855409633964,317.57912043772103,650
58565000,199.35875043263502,266.580095131701,650
58570000,201.44425421297794,303.3559615568187,650
58575000,189.32752558078883,284.8002944044414,650
58580000,200.90567557474765,284.6354756649878,650
58585000,189.78420302026242,325.87796178722596,650
58590000,195.70576828128597,300.25809353159076,650
58595000,177.8337383372561,260.0653484540404,650
58600000,200.42488975015675,285.27363963666835,650
58605000,202.1160740360836,324.96926635842283,650
58610000,208.39431238188143,334.15642516455074,650
58615000,205.46979515054701,275.5292123774283,650
58620000,186.85853518922943,250.33136215397133,650
58625000,199.62714001956257,270.53235021176374,650
58630000,156.68808814025618,225.7360360801093,650
58635000,137.45205622562509,290.835250112299,650
58640000,203.20571874886886,301.5863958552272,650
58645000,210.5840037821142,234.9418104101284,650
58650000,174.01104017006764,286.73854610957846,650
58655000,180.28209527117232,351.9353857536641,650
58660000,175.9470238326887,235.95725825164868,650
58665000,189.5336769165646,357.5195048175336,650
58670000,217.0979853466418,312.55191390087987,650
58675000,218.13672031895229,332.48220963916793,650
58680000,195.57078764930606,222.70597430304483,650
58685000,174.6183500464589,314.0708250462685,650
58690000,199.4601417367802,349.75722898095876,650
58695000,191.4859727817658,285.16854222882904,650
58700000,172.84407126479033,251.99678600836316,650
58705000,171.2873718506066,332.5281715255269,650
58710000,187.11030297986633,293.7676266734459,650
58715000,180.54860060975702,300.6304783894992,650
58720000,197.17399703845535,298.18510064697585,650
58725000,178.87484491897612,260.72410684007156,650
58730000,169.85367057829717,315.4445367923733,650
58735000,206.52945452543483,349.62851452669656,650
58740000,251.15149711196614,303.00465745647426,650
58745000,171.89993208514701,300.03242061005,650
58750000,186.30873979985265,327.5822129040514,650
58755000,186.3774798167916,327.54444796216353,650
58760000,170.3275638304494,307.65661821315337,650
58765000,138.17857332736295,293.5657681966011,650
58770000,192.20108917146013,296.22951370463005,650
58775000,181.74865431758616,332.0468622440696,650
58780000,179.7851567956919,275.1356750440998,650
58785000,214.3082587165779,294.6102518504645,650
58790000,193.9790435908844,267.91735716656024,650
58795000,143.78798604781085,327.0040330529758,650
58800000,173.44638123620277,339.16070388265507,650
58805000,203.55336541572325,343.13823595926067,650
58810000,188.811960941728,258.13649769577364,650
58815000,193.66366724504985,296.12690817347897,650
58820000,167.3385921888717,278.68925783594835,650
58825000,171.74917546878012,273.8836837334544,650
58830000,182.72094176763864,283.6147755873098,650
58835000,168.4115355459917,337.278268862485,650
58840000,208.6049066747171,364.9483153414628,650
58845000,206.82213986788992,306.22742122598237,650
58850000,213.23974639862467,335.42010927645305,650
58855000,248.3809183787653,331.1484393000047,650
58860000,222.5748420950954,369.5285815140824,650
58865000,168.62173890389138,236.4932306338485,650
58870000,217.86740940680951,353.1101785566085,650
58875000,196.08181330884491,281.23498565415304,650
58880000,190.55590746744645,279.12191800802674,650
58885000,180.53028152266643,319.82994269323757,650
58890000,146.14284108936076,276.57183161738874,650
58895000,186.68709974848198,286.57044144922327,650
58900000,195.32762704252144,321.15283044109214,650
58905000,173.9638131638445,277.2632725398769,650
58910000,190.85024169983484,296.2528583720498,650
58915000,214.68406124719917,339.7328571443343,650
58920000,201.42539789831005,366.64997991199346,650
58925000,178.9857203022666,269.0442361472496,650
58930000,219.59959441348155,282.5257583480592,650
58935000,172.55627843545636,261.5059589726832,650
58940000,176.60870563995758,317.54193280871016,650
58945000,190.4603378003737,223.99770496253285,650
58950000,212.61698764350783,307.89591085521107,650
58955000,216.51123839421413,269.9359835311325,650
58960000,170.40555869740868,317.14756446985444,650
58965000,193.8454468101816,310.9664977698068,650
58970000,170.91579031715483,289.85492517466804,650
58975000,151.3764535937391,272.56999888039235,650
58980000,199.14162847475143,297.27538473398477,650
58985000,164.68647926071756,287.9639608539619,650
58990000,177.33730913996192,264.34005760044425,650
58995000,183.09585197676256,254.96544566190838,650
59000000,184.8668832926121,264.24025753758536,650
59005000,209.72584073154502,263.3938790255517,650
59010000,213.06232172252265,274.15612396603876,650
59015000,178.69320442405564,274.6059296937898,650
59020000,184.39888920631992,265.7904945578314,650
59025000,209.6418977193883,333.69025135075304,650
59030000,168.5381681753382,304.26611404649356,650
59035000,193.67225430912427,305.68158995454434,650
59040000,183.2362135430491,340.48483754430026,650
59045000,173.4932583829219,329.1359495508755,650
59050000,210.62135279606565,342.8862266952552,650
59055000,189.6991064494917,251.92263049160218,650
59060000,207.22955782895292,284.29537311270263,650
59065000,182.538140729261,260.98353806003115,651
59070000,172.80089167776467,314.0434538120706,651
59075000,190.43068491989618,309.53275498610185,651
59080000,182.72851932577376,302.7583872241558,651
59085000,174.96708104954507,289.8934373811254,651
59090000,196.69170100640483,365.125023921733,651
59095000,200.97103517728914,337.1253658671461,651
59100000,187.5152195908488,307.48392477869356,651
59105000,190.9625602079447,304.4902369270541,651
59110000,179.38593637508617,312.2490574931506,651
59115000,206.72129294293316,297.37919499409423,651
59120000,213.18131418993366,344.7615285538023,651
59125000,166.95481212630705,294.6151757767557,651
59130000,175.36247872871996,290.6556806017228,651
59135000,190.0549167770401,276.87598238236103,651
59140000,170.3826085472762,305.20106340274845,651
59145000,208.1754755050995,316.14647896462486,651
59150000,205.5693661895462,368.3850015553748,651
59155000,232.07030713921029,266.0044590988617,651
59160000,203.65436084888321,265.8820748482844,651
59165000,255.9751192449296,271.7227248810281,651
59170000,205.02211936492853,243.66944457465715,651
59175000,172.7652145468587,323.6147435247019,651
59180000,178.54433462899306,326.15941012823413,651
59185000,228.25269606403523,341.6729375904332,651
59190000,215.71593664353492,251.35472770625162,651
59195000,160.7515637896319,306.2482862182944,651
59200000,167.03219230903937,290.9822425978157,651
59205000,175.67104020156359,297.9734452449717,651
59210000,163.79938915574266,331.4820884310788,651
59215000,188.9819625060735,316.95233827050737,651
59220000,196.4867442735333,312.3448627496889,651
59225000,221.76366723549788,264.2608907838805,651
59230000,178.80489010046216,271.7724084253722,651
59235000,186.14871054626352,282.18703064786746,651
59240000,181.2813751815101,292.13159275707505,651
59245000,157.45815097563158,293.17814935644446,651
59250000,176.99661601982868,349.5419616106097,651
59255000,197.50699123781123,274.08948421924407,651
59260000,206.89488141808943,349.0036356212254,651
59265000,184.7891941932004,288.1016123651783,651
59270000,190.87152142951217,298.2979784499406,651
59275000,194.35241493781137,403.31334157121654,651
59280000,187.27655847371253,277.2370018401874,651
59285000,157.8123472345271,356.08644577137386,651
59290000,219.1326914985758,267.22518589243435,651
59295000,221.85685807330955,235.61148432182316,651
59300000,265.7824050963327,285.07723083968,651
59305000,200.22175732641904,294.53239850072663,651
59310000,199.73278412723988,297.2476509224308,651
59315000,162.01380883479638,256.5791127085121,651
59320000,204.1251298894121,319.7443135841625,651
59325000,207.99403629949535,298.9780520462999,651
59330000,185.1891891583223,258.1589562034633,651
59335000,183.96097532265003,295.1536817900842,651
59340000,173.90875298381772,305.61171377123515,651
59345000,190.89852548109366,315.8500632127433,651
59350000,183.44711320318953,343.4097617742038,651
59355000,180.53434617515447,257.4721954766942,651
59360000,217.4114086367289,300.0652766853391,651
59365000,159.77470235815446,301.5711407596557,651
59370000,174.9754900710137,308.70017705431064,651
59375000,208.23106371447122,344.39342724116005,651
59380000,189.1166846991431,242.96825653605157,651
59385000,202.78044194764087,236.51312433649082,651
59390000,201.71517285537155,297.4469305690276,651
59395000,205.9066290270593,349.6959649630576,651
59400000,184.55384828010978,310.02648572441643,651
59405000,164.54162793073672,240.84725077741749,651
59410000,172.44950174808105,382.9737869982285,651
59415000,202.3578116803086,265.50886489730306,651
59420000,207.46820140565572,271.744161728775,651
59425000,182.24511922182273,281.19796185346934,651
59430000,161.59792231305408,269.3869938241107,651
59435000,181.4258817258052,295.27215967461274,651
59440000,209.6439575234015,248.08221865476563,651
59445000,183.07006341990947,281.39903622305457,651
59450000,189.91134146306487,304.6265284979229,651
59455000,166.6456120008988,315.49778686728274,651
59460000,208.13493504630287,307.4527088363114,651
59465000,178.37898958555994,275.66881044372735,651
59470000,194.95902503395143,417.3591594253809,651
59475000,223.73308723206304,329.58671530371925,651
59480000,175.09181388675748,301.2435875164468,651
59485000,185.40042296901365,277.278017734603,651
59490000,181.48668770503895,334.9869848959218,651
59495000,197.6308723086451,309.38290272686567,651
59500000,184.39490277223155,251.77768500913834,651
59505000,204.14791147952673,289.61905171319296,651
59510000,194.40363711191412,361.241800361899,651
59515000,200.42373247968618,229.90408790514994,651
59520000,187.00858787959834,264.90807082897624,651
59525000,157.34785324496477,240.5017594134611,651
59530000,165.03776903321608,274.5731010245425,651
59535000,186.8391399700448,329.8340163241004,651
59540000,189.10369910515283,361.7793038188189,651
59545000,145.6497489718762,265.6261916672743,651
59550000,190.42742054380957,265.4085072810652,651
59555000,223.60059978875532,284.0917331430156,651
59560000,174.05130350347258,281.17435926107737,651
59565000,153.69391276880674,243.28331030704143,651
59570000,178.57838735149525,359.7683354837322,651
59575000,194.10362030565446,321.79224267322616,651
59580000,195.38446442669036,252.88100613210761,651
59585000,176.65034237431266,305.066951483717,651
59590000,168.8122896688554,306.5481458046761,651
59595000,234.95925908268552,292.0796225076768,651
59600000,209.9846289639508,281.73106072240785,651
59605000,177.54636714766673,344.19058312076913,651
59610000,181.1325188319612,236.5397076333425,651
59615000,182.55373938978872,359.67359791475167,651
59620000,198.5669891404913,268.1512267278984,651
59625000,199.68022048906073,297.8119169653952,651
59630000,186.09913297858702,305.29831686543827,651
59635000,182.8139195363211,273.92112250559717,651
59640000,200.780839975295,360.71792751797625,651
59645000,168.75600692364947,380.751590530499,651
59650000,237.39880947988212,311.8037079008777,651
59655000,200.00462734211357,301.0251017949935,651
59660000,178.05496522973027,276.57469880112853,651
59665000,203.1438873691676,279.3386802574135,651
59670000,181.81266833264243,259.4156162237137,651
59675000,200.32737926336125,231.33278876300147,651
59680000,204.83918600930312,279.07058865262655,651
59685000,167.91671757891746,321.54194883225455,651
59690000,193.76518635244628,339.6315626057961,651
59695000,248.6345179585478,402.8522387142114,651
59700000,153.98711141182233,305.81708656460603,651
59705000,213.17520606849587,333.08080810692934,651
59710000,194.82851863992633,346.6054988180467,651
59715000,164.82475974791024,322.2421847546276,651
59720000,178.17473269365098,310.6115224665182,651
59725000,178.24910538634205,297.64355444066564,651
59730000,219.42610519930494,318.9527187491377,651
59735000,179.91160883491892,260.25988700687805,651
59740000,179.21083103206675,358.44722904122165,651
59745000,203.47488259472078,306.47982224718635,652
59750000,181.83691277650726,335.3829372758806,652
59755000,165.20408124240234,233.13326911899514,652
59760000,193.7273885103788,308.20933792604615,652
59765000,183.54893066357351,295.3702039795175,652
59770000,164.8321997130122,265.829380218561,652
59775000,190.71858018634225,291.71482719475017,652
59780000,199.4069228112612,306.92456467836314,652
59785000,208.43062354823215,351.7069736919401,652
59790000,219.48270134192055,283.8719245396105,652
59795000,189.12355899691156,300.0726219420776,652
59800000,175.39200855237846,247.19582551081743,652
59805000,199.17360853624393,366.2047043820346,652
59810000,180.66688648046465,288.87401746815533,652
59815000,195.0342797888307,258.2451249789194,652
59820000,184.94290623724655,292.8823914549124,652
59825000,168.88262609283163,304.4780233723076,652
59830000,212.5403710843827,295.344771290993,652
59835000,203.43091586795293,251.53417750835217,652
59840000,182.49053951413038,276.95154521917993,652
59845000,190.94338051938684,309.65942087166457,652
59850000,244.02331130321775,353.2989296178785,652
59855000,209.42791299617753,305.52774158881493,652
59860000,199.1974858790225,292.73357221820635,652
59865000,204.31777788773996,331.597835146442,652
59870000,173.5772141570173,325.14477052824253,652
59875000,201.46611707259484,300.201032066666,652
59880000,157.49534197949606,298.88236154454955,652
59885000,193.0080455519684,325.17151682124785,652
59890000,187.69511274090985,302.5071985975372,652
59895000,187.2478273728465,260.06106816832994,652
59900000,186.69855660612313,310.10198978687674,652
59905000,198.70998095661602,304.3873210091712,652
59910000,192.99171401122285,297.8780953450164,652
59915000,257.9091650776666,299.72651364714744,652
59920000,202.8521158432971,267.63588982914774,652
59925000,188.38627269670855,266.92570183119244,652
59930000,216.2960658595915,316.8831659859682,652
59935000,194.8156757411842,294.8088517511895,652
59940000,226.41761739250592,294.3310854841664,652
59945000,226.1440795048035,313.458049248383,652
59950000,183.61519183088862,287.23979788232884,652
59955000,156.20949826588244,292.57278039143677,652
59960000,175.1472719861362,296.29914688102104,652
59965000,213.4996892628887,292.6121637233043,652
59970000,172.93768014337417,287.22269502642223,652
59975000,150.00556371215197,299.0667076732138,652
59980000,196.97557430447932,289.4333492987556,652
59985000,152.24201121367977,262.9758212486644,652
59990000,216.99372551836484,299.34887882481144,652
59995000,183.39087945176257,296.1659750326583,652
60000000,177.28484678032848,269.27436012120324,652
60005000,166.08540219687347,325.5814415289125,652
60010000,162.03133174232613,315.3922324696477,652
60015000,203.71459285389437,294.41360067170984,652
60020000,201.20055223959125,319.2310350317334,652
60025000,215.85077719269603,332.28487446351903,652
60030000,177.2521541510658,282.14624649094856,652
60035000,180.52016690682453,249.6976415398974,652
60040000,164.44400510486463,281.20280680946263,652
60045000,186.25744843564195,317.80407572303955,652
60050000,162.07368204345275,291.39603670300625,652
60055000,172.08773641905915,276.8996681957117,652
60060000,174.91913608633544,306.4506583322426,652
60065000,158.9486613486505,284.8686330818073,652
60070000,198.52961034223284,374.5970850670354,652
60075000,167.68011755144337,321.7072995088439,652
60080000,187.83098171253638,223.54873367221185,652
60085000,177.17907571430356,364.7008033420376,652
60090000,243.0144345352834,308.03848802079796,652
60095000,198.57459992410548,312.7943430083059,652
60100000,220.83172514113616,314.63512460603346,652
60105000,177.42126032447564,298.34294850231555,652
60110000,155.41037390991264,334.4697350625669,652
60115000,198.46538805501694,283.8743414564745,652
60120000,186.30155018433067,300.7217206815057,652
60125000,168.73605056779206,265.05258847730516,652
60130000,179.28058249849835,274.8782904794641,652
60135000,166.954641464408,280.1418533326319,652
60140000,208.32577912032744,276.20615596605404,652
60145000,188.9606167051566,273.852571827461,652
60150000,229.79180781787235,246.351565658953,652
60155000,174.555725835022,342.90059056079997,652
60160000,190.42411395529118,290.519637026558,652
60165000,199.82196599779948,291.6808024691606,652
60170000,217.84455413905224,284.78247281555707,652
60175000,202.14397172717017,289.4646731354236,652
60180000,210.36324905235585,313.5840004195652,652
60185000,162.9792265096432,303.22885084975843,652
60190000,177.62458156494242,302.94308289020637,652
60195000,169.00144833466598,311.5161204247672,652
60200000,189.77705894166098,302.55887132878416,652
60205000,168.72657280061642,342.8537469766592,652
60210000,189.94251392596664,350.97878768537055,652
60215000,200.26451459268935,281.28923204334825,652
60220000,188.9654619848688,301.18602196847485,652
60225000,177.98906235036725,292.0478536196522,652
60230000,190.17595747547463,318.8809500744949,652
60235000,200.66555146114433,262.6724173402977,652
60240000,204.27123209969895,302.12718413793914,652
60245000,183.8455499929964,336.90500089330914,652
60250000,211.538089785795,359.07607373103554,652
60255000,202.321118479833,324.3731856231029,652
60260000,187.18812187012472,291.7599621983833,652
60265000,205.0194103753597,307.38854116901166,652
60270000,215.01454642372087,300.6052831317275,652
60275000,192.91202911337146,329.61120794743994,652
60280000,204.65880153129868,389.426515240405,652
60285000,198.77958775230383,291.9583052749664,652
60290000,221.6096129912285,363.6912131252783,652
60295000,186.71876627712783,310.3069338058011,652
60300000,195.52321229573423,276.75715725848795,652
60305000,177.00901990193066,289.93624047284226,652
60310000,190.00949811269908,274.86919835121023,652
60315000,206.43138710494904,301.5934877635326,652
60320000,176.51800603418081,300.6591393668716,652
60325000,221.585450228952,343.3315695221558,652
60330000,160.15713587170669,327.84403065103453,652
60335000,163.04945857879585,281.5715613162611,652
60340000,173.5895586108769,347.7068167824241,652
60345000,186.4008494746101,341.8902374155267,652
60350000,173.18799757454468,300.18998892518005,652
60355000,194.68925175305196,254.54886811369315,652
60360000,198.81394757385075,267.46821749756447,652
60365000,185.31436325552517,244.86588552929493,652
60370000,213.12378366565287,325.602800307645,652
60375000,191.11864769317145,335.27934450548537,652
60380000,208.3475605221895,294.05704153332556,652
60385000,175.70717354121,335.5104689633955,652
60390000,222.92911390798446,312.30966087156554,652
60395000,183.58965168752957,301.12162377315843,652
60400000,171.14222337020135,271.85731757384593,652
60405000,212.31238814840725,289.7290431610514,652
60410000,177.51304840288967,346.1349852117139,652
60415000,169.96239818016204,257.07948681288843,652
60420000,185.8146266613656,234.51323182828634,652
60425000,187.75230354938668,307.93378855608535,652
60430000,182.82975542505753,285.834271624203,653
60435000,208.48473050165384,304.35932767136524,653
60440000,194.35623022675665,340.8797523657656,653
60445000,172.3855119699258,289.5050248220042,653
60450000,157.26462514285257,266.84496664989587,653
60455000,194.1680025016325,302.7101230595594,653
60460000,193.51776978243987,324.0494981757323,653
60465000,173.5805160846459,278.9980565113157,653
60470000,204.6552149425716,318.69215895951845,653
60475000,209.86558301904893,248.59788443446206,653
60480000,176.86189191510437,314.6612955091096,653
60485000,177.14064518980732,355.3674281549166,653
60490000,166.9286399530854,297.3444855370179,653
60495000,202.68169480594867,362.99761139639605,653
60500000,196.57732109182797,303.1545381532608,653
60505000,174.39559195155397,292.15991222542516,653
60510000,200.8971299576529,359.4915442092817,653
60515000,184.13446379631577,253.63015491344203,653
60520000,173.26062144964058,269.37519165452585,653
60525000,188.0483949646424,383.37644189314915,653
60530000,177.01382202704863,268.26608008870943,653
60535000,212.28115295226252,343.7617801446524,653
60540000,158.3080993075724,284.243869393625,653
60545000,185.67168841294523,323.0247289633803,653
60550000,178.51801597650143,292.6470812320093,653
60555000,208.34235498592577,310.29620818700766,653
60560000,178.1123874559059,340.4632570733417,653
60565000,210.47901475608307,275.3297857009961,653
60570000,165.07301175995215,275.0567393699756,653
60575000,161.86984096845532,262.99717159319937,653
60580000,220.4584124250289,244.76326227789198,653
60585000,204.71345407700016,294.19715494369046,653
60590000,153.43969346270592,293.00270914520513,653
60595000,186.4831005525211,307.6978373716725,653
60600000,197.7105833861229,315.84410454744034,653
60605000,202.04665252421114,280.41161131854807,653
60610000,174.25542657245907,289.1475915778121,653
60615000,172.1723282142844,328.4433381754485,653
60620000,171.23997423601244,246.0885363007576,653
60625000,176.86618140053932,342.8151169867285,653
60630000,198.2285178810686,328.8155463071496,653
60635000,198.1863307256139,275.39507412395506,653
60640000,182.92867218873758,266.5730943558161,653
60645000,152.8664391212769,336.339445429861,653
60650000,222.8745522294243,298.92761571563886,653
60655000,232.42280311554032,269.3776922780836,653
60660000,238.90473401648572,355.8176949817137,653
60665000,194.72948801595535,263.01257602379246,653
60670000,187.43458069465822,301.8340798661687,653
60675000,150.76690513064884,255.72193411812222,653
60680000,166.81995338281044,250.5380340526631,653
60685000,204.48684276083685,298.76344930357556,653
60690000,218.65276169050614,296.18557455398957,653
60695000,188.98514275455705,313.3386387888508,653
60700000,176.74169734756615,319.9855811277822,653
60705000,217.27016069572105,322.19226839562685,653
60710000,201.76721614580384,314.4243560687858,653
60715000,200.44308301112414,283.1434942895822,653
60720000,204.27959808030081,263.4245211522853,653
60725000,199.87438286484849,317.6487740085209,653
60730000,185.8820071507929,315.3161451082471,653
60735000,218.80678684631937,298.42095128498295,653
60740000,168.21430144281297,357.20286666215435,653
60745000,172.18656035807692,310.15963888782284,653
60750000,212.186383931335,308.2865127082981,653
60755000,189.3599192987332,212.03948777381842,653
60760000,212.0381770996423,364.48672111934803,653
60765000,155.74540265535438,288.3152777435576,653
60770000,189.68852150372618,415.5350995691454,653
60775000,188.34661350901354,281.9051086234564,653
60780000,166.6617095078194,312.27983907791725,653
60785000,220.1730175410244,272.1853203752539,653
60790000,189.27624681932423,333.1505583195228,653
60795000,195.89959907090295,282.6199071962022,653
60800000,192.6325244548502,296.65809472296263,653
60805000,206.53066048542254,282.21503917126745,653
60810000,196.8932019036161,260.11048606152036,653
60815000,200.63069025413134,257.77099088422744,653
60820000,181.0168517113918,262.7059709617675,653
60825000,185.14715552260628,288.2192924158184,653
60830000,243.76658699315962,301.07010876059115,653
60835000,182.30455044830208,305.4875656434545,653
60840000,166.55489819788505,292.82092515182177,653
60845000,196.0877426818697,291.9974272315447,653
60850000,184.33653920283615,296.899297927974,653
60855000,189.01752610169,299.19171746344546,653
60860000,184.58734893935545,254.8207500249523,653
60865000,194.09286981512827,284.44643442013495,653
60870000,168.42790173706695,280.8511351773619,653
60875000,180.5343614857792,309.401806124961,653
60880000,180.5083436537609,271.55099572900997,653
60885000,203.1088457544381,300.31056972347676,653
60890000,191.13339383955108,334.7310129182463,653
60895000,161.2941225321683,347.14370615180763,653
60900000,210.40018606469448,229.14839044832104,653
60905000,225.75657190307714,319.97666581911324,653
60910000,211.3136656859215,262.3320803436724,653
60915000,172.4389025109973,236.76959126797817,653
60920000,186.21932380835884,296.7737524936464,653
60925000,154.8263289799944,247.58122974969336,653
60930000,180.52826284999063,220.9681006417255,653
60935000,164.08901510732264,322.8832088977141,653
60940000,189.58435005296815,274.42424947877794,653
60945000,173.81686653898217,323.7901810122372,653
60950000,160.65841241788627,252.35238675134303,653
60955000,181.64514849017715,328.5216399329343,653
60960000,162.89986189620834,351.5236121916761,653
60965000,194.57857750976706,316.78339568633436,653
60970000,184.11290608589343,265.54089116084646,653
60975000,215.96728262646164,352.2906431694487,653
60980000,206.16619494219995,285.39339821715816,653
60985000,195.80414884480405,245.2539429411834,653
60990000,178.09131784020667,291.6488217504336,653
60995000,198.69734498668754,268.1414290221677,653
61000000,241.3956836897227,332.3448406637757,653
61005000,199.81896081408757,322.35268496905724,653
61010000,217.43618383067496,272.20853648329006,653
61015000,201.06581188743112,313.7195648610448,653
61020000,185.10041929094123,281.74872196878493,653
61025000,219.61738443682816,267.17945443710096,653
61030000,209.08057690486476,301.3032889295025,653
61035000,183.47019340878373,313.8354436151405,653
61040000,168.99250392277267,282.6394136833733,653
61045000,204.39354553189145,301.71374395489653,653
61050000,166.42266550727703,243.06566019899506,653
61055000,217.7934406124929,297.2271859492637,653
61060000,159.399684137702,273.6107502109402,653
61065000,199.9458349375916,329.11568969754444,653
61070000,156.76917983670324,339.99722033853953,653
61075000,179.52634932865033,353.6373616499025,653
61080000,166.59800104233045,358.903449903152,653
61085000,157.28236181116444,314.07390745452193,653
61090000,173.24260309317665,327.7417125269313,653
61095000,158.33617457997298,347.21996079568333,653
61100000,189.16717653892118,349.7434275887078,653
61105000,178.23891914046033,342.5323568395486,653
61110000,172.27451100484586,345.6003937535572,653
61115000,219.0978486038237,265.8892702931301,653
61120000,208.39807572334777,262.27388260132255,653
61125000,239.0603624090819,254.1600177541285,653
61130000,218.42032338891278,388.07398315175703,653
61135000,178.67609198235616,297.99890033826466,653
61140000,193.09571564557584,285.7415600025905,653
61145000,190.368102280886,252.31823338741373,653
61150000,193.3278115486563,294.04111891115025,654
61155000,165.6375297293904,269.5054713216514,654
61160000,177.50632182454748,229.5300546389381,654
61165000,191.05559741041085,311.4945954559414,654
61170000,185.86012616005806,224.68843382691674,654
61175000,177.31485245109624,324.9672903401517,654
61180000,167.78571655609318,297.88297900139753,654
61185000,202.36109146023503,307.161762488985,654
61190000,180.17177894202024,279.11078036619216,654
61195000,211.77696368607573,353.87090369522514,654
61200000,184.18901339906148,240.73761628227075,654
61205000,191.98579532240845,319.3688438305787,654
61210000,174.56248206650008,327.1447846233366,654
61215000,216.47856285555582,328.0057913959197,654
61220000,182.97308410306508,337.49363768719576,654
61225000,203.78334831364475,334.1771269886121,654
61230000,191.24259015850157,280.16287221431827,654
61235000,179.6302765695697,344.3579462324164,654
61240000,183.41574511318052,312.67266412585167,654
61245000,178.97103136516412,294.5805535391877,654
61250000,148.23892547618706,300.31640574401507,654
61255000,184.47838760875337,305.6226735576963,654
61260000,168.91215327825998,315.2227218775445,654
61265000,218.385827439336,337.04119281327087,654
61270000,169.10594242652547,326.96901052831913,654
61275000,201.5051778936835,308.2538580420114,654
61280000,233.7440730936868,258.92673428159776,654
61285000,199.10000436694887,335.53297523705527,654
61290000,180.25526080712652,259.8466051417748,654
61295000,207.72126596056376,267.76968130602245,654
61300000,179.84167810458086,269.8811798908231,654
61305000,183.587871225711,292.9199221918514,654
61310000,155.39117592777458,280.5585852390481,654
61315000,176.33266128100732,317.5685108710553,654
61320000,218.50918543317948,249.57695471968063,654
61325000,167.19987531793464,278.92058721847945,654
61330000,213.3171965267309,259.9294574860835,654
61335000,180.66492345183065,275.56703729598803,654
61340000,158.0408028051172,309.3825190268831,654
61345000,181.9511168670059,306.9305151974939,654
61350000,216.63659447782464,280.3956158722775,654
61355000,181.15038322617676,326.1370202801072,654
61360000,169.6309456464345,252.0295992267258,654
61365000,161.34822053737528,265.3289303901537,654
61370000,185.89483397649988,296.391309862702,654
61375000,187.31684488317674,315.3292808882968,654
61380000,192.14897435903254,324.23414477609157,654
61385000,200.2655592527007,306.564200799057,654
61390000,188.09876547806678,293.0753691442758,654
61395000,221.6827525319516,322.0390463373746,654
61400000,196.06961138496743,285.64362519441477,654
61405000,192.55096823979375,333.08896985351726,654
61410000,182.43843264353433,289.395914678488,654
61415000,183.81791387668287,278.4499820225515,654
61420000,184.63405427107244,328.3391589477046,654
61425000,189.47760870312678,340.7897526040123,654
61430000,186.04808680368785,319.2949120911684,654
61435000,189.87536465974122,345.849542519943,654
61440000,203.5412005869664,324.3665050122681,654
61445000,202.7958958365641,331.0554327572865,654
61450000,177.80094565611216,288.3141271006528,654
61455000,170.24951677486882,301.89512711669664,654
61460000,191.87454179550252,271.0591768335991,654
61465000,194.76404077305668,269.92364011179086,654
61470000,161.42100787926583,383.84412572695334,654
61475000,147.88213418308453,251.43303645578507,654
61480000,184.4767778487129,286.11208504862145,654
61485000,174.69186596846833,316.39950106651764,654
61490000,184.05721916943,297.9571347556783,654
61495000,224.58565303127457,281.6844073526183,654
61500000,174.93170765281792,279.8236016661507,654
61505000,205.1459164729117,372.95966432764567,654
61510000,174.44590228831413,328.4135924331103,654
61515000,232.8515018151003,288.1512423175317,654
61520000,194.790192534894,335.2704278097136,654
61525000,206.85244185485382,309.6171518362091,654
61530000,191.28414777002683,276.41988156724955,654
61535000,201.70187810170464,294.1786479426721,654
61540000,167.72169565669603,337.51560100353305,654
61545000,165.34481057145388,305.2963034727054,654
61550000,187.85554746319082,278.0785019750266,654
61555000,189.93001615988572,236.8439889432763,654
61560000,193.8035624568868,245.8046036812221,654
61565000,232.52184638574704,324.25696812286276,654
61570000,167.91991883588307,279.0895826673413,654
61575000,189.72862976106111,283.2996374834856,654
61580000,163.51039686243638,260.4270224139226,654
61585000,200.1616343843988,320.7179215935266,654
61590000,224.10612528048358,266.1596693912074,654
61595000,242.9722284733075,310.17016978944395,654
61600000,182.03463498273993,293.8309360048589,654
61605000,198.14741025290937,292.2359956262769,654
61610000,205.42846805118427,311.65536165081244,654
61615000,192.95798606572924,336.1940114845924,654
61620000,206.02676371192004,356.01886804759675,654
61625000,155.91069597618332,331.5604300838028,654
61630000,146.02459955031924,253.9036211167237,654
61635000,211.23276799683927,280.55615921927216,654
61640000,218.79897872256007,344.055841678702,654
61645000,205.30514724570477,240.51737775588168,654
61650000,228.3989564183773,250.42424111958945,654
61655000,188.05849173772273,306.92570562510105,654
61660000,214.98840515930345,320.84315767052357,654
61665000,195.24463250485704,293.99290808195036,654
61670000,205.34907938150027,320.90173044972266,654
61675000,160.7615782578505,290.5937483057059,654
61680000,188.53048147912327,316.04484441797644,654
61685000,184.41900101161303,381.28113913911363,654
61690000,236.6696906970654,333.5510750090632,654
61695000,177.76386681155967,270.661539990691,654
61700000,185.43414992238348,315.9747391378507,654
61705000,197.2838123760237,324.35762206263263,654
61710000,221.99171850638703,287.3954447624836,654
61715000,181.54848169624208,249.2040860063156,654
61720000,198.0249013352165,347.4440030399999,654
61725000,187.6051915228592,326.46464154514206,654
61730000,215.51017998566616,290.2596228512461,654
61735000,156.5812136449742,302.3353695556174,654
61740000,219.30603894920822,324.0718143674223,654
61745000,193.7174005065797,257.8806991187745,654
61750000,195.7549779984803,316.1197015692348,654
61755000,165.2565161673412,304.717644861908,654
61760000,194.93937005952634,290.86368033761414,654
61765000,186.069731640802,317.75824861187493,654
61770000,188.8455528319704,276.5629392163159,654
61775000,195.0509583204536,295.8409694403094,654
61780000,153.7602561332008,211.95415428152828,654
61785000,214.88895320668527,268.9424870205521,654
61790000,194.64594144427792,333.90514606328276,654
61795000,182.18879045998315,370.6337596918742,654
61800000,182.57338059272507,280.61977876031756,654
61805000,196.7183881915951,248.3702945015447,654
61810000,197.31053430459508,343.78442382090486,654
61815000,176.292796321253,267.17609935280035,654
61820000,194.7831347848063,270.91284897238376,654
61825000,150.49635484729413,341.24299642729227,654
61830000,198.44843206104196,234.88600992001943,654
61835000,198.25135471587834,290.7560394781251,654
61840000,201.7788187899946,331.16658413180147,654
61845000,179.41438522936062,328.0632349046357,654
61850000,174.5465364657623,296.50111735803785,654
61855000,193.4632488857713,363.1140432710481,654
61860000,230.69981374330456,268.99810882899305,654
61865000,192.091697266833,282.7943582850778,654
61870000,188.71702646395235,370.0371364457591,655
61875000,185.11315301707882,306.8213233726179,655
61880000,173.7558929474015,277.53908186023324,655
61885000,171.77765703840697,321.72692380880915,655
61890000,144.74988998925807,280.41489940930967,655
61895000,165.6672640875131,282.66758288801003,655
61900000,176.63484293535538,345.6442965423655,655
61905000,196.17650653044313,355.622862977743,655
61910000,177.66503788564052,387.51121494797064,655
61915000,184.15170308414355,300.49226449745566,655
61920000,180.16848203411732,279.18689851394237,655
61925000,156.21867900942377,352.86049137483724,655
61930000,229.35043541839022,383.47784295071136,655
61935000,180.42998361408448,277.96470669800397,655
61940000,187.20887778819483,258.22768501794155,655
61945000,179.2475636340538,239.7919771063445,655
61950000,169.84057877985884,294.89754437448175,655
61955000,186.8813649783164,307.2357263654698,655
61960000,180.28354325668056,339.29929781992354,655
61965000,180.80291131034963,293.5822821580057,655
61970000,263.5703747681607,343.902083338472,655
61975000,208.0245781177087,305.4048350371062,655
61980000,213.78602069110545,299.8681843990779,655
61985000,193.2842845826154,317.2696469266959,655
61990000,188.21626653190074,292.4354840688051,655
61995000,220.0985734120599,321.9999024274169,655
62000000,161.29659199321085,280.18271779831514,655
62005000,209.2790484309509,273.51809860387147,655
62010000,179.68855736465693,193.547710441049,655
62015000,209.1675521195968,280.87936574294696,655
62020000,201.2929045926073,337.2081467837436,655
62025000,208.43151912831846,273.62877512370255,655
62030000,156.992147051232,343.03477614110795,655
62035000,211.18402142027884,325.50601088902863,655
62040000,175.3701188381381,309.17363557837615,655
62045000,171.0913028845734,249.94427748267145,655
62050000,154.35296210238877,345.98840131367274,655
62055000,197.32392667679932,304.96775117981366,655
62060000,171.57883123923148,306.9920612694234,655
62065000,161.4538131659085,262.0701370775783,655
62070000,179.77086377649846,310.1593439071866,655
62075000,170.48174224221438,339.33442694869194,655
62080000,179.1749524975565,283.92121912804595,655
62085000,171.5823021337174,296.9315514038572,655
62090000,220.3937021205764,267.6972357899517,655
62095000,188.41228434399423,297.64086750243075,655
62100000,184.5824258461637,353.74613837122126,655
62105000,196.26762726404104,280.85045302041607,655
62110000,161.26733225324972,269.4860564945758,655
62115000,183.86907884346334,281.17334960687566,655
62120000,210.64689681022756,326.44585155568024,655
62125000,188.0706346456704,330.1937618985311,655
62130000,185.54614187726273,281.16726668782394,655
62135000,181.75730532378054,292.1842303489393,655
62140000,169.61805188323052,274.0632580898766,655
62145000,221.00290501222918,280.4555123270282,655
62150000,181.83963624026927,297.12116153310285,655
62155000,174.5696864884288,274.49473532483796,655
62160000,197.51753382153163,355.9159690369799,655
62165000,183.94066659147305,301.4977109240088,655
62170000,196.11472798674902,321.8712170416249,655
62175000,165.5989733697638,333.4875578581048,655
62180000,154.8370034561147,278.891263085669,655
62185000,167.29570116931922,267.0079958684236,655
62190000,185.9448231283985,299.60205553446673,655
62195000,158.77766661426,250.67704157270177,655
62200000,188.95916754797668,226.1644375609118,655
62205000,166.86679088471743,290.01443420354104,655
62210000,186.99244033846048,307.54815746310874,655
62215000,233.89295051716618,328.8794355878144,655
62220000,224.53519581866917,328.01572175921166,655
62225000,179.7597672752107,318.02604503151986,655
62230000,173.95522027666584,254.49034237825163,655
62235000,164.8565847827018,311.8046804062122,655
62240000,185.3560632561175,224.80260829479883,655
62245000,226.5753765777663,350.38251373217525,655
62250000,173.65092669602708,259.13991491118884,655
62255000,173.9452948389418,283.57759497812395,655
62260000,188.6425531131539,267.0381758422193,655
62265000,208.65431153705697,289.3241380193898,655
62270000,155.2419183164723,305.6717471536989,655
62275000,195.98606292757376,355.5853324148218,655
62280000,217.77299980615416,270.9759256073044,655
62285000,210.5834907224937,268.1208885286274,655
62290000,196.41474564173663,249.5863883302729,655
62295000,187.21760317107587,296.19049000528366,655
62300000,174.01457616140925,276.8475276434216,655
62305000,192.4229840364489,333.39302683995635,655
62310000,174.4748830411271,253.2972054924138,655
62315000,159.78755332480026,313.3217231681193,655
62320000,169.23810759087954,290.8952106789141,655
62325000,192.10727943624994,360.29887821679637,655
62330000,187.82507980287193,329.1652120838011,655
62335000,173.8997287449416,415.45438189173086,655
62340000,152.9284938469016,279.3481937353176,655
62345000,198.25682944316486,328.3482535334627,655
62350000,169.79664787412088,255.5786761441175,655
62355000,174.94435071985208,266.48538522751016,655
62360000,191.77361931267626,343.8599121093673,655
62365000,185.5402453990933,314.45995980726894,655
62370000,199.82671242202633,315.5796194579896,655
62375000,162.7330248094519,250.5015368827843,655
62380000,214.31989607692876,249.7828039517412,655
62385000,188.17692799792604,267.35675293948685,655
62390000,180.61528385877438,323.8846823195085,655
62395000,182.5674212295543,324.2641300735144,655
62400000,189.7771333738579,251.7271549655482,655
62405000,193.81434149072152,368.86701111569386,655
62410000,186.5713828700816,294.5964025430225,655
62415000,192.88535689712253,361.6711314879042,655
62420000,172.52041860573422,306.7068493513454,655
62425000,172.02151508652122,314.10893245067217,655
62430000,179.59637761915593,305.52345119263776,655
62435000,230.9975152467636,317.4170541241771,655
62440000,228.27569047383741,370.0142054831979,655
62445000,170.08561319736296,285.5331378461282,655
62450000,178.3727805191485,266.61006091998206,655
62455000,175.93071385900197,356.86867713458304,655
62460000,198.16630363426404,276.3002854263132,655
62465000,192.841463412507,283.36730229716045,655
62470000,173.0397132350742,339.4152281962708,655
62475000,204.94350984908596,307.91715505158896,655
62480000,180.49554466302834,347.98072057538826,655
62485000,172.201990341843,328.4900739301279,655
62490000,205.30394991848675,299.762298848266,655
62495000,184.87440141695384,341.36138605754604,655
62500000,148.4209068554441,278.8019561870819,655
62505000,171.59680966761724,322.13464386378865,655
62510000,170.52188839605134,335.96869061266176,655
62515000,182.3138457917009,362.922849176358,655
62520000,194.42832162147542,329.7723341319366,655
62525000,197.70867339060848,272.7122855995745,655
62530000,143.20600791454888,280.2386168970915,655
62535000,199.39104986662085,305.0026800862579,655
62540000,235.4144033430859,276.41537922318,655
62545000,146.2789653948501,299.2313993570782,655
62550000,145.35173469761506,239.95290602897612,655
62555000,177.4778232986512,332.1044893416539,655
62560000,148.27078905683754,259.2022927974016,655
62565000,187.7502407994264,268.01994663703925,655
62570000,180.44482282812706,339.59989776363847,655
62575000,177.77902866746757,300.91595427292236,655
62580000,178.24542019290857,263.9790662990068,655
62585000,220.77035333307094,292.7232028341161,655
62590000,228.34489477805556,344.40352327093876,655
62595000,161.4238610721629,334.7534225355116,655
62600000,174.89516701549815,287.8953718354309,655
62605000,200.3448866597433,256.2438254129446,655
62610000,200.33332812776334,364.8272782081732,656
62615000,186.77190902662483,268.0155207879897,656
62620000,149.60403211809432,277.90113835157143,656
62625000,190.65967827634114,307.8872255048679,656
62630000,175.21895482624493,287.76492818266166,656
62635000,139.8886831492349,254.21566539289586,656
62640000,208.05166946636243,278.13176498600575,656
62645000,171.72270639847397,280.403186196709,656
62650000,196.1446255616239,351.92196445225136,656
62655000,167.29797084287208,331.8529245430794,656
62660000,175.33268004111682,287.22889743562513,656
62665000,177.66570312748604,335.03896821539905,656
62670000,176.07020251729492,277.61637237830973,656
62675000,259.8258753485102,282.8731998871091,656
62680000,180.81566224037329,341.23412370956015,656
62685000,190.3253237578502,372.36051953444087,656
62690000,194.000691503982,276.61947864575785,656
62695000,195.47605595172993,262.62803347809063,656
62700000,221.65461695644626,374.0375112919223,656
62705000,192.9672050870532,346.3161569595136,656
62710000,182.73091922024327,293.44656138937387,656
62715000,188.0478970250363,344.5583240488062,656
62720000,231.47734133767722,308.4402270508276,656
62725000,161.87526700858538,305.23423486522665,656
62730000,220.00938588156671,276.43098165123126,656
62735000,183.63443906293017,280.25745402269666,656
62740000,175.08150061216003,242.87434724343564,656
62745000,157.64792161789828,322.73602069395895,656
62750000,219.15854777456354,310.3352486524284,656
62755000,193.4389713473675,288.40690843310665,656
62760000,254.8282628732881,331.3965230328639,656
62765000,212.4237550177045,322.1016149776975,656
62770000,203.07817356316855,273.4216681642123,656
62775000,176.0282946824422,328.9428649168498,656
62780000,202.5427507904381,278.2193366415237,656
62785000,183.10647277433117,330.0106553409027,656
62790000,206.05227492493452,348.54516087554276,656
62795000,178.50071407189634,284.07583538660384,656
62800000,157.53334790511147,311.8576466495383,656
62805000,185.21793875620565,317.1096103912847,656
62810000,174.76614894700663,276.28245623690344,656
62815000,184.60386932937416,271.3050021393659,656
62820000,213.907838887495,298.5412380445695,656
62825000,231.66393167929922,310.66205165596614,656
62830000,203.16281012031516,368.68428396800647,656
62835000,203.15842705067772,365.2253638182313,656
62840000,190.97750343541117,334.6456819373644,656
62845000,149.9710372967101,325.2606483967529,656
62850000,173.22424253248388,274.7311591444039,656
62855000,161.50186172797987,376.69936770356276,656
62860000,158.2073086618619,256.4568152022637,656
62865000,204.57535881019723,261.12150053142426,656
62870000,208.24675559472868,294.2153973887007,656
62875000,174.2706838681166,304.1747562528305,656
62880000,174.37410319188683,266.9572301263259,656
62885000,152.8801953270852,313.9972540022254,656
62890000,198.91566717724308,294.38604735986416,656
62895000,172.56618156110088,337.225982063188,656
62900000,176.76059275888755,311.51550240660595,656
62905000,151.5408569697313,338.5765516303131,656
62910000,173.94324192603713,252.3639394766072,656
62915000,208.47965568784565,351.93350202326474,656
62920000,183.65277251491176,290.6792723509293,656
62925000,227.13412605888672,267.64312712627043,656
62930000,191.86143672656866,271.29836760301254,656
62935000,166.58365169238158,262.9575174613863,656
62940000,188.6006178002276,252.10350889858512,656
62945000,192.53486676344534,273.59665026513454,656
62950000,159.43824529652335,309.02099216304805,656
62955000,227.55593488877497,212.8379471929926,656
62960000,177.81845590366504,290.25450312734904,656
62965000,188.76306117406378,287.9641786011761,656
62970000,179.65433941985526,343.89187211259883,656
62975000,204.85355098563647,243.94350279618317,656
62980000,211.88766539077983,290.91855857117537,656
62985000,137.9855662120601,277.0717744789124,656
62990000,149.0351547711998,327.9545613307695,656
62995000,152.50057994191044,278.9590441080303,656
63000000,199.54933813878898,320.6389535971705,656
63005000,199.48631395034397,226.04240293638705,656
63010000,199.79986700679726,247.82841013581512,656
63015000,206.8464635403134,394.8673287453638,656
63020000,212.42236843156923,247.5487991476071,656
63025000,193.02667969132824,299.4551804624514,656
63030000,194.12433981855554,302.0563011274687,656
63035000,213.90049451958816,326.7275803988918,656
63040000,212.5164630733907,284.9755033984403,656
63045000,178.63150736433903,299.0801456607793,656
63050000,199.34093127670755,299.63636916555043,656
63055000,166.88341391413394,293.9800843209948,656
63060000,188.2991717395027,294.996538429073,656
63065000,181.2847634158992,328.7115663037488,656
63070000,178.75783477974747,277.8339539270518,656
63075000,198.39085000783,306.14772779321856,656
63080000,184.26562114644327,311.9776372821534,656
63085000,203.10725462081712,319.1043460486088,656
63090000,201.35257669514004,302.524602235609,656
63095000,153.59828926529073,261.1916577815706,656
63100000,140.6530292302821,334.9788809159659,656
63105000,167.62895348315405,264.01946922764307,656
63110000,246.19338909389413,294.11032728642954,656
63115000,193.61404436108256,321.2048436551613,656
63120000,218.09926519466765,327.960629209693,656
63125000,187.97324104098243,290.7940408703741,656
63130000,201.3108784443202,279.8820124140701,656
63135000,157.35110346650185,282.7712385207537,656
63140000,195.00680819357598,264.4638077541151,656
63145000,197.56745378189447,295.8075461619794,656
63150000,180.37200566865312,315.0548592727929,656
63155000,218.01549789810034,336.17408354310646,656
63160000,170.40475624975394,304.1510194998628,656
63165000,187.59674114211194,297.5216171004382,656
63170000,181.3157913895537,302.6621154901243,656
63175000,179.74834050020502,255.5452089780698,656
63180000,188.95652125204273,365.27508791032795,656
63185000,164.54825335867133,299.4114889681932,656
63190000,174.2363825761621,281.3710256983153,656
63195000,210.63970268377474,286.2073227348144,656
63200000,184.50367233759977,291.7916575989891,656
63205000,175.21824833731063,291.55186526176317,656
63210000,188.74948505831708,298.81727610006214,656
63215000,151.79536363057406,335.3958459199211,656
63220000,209.28646719899186,272.13656243134346,656
63225000,182.34039165862075,383.3303890510871,656
63230000,192.42383992369525,329.9275889083759,656
63235000,183.75571107205624,258.37189377903496,656
63240000,179.64765703007743,358.4838133610263,656
63245000,156.6644824853385,293.66097089649077,656
63250000,156.79606641297931,249.27275111571012,656
63255000,183.73199890505472,230.3412755176491,656
63260000,213.670707076694,326.2367585135156,656
63265000,167.03874781149364,322.4180353735117,656
63270000,203.44772569166523,305.7159165081744,656
63275000,180.26748043543952,258.8003419019752,656
63280000,181.6896621765799,333.7402912665814,656
63285000,188.69074188114934,294.08860016991906,656
63290000,199.26782789798068,351.93524336527,656
63295000,212.84115280245354,281.74036140717624,656
63300000,174.73928934047794,295.0154188264171,656
63305000,217.58314840935643,325.38262072926887,656
63310000,201.65889205637163,316.95571192391316,656
63315000,138.93237580466098,270.01925940713164,656
63320000,199.358092910111,385.5436045525693,656
63325000,201.64680709306828,262.25720273762425,656
63330000,197.82669044286467,270.87868313131963,656
63335000,163.11421697264086,336.74039844521116,656
63340000,179.72159224610982,286.371471371538,656
63345000,162.08480687479644,326.45610787249706,656
63350000,210.70419781199735,266.7185674161591,656
63355000,205.6372147345042,269.1022136798372,656
63360000,216.49812455032546,239.3123881452859,656
63365000,156.99218690090953,322.6984226115567,656
63370000,190.681136689982,338.174996263734,657
63375000,156.06353032707034,269.8459099517113,657
63380000,157.441530516898,331.73313446255065,657
63385000,167.1798975973636,333.8725994652778,657
63390000,228.63538559511167,275.3621364140651,657
63395000,157.15499420023087,332.0184047927845,657
63400000,167.36735462755763,239.80938370662656,657
63405000,157.4152720969136,268.7079847309179,657
63410000,164.3411390357325,279.26205960320374,657
63415000,185.64249688363648,262.5158036703032,657
63420000,160.13305930269195,272.42943594021057,657
63425000,183.54185897986156,302.2537296360139,657
63430000,246.02722013340187,324.58987177883114,657
63435000,163.9635489766203,267.6947311715573,657
63440000,205.8282121193108,286.2710663964492,657
63445000,162.39263221858081,373.3353459721404,657
63450000,237.87566129020814,290.33117514754576,657
63455000,186.0963668498831,284.64546410144726,657
63460000,194.06082761455204,334.3965327757684,657
63465000,196.90287402552744,354.72084152867876,657
63470000,166.50248748540722,255.2264105843302,657
63475000,196.29291845931036,351.3413706982477,657
63480000,217.67915762678297,311.8396441867277,657
63485000,175.71521930317348,254.8348574214266,657
63490000,179.1334120921209,226.98314604843176,657
63495000,210.87576783056676,311.46831901636125,657
63500000,214.06537620977562,296.75178339354807,657
63505000,200.6789631721042,258.9216910213175,657
63510000,192.0401195022594,318.2259783566137,657
63515000,243.22910074431942,285.9379795755671,657
63520000,187.50996500927502,259.4847151130478,657
63525000,185.61466806333607,252.87235099072936,657
63530000,194.1134427579231,349.45657186132115,657
63535000,182.54512866742726,363.6863995546288,657
63540000,184.46296611626667,294.8623947173597,657
63545000,203.27366457497146,272.2277662533488,657
63550000,159.0271816252132,270.1654532016395,657
63555000,196.68059589705894,270.15065354307234,657
63560000,168.81691356139956,345.55222147708076,657
63565000,218.60978504712637,427.03903938293826,657
63570000,150.5923439835337,305.0747150155851,657
63575000,179.80359985010466,268.7330192107435,657
63580000,159.17700687594765,291.42362961708125,657
63585000,184.3874164560898,311.6689756031825,657
63590000,183.9178630659638,320.8204938644246,657
63595000,186.97714857953827,271.6709754684441,657
63600000,185.7812805944012,280.1689666755503,657
63605000,207.3198566186427,312.7306349266743,657
63610000,194.39894609342298,287.1535430056364,657
63615000,181.10529163673235,263.1750688320516,657
63620000,193.39020294129497,316.51760354816753,657
63625000,183.1926967608489,315.9327317273774,657
63630000,175.40414432881437,280.881154385042,657
63635000,226.62944153304664,329.18289278234175,657
63640000,189.6366053289897,314.3465987125984,657
63645000,161.72388137912594,301.7399962774318,657
63650000,171.49561742992535,275.0935017032236,657
63655000,201.95764388649047,294.6198665544926,657
63660000,196.41740560265987,308.29898902140025,657
63665000,182.56586094090756,256.5729804649968,657
63670000,168.5751730051805,333.5518715432197,657
63675000,174.66663093363843,270.2958169513638,657
63680000,197.6582046955119,269.9565544894714,657
63685000,179.07951849328484,308.0722629473511,657
63690000,206.16031514263116,258.4330103980541,657
63695000,226.1864241142406,248.5168100691223,657
63700000,205.04340543433034,284.0785155359643,657
63705000,174.09986407245148,277.1698936343972,657
63710000,220.8302433831088,272.0102647609466,657
63715000,186.56147445696664,309.03087778879507,657
63720000,180.41068902997364,344.93729581469506,657
63725000,160.21615074380517,322.97391820351845,657
63730000,142.09038698531978,272.7163200138594,657
63735000,163.8825213970599,264.1441102967191,657
63740000,189.9494526865825,315.7605117744221,657
63745000,198.63713085424914,278.96904758417736,657
63750000,171.41720730111447,274.54587061684316,657
63755000,221.38147383001797,263.2314648953269,657
63760000,190.93668779557817,286.71154267931087,657
63765000,205.71643942951468,278.4219829262662,657
63770000,189.28535137046026,254.5188588328857,657
63775000,171.2419949356128,348.4455945336516,657
63780000,169.4544552735397,249.13489095519537,657
63785000,163.0606649476021,223.3726192584445,657
63790000,198.90080114542081,265.28304619063505,657
63795000,236.54913504353485,268.31133153892074,657
63800000,177.82099283011686,267.8399488695923,657
63805000,167.73892839287714,281.0637164243285,657
63810000,215.0628356064448,323.71585632616586,657
63815000,186.7572212035013,270.69542077288764,657
63820000,198.0605640815136,237.8771046748277,657
63825000,162.17720398501763,264.5323354849589,657
63830000,193.7040173767831,321.8141591360612,657
63835000,215.57514866678852,345.0092024512639,657
63840000,168.38569263966124,345.93618961453876,657
63845000,207.18207054756675,259.9524195427975,657
63850000,173.19615616478256,302.88999792205533,657
63855000,180.28432096491667,353.4598680276516,657
63860000,188.60408993764486,296.07191563498156,657
63865000,162.05396849494275,350.9363024842131,657
63870000,200.81366704123656,277.38898025185,657
63875000,193.89060891534186,318.3231094397089,657
63880000,228.76956837206805,284.20480036146233,657
63885000,189.62514510396645,281.8385619317018,657
63890000,182.88944939528426,248.12903615848964,657
63895000,205.3101987617045,334.6060888566664,657
63900000,182.70703757971182,320.5118405341226,657
63905000,203.55919208112425,253.61714566018256,657
63910000,168.20188226996808,275.4654839248273,657
63915000,182.4906542001878,353.57178070468484,657
63920000,160.8285694144527,288.7982085633938,657
63925000,210.44911372560185,394.63833962639126,657
63930000,209.2145860246705,313.57700435748285,657
63935000,194.81037967144292,279.3917406680654,657
63940000,204.13389570187275,290.29396859636864,657
63945000,200.7069186398283,343.9777262436432,657
63950000,201.28143147784712,314.0863043944129,657
63955000,210.6585775717124,299.5154986997059,657
63960000,173.64972377361195,331.5654947424817,657
63965000,211.38645264995006,287.7725097244219,657
63970000,161.37263924520346,236.94402611568216,657
63975000,144.19790004145187,321.2563634480406,657
63980000,187.14361648597588,312.64924802110716,657
63985000,198.62910961581161,247.72625939737796,657
63990000,185.1358083037563,292.18884542963684,657
63995000,202.25032946155955,302.7446581301127,657
64000000,170.38031119495403,342.0690333983345,657
64005000,192.66645242112142,349.34314575058914,657
64010000,156.70142723117618,348.55586154886436,657
64015000,211.34994070559233,310.4315503634465,657
64020000,171.83394676609439,301.05693331190196,657
64025000,204.4558194888901,330.2483059248366,657
64030000,181.92495264139686,336.7597000421467,657
64035000,212.5853331576345,292.7165130514536,657
64040000,175.50459675596815,297.5430959430583,657
64045000,175.0756447073846,277.73046698456193,657
64050000,204.38148930567826,330.2862648890839,657
64055000,155.09055169620353,315.53730534516114,657
64060000,183.65775590404513,303.99309331896245,657
64065000,177.3129845754584,251.2034747063025,657
64070000,211.92918080273438,358.2720335578252,657
64075000,163.84684013453378,286.1581621642452,657
64080000,193.94148701195928,325.2687347740127,657
64085000,154.06539034618342,276.7274917627931,657
64090000,187.563739065967,288.75364809016656,657
64095000,165.7431064758713,276.0346290105777,657
64100000,175.53250252430016,265.65277835736765,657
64105000,180.77767805680529,294.63826425751137,657
64110000,164.2182944027736,301.9435345022554,657
64115000,172.6583055672667,322.75843563744803,657
64120000,209.88144638259666,300.5649651449878,657
64125000,194.517799011288,311.3109171131221,657
64130000,156.13430461516248,309.5867696609655,657
64135000,185.42120899762395,311.3902479251852,657
64140000,183.94442803120378,257.89657243904094,658
64145000,193.49369369194832,309.55603197013284,658
64150000,198.55088497688936,322.8473650166648,658
64155000,175.8200046146187,267.0903154466518,658
64160000,241.37356828831344,347.2036365423917,658
64165000,187.19908189382025,338.4772865535529,658
64170000,172.7158636831866,365.90465121292317,658
64175000,171.75439901001198,293.5442426339582,658
64180000,195.50921346636008,301.34435951765346,658
64185000,164.1325079693843,316.25936584234717,658
64190000,175.83892019479293,292.5494308384235,658
64195000,203.70244109844052,296.79608845335895,658
64200000,161.26306688907124,252.5527322421679,658
64205000,229.18404702367053,302.29432550520136,658
64210000,178.7543290027288,275.4891087529376,658
64215000,222.92912031754994,323.72613978170745,658
64220000,175.3957557093442,371.3440133095108,658
64225000,220.7885109125026,307.0738266682246,658
64230000,204.3087218000133,329.25009930907015,658
64235000,169.98884710940447,244.70853966749692,658
64240000,188.73880583255877,282.95920858983715,658
64245000,238.5946849011236,302.99966782235464,658
64250000,147.70424371746122,337.13463515122896,658
64255000,199.941883308846,322.3914132914415,658
64260000,232.3084998122199,294.2084035843137,658
64265000,180.71349744938146,313.35390472773395,658
64270000,165.25276458173508,302.22915888077375,658
64275000,172.62128477596235,358.9901464265936,658
64280000,185.30945112506535,305.2319878625187,658
64285000,214.14220443579262,255.330928364025,658
64290000,193.21905156217022,296.2146008864057,658
64295000,220.08657189334318,306.37280277837914,658
64300000,208.69088890844503,290.5951228175279,658
64305000,157.37514887753673,296.71230753249324,658
64310000,190.4357034489622,262.03721180137995,658
64315000,178.07577186187802,242.6796407074208,658
64320000,223.63216858579915,310.3915970787854,658
64325000,194.9861965019321,333.2843588775581,658
64330000,182.8118969443628,239.65508073748472,658
64335000,184.14205644727053,316.6390413753902,658
64340000,161.143081352931,290.50772545783434,658
64345000,213.00988709108677,268.1307666144572,658
64350000,197.95306862581754,336.3660369951256,658
64355000,211.8805109164516,289.3207936461644,658
64360000,196.8444515592102,329.5556195535334,658
64365000,214.71480689493194,281.22135199662176,658
64370000,175.29993687974311,338.76327360537164,658
64375000,202.8523580104128,331.4896107611455,658
64380000,208.54998888372728,272.6757330324915,658
64385000,175.46988698333408,328.4320350143467,658
64390000,172.72915756463212,305.06885222843016,658
64395000,169.12449803701335,288.54843750602373,658
64400000,194.48358395329006,263.0554193352755,658
64405000,188.91106329880338,243.56046051288232,658
64410000,242.2152354195585,284.89588629919444,658
64415000,172.7751287136342,308.6713363080275,658
64420000,152.82793215385618,237.16562243389208,658
64425000,178.82544689528257,311.2526988805561,658
64430000,187.6907783870668,398.2558611376793,658
64435000,193.42922845606796,333.0285520783718,658
64440000,182.9334025296953,330.94437355143975,658
64445000,183.7190572612447,305.62745883458086,658
64450000,172.52085572910096,276.69259185731215,658
64455000,212.08845004094493,246.6946361310171,658
64460000,210.51796986148076,270.4973461909046,658
64465000,206.8990707117309,363.10859611213743,658
64470000,148.93260427135746,300.50141293253705,658
64475000,227.13591741872307,339.8164932167662,658
64480000,200.5210076647139,281.67909310532286,658
64485000,211.53624234123996,305.47671082083315,658
64490000,153.93283782752772,232.68464808753154,658
64495000,160.61180837513402,314.6182508613463,658
64500000,207.51682515516617,249.83971406084586,658
64505000,163.63129631295917,300.01602519375666,658
64510000,201.5119719392451,346.13452203927415,658
64515000,184.59596082718534,336.0490481152785,658
64520000,209.4842981838529,325.93821212127096,658
64525000,195.23841928533105,355.602532255351,658
64530000,183.83044144474084,319.0309402876004,658
64535000,169.40380469804845,347.87367358688203,658
64540000,189.6522115081649,255.2737904561968,658
64545000,174.27093505712364,305.17358233304515,658
64550000,184.63801495849557,317.4126705247606,658
64555000,174.99607880429,301.7807691710487,658
64560000,191.11877611966585,305.17996478015493,658
64565000,216.89698854325007,278.60055718506345,658
64570000,191.66490667245054,288.6706834469046,658
64575000,173.31971365090968,343.05031466192486,658
64580000,215.95572390147385,355.7929707254465,658
64585000,180.51421661612568,223.53881454982206,658
64590000,206.25935089644798,306.441594231949,658
64595000,184.87912718414265,291.12608334303115,658
64600000,199.71767746909342,299.11577634364266,658
64605000,206.34917759964125,281.39010827332146,658
64610000,181.64263854767916,265.7729221457008,658
64615000,219.31536506802524,275.05646578691915,658
64620000,198.64688095139573,338.4263630597803,658
64625000,224.59285032066967,256.65578551193875,658
64630000,165.55651896650733,299.3274691042588,658
64635000,218.14124154326194,342.52044036559994,658
64640000,212.41278091234298,296.67758846368594,658
64645000,200.03047132686618,282.92374952426985,658
64650000,193.14233291870053,347.59904615570167,658
64655000,219.21915229664256,337.766633587982,658
64660000,187.9666673876305,267.9656107225568,658
64665000,201.68223179138582,317.8038934248353,658
64670000,191.52991762559157,286.7663075407753,658
64675000,196.33965273655807,291.3072530783449,658
64680000,184.8056893885687,280.0202216157621,658
64685000,165.1885914853358,328.7512134475981,658
64690000,187.9334273547135,351.5713224907618,658
64695000,174.31410423969672,256.2899832202882,658
64700000,201.9043485319125,235.86364587533924,658
64705000,177.954059542173,290.94203385258544,658
64710000,191.55966372264123,318.2059857033993,658
64715000,165.04198027654647,254.06281614337945,658
64720000,201.56947941756,265.6709055191806,658
64725000,156.11305707177067,268.33969333695165,658
64730000,170.71982253919884,261.21415751401605,658
64735000,174.48048971507606,350.15056434179183,658
64740000,173.92948357574022,245.67504193122227,658
64745000,167.32322329610548,371.6823289667743,658
64750000,199.2052560180653,286.77565142656385,658
64755000,183.61845801220338,300.4824782957873,658
64760000,200.4919181392072,236.4264100800994,658
64765000,192.51268488961713,326.2067299530153,658
64770000,186.92802306671874,262.65503437173663,658
64775000,189.84785216016746,286.7335996134706,658
64780000,195.26826003988322,338.835962383057,658
64785000,197.71305510132726,331.1187393682237,658
64790000,196.26687772874828,271.1294909079624,658
64795000,209.05381722316096,328.0801573240792,658
64800000,176.66032447377745,297.87928302731626,658
64805000,163.10287631524713,266.19666514246506,658
64810000,188.61919186113477,316.486272007821,658
64815000,218.96282284748787,275.8609925409671,658
64820000,156.88429604751215,278.4071501961431,658
64825000,181.6855346475963,240.55002315284193,658
64830000,190.7019177699586,307.1324279439692,658
64835000,179.2067080782679,354.64935224588334,658
64840000,236.84665814213878,344.55848428841006,658
64845000,171.09124330473418,274.08450034520195,658
64850000,173.70280146200645,288.32676439557537,658
64855000,192.52398842032204,346.39310759786855,658
64860000,138.17864942915537,354.76633222994377,658
64865000,191.66090073472475,250.09637618204948,658
64870000,195.0029793632036,279.4832442157073,658
64875000,208.04403471743603,322.7787354350265,658
64880000,171.39368109354893,316.84348015429117,658
64885000,180.36769461110106,302.38911283964825,658
64890000,209.24676551979667,263.66643904220143,658
64895000,204.99221679613873,283.23125819275924,658
64900000,174.72310042733403,368.52381325427393,658
64905000,194.41375280346983,345.39802614847656,658
64910000,216.77812161710017,274.0014401411212,658
64915000,175.4891735791273,286.2793322889995,659
64920000,174.02764669086767,323.2937479335536,659
64925000,166.1804331505977,360.95418009256736,659
64930000,198.42575633228407,306.1306971415568,659
64935000,176.40748163919415,244.14251188026674,659
64940000,188.46554078807665,287.97886812806735,659
64945000,204.09168617247173,255.312969997395,659
64950000,169.13794935909118,372.15611947401044,659
64955000,198.89739150486625,323.01507240993664,659
64960000,211.29409687469072,332.018811558934,659
64965000,142.3823685222892,314.8735331343005,659
64970000,165.4449585570416,319.8314762060671,659
64975000,168.41525434820525,327.2908994204826,659
64980000,175.45883091530658,278.8035401982151,659
64985000,197.4162782247543,231.79970301541053,659
64990000,186.50432723052097,279.55548618971136,659
64995000,169.978247830962,328.48077627253394,659
65000000,187.7366698690616,343.67174249155045,659
65005000,177.69189989942913,298.9228100680801,659
65010000,208.93368658298328,242.44103477984746,659
65015000,257.73056584643564,339.5384111017667,659
65020000,194.4348906307389,344.00542709395745,659
65025000,199.58589858889755,356.88850245904973,659
65030000,169.21642176060956,318.88926652473833,659
65035000,179.99646331278467,330.8552183434917,659
65040000,135.04418291656708,290.8903933162379,659
65045000,195.7849477203049,274.96516109724087,659
65050000,208.6286096128198,308.0446600059782,659
65055000,158.6886473457025,304.4101513281833,659
65060000,199.2087963830062,224.08217511077615,659
65065000,210.61417903535775,337.6823000141086,659
65070000,214.83332724082553,334.8851611953557,659
65075000,187.1683531450873,348.0634809154289,659
65080000,193.127871485772,264.02180962549596,659
65085000,172.10842880773498,315.88922583958066,659
65090000,175.76841662399846,302.38412338700425,659
65095000,200.30665377962546,284.1313292815999,659
65100000,214.40121421339342,372.53627828976767,659
65105000,167.38611252073838,297.5279149682338,659
65110000,209.71965512038398,300.6613178227292,659
65115000,180.11536448343443,336.7387375356095,659
65120000,192.7394080153795,284.22922120522117,659
65125000,226.99576177691858,306.3039669902546,659
65130000,200.79770188011847,333.9057996632637,659
65135000,257.0177255858864,313.75642025336225,659
65140000,214.71804497432518,331.57405763106004,659
65145000,193.03783060102148,294.0523811963359,659
65150000,181.43678774080405,286.5484597797119,659
65155000,196.42350174324926,333.1044120516954,659
65160000,207.6397842675467,321.3375851616162,659
65165000,191.54544763659226,317.8431539537509,659
65170000,219.35987043378265,276.2283436974491,659
65175000,222.66696974520747,296.1967041086351,659
65180000,179.5981439443578,282.7245969222126,659
65185000,157.11084682359106,254.2177315100039,659
65190000,211.20985846546438,275.2964374612586,659
65195000,201.97274056711512,362.6835096285032,659
65200000,174.19975459339443,307.27919872415043,659
65205000,192.20436774236018,337.5034601381295,659
65210000,236.90167087003448,331.2787648558377,659
65215000,182.32139285626857,297.64109344785487,659
65220000,235.8536142032377,309.0437211524783,659
65225000,192.61676349044453,269.28546485976716,659
65230000,201.9986295168895,321.35419083708643,659
65235000,193.28204076916404,307.6355303504169,659
65240000,190.56023253036298,272.39080061445634,659
65245000,180.2029363572967,271.5081707399401,659
65250000,211.1517962467313,283.8641181322995,659
65255000,212.30177465732774,304.82627102603595,659
65260000,197.5922198078548,373.9984198858665,659
65265000,184.6063487626807,284.913841560341,659
65270000,183.4719988931363,286.07786815928654,659
65275000,224.22014464798787,290.904317603311,659
65280000,225.2581924480365,260.64511584945956,659
65285000,161.99014279988575,281.3566594793566,659
65290000,207.14913646872787,277.7300372661494,659
65295000,210.62649234370932,279.4991788761906,659
65300000,184.0963989070653,264.5352130658105,659
65305000,176.86987081252065,323.5073286219124,659
65310000,182.94704932822336,363.97204527428687,659
65315000,172.10319246441034,285.3345130516737,659
65320000,211.93303292387517,305.8930134549766,659
65325000,189.69199059060372,333.89209489528537,659
65330000,178.46424381756387,268.7371762408154,659
65335000,178.32348761759255,298.63831104725716,659
65340000,190.34681440851102,283.47873864121624,659
65345000,173.07204789277304,276.3562465611021,659
65350000,244.5929182466104,272.700610860082,659
65355000,176.50458916530886,253.9085498054201,659
65360000,159.3539722299438,255.2745226445337,659
65365000,182.2951431726342,292.6586651061931,659
65370000,161.87732154227257,313.3285125288481,659
65375000,204.1717095571176,316.3867487087567,659
65380000,192.513848889676,332.2978375186912,659
65385000,155.84740583789724,297.27590712705546,659
65390000,192.25675140314357,314.2419345744429,659
65395000,168.04263051009207,348.70586827271666,659
65400000,236.0163000239105,304.944339188429,659
65405000,219.7977841476497,412.29451864450584,659
65410000,170.16483514309468,336.80196355623696,659
65415000,197.7638435896534,261.4854317687305,659
65420000,168.87604008848908,238.67565219787227,659
65425000,220.2746463242436,327.0530944224313,659
65430000,190.62128003753313,282.6847325404565,659
65435000,141.70517404376122,323.0165182688464,659
65440000,207.502318116087,256.66658391569007,659
65445000,212.837898067789,288.39992415860644,659
65450000,198.96813438226593,345.1260720417737,659
65455000,177.4281974925937,289.5066930985247,659
65460000,185.73572401731278,312.2768580443725,659
65465000,189.00604224839068,301.58538053345785,659
65470000,229.43350957768226,303.9688051709292,659
65475000,167.9144964339706,324.0666189662062,659
65480000,168.1981039414034,293.08096510171924,659
65485000,160.80706476473475,344.6562487721313,659
65490000,171.07176076973664,285.1960691756429,659
65495000,182.018988210575,325.46779965912106,659
65500000,190.44976270727955,257.9116419855625,659
65505000,181.54881812557653,291.5450661342795,659
65510000,172.20690658469502,285.937871211199,659
65515000,189.00519440475546,298.0168452518191,659
65520000,177.08039353760037,326.3604313787767,659
65525000,172.21844581231343,355.35585450469296,659
65530000,173.0690318012408,287.3386465333765,659
65535000,186.8127289483557,275.42168753585264,659
65540000,208.23482691606193,298.9863961965663,659
65545000,211.88514388100265,306.23490588575373,659
65550000,237.59863729557716,274.175023719254,659
65555000,184.36935003209695,294.7123508563656,659
65560000,160.2930084332413,256.555542706252,659
65565000,203.23683768442174,278.1373865835166,659
65570000,227.70398459201965,338.6832909846314,659
65575000,165.56000817838952,229.19897561747212,659
65580000,147.50204617682388,268.53148212775164,659
65585000,163.8722130610803,355.32851834740114,659
65590000,201.85539965430166,314.1481117327129,659
65595000,217.67413216765794,372.48185422812367,659
65600000,209.84301018774266,252.99137945414464,659
65605000,162.49022818494726,215.4703025193486,659
65610000,168.42950269458134,342.73347734664947,659
65615000,167.23042512861707,306.3132113200801,659
65620000,215.4233968015059,332.9805989411165,659
65625000,186.19594394119758,321.2487457353924,659
65630000,185.21336389933737,308.98310564557477,659
65635000,216.41316234666255,302.38248105777444,659
65640000,229.202937087014,278.3269074058173,659
65645000,200.92896617004254,313.08976687908694,659
65650000,173.04780047320867,267.18849846536466,659
65655000,207.28220445281576,310.2059991123661,659
65660000,216.851598072542,308.79181377381104,659
65665000,197.8385523056241,295.07515520353576,659
65670000,160.9095646746385,267.7290334485682,659
65675000,198.84936202524725,266.0814900718501,659
65680000,200.7869146822419,389.63068892198885,659
65685000,201.71414309825929,277.3851228229838,659
65690000,204.79401484391775,362.74753772404705,659
65695000,248.8252606876036,355.2050221370958,659
65700000,209.70712263219912,317.78675428104026,659
65705000,203.15415150047008,271.8542254767662,660
65710000,178.49764880287321,301.10805078358396,660
65715000,168.68985321744944,336.43172828919495,660
65720000,180.4906934894872,361.6688196705779,660
65725000,186.01719697558744,302.2154133290935,660
65730000,182.76298062421318,293.97181558674947,660
65735000,186.80170290321377,285.612757704442,660
65740000,204.95822966212296,256.0333695609018,660
65745000,174.66279965854523,265.5688926865453,660
65750000,196.02855849735482,320.9578093415796,660
65755000,196.58959439701073,342.63683586425606,660
65760000,205.17591206930678,254.9113365103177,660
65765000,204.2300759354276,269.28051281986393,660
65770000,198.8292737999072,323.41791580121964,660
65775000,185.03883188710518,291.57620277112517,660
65780000,194.76542807581882,281.53675565727394,660
65785000,197.1383092650084,311.6951729230066,660
65790000,173.18637428095616,332.50798070591526,660
65795000,173.35770182406256,307.6718517024847,660
65800000,158.34336468861477,261.0700243294738,660
65805000,185.4297843554114,330.04128468303963,660
65810000,189.00368774327404,276.3682885759521,660
65815000,172.60861644897102,307.79422020107296,660
65820000,218.24704730100734,283.6155740441036,660
65825000,173.79476702209791,339.5286082647793,660
65830000,243.65331005394668,342.8105946095834,660
65835000,173.50710428415542,343.8642225269545,660
65840000,168.6336304689974,258.3877075934636,660
65845000,188.6088431910586,318.5178038446311,660
65850000,210.27893322088389,348.34889801619477,660
65855000,192.52151363550996,369.1047405147248,660
65860000,199.10251671083802,356.5976059805588,660
65865000,181.42088058233026,309.0496696291362,660
65870000,186.66395750779623,353.48900173788064,660
65875000,172.12263900192957,309.46801792149796,660
65880000,186.3017085596788,272.5132770234641,660
65885000,193.61108631188202,338.762879633211,660
65890000,178.31404200369553,274.4532763072476,660
65895000,191.72726577088605,289.2545013123453,660
65900000,202.22741710539287,315.7759872657846,660
65905000,181.13239287930648,338.9349427247314,660
65910000,210.71736251913015,285.1133742563143,660
65915000,229.01001951212083,293.68533324024776,660
65920000,214.23405805112594,332.59452094897625,660
65925000,209.95648848122613,302.61261695315824,660
65930000,214.18364583473004,322.0981527746726,660
65935000,175.1207489008171,308.4396735209731,660
65940000,210.38641852409157,340.4723327490634,660
65945000,212.6401591687393,341.18294476381,660
65950000,196.9870664004722,357.4400599839165,660
65955000,163.81677949651038,369.7389190557027,660
65960000,193.45255114143418,327.143630262793,660
65965000,216.78915734700033,320.7600821251278,660
65970000,214.67884876181324,349.2841185228882,660
65975000,192.42229322804477,290.1879436726645,660
65980000,206.805477849175,303.0322084871249,660
65985000,186.69259807104947,310.46203416971355,660
65990000,175.2421585591028,290.6978447433342,660
65995000,184.19981123640758,297.34812267708634,660
66000000,211.37619116544064,296.01018886229446,660
66005000,184.4134355823328,267.8356170861491,660
66010000,194.37821347610037,255.66019098946845,660
66015000,191.264738644188,365.58245719994403,660
66020000,201.06004150983796,340.5196295180551,660
66025000,182.50501931235027,341.4040871774633,660
66030000,230.57896543368568,265.9348526280542,660
66035000,170.29256204056824,237.0182318851188,660
66040000,243.16321211818624,320.10797374526476,660
66045000,206.6480821913801,303.3618669432556,660
66050000,182.76675737628324,324.69895748863524,660
66055000,203.56987175468916,332.54828112113034,660
66060000,173.70326652372646,319.1820467761065,660
66065000,156.24804349231326,339.91650970717484,660
66070000,192.86683385612355,267.1167404101134,660
66075000,182.4320091604974,311.4867868258182,660
66080000,184.79712611552216,335.35975575141595,660
66085000,139.21689899626236,273.86986417805656,660
66090000,203.4223448431964,337.6869999813897,660
66095000,186.98269638120024,277.79102718989526,660
66100000,181.4289567463968,278.26807664219103,660
66105000,167.7398510878182,310.88352250497763,660
66110000,212.71992279154335,278.21372311250525,660
66115000,165.74787306112745,307.3354965789168,660
66120000,228.06002819059222,297.02377624232497,660
66125000,181.5912998946022,302.5182199049894,660
66130000,175.02787004742362,267.0394781432504,660
66135000,153.24810730676234,251.17370564682673,660
66140000,195.92367182352905,264.8539198453304,660
66145000,171.08382766614895,223.7417700294919,660
66150000,212.62122448904924,331.6122494392249,660
66155000,186.17020211562388,288.5396839446949,660
66160000,175.37164549645422,244.92101389274873,660
66165000,212.53983689385515,302.090276281421,660
66170000,198.64014747096297,268.90004791192405,660
66175000,185.71241648878305,243.9075272905041,660
66180000,175.23649013639982,293.3392203386197,660
66185000,171.47856335171716,263.95549420125144,660
66190000,202.33139048674946,316.27743705262975,660
66195000,196.69457649989954,313.1664448429362,660
66200000,199.53075492304367,323.38767558489513,660
66205000,193.71600007132804,287.1176367683377,660
66210000,183.68356429447599,286.81736218214485,660
66215000,170.67678928918843,259.2385601758739,660
66220000,192.79894583755197,375.7055109600598,660
66225000,169.48055139963324,274.20292068319077,660
66230000,191.9323087291754,323.6715185223142,660
66235000,216.4634545527591,338.8435001583277,660
66240000,178.03971888073002,290.77120036828524,660
66245000,197.81514026390107,295.48620222976115,660
66250000,188.72178045557294,235.75737591637,660
66255000,201.51658362010426,302.03694127263265,660
66260000,216.37571651018857,296.41382641032135,660
66265000,204.03157194554922,294.1602006038455,660
66270000,227.49995446365378,287.9427988583443,660
66275000,148.1996430721855,303.4814869481844,660
66280000,208.4592446494108,356.7800566658472,660
66285000,200.93771664430957,336.3626248723986,660
66290000,173.66669780669596,306.98096745251524,660
66295000,169.77617701715417,259.00450564645,660
66300000,177.91178386994952,263.2633117987299,660
66305000,155.22463728318436,316.4366566973403,660
66310000,214.42217715979308,315.447819306146,660
66315000,216.21856745494608,310.75259457329855,660
66320000,165.23085816938587,260.4941559099563,660
66325000,185.64199930500013,333.56461455876666,660
66330000,200.61056793997338,282.8919394703687,660
66335000,177.56275379629838,304.7170546250771,660
66340000,203.19435164060482,363.09024954978935,660
66345000,183.72000649878183,273.87458136463766,660
66350000,171.718956178756,270.6902532650572,660
66355000,212.7828356434199,276.709038369907,660
66360000,165.63200458521266,281.3865429050892,660
66365000,194.15086375179254,319.72680717671335,660
66370000,177.69325060731572,304.3532340089626,660
66375000,188.19060280468932,254.28132425270772,660
66380000,187.73349340071545,291.4352377022373,660
66385000,188.7398207472957,350.5372704916265,660
66390000,182.1250475234036,311.73129405402705,660
66395000,171.93812011264785,298.9702669073518,660
66400000,181.7710010648636,339.9085017821808,660
66405000,186.88714752147973,280.77977179009713,660
66410000,167.33895072404738,270.85034892736155,660
66415000,197.52138739814797,290.3006800125456,660
66420000,173.11619068262493,288.0351929315246,660
66425000,187.22422507790412,270.7259384261432,660
66430000,227.82736704682895,303.4777359567036,660
66435000,196.6076797219182,303.77760643412677,660
66440000,239.1537222055012,317.37186103619274,660
66445000,154.74626271338852,241.06131558950221,660
66450000,192.31778956669265,291.93187966618126,660
66455000,189.64862754020393,317.29252429969796,660
66460000,179.58576597241435,274.13453292330126,660
66465000,166.05715923170158,288.48106756504103,660
66470000,186.26280954793242,317.8382318342245,660
66475000,214.46890655031953,296.66934303839673,660
66480000,187.99567380618512,330.75725131706895,660
66485000,187.8327451579596,260.404409272462,660
66490000,208.74564647174827,318.0014674111268,660
66495000,181.49187353935108,283.91833209450175,660
66500000,226.35136117545284,293.99763381733356,660
66505000,167.7149845138813,294.34636581801243,660
66510000,182.570139888713,351.58784595825915,660
66515000,167.83894034261002,350.6580974003849,660
66520000,195.05743025387116,283.65912400862095,661
66525000,212.08196219821596,317.3399833354131,661
66530000,216.95466107531806,314.411721220218,661
66535000,215.71625039631905,288.7616341829017,661
66540000,189.63135036801202,319.7133261237067,661
66545000,225.9343718392932,252.28088705677675,661
66550000,149.12667032188858,279.110240140666,661
66555000,228.8833527470457,355.25596010069034,661
66560000,175.9262984585804,248.42035995377753,661
66565000,225.06790688887926,264.4897629623723,661
66570000,182.6457478891055,313.3105435941535,661
66575000,179.94807375683018,339.7532761942438,661
66580000,159.40781692575615,272.5077515516418,661
66585000,173.8727445478497,285.4839371136045,661
66590000,150.8657734923068,295.72882820827795,661
66595000,196.43173564831318,294.1874833394268,661
66600000,159.33358438355606,289.96977743834873,661
66605000,238.02281431785482,275.52731264580314,661
66610000,202.1423284451593,296.3371525500937,661
66615000,150.16063692263143,349.58377813340525,661
66620000,170.62980227372896,299.4922408108674,661
66625000,182.29591944164065,293.22660808304397,661
66630000,176.9191710436831,335.8270578261695,661
66635000,162.63461861302585,250.6295049071708,661
66640000,204.89356416291707,317.15214225806324,661
66645000,188.90504892488815,285.48071734443,661
66650000,218.77880600178065,332.6935025496619,661
66655000,226.75032012647847,371.2117482206333,661
66660000,223.67561511297092,303.614689480625,661
66665000,140.47128573345847,283.81152382493156,661
66670000,209.7556749952925,354.809176016479,661
66675000,195.084743216768,297.3683112191181,661
66680000,157.7275866840636,351.66180818063526,661
66685000,173.97559060702287,288.987199554988,661
66690000,171.6740969463038,318.3433231868748,661
66695000,206.0249103634763,321.6631978806839,661
66700000,216.96901696490346,256.335305888733,661
66705000,179.99323836623796,362.3789552268074,661
66710000,203.58786764654806,277.1153758581891,661
66715000,193.34095077673715,305.99336598940573,661
66720000,194.01920624321355,319.6138694311633,661
66725000,193.8967434375198,361.1780670615848,661
66730000,219.87883326975196,303.2100171414828,661
66735000,221.32312889899828,351.7152072504507,661
66740000,183.9654991615387,296.5193190180398,661
66745000,187.56596226097986,310.58394408554443,661
66750000,221.7497764054958,284.4057290646287,661
66755000,177.44116935646318,299.23291831267403,661
66760000,227.72351205496005,291.9615083874416,661
66765000,189.42691941095921,251.77137861854698,661
66770000,157.861762702192,276.9600464096598,661
66775000,185.48386483644128,304.07369713548184,661
66780000,178.39064368665052,324.31394471448766,661
66785000,174.49548759701176,302.0311239797759,661
66790000,199.94530141618617,269.07471861843425,661
66795000,200.56324807888566,238.63887439145486,661
66800000,200.8769087377214,256.57859937824077,661
66805000,171.75734942797305,238.49461950197815,661
66810000,156.16132894223796,261.0347157730559,661
66815000,189.3686629903649,283.1999392635948,661
66820000,156.26782452248548,280.6771535903027,661
66825000,213.9622197779963,291.19921438828857,661
66830000,157.98989059348645,276.2673382665772,661
66835000,190.29877714626622,330.475388728655,661
66840000,205.14643396782026,251.7339887559789,661
66845000,221.55360726966262,307.30217636946077,661
66850000,225.84607444320687,306.01459643891184,661
66855000,171.9029656609386,329.0668320430494,661
66860000,182.38719640910836,261.57575110601755,661
66865000,192.07610866916917,273.9862452842184,661
66870000,226.52396674638246,346.91418988176633,661
66875000,226.4638670490482,263.56461807342293,661
66880000,187.7803548312911,285.7143339457744,661
66885000,191.84210104509773,249.764548063444,661
66890000,208.54435976592373,310.3760502846043,661
66895000,196.45469192398275,288.6002989653432,661
66900000,193.72735672156674,303.27947405499924,661
66905000,181.21354822122092,298.73075014856755,661
66910000,182.72196512569505,335.1700751050119,661
66915000,192.83172951051367,327.773110354436,661
66920000,181.73825827978018,267.0990704178963,661
66925000,237.32163693445733,324.03624894947757,661
66930000,185.51859188816462,273.6935025993957,661
66935000,157.41198796424695,365.7639506954329,661
66940000,196.27803036939537,289.78170289505914,661
66945000,173.3141955434237,267.90837251159337,661
66950000,184.54908352966606,267.4022134894729,661
66955000,197.85063172474688,242.09988749826118,661
66960000,180.9990006687191,370.4160137689871,661
66965000,205.34160572890025,352.90986153223434,661
66970000,171.66921046506235,273.5030052344714,661
66975000,176.5282262260323,289.4907710647191,661
66980000,168.09531027093968,269.82128620743305,661
66985000,199.64882334993575,289.23181468113717,661
66990000,191.53699738979708,284.11512443414574,661
66995000,163.4282509904177,271.8726062963892,661
67000000,180.41422963760968,266.89843915565575,661
67005000,167.11239766588338,318.75900524301704,661
67010000,177.97330146844803,212.56065558963672,661
67015000,192.62696571020746,286.5186585519377,661
67020000,180.23264202105193,285.58786945844196,661
67025000,186.58827587783236,335.86853549810166,661
67030000,177.88503481831,301.20089105987165,661
67035000,175.41570260752485,345.5218816423048,661
67040000,172.87478991648075,277.1381425195505,661
67045000,191.62433280094584,270.8644087645607,661
67050000,161.52610432142117,280.67710511079343,661
67055000,193.74420742350088,310.5208710669923,661
67060000,190.17380269204375,367.9595585039572,661
67065000,222.41375361872304,349.0295825572611,661
67070000,172.5685065983254,292.9793267911973,661
67075000,225.81496650756836,360.265193239915,661
67080000,245.06264039819774,289.449480172746,661
67085000,215.49239713245728,283.2084925436076,661
67090000,175.26610375354522,266.33310024025366,661
67095000,204.47496108520724,301.9850390686613,661
67100000,197.37078741374648,247.4306853641543,661
67105000,185.73453002415135,312.8591539357623,661
67110000,206.84274298110842,216.31560973557185,661
67115000,186.98131211814245,288.3762406067662,661
67120000,217.8390720134383,280.80795724007396,661
67125000,136.3965098663797,276.58381697896203,661
67130000,209.39228309678157,347.9525300920487,661
67135000,194.39945869148534,336.5288126151791,661
67140000,175.3514673822486,332.9766621119835,661
67145000,178.2136067317436,330.89536691780296,661
67150000,177.2315485566943,332.1311129009527,661
67155000,143.56881057770272,281.0642028595071,661
67160000,163.43789315664503,291.2956632092997,661
67165000,200.66736450904415,315.78949700208017,661
67170000,203.55530572696557,331.71257763626073,661
67175000,212.92261600256188,297.2012700754543,661
67180000,221.75982826717978,280.8905760696661,661
67185000,171.82306506083813,290.0985436736548,661
67190000,164.3498468302268,289.274118320457,661
67195000,157.09287178043115,336.6659475962223,661
67200000,194.89556714324561,285.6279502215791,661
67205000,193.57745206989344,286.75626137774617,661
67210000,210.37754247600697,277.64750285328967,661
67215000,215.64965366224786,314.4232925491162,661
67220000,184.974820372958,255.51602672277517,661
67225000,194.63785859711805,282.815531737492,661
67230000,202.07446713638535,335.2701579747496,661
67235000,209.62733316892707,315.80865812722084,661
67240000,194.0737183219193,261.9694277367939,661
67245000,177.435695867984,340.8079619268919,661
67250000,215.7027346937077,293.47373076901835,661
67255000,217.85009722505157,331.268987036001,661
67260000,183.57065393311237,247.71380640862427,661
67265000,226.9836588836975,392.84063307132664,661
67270000,162.85899251476638,239.37676757392643,661
67275000,193.7475775879611,291.342721172478,661
67280000,206.98134764500927,339.06738402288335,661
67285000,184.45847896106005,300.21515169483314,661
67290000,222.28622789010922,309.0017852964533,661
67295000,178.85029337401818,269.71406302775813,661
67300000,214.36583583511663,302.0747304403079,661
67305000,201.625882198973,273.85556662418315,661
67310000,165.03054828864725,303.0873100312577,661
67315000,162.23835728620355,246.7458357363663,661
67320000,210.7210492047637,341.38176068832644,661
67325000,183.60136682350807,277.5584290125466,661
67330000,170.58582456990882,319.7804151969236,661
67335000,174.26003246320028,321.5780272554337,661
67340000,170.8556505575367,270.66746375747937,661
67345000,195.79920960255583,374.7930306677289,661
67350000,192.77532356259314,404.8572436922799,661
67355000,141.63698881570517,264.91454295692785,662
67360000,223.1430864665849,285.13922899723303,662
67365000,168.26498947539415,284.2335499911251,662
67370000,159.5373533186602,325.7396015906961,662
67375000,197.19108273740358,289.37121005215783,662
67380000,210.3362109385673,337.09772552542734,662
67385000,164.35381392050658,254.52602132352698,662
67390000,225.72471918284162,309.5047264124283,662
67395000,177.48987534191468,325.25296303681677,662
67400000,144.67028909322278,337.20036475451224,662
67405000,218.19381722278627,307.96055973917,662
67410000,197.58975986950654,308.50865713044146,662
67415000,210.29638862660073,321.0590837594183,662
67420000,187.3846241099233,318.51835834075774,662
67425000,205.83523587772834,255.0328493239939,662
67430000,204.16508583741557,291.6793145883857,662
67435000,217.28140573364908,301.3630929677751,662
67440000,187.6749721878674,341.2731429958064,662
67445000,185.66989515600628,321.29055696718683,662
67450000,166.58238906173983,282.0292263804141,662
67455000,225.91606695627286,275.27398835332895,662
67460000,185.6178156486572,291.88912726819996,662
67465000,190.64912374964305,361.5759062968183,662
67470000,236.2481643670434,253.83585305892657,662
67475000,218.01473965892563,298.86217662749283,662
67480000,207.4200215789097,281.6468372179514,662
67485000,205.223077814889,297.51088593973424,662
67490000,180.6539871585192,288.4645724985445,662
67495000,163.4055537923992,319.6992579574291,662
67500000,207.90804762600018,312.96417319391855,662
67505000,214.52381745121667,269.3620199840686,662
67510000,183.2310834205181,284.85314746600903,662
67515000,181.61400150834706,357.85217785445195,662
67520000,208.31523205896934,287.73746173152796,662
67525000,219.82148228486062,287.373951821324,662
67530000,195.3545655937702,278.0440690230347,662
67535000,186.81370179939145,260.94446419263494,662
67540000,194.17451472772595,288.0470880379917,662
67545000,194.9427222419764,284.7788125990751,662
67550000,207.52738607933165,281.00459499316514,662
67555000,198.87058030987006,294.9140968686113,662
67560000,168.901673193715,279.2607868657653,662
67565000,192.58668893684828,250.17122281769022,662
67570000,206.93618614771708,251.0675091288749,662
67575000,183.04946228263213,304.93944709088527,662
67580000,209.73155781867052,274.91242328115715,662
67585000,172.8476659168527,291.6986248239636,662
67590000,157.573059053194,388.7210746746462,662
67595000,221.85883771097673,318.8103874231763,662
67600000,152.31313316493305,323.93447363016475,662
67605000,160.19376706781935,299.37379257127617,662
67610000,164.88207026380124,281.82453141269565,662
67615000,152.57989293700425,333.98089409389456,662
67620000,215.0406391068936,282.7407751180213,662
67625000,189.77772708020436,331.4235733148484,662
67630000,176.48446830030434,265.8092489868132,662
67635000,178.2425259755473,289.43885303876004,662
67640000,216.57346601442953,312.0200280648236,662
67645000,211.97644659999983,305.9819208265243,662
67650000,193.691035694843,285.22614303012125,662
67655000,190.48270782431499,262.6300632164453,662
67660000,161.7712136642301,312.13534203987604,662
67665000,167.37039108703,251.38421276173145,662
67670000,226.32640125032435,299.3383030909719,662
67675000,173.71658799461727,236.37579173997713,662
67680000,180.6171422080287,320.55643632488955,662
67685000,184.67987407871956,284.06397536556085,662
67690000,221.69753785254682,257.97232433603267,662
67695000,165.08847659002143,295.5720805253474,662
67700000,176.51878471840493,268.2152605931266,662
67705000,184.76338812723407,262.1181784284416,662
67710000,193.89637899188534,279.171513347659,662
67715000,200.91005298481085,292.2945222838495,662
67720000,223.05492897587834,269.2823829651512,662
67725000,161.91747188182322,324.6126616556536,662
67730000,195.44208795133997,277.9477166102,662
67735000,165.363370775694,397.77100624091844,662
67740000,207.35581161123682,210.53990694828875,662
67745000,156.71586009394719,276.12349410266154,662
67750000,182.40809041968402,290.6643902832824,662
67755000,244.61061652780336,328.4143176018039,662
67760000,204.83600061574344,288.06210747929356,662
67765000,207.0623887007394,278.4248880977219,662
67770000,206.28433597799648,339.46599816850244,662
67775000,154.3529968800771,211.03342352038334,662
67780000,210.5995271735166,333.63701153696024,662
67785000,172.1674855234291,273.126183858407,662
67790000,217.14030259982167,385.0451730926769,662
67795000,201.22879911893412,321.1954506613197,662
67800000,210.80890669601894,309.6791601131188,662
67805000,134.2164930587853,259.12706882115134,662
67810000,190.0506738995076,237.7171922167502,662
67815000,239.79902735840545,272.89348347387573,662
67820000,198.109431959267,346.61780207042,662
67825000,184.7825903140984,252.19175027408806,662
67830000,176.9977215638222,337.77356854947635,662
67835000,161.49018090023847,285.31158350109536,662
67840000,214.76862354932652,333.53350117317797,662
67845000,173.4244011839337,336.0126869604646,662
67850000,168.5216188858553,316.8601110564165,662
67855000,153.71542501448815,226.10529657939367,662
67860000,165.85207423945428,294.8390445521345,662
67865000,215.50602995663982,281.1532020890124,662
67870000,179.36950375386238,336.2288770043016,662
67875000,163.32514517427308,297.1970184648399,662
67880000,162.95674926018376,295.16782421555735,662
67885000,187.04424171183013,308.16563164526065,662
67890000,203.77559469288974,303.1455344636771,662
67895000,167.53177438735852,349.43481937226034,662
67900000,205.58352760451166,319.1060232818131,662
67905000,185.85539294250032,295.97937599543536,662
67910000,199.1996093775398,273.8308042064737,662
67915000,179.48393329791904,325.0666777851253,662
67920000,211.62994179966427,332.4347051928748,662
67925000,155.84190351189588,277.4332870376073,662
67930000,173.6871549073027,309.49088455186376,662
67935000,182.8790627434275,273.2851011629796,662
67940000,213.18030980549125,314.0543753541603,662
67945000,227.32109037924366,301.9338308165584,662
67950000,201.7247892783754,296.1903846626042,662
67955000,169.44622092522562,340.24030793025565,662
67960000,230.64268261976702,327.9926317103526,662
67965000,178.38126351334617,321.507007307745,662
67970000,183.22056308260744,356.54461760671313,662
67975000,201.4960792238971,348.65498737048495,662
67980000,194.9615982206117,251.30654631491163,662
67985000,180.76082396394474,281.9078118820967,662
67990000,202.9620304024826,342.79863470485884,662
67995000,209.6700887810335,263.31207632830376,662
68000000,211.52001847708067,226.55493249505045,662
68005000,167.6228129127308,325.7960808261817,662
68010000,189.22627276980438,284.33437426975473,662
68015000,195.37251369806566,335.0139792835461,662
68020000,209.56567862077665,289.0530547370935,662
68025000,167.8977064214385,334.25984877529805,662
68030000,165.99231063799223,256.83505530128474,662
68035000,192.87120418116504,278.4811123628546,662
68040000,210.68587060069422,317.7798968336067,662
68045000,191.30290444018945,277.5883943246724,662
68050000,195.8376722169154,293.600914648667,662
68055000,180.95988034696856,326.5492332025476,662
68060000,158.61550570207365,292.1809930552709,662
68065000,250.70487403766944,351.93786873688276,662
68070000,192.4852911579485,313.4388516395368,662
68075000,188.9209555481948,323.02728042564684,662
68080000,164.61583663212585,346.89242409418557,662
68085000,177.21921444630507,307.3429560641526,662
68090000,174.784861147743,292.4024459500137,662
68095000,205.28818177994634,291.655707994163,662
68100000,172.19253275961958,225.63236831270905,662
68105000,204.71319621298878,296.22830001117967,662
68110000,218.45141371756057,269.72523665952656,662
68115000,167.74688740236198,242.84775521813054,662
68120000,200.48533414942077,321.27362592358287,662
68125000,204.23994570128858,300.2550184092254,662
68130000,149.3476472826757,240.12432862814006,662
68135000,200.66601223440196,288.01660210302947,662
68140000,177.84778265849258,272.76024430400577,662
68145000,174.92071022452546,312.14253488545853,662
68150000,186.4734621080332,305.1326483970047,662
68155000,190.06673600299575,300.8079322662344,662
68160000,168.59527668468604,342.60077744824997,662
68165000,185.54171580971027,268.2438869109806,662
68170000,177.1712412225387,273.67907660362414,662
68175000,181.03055433367922,276.81533652253444,662
68180000,218.77630248228013,245.41127635937596,662
68185000,142.69393087135234,340.7137299808912,662
68190000,195.29700182339084,286.32938675218105,662
68195000,197.61210291392888,316.93312498713175,662
68200000,228.31048582435375,315.75242685199663,663
68205000,196.9926563315639,312.95937608761653,663
68210000,174.5657238268579,289.4645389708663,663
68215000,240.65353481588446,273.00068392008234,663
68220000,190.54059872470697,325.5660053173629,663
68225000,189.91585221280113,306.0810073349739,663
68230000,210.67827947786824,269.7815535084165,663
68235000,208.389790179666,263.25460188757467,663
68240000,183.82088850140735,284.3507121970244,663
68245000,180.03122253503483,319.6750895021657,663
68250000,214.38282216368157,270.25404920466843,663
68255000,160.54427505683458,324.75450560938833,663
68260000,179.58723649229228,314.87157511605415,663
68265000,188.07201793290182,341.3514840420313,663
68270000,171.12866745005056,287.1060573021689,663
68275000,168.95706451207107,285.49545719978215,663
68280000,163.20287718947372,271.7605711392475,663
68285000,208.72555639621547,321.9801591885486,663
68290000,169.4943554559442,352.44529897861685,663
68295000,210.87648545635915,330.46435071051127,663
68300000,176.7212724913361,299.19423160835083,663
68305000,195.4890183200543,341.5352695329983,663
68310000,196.60884769818477,308.56755990897915,663
68315000,212.70604271151876,248.95245856970197,663
68320000,198.60154806913573,296.17074013243376,663
68325000,181.02120501462005,312.46334929470964,663
68330000,188.91106198612755,302.70222239273573,663
68335000,196.57991829592345,284.7556940537589,663
68340000,166.56364368428063,367.3336413288677,663
68345000,209.3734967495323,301.0672279099345,663
68350000,218.7229310390653,291.361122929721,663
68355000,188.5238339416509,286.72669104704045,663
68360000,175.1711008765645,272.67405888010876,663
68365000,166.98406244218947,273.89057497105364,663
68370000,190.0441723604343,251.32856756594833,663
68375000,243.85659098946908,337.9285754494855,663
68380000,186.11249131459022,268.05090419784784,663
68385000,182.18241518959329,317.78910759048836,663
68390000,177.17982733395456,327.34679558628125,663
68395000,207.6411158803042,236.97231827512016,663
68400000,161.9796283739834,335.9244222280717,663
68405000,213.12649847546828,292.81535244502885,663
68410000,206.30294615891253,313.9635331698934,663
68415000,184.0064166089532,301.2850855685617,663
68420000,185.90123718446077,232.41252790042378,663
68425000,237.93749839536764,233.62623124854093,663
68430000,187.26865233676938,354.61799872929265,663
68435000,228.45611538587636,326.05864061102966,663
68440000,219.73756661258415,319.1433073175751,663
68445000,203.49921677555452,347.3491493019572,663
68450000,167.5869860738135,267.16431269791326,663
68455000,193.710434399194,305.7616580937651,663
68460000,185.74354646184077,247.64790274370537,663
68465000,162.648747939714,306.0614111811699,663
68470000,176.66455910938947,388.3477660062914,663
68475000,196.2445957374594,346.93285385195315,663
68480000,165.96770265423547,255.39319458344067,663
68485000,183.61073559881382,311.41921302716463,663
68490000,173.41977963811942,319.8298164242715,663
68495000,176.69696885717912,291.3959927885625,663
68500000,204.72053618521812,289.5277437448894,663
68505000,171.4219245752431,335.4997301875407,663
68510000,179.95284496179545,272.5051416920133,663
68515000,163.46968405831154,298.063923697544,663
68520000,148.11592996345775,335.65403758850437,663
68525000,213.2176847015299,286.4878365557695,663
68530000,183.85846773639207,253.92392820742427,663
68535000,209.60894485242207,281.7465707831019,663
68540000,173.60574088948363,300.5488914075901,663
68545000,169.94993366307287,316.664508870386,663
68550000,179.60227324356438,313.93350087042506,663
68555000,193.52137748956648,238.23595162694343,663
68560000,195.54672495824695,311.36576207571807,663
68565000,176.454998102413,299.2165485298233,663
68570000,231.65693503756972,251.22521012118614,663
68575000,213.5145136421743,379.9570486813399,663
68580000,195.04395777927425,335.7482585681281,663
68585000,235.10161990125218,315.08295289516604,663
68590000,170.97189234785182,286.6160257452507,663
68595000,198.30371709958908,323.0794989057695,663
68600000,184.07277195633668,299.88835568724727,663
68605000,200.76688240083539,300.00769706166545,663
68610000,166.84784706338874,238.45177123183979,663
68615000,175.0152433675001,283.4368453212575,663
68620000,174.2136168256658,261.2566692085137,663
68625000,206.3824330031938,334.6476795744216,663
68630000,193.17287247436516,256.11890591082704,663
68635000,184.49428092154358,302.8382372606376,663
68640000,194.334851653051,269.95816004184195,663
68645000,196.384994189505,273.8172483952077,663
68650000,176.68227902558823,275.11984119227316,663
68655000,232.03817573295998,320.9456266902978,663
68660000,187.51241667338314,251.69447935229456,663
68665000,158.45851090450574,279.34562173492475,663
68670000,189.72897637232597,346.0853680447832,663
68675000,183.4199645459422,281.15458646765853,663
68680000,212.53394209272187,334.34583823340233,663
68685000,175.43095483103468,319.64739836615877,663
68690000,193.40993013269622,313.1475630419928,663
68695000,206.2800677434378,302.5973904366628,663
68700000,181.61612003024646,299.9969163678704,663
68705000,173.8293757668007,301.4559358890356,663
68710000,150.51211143582373,308.07381623089265,663
68715000,196.91617723617532,324.7455223299071,663
68720000,219.01139027047623,330.9810120954248,663
68725000,174.42849951058017,328.70215817064155,663
68730000,163.66365802093407,329.6387648832459,663
68735000,196.2061346146505,221.570672846131,663
68740000,176.94917631426102,253.89674461163764,663
68745000,178.777502074248,268.8333407410811,663
68750000,191.24405229699624,277.54122660739665,663
68755000,225.32180054258842,332.162669681651,663
68760000,160.93998105855596,304.0143589123359,663
68765000,191.95033321459226,302.8093319387395,663
68770000,199.26209540438504,295.6950386825914,663
68775000,196.3985781662315,309.89076184936255,663
68780000,136.55279972887897,267.6423382295327,663
68785000,195.1710797781047,321.6245416247452,663
68790000,154.45506491635157,308.7617415473208,663
68795000,161.78619756356133,291.47939137491306,663
68800000,182.60124702346036,298.3296189238467,663
68805000,173.5838379581494,235.7008003159573,663
68810000,188.8880699408205,351.74606307444856,663
68815000,205.89594302164522,326.22012765383727,663
68820000,197.41125665251093,278.8726854107783,663
68825000,196.22043005496144,295.1496346967149,663
68830000,161.90207268460708,323.40861682441164,663
68835000,188.0558432481573,304.2133753290078,663
68840000,193.54079293370285,245.52598392371368,663
68845000,198.56884339192032,314.09900892100444,663
68850000,172.1771159614451,374.4721988893799,663
68855000,173.60669927863552,339.44720853547085,663
68860000,188.01654699305536,298.68907269552324,663
68865000,204.1206313735754,318.95186166672346,663
68870000,208.04584990003005,277.54274016699236,663
68875000,175.42853496713659,260.8896671987364,663
68880000,175.04934084993258,318.20722423510654,663
68885000,176.09850299329509,265.65564935420633,663
68890000,189.0187538373698,270.858305169655,663
68895000,159.84938240507654,259.9670192166171,663
68900000,188.04351521578315,273.4942413192478,663
68905000,190.9162276576321,306.1013840349275,663
68910000,182.87795599467935,361.0628505919684,663
68915000,193.40863728096463,289.0450742841878,663
68920000,199.0419824275285,329.1421606291101,663
68925000,225.55202114814512,323.4727345031542,663
68930000,195.5073986823755,299.4379702636638,663
68935000,172.42214767386284,265.3647609767013,663
68940000,188.14035885657427,295.40091661952493,663
68945000,159.5956799956819,317.83970631739317,663
68950000,161.9935800241141,297.630490166467,663
68955000,243.857862664727,340.92385026208734,663
68960000,184.21730871355095,298.4383777570857,663
68965000,212.12044537180088,223.2163266369807,663
68970000,194.06149259574224,295.1616582099711,663
68975000,236.50121822225455,348.23972181067086,663
68980000,188.50020254473358,302.41746695703216,663
68985000,167.73152436228565,260.51079926393504,663
68990000,206.04472560043874,342.13749377040534,663
68995000,188.4162786960004,375.61462104449487,663
69000000,184.98374574975153,310.77705622561075,663
69005000,194.14446297762566,285.48592523222635,663
69010000,209.52428030712898,288.08310717398064,663
69015000,192.62530645288243,291.9638456249286,663
69020000,180.24604467037153,242.641166930623,663
69025000,190.0681306139095,305.64723750714165,663
69030000,230.43074637366118,299.7468898653786,663
69035000,209.04682485616263,256.029461524342,663
69040000,198.7885816903376,307.2719620409905,663
69045000,202.82289416582324,286.83617030520406,663
69050000,186.39132456727958,307.5178213755638,663
69055000,208.6970591494051,302.7314711004601,663
69060000,151.5646713051087,330.2979501505092,663
69065000,169.15947920979886,339.9862485585634,663
69070000,232.69865611745942,352.8737407495691,663
69075000,197.17958718097333,338.21984758346406,663
69080000,144.75804401851076,347.0241549076195,664
69085000,192.36977097823865,323.52879635719177,664
69090000,226.43290461840724,324.7788910514827,664
69095000,167.0714794344131,257.43353740138883,664
69100000,194.54401946301905,308.45707717335955,664
69105000,203.41302792333798,306.12873415871815,664
69110000,188.700666369838,296.47355033393734,664
69115000,171.72137815954608,335.93279207273196,664
69120000,214.7124573295731,299.5812359003155,664
69125000,166.86822988945733,413.5026916761735,664
69130000,183.1396981202234,340.17102318399776,664
69135000,199.05405338707976,335.904912783837,664
69140000,190.1033914446735,242.05646271622646,664
69145000,178.70878976989377,293.992861152456,664
69150000,187.1798110692222,332.54827956613906,664
69155000,190.45473469544908,319.55886527838527,664
69160000,191.63018884304998,309.93825665709693,664
69165000,192.22654701309708,365.8025316572628,664
69170000,220.55932596946855,344.6536080946652,664
69175000,192.95858522628498,325.126757908028,664
69180000,203.55548298180656,257.2175556964018,664
69185000,173.3785212189107,336.01274783853563,664
69190000,170.0166612230758,286.18771524433964,664
69195000,207.01907694250372,384.80705526669857,664
69200000,196.39390710564442,327.74091180868805,664
69205000,174.8517588138628,352.30880901974604,664
69210000,225.59131672516983,333.33598654742866,664
69215000,176.32989057323465,282.6793711252975,664
69220000,227.79726752529442,350.8806302684049,664
69225000,204.40989350283522,315.81540505560787,664
69230000,182.15547090736914,289.183593934992,664
69235000,211.74503842233915,258.24756663465087,664
69240000,172.93682502054105,346.6871860223544,664
69245000,167.97753439680832,338.1592587275553,664
69250000,192.67896351438907,316.0493327232435,664
69255000,187.35536449802782,275.3001590078638,664
69260000,200.8833933309727,325.3554035507892,664
69265000,181.5308186849441,295.073208448365,664
69270000,175.7022037220619,234.58226130672182,664
69275000,232.5022099183155,373.59427945474823,664
69280000,203.25223777790222,304.3207620514755,664
69285000,149.25641434113854,273.41685565212566,664
69290000,211.94995909943776,319.0596328174426,664
69295000,193.87072377649687,353.5592396436651,664
69300000,202.13453442063062,303.2264091262326,664
69305000,159.17334761902188,278.8465953410902,664
69310000,186.83303311874863,243.07712572337496,664
69315000,188.7231901742967,267.3540688514282,664
69320000,157.1344494152833,314.6494624427349,664
69325000,235.90070860368832,280.4779481148414,664
69330000,177.36852091676303,252.74718798598806,664
69335000,170.59924544829425,295.34410422307485,664
69340000,188.74014581652835,241.3540463036284,664
69345000,190.15199221982374,338.3694333896695,664
69350000,201.4827663092425,422.4216419726231,664
69355000,178.98057749761105,299.99837247853276,664
69360000,153.44076172165217,274.9296012506031,664
69365000,183.16311989262664,367.7669800129699,664
69370000,192.1592089338115,291.00343448524467,664
69375000,208.89551039417935,300.86757217184095,664
69380000,166.76230721874845,317.8127217668381,664
69385000,205.13636270463576,302.924796374147,664
69390000,184.9298858210885,297.6604836225382,664
69395000,179.81834696529504,277.1932533780996,664
69400000,209.48852638722303,357.524911858219,664
69405000,208.82166379076654,347.2642145950121,664
69410000,183.16644884302772,318.80210418494636,664
69415000,164.37887623645466,336.10690994962937,664
69420000,153.70396356504125,262.16049926841004,664
69425000,175.10734610683448,296.32148916765095,664
69430000,188.92345880095402,271.73749795237626,664
69435000,189.28329548597114,276.2654773095233,664
69440000,227.2814623765508,285.17962076817713,664
69445000,211.77636137446459,324.73305179230186,664
69450000,193.50533292111965,284.19436789027924,664
69455000,170.75205050753993,357.1212088739873,664
69460000,208.85530233502556,303.26328882741365,664
69465000,192.85378687718878,279.3146228623474,664
69470000,203.73093281234628,343.2152861415288,664
69475000,216.0317205535204,297.4553769165354,664
69480000,218.70270837363148,334.0513376779984,664
69485000,189.492109866203,342.2349127987857,664
69490000,179.25593507937558,304.0691321223167,664
69495000,184.35226493872185,264.32418503059694,664
69500000,162.86198363966463,341.9783442819651,664
69505000,161.64876992424192,270.8643327734432,664
69510000,162.71892464658225,285.40641504957676,664
69515000,188.63860706498247,279.67669834750745,664
69520000,193.1671238853533,373.34580326077776,664
69525000,152.68556362257755,323.2112368010793,664
69530000,194.7428791367741,251.74188476969928,664
69535000,177.60898378423778,316.00029898557,664
69540000,208.94728468879956,317.334726896037,664
69545000,174.55974677626472,314.9238645996661,664
69550000,166.2958851602179,312.22836926817513,664
69555000,159.02344524055707,309.43943771955554,664
69560000,184.73349218338817,256.64026480594066,664
69565000,179.8365834971002,329.2114862174184,664
69570000,175.5347378693455,278.23280295895285,664
69575000,178.83795667223418,316.05185948551105,664
69580000,225.05207375793682,297.7282375871055,664
69585000,180.4005499850594,237.922021348222,664
69590000,170.189286010216,308.2633474335149,664
69595000,191.0221622354432,306.89086312860854,664
69600000,217.5590391965935,291.3215282040985,664
69605000,208.17762413971232,362.74650535580804,664
69610000,186.80943451180292,275.0526328942754,664
69615000,177.21153782945777,243.9663439350008,664
69620000,164.00782500661438,272.17355450080225,664
69625000,195.0839904564777,338.8262290443596,664
69630000,211.81396942502212,305.5846899099928,664
69635000,162.44530970990414,264.41825357654693,664
69640000,184.2359903220035,302.2678715065105,664
69645000,151.0967403898802,267.6174396580597,664
69650000,202.9328734614569,291.5954759291052,664
69655000,198.26340731955304,412.1537576310263,664
69660000,181.95374594186018,287.8739838908143,664
69665000,194.38635897585678,271.9160997409895,664
69670000,188.43428137697492,266.6720823879399,664
69675000,205.34606901649443,316.96573951718756,664
69680000,197.11182921944055,325.6827516384396,664
69685000,171.41060958104913,338.1479648806834,664
69690000,180.16277725965102,298.1965043134134,664
69695000,183.3122698850688,311.6675815637458,664
69700000,166.21553297166065,323.21827473750017,664
69705000,203.01806547578212,316.66410239447936,664
69710000,161.5058075422758,339.79231716692624,664
69715000,222.24793065892615,270.29704931404785,664
69720000,169.33644018496278,315.918186506869,664
69725000,200.1956762172376,312.4018244132758,664
69730000,237.4786489793589,281.885174530273,664
69735000,210.25575607994023,248.5605011222569,664
69740000,188.77722755542777,303.17475066148114,664
69745000,206.08686417735092,273.8705312153135,664
69750000,193.74854501566188,305.66585677888855,664
69755000,146.33795091581882,252.9307353625217,664
69760000,147.6932248522731,307.1218519433432,664
69765000,145.08448087807852,289.2224993340796,664
69770000,160.60439296088458,447.13707994510855,664
69775000,167.01842850500887,254.26199884801,664
69780000,196.53310158916938,321.8325241407341,664
69785000,159.95124825372164,284.9029227804218,664
69790000,165.39776759406394,381.859298124694,664
69795000,197.95990435976174,309.04024581514096,664
69800000,242.4508101535563,271.3712644073565,664
69805000,166.79732919271396,302.12827760241163,664
69810000,197.96566779467895,332.1454164030508,664
69815000,170.49139569092696,284.53785050577426,664
69820000,161.57946237474818,302.4659633114722,664
69825000,214.53187724309728,301.5761554394131,664
69830000,191.78772716124928,348.0810670111157,664
69835000,200.44407625883963,321.8152154698215,664
69840000,174.13864202628892,350.8044421475997,664
69845000,168.5731016783313,285.20674734962597,664
69850000,187.28631628394635,293.5179972964628,664
69855000,180.18356628948897,272.07252330210395,664
69860000,197.39808125112,333.9678607743771,664
69865000,142.55189559928564,258.25131077723387,664
69870000,198.2847362217111,315.32711046520154,664
69875000,193.74928869732503,285.5098616675642,664
69880000,166.64709493869174,296.5208640000011,664
69885000,218.12203256572153,342.7365984663173,664
69890000,158.15186302804818,241.8860752553244,664
69895000,162.1585986715336,280.14775178268025,664
69900000,206.32984869679441,308.32109450635727,664
69905000,166.98261743110507,310.56053353453984,664
69910000,155.40643730423335,300.25880659948785,664
69915000,190.662354049381,279.6961932011636,664
69920000,191.22595628661057,303.88411699629427,664
69925000,167.08855673246583,247.77480656590242,664
69930000,194.24494960338177,308.84859160731406,664
69935000,189.0627743888121,256.88355230677604,664
69940000,163.48745404002784,311.53699917900155,664
69945000,186.83487632026288,312.19515272346797,664
69950000,191.19507155497502,335.1006388495877,664
69955000,218.03772712303885,319.07236739544805,664
69960000,189.69538114602807,333.8603548667814,664
69965000,197.21187808183757,271.06192305264966,664
69970000,203.30499702846117,257.0698384094824,664
69975000,195.6333753689325,256.29751108878986,665
69980000,248.18189526174925,398.4492807467158,665
69985000,163.4292219935645,266.01093287947026,665
69990000,169.00929001238234,274.4681111978203,665
69995000,187.67687402194278,293.7652893187443,665
70000000,199.6722584042718,308.05391879736754,665
70005000,179.0291165361048,279.9110672758647,665
70010000,209.87892449156908,284.0625871330558,665
70015000,177.4736892266615,278.21451694892284,665
70020000,206.69731211893983,255.20057517918048,665
70025000,192.80762355146723,277.4952657677382,665
70030000,190.79179476513576,304.9101911196085,665
70035000,197.54485953402633,251.96755388196152,665
70040000,185.9190488434822,287.05128777817924,665
70045000,172.04519945052573,274.531241304411,665
70050000,207.493776615299,289.8459887570844,665
70055000,170.88337029203325,326.1952601011699,665
70060000,188.3026722087236,226.16409746708027,665
70065000,199.21998838761152,333.42917577496814,665
70070000,207.84340493209336,307.1224697864397,665
70075000,145.30903766532734,281.15000391064467,665
70080000,155.98111970565472,300.40283003344985,665
70085000,180.74285517555387,271.00119764494355,665
70090000,169.44182663575657,293.0623679589918,665
70095000,195.94524870719886,322.28209795313376,665
70100000,148.51749768684846,267.5746935799153,665
70105000,165.60241159632142,245.57022382213847,665
70110000,180.98788213015308,269.50669479153186,665
70115000,177.72482414930138,323.0807985025846,665
70120000,207.8299847850794,316.8313844750996,665
70125000,185.68635566109498,231.1835734425112,665
70130000,176.39066869222057,257.77549165879157,665
70135000,160.93201093712943,303.2995857297843,665
70140000,202.69452205154943,300.5641958683298,665
70145000,177.20097143007018,303.09370607064017,665
70150000,179.4905467933636,290.30544281950966,665
70155000,166.4199560521189,294.21243409967815,665
70160000,150.75129506915872,327.06816337371725,665
70165000,195.2463305766017,330.2169644704151,665
70170000,161.72588177282657,259.7849865882964,665
70175000,158.38770171769866,301.33013626555265,665
70180000,197.56121760760973,252.92366003405232,665
70185000,199.0581158231888,280.31320250705716,665
70190000,202.05543101532456,317.688842997846,665
70195000,157.48151255442374,301.1159632136499,665
70200000,222.20545060840186,330.8864278974224,665
70205000,167.242926613054,298.73928132784516,665
70210000,206.98190354455983,258.91472260700374,665
70215000,181.6645186238509,297.0454731755435,665
70220000,172.8387155094283,310.84358406483926,665
70225000,211.06307541987195,347.4620591830504,665
70230000,206.23734699196453,330.8195752705315,665
70235000,200.3681550493148,316.3676718917694,665
70240000,176.40862276655503,302.8814797418896,665
70245000,195.57521431918585,289.56837588233236,665
70250000,181.56880835764625,321.6098122754573,665
70255000,180.7439335100797,281.0454909563318,665
70260000,188.56163616157238,334.89879284603035,665
70265000,183.92243753193816,303.97610767827746,665
70270000,206.27116667748598,324.5935021192563,665
70275000,170.10634617789316,277.0044137879528,665
70280000,231.97323076011403,319.7706647086436,665
70285000,182.5388439237415,232.62454471940802,665
70290000,188.38517752293052,301.7218209552348,665
70295000,175.65156881701898,354.8290751032372,665
70300000,184.8255508982819,366.28746572539575,665
70305000,179.80178988009905,275.43940185358156,665
70310000,192.92390623668987,291.3834284436409,665
70315000,201.4718417105968,278.5201000096549,665
70320000,160.46661677894525,355.368381314621,665
70325000,200.99701746354825,301.4055537105745,665
70330000,173.95960134621993,317.9339144898983,665
70335000,181.229475617317,289.71894327913657,665
70340000,192.58605693617045,305.2867915383707,665
70345000,178.00910360413312,296.45961922563396,665
70350000,191.8030769316268,271.107433774695,665
70355000,171.50550538169932,290.7761615165346,665
70360000,185.58240044937895,298.94309540049244,665
70365000,216.51755623347614,354.40607097865654,665
70370000,183.871409066886,293.220637190219,665
70375000,195.2085202407652,302.6005178955752,665
70380000,177.46299404698308,317.46334055561925,665
70385000,204.42191642582668,289.59322974142185,665
70390000,165.55397610248994,313.1065381063835,665
70395000,186.84965825987769,222.4150020566548,665
70400000,233.2656659512177,346.51596118101713,665
70405000,202.40895435475466,304.5056469298921,665
70410000,160.0010433793566,263.93999235634345,665
70415000,201.3439598657961,276.56967714646345,665
70420000,187.269590899884,241.6718247911658,665
70425000,178.55467290447447,323.271908425775,665
70430000,180.83389411758372,341.991475762776,665
70435000,203.9760885782268,292.94765895821075,665
70440000,183.0196363089828,277.7251198221664,665
70445000,208.12582910298843,345.8341058604072,665
70450000,168.7704287221916,347.0424281339954,665
70455000,188.5950035260326,257.21049417533555,665
70460000,178.8045791485357,257.62242696387693,665
70465000,155.42996859233935,293.9339465562627,665
70470000,184.3241490127965,278.5683202764063,665
70475000,184.71982464220693,299.26382272635624,665
70480000,175.46545847300607,277.16400316140295,665
70485000,156.95827509943942,268.63665322902506,665
70490000,226.14737628127173,255.7804750334699,665
70495000,229.06886832827016,250.34642727531008,665
70500000,182.0864605939932,395.860965029886,665
70505000,179.99158541824747,312.16336426271215,665
70510000,185.25257669128968,302.2228859152249,665
70515000,160.34537158108395,298.1331510984111,665
70520000,188.64787445182807,303.325437120017,665
70525000,216.3882123082625,343.058982851568,665
70530000,193.33078638361758,239.01122370049362,665
70535000,203.86011283463455,318.69039247645577,665
70540000,160.02644073825428,275.86554696735845,665
70545000,191.17824155764487,284.7856021172265,665
70550000,199.55144543497266,285.5891228519513,665
70555000,186.11316591228953,247.75892218202912,665
70560000,180.38222230145624,302.40176432173325,665
70565000,169.03430626618194,304.2292641230967,665
70570000,166.3513413703463,324.18826073556306,665
70575000,170.23566147504047,317.2717072444946,665
70580000,200.66864693663925,257.1714931656921,665
70585000,197.162026711875,292.2215361524655,665
70590000,219.53153060333523,266.9185314355177,665
70595000,182.12287571654417,316.37444665590095,665
70600000,204.02540568261722,318.45459137087624,665
70605000,205.1713362841683,279.49198389909685,665
70610000,185.8033010652397,341.61468563248764,665
70615000,177.8779771660058,302.969755476359,665
70620000,204.7548588871076,286.0540781023679,665
70625000,171.34999605600393,257.76420651798173,665
70630000,192.1300096569023,289.755489103527,665
70635000,217.72715732321282,408.13388603856265,665
70640000,182.07999049921557,249.90705843797716,665
70645000,215.40980851926824,285.97927062540015,665
70650000,175.1206410050932,304.3442974461155,665
70655000,198.91664350402164,310.4320282790069,665
70660000,164.3154770342986,264.543238859156,665
70665000,220.14210648450043,337.7403399795541,665
70670000,189.01048115324326,295.41906622205715,665
70675000,184.99286522501941,314.7030155169241,665
70680000,170.29530760945147,351.36355558023854,665
70685000,160.8509351782388,286.1289348623763,665
70690000,188.96401973629384,250.36476536368002,665
70695000,183.74287686068308,308.10040210816186,665
70700000,185.2539951582742,263.11707753543806,665
70705000,208.99946337737813,327.8617671222616,665
70710000,132.16690994224942,280.9413098932533,665
70715000,194.38373441308937,260.20066335889646,665
70720000,189.16777867658425,344.43617142112487,665
70725000,191.79433707079357,265.49684130262426,665
70730000,166.39449357461456,236.64853525569558,665
70735000,179.39692696741696,364.0447448098153,665
70740000,244.84746936493517,304.7916708177334,665
70745000,169.9790903045179,267.01871623764714,665
70750000,199.37763549042995,252.84527383606488,665
70755000,187.26372861123278,363.9883952516116,665
70760000,161.91957785796805,304.43393425416986,665
70765000,168.17699977546135,316.298522314602,665
70770000,197.11683525054633,276.3775610184626,665
70775000,177.141746467763,280.0688287092437,665
70780000,176.59827251753083,304.99331100327817,665
70785000,200.5271381429081,288.90303119433844,665
70790000,195.84471259486438,305.57788239928857,665
70795000,198.75079389780765,254.65309722603945,665
70800000,202.4203752025878,275.17362390939286,665
70805000,219.59995345620703,325.7452115691732,665
70810000,177.35725799982475,311.0897128415814,665
70815000,189.3855698678777,261.5615277109587,665
70820000,176.41096426930437,304.42387200959354,665
70825000,209.52068924426774,327.05012140085194,665
70830000,189.66163591632923,311.9567492927341,665
70835000,203.02578562258907,283.7956106902567,665
70840000,202.72394367694645,287.12470138283123,665
70845000,196.11318430344375,321.0543736491479,665
70850000,184.09812494334778,286.0261702007255,665
70855000,191.92080494007018,248.0103124531393,665
70860000,191.96501029049824,292.48997394503454,665
70865000,184.58740496729266,282.7523289679328,665
70870000,214.47934113491579,295.5293314650707,665
70875000,178.1605164353856,267.59781660863536,666
70880000,187.0525195934828,338.2601663332982,666
70885000,207.73288103382723,320.9009691045676,666
70890000,154.34252534924377,311.0034289657155,666
70895000,170.5065581678752,286.3958115274002,666
70900000,184.5036800155681,304.24583837876156,666
70905000,189.36937064776185,350.1850988888559,666
70910000,178.82479255489898,301.70944957669303,666
70915000,169.58348614568652,329.700354842774,666
70920000,172.44336475644988,299.9653466854533,666
70925000,192.6569107970819,297.70230368220035,666
70930000,178.3774201461913,304.43877828809144,666
70935000,171.84558471526924,289.4242193053758,666
70940000,192.4098908987651,294.2309508635779,666
70945000,173.12423148124782,304.031438399495,666
70950000,175.9655414497766,284.2261570731177,666
70955000,140.77821387359893,321.04794723973424,666
70960000,206.27213498537708,330.45353285094524,666
70965000,182.36976680698052,287.18858106831533,666
70970000,210.74325541943566,332.69742023124314,666
70975000,190.46745565369213,261.0026686426624,666
70980000,191.86452622547603,257.64962972368227,666
70985000,202.39964786127763,339.045109483058,666
70990000,172.8923531971646,262.0717501962059,666
70995000,200.1222318639143,372.92860904156055,666
71000000,199.3421519352855,340.0003351787854,666
71005000,195.29978824245032,317.6998763026306,666
71010000,195.3933694223652,325.9719545257717,666
71015000,213.75827093314373,280.78945385081454,666
71020000,193.3160989385791,288.77916348812374,666
71025000,204.64597843124443,335.76383208689657,666
71030000,169.89327263616656,251.76907251980464,666
71035000,195.76519206891857,359.19527851191236,666
71040000,191.9855272969394,348.3074607078396,666
71045000,186.84810898522022,313.21204836981843,666
71050000,166.66183079531092,258.2141306044412,666
71055000,199.14149783828435,301.62369859115614,666
71060000,173.7092226686846,311.05542816193423,666
71065000,156.3229759217808,289.42434203981674,666
71070000,199.91651032681142,269.99456253429037,666
71075000,187.34104571809038,312.00926999674243,666
71080000,160.3440896009849,289.28216728109913,666
71085000,151.0562408962761,292.778080818463,666
71090000,198.13290718650484,253.34894072719405,666
71095000,179.5773048848559,311.4725795952368,666
71100000,205.590210790446,338.2609504616658,666
71105000,233.19292849260546,271.1942372892644,666
71110000,145.19858623586828,292.3033157575002,666
71115000,203.46172219720762,334.5937989295259,666
71120000,210.3082469300893,256.8294048713448,666
71125000,189.82002289234202,304.6312124398826,666
71130000,167.75956731727146,292.40233358556526,666
71135000,207.45620844274845,234.08705108474555,666
71140000,185.48967387944822,335.08028490681323,666
71145000,216.3056475465732,272.96692703522865,666
71150000,206.39393817870274,269.5598279973406,666
71155000,189.46812864381033,291.7097740604238,666
71160000,173.32139990502333,340.95140354763737,666
71165000,163.89787300575398,303.2524877112441,666
71170000,209.0513152940481,293.43587484739913,666
71175000,263.11860201645425,331.0319572718443,666
71180000,195.12438004053357,286.9867731430901,666
71185000,165.2171746920414,307.4648544017495,666
71190000,171.1626250216104,372.9250080686922,666
71195000,199.91085241763395,249.87797286129708,666
71200000,190.81516058622125,330.74113072710844,666
71205000,183.5540776460973,321.4147783995531,666
71210000,214.326522127391,302.94439393155756,666
71215000,205.75995004521366,354.6041594789342,666
71220000,160.4351951770553,291.98633426130107,666
71225000,231.06511741249295,373.70063956387196,666
71230000,196.4451614624645,316.02191977847156,666
71235000,188.34849014226282,330.7489015631486,666
71240000,191.45152657133983,324.37821819188673,666
71245000,180.77302073655275,321.35197196511706,666
71250000,142.4855804803581,292.5770334038282,666
71255000,197.42415848333556,294.0732922427657,666
71260000,178.137752278418,333.9606201106292,666
71265000,207.73234406067834,339.49600915644197,666
71270000,194.79647400163512,242.49533341727016,666
71275000,178.29576173740736,340.02696621350697,666
71280000,233.6106974804612,355.47656956881565,666
71285000,178.5487827165134,211.2882661165476,666
71290000,186.31683591182417,292.9103340287262,666
71295000,209.55977628406163,305.6555800141689,666
71300000,158.83604750747062,279.65366581846257,666
71305000,191.597437214416,306.7185242942058,666
71310000,198.47723535753937,377.7975973823321,666
71315000,196.35783289518554,279.07366038360993,666
71320000,167.0860123937464,297.94500369503845,666
71325000,221.89601924314167,357.82513011645847,666
71330000,219.0400772623871,289.28206420597843,666
71335000,196.82455730322917,285.8256702080268,666
71340000,238.47485646594976,268.7451163914244,666
71345000,215.16177361329343,387.7042055080155,666
71350000,209.30797987776342,334.96963831631655,666
71355000,157.68440991695488,317.43256768733045,666
71360000,207.745091435554,320.03045159812416,666
71365000,187.28591058367948,279.00228237089135,666
71370000,199.49266674097495,235.34454623738026,666
71375000,181.20999810296604,321.6021670761534,666
71380000,165.0075896771603,300.11226433174187,666
71385000,179.47275259387746,328.93785908937093,666
71390000,207.60506192685247,271.69300788464847,666
71395000,180.90615232078036,346.3762704564453,666
71400000,165.45014167461392,283.0356872000072,666
71405000,217.57565868709315,322.7036087530776,666
71410000,196.03290323883982,246.3682148039629,666
71415000,208.94935297900048,280.7523322813138,666
71420000,225.1592234841309,319.4625896340026,666
71425000,197.97723531592777,316.2295605736614,666
71430000,179.19794027936263,246.02252698578909,666
71435000,236.19607226887356,316.6877592263693,666
71440000,231.88404822596854,275.54094784003263,666
71445000,181.7464586878136,257.44924194768174,666
71450000,171.60798566084904,269.02906151673164,666
71455000,219.7280567117963,279.6767004467529,666
71460000,204.86399363117368,254.28763102376712,666
71465000,189.43885293327818,311.6420856135645,666
71470000,187.3014298652683,297.43540983415903,666
71475000,188.17775338348372,263.0436366924573,666
71480000,201.9414526886425,268.8124477453811,666
71485000,175.12853086448737,290.46128906148294,666
71490000,207.15403155531956,323.8979683035438,666
71495000,192.50180428582723,286.48106771161974,666
71500000,173.05153086866306,322.0686866910054,666
71505000,161.69408860691442,269.74450698366473,666
71510000,204.62376645850233,261.6688480551431,666
71515000,175.4791994153989,342.1659955749308,666
71520000,218.08661080235908,355.647776653856,666
71525000,171.16010167894925,308.9779870005362,666
71530000,192.8953843489962,281.0570339232171,666
71535000,164.70658039631874,261.9040663311317,666
71540000,226.53161094609894,286.45031391863455,666
71545000,165.38073777112382,316.5203101374545,666
71550000,193.13771345900034,269.022420391427,666
71555000,167.7234142283152,350.7333186707149,666
71560000,186.14531158138703,330.7901150061251,666
71565000,223.96892079193216,311.309704375644,666
71570000,243.62692123189464,392.8696552063047,666
71575000,189.6586033189415,278.4353075744872,666
71580000,201.586985913715,329.2372088271689,666
71585000,204.5207878522842,304.0897670840271,666
71590000,204.73633615226845,369.2412103240976,666
71595000,170.9371508618056,268.94225721555705,666
71600000,217.6731634378253,349.8173533825745,666
71605000,163.18996475923745,308.71360430978564,666
71610000,224.90308158299618,328.2450799915429,666
71615000,228.35498757249886,341.68668151253775,666
71620000,145.65633047425683,292.62808325026816,666
71625000,231.82237960864097,300.8672487356475,666
71630000,177.05133104685254,200.17509661678042,666
71635000,177.5504782348227,265.69067651538353,666
71640000,175.31611593053668,282.3274260903422,666
71645000,197.49613916649903,319.39653885594316,666
71650000,176.65912848185496,350.66608049484637,666
71655000,175.78695356956018,306.2044990458648,666
71660000,190.51938927258865,290.23063374291104,666
71665000,188.94329342656047,323.80114483593565,666
71670000,176.0089740008607,312.53157512939237,666
71675000,183.5920273388226,411.1983388562006,666
71680000,223.5657418481129,271.3900045469908,666
71685000,155.41492963674446,277.52552706791715,666
71690000,184.08485896776787,345.60575819348935,666
71695000,198.03681657072133,267.5714743739368,666
71700000,186.74139503492805,332.42111135626675,666
71705000,169.1987375464782,305.292097003598,666
71710000,216.42705474632808,289.9540285425145,666
71715000,227.4393149612137,297.5227181199786,666
71720000,195.03629744484152,330.1158418896693,666
71725000,180.64435330135393,320.0440270183701,666
71730000,193.78870016820312,388.56415302668364,666
71735000,181.98992177446547,291.56603338865534,666
71740000,177.84403512298917,277.66071077378945,666
71745000,152.60346739490473,223.18092086174133,666
71750000,189.55819479572017,367.4951653548284,666
71755000,214.79195700008407,325.89911811086336,666
71760000,215.51116275023742,355.98922055995837,666
71765000,241.56045937384107,271.4415830328537,666
71770000,203.89050110609554,356.6002344742225,666
71775000,175.10334597113922,276.547367535935,666
71780000,215.93082877914782,313.68215110902133,666
71785000,192.7634295071728,285.1763411750477,666
71790000,239.50190757165214,347.3262714002328,667
71795000,193.11255771835218,328.62957783639314,667
71800000,216.35532644704176,302.4279517622222,667
71805000,200.96516906705932,324.85758216372074,667
71810000,189.47068335387928,268.25283484639294,667
71815000,175.92993055262866,313.70031053303956,667
71820000,185.1157595793212,357.42078920459613,667
71825000,179.6032574844939,305.71626058589663,667
71830000,167.27144670921834,334.31051829065257,667
71835000,201.44611905148176,298.1624980285172,667
71840000,184.45406453347238,314.4328709687725,667
71845000,199.36908345079416,328.93961074063844,667
71850000,192.1576268420617,270.61212433421184,667
71855000,167.17384895153626,277.2066723305038,667
71860000,156.93955458769486,304.4986534560946,667
71865000,176.79169696797987,355.89971647455945,667
71870000,195.42148765138953,274.36274432368634,667
71875000,215.97223643624463,306.4273303131545,667
71880000,164.6834387203577,298.1073974663104,667
71885000,162.37272472578218,393.2085472226426,667
71890000,185.05232759139312,263.2170287213037,667
71895000,167.27823913995778,267.6755217854481,667
71900000,186.22961272541363,370.0484239197135,667
71905000,206.91798200368527,265.7167928334225,667
71910000,174.63195846113675,288.37118057013924,667
71915000,156.1610993858614,300.7007179583546,667
71920000,226.2996328790004,318.15552312691244,667
71925000,165.9324064898119,280.36013204279715,667
71930000,192.68456903717603,306.8149251070229,667
71935000,173.82013868252238,283.15560638359113,667
71940000,173.06323919658664,279.6614656838253,667
71945000,181.62978970586727,269.7823927921166,667
71950000,193.9977959169669,298.945939222284,667
71955000,212.66207212973865,380.36204034340517,667
71960000,174.20238411698858,281.59023837513996,667
71965000,196.79015708876193,298.05999448175663,667
71970000,166.88376610362758,297.11031928443157,667
71975000,213.51566208196448,369.28070847281805,667
71980000,196.17975454710285,359.3439847030178,667
71985000,162.3173976874376,286.2754120702351,667
71990000,206.0717093596098,263.9432689949196,667
71995000,177.1514789943177,313.0989101713671,667
72000000,203.48615371455844,319.2683909876064,667
72005000,177.6087086362409,274.54149042558225,667
72010000,160.28467712868695,344.0229913523597,667
72015000,206.35927953992496,395.88566914642746,667
72020000,201.59340688247426,337.64514353209574,667
72025000,171.82205884432625,302.21499642049173,667
72030000,211.09119673960217,319.57636413514075,667
72035000,196.81487669526928,341.51157169220573,667
72040000,159.05181657706763,328.0973363511762,667
72045000,151.6096598321125,309.56170044939904,667
72050000,176.1883605427282,243.46594121416987,667
72055000,230.13257171172359,279.9299488349713,667
72060000,186.72702381745208,323.34770494261585,667
72065000,163.4114476882764,302.7550839179917,667
72070000,188.71549721030874,354.6790615241462,667
72075000,203.54213346673205,278.3989710453592,667
72080000,177.59034611095694,248.26006866432667,667
72085000,219.3312173696302,298.60440323660845,667
72090000,179.0816083943912,281.82318587674484,667
72095000,197.47713365994906,318.84001139099047,667
72100000,144.1283244952354,261.9550975683726,667
72105000,160.85557239806823,334.7424051176632,667
72110000,222.28798557739555,308.54918306874845,667
72115000,190.05121061724049,317.5362030990005,667
72120000,166.2304267441367,317.20163565966755,667
72125000,186.8568648182481,314.74904812218887,667
72130000,178.75138979793678,332.7828315339924,667
72135000,159.75247834994633,312.94041737448185,667
72140000,155.80426139645516,291.1653564065207,667
72145000,175.81322886765093,244.6514112317689,667
72150000,162.68817876489686,325.46836578431754,667
72155000,178.30257982733568,342.83055152210454,667
72160000,173.37744652696824,256.4586665568783,667
72165000,161.0042947948471,265.4278825215086,667
72170000,239.86634821427378,283.2022395020391,667
72175000,182.49907816532806,299.0853471146345,667
72180000,192.35049656986402,344.2353897150445,667
72185000,227.3001482675612,296.6236030437162,667
72190000,202.3448431644791,300.2641906368073,667
72195000,205.35964798790863,279.8868285897937,667
72200000,161.06810547050185,322.7365956399348,667
72205000,215.83754597191566,313.84793496212654,667
72210000,200.33902638970577,316.2483320434885,667
72215000,178.30148764614717,283.78173224328077,667
72220000,155.4615701384557,331.4821061033861,667
72225000,158.8183371289416,238.310529363989,667
72230000,227.3703590240934,355.67148436267456,667
72235000,210.63912294169174,369.15778970524707,667
72240000,212.47468496110852,314.55476207241475,667
72245000,185.92970626062043,296.16404534164667,667
72250000,192.8307756043347,312.708025908819,667
72255000,203.16458624661593,394.79394512617597,667
72260000,205.94295526603668,303.6775370928666,667
72265000,190.21628868248405,303.47106273255696,667
72270000,187.05847379391292,351.9058516945389,667
72275000,165.1862764383041,345.7263689187144,667
72280000,183.75711916028783,260.8909656211196,667
72285000,185.79721519778403,204.7621810552081,667
72290000,178.64720623277353,304.26469973877073,667
72295000,219.35721155276445,305.8920334902491,667
72300000,174.95869001245407,333.48890913435326,667
72305000,252.43649017316258,282.0001448624662,667
72310000,194.9023960387055,304.50636891282875,667
72315000,193.77326152210762,365.5914557368497,667
72320000,189.63530580238785,307.95657669811607,667
72325000,177.69057876494284,307.44598711497247,667
72330000,191.62200270919837,308.163665942891,667
72335000,212.33634378167315,326.85035281016167,667
72340000,180.22906158048596,364.10486719551653,667
72345000,218.67043825922832,299.01434423887247,667
72350000,161.52102380903082,265.30889273015464,667
72355000,203.34400027085968,276.65256680264775,667
72360000,166.40943356353384,295.6023661375434,667
72365000,229.5563902958339,299.85649619250694,667
72370000,184.27610249057886,329.8046203669485,667
72375000,183.55884417294814,254.98868977953555,667
72380000,209.0664113102176,261.61268841313114,667
72385000,225.8358763612747,319.263212988773,667
72390000,185.5803092901879,295.66640972572776,667
72395000,189.6474486395652,304.99462285048867,667
72400000,198.5702304476594,309.81276666300954,667
72405000,211.07281702874266,277.7315197452146,667
72410000,191.7703972307554,276.2711698718341,667
72415000,221.5521424080416,226.6603934541341,667
72420000,227.25135849307634,348.9103227938145,667
72425000,172.73965031830352,286.77963568563354,667
72430000,198.72269902574564,316.5883866415415,667
72435000,156.21008083552283,245.91577415877782,667
72440000,156.96959600883272,269.6314196180444,667
72445000,206.56116348023917,276.47977097349025,667
72450000,205.26714524553233,261.1902918528401,667
72455000,194.69677080298206,290.7663764556068,667
72460000,214.2170923577871,309.4606480377387,667
72465000,150.61025401762458,289.6404097880134,667
72470000,178.02673738188503,274.12081564078375,667
72475000,195.04872245108942,281.77022735673415,667
72480000,222.2040816507909,326.5993410891505,667
72485000,184.98290864710086,261.78640326547423,667
72490000,170.4812856376031,247.58523924530334,667
72495000,227.41678389257953,356.28713707745953,667
72500000,193.1362184076217,265.3816918866402,667
72505000,197.7065166520125,304.1313788087132,667
72510000,178.3937162773346,295.2808227167877,667
72515000,198.1091819706545,276.1046758494018,667
72520000,182.19465064429724,245.8994914388007,667
72525000,184.389960645476,356.4726126566799,667
72530000,230.45831901570753,380.55133913502675,667
72535000,176.17457512786643,306.2504441360316,667
72540000,186.92359891416334,330.9708955722866,667
72545000,212.83754271922984,298.3707977161355,667
72550000,212.90348008928805,289.50508974686903,667
72555000,171.21013413523343,308.774741858896,667
72560000,190.02628043082558,259.404265835113,667
72565000,192.2393386097476,251.5205613453894,667
72570000,198.17650435524538,270.77349489197934,667
72575000,177.54489550911214,321.1205303945541,667
72580000,186.92171296607097,283.3266788053837,667
72585000,200.3305028533739,275.2794051205291,667
72590000,198.0914131430204,306.5958101198702,667
72595000,173.36532285906753,331.38034841416913,667
72600000,232.68271754911564,292.19026072780355,667
72605000,159.9472130858229,309.20159874897206,667
72610000,185.1536278731692,278.57957238088585,667
72615000,181.2374667894024,342.2696495151002,667
72620000,229.887251444631,297.5844255877854,667
72625000,173.11182958714747,284.0839636030702,667
72630000,196.9984545610751,328.9604681448075,667
72635000,182.2036313052589,305.1875501283694,667
72640000,161.80176957749612,281.42425432214264,667
72645000,217.09511416366047,377.37744413467027,667
72650000,199.30837756144217,275.82490061890854,667
72655000,189.64089287169423,263.8223765768642,667
72660000,214.85850242143846,270.90127625353585,667
72665000,198.94571970895635,298.9478366861524,667
72670000,162.16953237784477,299.3079659174279,667
72675000,193.59358681256097,335.3080639305662,667
72680000,175.38422829398928,277.11861128366695,667
72685000,190.11071612173302,327.84905864595055,667
72690000,171.463850126855,318.4884056004305,667
72695000,187.98505158959588,326.9845455720082,667
72700000,172.67947226472415,259.1359793415776,667
72705000,182.7568170745722,285.5942161194502,667
72710000,188.0258779428009,256.0224783016098,667
72715000,160.79167733242122,268.8119698418164,667
72720000,178.7567664625629,318.57736249706375,667
72725000,195.89948366342705,385.1863023817132,667
72730000,185.50870089862048,310.61615619475344,667
72735000,211.84490254686347,315.67521734348054,667
72740000,197.99136369307791,309.3133108069313,667
72745000,232.67212318917706,279.8619400806786,667
72750000,204.5950735694371,331.8971057047854,667
72755000,150.617708170875,352.60444895183093,667
72760000,179.38384126536874,323.93438544059944,667
72765000,190.53439855495785,319.7005926349308,667
72770000,183.01172170060124,281.67666476060555,667
72775000,222.4945623766349,320.93901463401795,667
72780000,188.12947715474672,360.49090023390494,668
72785000,170.66136627570606,319.62348328495585,668
72790000,206.25619541023772,270.18399267391777,668
72795000,211.17173666790742,317.7097907663373,668
72800000,203.83505239526073,334.36135262735786,668
72805000,177.59818702068898,308.0107393752306,668
72810000,183.49618783551395,327.8315448648834,668
72815000,213.46053659584607,330.7312120179662,668
72820000,155.85585894032562,312.16331285393017,668
72825000,186.9541615500956,337.1987574267642,668
72830000,191.7376111404785,296.17975960951196,668
72835000,206.22329257095848,341.04439137155384,668
72840000,183.67782192948687,296.24518684361647,668
72845000,168.82203623747296,294.4404566086521,668
72850000,179.50227160747895,255.88119276985654,668
72855000,166.00138939928163,280.9220385530178,668
72860000,230.10314668838825,252.73016084152138,668
72865000,214.42546915451814,283.72096248530954,668
72870000,181.9773936753646,304.0953376103478,668
72875000,162.5901912524257,315.77570858956454,668
72880000,172.5815661465705,341.23950845097085,668
72885000,200.38654519703496,285.43270310968376,668
72890000,175.45148185789617,302.3070509798106,668
72895000,175.64348494742976,340.6009765951956,668
72900000,200.22594083760117,343.1167111943951,668
72905000,170.99213567170875,294.4257151736155,668
72910000,184.20736249754708,272.952751849618,668
72915000,200.80065789609415,302.53318883845526,668
72920000,191.62443676130408,281.31944874078556,668
72925000,222.00562462521225,285.1925339075503,668
72930000,213.40164781590266,337.6365984656789,668
72935000,221.42593698208458,328.73446429845217,668
72940000,209.88043992749115,300.6764900906421,668
72945000,190.36335580867816,278.5639749306642,668
72950000,200.97868777624709,268.3383195481019,668
72955000,177.69243366743956,279.3487492474746,668
72960000,212.96672776154588,266.69395228574666,668
72965000,229.88054086189445,220.9591103177221,668
72970000,233.21284438922757,267.739373383736,668
72975000,188.28262990931734,288.96115583966883,668
72980000,172.4451994222215,314.64043129302837,668
72985000,199.0203478160486,295.0875490785663,668
72990000,172.46545672289116,294.3394320535363,668
72995000,158.34666589711802,250.94648793104153,668
73000000,232.28741167881142,288.625551753922,668
73005000,202.7300788308118,418.42188296394283,668
73010000,190.0720241817561,310.5859168437335,668
73015000,200.58275787140343,338.9631503268843,668
73020000,197.69391749558528,264.7414361275325,668
73025000,216.22896775088162,300.7362943834844,668
73030000,215.66654554110292,291.93340714464154,668
73035000,182.124574862509,276.7836660023093,668
73040000,244.09575785885087,324.6663978346224,668
73045000,184.6453067209233,282.30152705399854,668
73050000,214.76682868767898,284.68181500841945,668
73055000,186.44621695969516,327.4665538942734,668
73060000,216.74350666294754,300.89123003391694,668
73065000,190.5448647737074,244.08010188054314,668
73070000,216.70691519194125,270.2678830225361,668
73075000,195.16912298114303,326.5478093798479,668
73080000,181.39201739962266,255.76143950608378,668
73085000,194.07873648018955,324.42451837180283,668
73090000,166.85600309239985,297.8558102786865,668
73095000,183.30781473915303,272.5193990572039,668
73100000,168.95055235049838,300.3450532569152,668
73105000,228.71287355224737,283.15970398977885,668
73110000,186.48308978453235,370.1298934599249,668
73115000,176.46363724354632,291.74621032138157,668
73120000,181.39532207331465,304.7473299973917,668
73125000,178.77282428303147,298.8035539160655,668
73130000,169.7113914412093,306.0890961374389,668
73135000,172.03749587010424,358.4275869918706,668
73140000,192.06789643164876,233.92106223079105,668
73145000,196.13531128650936,256.87388893661597,668
73150000,153.92514300462125,285.8262801590709,668
73155000,193.0371723715273,326.2667504408997,668
73160000,140.8699770246966,290.1166905290937,668
73165000,164.75473730457034,277.53750312115204,668
73170000,218.5084841321082,359.6192717276936,668
73175000,202.15886852899342,344.00613340497875,668
73180000,235.64799523586322,289.19685461028246,668
73185000,194.27423033352747,262.70482824654454,668
73190000,217.55395704358267,300.3134958293864,668
73195000,190.1313164178256,284.4623928111577,668
73200000,196.6833260682497,332.7200316473093,668
73205000,180.9774921865151,307.91860139229095,668
73210000,175.08104369757217,294.6646501562187,668
73215000,197.13440987255558,289.0511817680897,668
73220000,145.29683316819208,280.0912147411701,668
73225000,238.9854896708157,265.19712681775417,668
73230000,156.74260422768896,267.58386060224234,668
73235000,198.55316810401646,321.6180398165936,668
73240000,174.9496608911939,286.94291718522766,668
73245000,204.28029509450104,361.359953264175,668
73250000,163.7545526875417,289.11367813400386,668
73255000,172.18072297631898,250.32513524209025,668
73260000,152.4235692901106,326.6493024208561,668
73265000,201.61972726609287,294.12953522299006,668
73270000,152.00856747360714,287.1105535175983,668
73275000,213.15319787436076,299.6831284749344,668
73280000,204.92137532422345,318.63907404921355,668
73285000,211.99340027374524,283.47422532799465,668
73290000,158.46521978256834,271.2581867517728,668
73295000,202.46115343923944,287.5839750797346,668
73300000,179.38596281651417,270.9269162534007,668
73305000,192.4234909331288,323.94026779679945,668
73310000,223.04207170493314,289.4216927100474,668
73315000,190.2355016815523,365.0708923308668,668
73320000,162.6414099834691,257.75939555837556,668
73325000,154.07705010747424,261.3637128131093,668
73330000,181.20162940933582,305.4690017237299,668
73335000,181.40502959723608,357.7272807175774,668
73340000,194.03941982642473,308.6495340296772,668
73345000,194.92547670532113,260.96909329849495,668
73350000,176.7379131459528,276.5159303317054,668
73355000,181.6690782246281,348.158100109774,668
73360000,156.67465297479214,252.08281088009304,668
73365000,170.28102536682968,318.24214586969083,668
73370000,180.81253089714752,312.6767830077617,668
73375000,180.39317801575496,290.61459249756257,668
73380000,193.0825237839736,316.6068906851336,668
73385000,231.5134565787247,308.24840861577263,668
73390000,168.3895845597833,277.46615291552695,668
73395000,172.52770736980702,300.93009145786533,668
73400000,166.00960762223218,325.99913482970953,668
73405000,186.01295339394687,319.078656859511,668
73410000,195.0043494167572,281.0070111403924,668
73415000,208.9384677125088,267.9426041410086,668
73420000,217.00234997202267,303.4016767504809,668
73425000,184.35108318487295,280.77224293518157,668
73430000,181.25740484170396,376.20779788700173,668
73435000,195.74710735731878,247.3476784058982,668
73440000,193.00997897045923,308.12735353940377,668
73445000,176.43005432830586,331.5278783816804,668
73450000,167.30864688389892,328.0702754132092,668
73455000,262.2113058374082,319.524466115355,668
73460000,200.84728349988666,351.02868099115216,668
73465000,198.1460095347532,232.5742204688136,668
73470000,197.92048857105513,264.73935128229516,668
73475000,198.88411893204758,244.33490414198036,668
73480000,179.54639420378606,279.5662945855201,668
73485000,201.12870011817472,294.1707772485455,668
73490000,175.7266604183411,324.83646644203105,668
73495000,180.31436292770468,308.4163257349802,668
73500000,190.77326015244927,284.1789687640434,668
73505000,172.88231389346154,267.27830803595873,668
73510000,201.09533039652234,272.3325245353541,668
73515000,185.11587003984693,241.28398521858352,668
73520000,199.53458212768953,283.1877220371721,668
73525000,193.7832792647075,290.23712688921165,668
73530000,202.5994967568069,353.4856166533094,668
73535000,177.41251877439328,266.9646903163042,668
73540000,206.70204501548739,301.77291256963593,668
73545000,182.12718221246928,297.3137277874086,668
73550000,231.29502757242977,373.62874872129015,668
73555000,187.58201721875477,326.4430783408074,668
73560000,157.79578884058765,322.76517038232396,668
73565000,205.20998993565604,338.93942813461683,668
73570000,190.75328871153835,246.44356785296867,668
73575000,198.17442386155523,262.4596611435015,668
73580000,197.22364097361762,209.35392572490764,668
73585000,201.1105483984203,340.05109240614814,668
73590000,187.9738163135136,322.1740881099169,668
73595000,180.23386659300994,238.19373363554774,668
73600000,165.99367324147153,234.13618675970852,668
73605000,186.1680761097182,290.5501817733334,668
73610000,195.64845928064702,294.76801185731375,668
73615000,183.22200255190018,310.7317462588456,668
73620000,205.29174047382702,246.94699216754145,668
73625000,145.97765265892392,233.77518429602054,668
73630000,186.8717975085441,344.5309552954518,668
73635000,167.7970159631473,284.51398753766216,668
73640000,162.7796077923246,232.59875979109492,668
73645000,180.71236910307755,325.55786328095894,668
73650000,228.65394116622522,298.8347419061827,668
73655000,193.9878869536201,344.18110103223455,668
73660000,215.30361874208535,337.5612798447223,668
73665000,166.25507436010557,322.5064457680037,668
73670000,200.2678529895274,348.0801788835497,668
73675000,204.6048786498245,356.90964819831134,668
73680000,182.59975233447014,304.8845564078735,668
73685000,211.72850235795292,393.8162650125885,668
73690000,195.8447312787525,327.9704768035915,668
73695000,166.5770733162896,343.8468240804121,668
73700000,205.92267512869188,308.33204163425006,668
73705000,182.45900258698427,317.126991131935,668
73710000,180.02627086806498,283.3512835924651,668
73715000,169.95138916670854,364.3764253370993,668
73720000,168.13040660491535,332.0654921069354,668
73725000,182.0480990538091,269.51592913598967,668
73730000,196.67097703140192,291.9736302718286,668
73735000,163.91452216315193,301.5485820877043,668
73740000,235.7751469078787,350.2961593378541,668
73745000,179.59696997757905,263.27810120683165,668
73750000,141.53159014341068,314.5018686449113,668
73755000,154.6104324902331,257.8548219899378,668
73760000,180.58001029351414,340.2317652403112,669
73765000,182.22343590206225,269.24213041634135,669
73770000,225.81710759036667,276.0085830636883,669
73775000,191.5303756056121,334.2498141799585,669
73780000,183.16326633914025,336.11682065629964,669
73785000,250.8173044849732,303.63418753766257,669
73790000,254.5875516790837,354.4971833814006,669
73795000,155.1460498273488,339.88090105166634,669
73800000,159.38067048434442,270.2085272473142,669
73805000,184.55128762320152,288.14687913683997,669
73810000,213.01529955891934,338.2133704160393,669
73815000,181.7487062353453,305.5886841596175,669
73820000,216.1598092512557,313.98643551059257,669
73825000,195.35249129513218,285.90968936444824,669
73830000,177.5642854580632,319.44130438644225,669
73835000,199.5756192591055,315.75176557030767,669
73840000,152.09632823907714,312.4381192545454,669
73845000,187.3640915523281,274.1777119254513,669
73850000,179.97320510326196,304.2134393034811,669
73855000,197.55504332422544,305.2622865772078,669
73860000,201.58734396963172,324.09692500673725,669
73865000,194.48317022382548,284.9072794289571,669
73870000,205.2417874717229,319.2506555692124,669
73875000,162.74614119527658,309.1746910520429,669
73880000,177.91463092955073,276.35775613085815,669
73885000,179.73172284058293,281.0454959883751,669
73890000,196.85888232596403,337.6906661920167,669
73895000,178.80688827208272,335.0400666277397,669
73900000,156.91547454513454,273.59135842605895,669
73905000,196.35598674865045,310.6711682693319,669
73910000,172.4961956326694,324.42202721744405,669
73915000,193.06986373840365,290.6475381497065,669
73920000,145.33307136567194,313.7545415638827,669
73925000,169.84396135798505,258.4413227757663,669
73930000,172.67989686335815,269.73276235632557,669
73935000,180.34777024724713,238.45454196478084,669
73940000,173.43936646470837,276.3714966131973,669
73945000,221.86995732230415,362.1540873754099,669
73950000,222.1982824203726,346.9298755037709,669
73955000,214.07223058795893,270.0910075870984,669
73960000,235.56766535387857,311.1501829162417,669
73965000,169.26070212909912,308.2367203121286,669
73970000,213.34725731334422,265.49445341974615,669
73975000,236.82121818428948,315.9619188408576,669
73980000,158.77518517816563,293.57832889620965,669
73985000,197.9989885420323,313.29199010209453,669
73990000,224.84707288001448,290.97564496541605,669
73995000,170.62764847704068,296.17725543921676,669
74000000,156.4536440171489,296.88708945836305,669
74005000,224.11556042433637,345.02548784557484,669
74010000,195.58274582597733,302.04479827125715,669
74015000,189.4158757265794,286.5421236753855,669
74020000,196.27271708008158,322.7933639949627,669
74025000,196.09452927546133,294.97866468559533,669
74030000,163.1723888917893,279.66308833245824,669
74035000,179.40561461613734,246.5878820793828,669
74040000,202.931229479691,244.37622336076728,669
74045000,153.6954034135044,287.09451880009874,669
74050000,206.93758131397755,307.4123671500943,669
74055000,213.48178083236118,280.1748198265327,669
74060000,220.72386299994173,281.94934072072493,669
74065000,184.37197709609546,334.93255490890465,669
74070000,156.37577772863773,310.03375116219667,669
74075000,188.91178705950827,269.7003606117868,669
74080000,233.7433449748359,272.6861208929951,669
74085000,193.3106086305305,310.1651274480721,669
74090000,163.46613018241246,279.60914838456614,669
74095000,189.20421346082458,287.73920647408823,669
74100000,178.93803072747747,242.634120446875,669
74105000,153.58504613805985,263.065103371799,669
74110000,170.89155756042652,325.05214043309576,669
74115000,224.94129741119812,294.8353387560156,669
74120000,216.73528104988122,353.57464230769534,669
74125000,196.02800307795655,295.59674527864513,669
74130000,184.60439094387058,271.3202254423012,669
74135000,206.80144624740677,298.9206265585611,669
74140000,166.54878353799805,243.00026542736146,669
74145000,203.2693319821624,367.38335800314985,669
74150000,198.24110157842037,307.96247068246515,669
74155000,187.7343167847056,293.01270393810535,669
74160000,236.2636691298193,375.99438487485924,669
74165000,160.39109940362852,386.8030654753425,669
74170000,166.38751987035658,264.74658749166616,669
74175000,206.67292986077965,299.258392293072,669
74180000,218.91718217329756,231.27557794989707,669
74185000,179.74026397804144,389.97136573612096,669
74190000,181.1905722688031,298.8913216504828,669
74195000,188.79378051528838,286.8696930770454,669
74200000,190.6369937771775,341.6888179243924,669
74205000,158.358666163353,280.07616796398827,669
74210000,195.95642665102878,320.829226576314,669
74215000,208.71247435683864,284.0920337826483,669
74220000,209.98079829872796,285.3936626307542,669
74225000,164.9885504827058,284.2828023710491,669
74230000,181.23352967243173,297.28623545646957,669
74235000,189.19615391211863,297.1782967933673,669
74240000,166.3531155125828,288.2808916467637,669
74245000,174.5469018670967,305.17768791549867,669
74250000,186.2815802522286,239.32683455146304,669
74255000,237.8936557455392,297.1783399169693,669
74260000,213.17839019197922,380.5075069690148,669
74265000,217.68407140577827,357.3525416910246,669
74270000,158.9780749119987,263.93954134897723,669
74275000,172.00911343566838,262.48827678289894,669
74280000,189.04420177104703,372.20923208134917,669
74285000,149.90784107742897,346.03319781388376,669
74290000,210.2515997478596,271.27763691766717,669
74295000,193.6960713785776,293.4129471779803,669
74300000,180.5866224735418,325.8591645278633,669
74305000,212.98210383691637,266.3666765813353,669
74310000,228.0023258957304,261.981574421139,669
74315000,187.19213497201437,298.22774003267165,669
74320000,205.10853166934123,285.76461443660406,669
74325000,155.42949367711236,358.3424875035424,669
74330000,195.74117190773916,301.6974465499239,669
74335000,163.38750228290758,339.36596670967094,669
74340000,187.80823669686055,223.10764085528578,669
74345000,220.81343264092027,348.1572137914757,669
74350000,151.3339521888088,251.18838581370125,669
74355000,227.77419712738168,354.2947211466419,669
74360000,183.58475193513436,280.32966027641794,669
74365000,174.69228298348344,244.1346167747835,669
74370000,210.50152541985173,323.33040425007135,669
74375000,208.3181562603533,315.28550525613787,669
74380000,184.78058576047596,353.31386034107686,669
74385000,170.4580582462918,236.1757634384937,669
74390000,190.5100567917153,324.79479834397625,669
74395000,180.84170049926553,271.76864925923275,669
74400000,186.64632991928693,368.10983419310764,669
74405000,185.49772853740802,242.98745366913533,669
74410000,150.34293616201373,274.4638091326335,669
74415000,191.40940530533447,340.4694963454629,669
74420000,241.53252280907975,328.47023666214034,669
74425000,163.20139236634128,342.4039511843337,669
74430000,206.2421513285157,270.27209563615327,669
74435000,199.1159082535679,344.4785454841582,669
74440000,172.09482962222071,296.13684154858,669
74445000,186.8506120170746,251.0811914758237,669
74450000,197.50923515297453,312.0626729797472,669
74455000,163.51621765164475,292.48960944438994,669
74460000,198.6114619787465,346.6979823347531,669
74465000,214.30364884829294,323.7651567346108,669
74470000,201.11983208335852,352.9505605545128,669
74475000,162.6137206729115,301.7915988488115,669
74480000,213.57941908243308,315.821245027562,669
74485000,212.041614819343,318.5720152600115,669
74490000,191.671508625985,253.0454176149528,669
74495000,220.96727084979617,315.14883716266246,669
74500000,216.2116289957696,336.90734090535506,669
74505000,171.79906567309612,318.1786942178476,669
74510000,195.1934413148257,241.3048397912356,669
74515000,166.91141895467086,308.53049775554103,669
74520000,163.06185676362773,316.95348828566716,669
74525000,163.45038864697284,312.86689384511544,669
74530000,197.71604243851993,274.0287148654096,669
74535000,242.7211863908797,302.246128174198,669
74540000,161.53276198848408,308.14087048147314,669
74545000,209.49056622214135,378.3413644570479,669
74550000,195.46450340026024,327.75783325890956,669
74555000,189.27583930335362,280.7012705406673,669
74560000,232.50092114285624,256.1116824083706,669
74565000,170.77373154779843,269.99129875692296,669
74570000,200.63319395203294,282.76978253403195,669
74575000,152.6145312945735,390.40477122884477,669
74580000,203.7816247478276,358.6437197269806,669
74585000,182.81488566386912,327.1471024174583,669
74590000,196.16957695553833,321.85057507840656,669
74595000,160.09333360365116,334.95588271173517,669
74600000,179.17476350958538,280.9559712999381,669
74605000,205.30855058017212,296.93836349817894,669
74610000,227.35835154585854,345.91634564179475,669
74615000,200.36177245933928,296.89307901986103,669
74620000,174.34488532016803,245.06979058999173,669
74625000,186.7104588859292,272.1316716825465,669
74630000,164.7181671800481,355.1809035283781,669
74635000,228.42703745629998,297.3758664041648,669
74640000,167.70353584656812,282.4043702100936,669
74645000,216.00172311110884,290.77701119204505,669
74650000,167.7625531912566,309.3721102353424,669
74655000,177.83176035688308,298.32612196212114,669
74660000,132.83209119438143,325.3158113396644,669
74665000,180.2593401193557,297.7222610676158,669
74670000,157.47216638279514,224.29781925135617,669
74675000,221.6582548808532,300.81688677465456,669
74680000,192.23928187908768,271.4563593207685,669
74685000,165.35457440914217,207.6572695011575,669
74690000,218.61658204182083,387.3831494593688,669
74695000,176.99666091907318,311.2808963650777,669
74700000,231.70296842415553,365.8431275830074,669
74705000,174.45225032158464,274.2651588490205,669
74710000,155.96744183010318,326.7206091720164,669
74715000,186.7723730930261,259.41240949175034,669
74720000,155.95871224789238,306.7999479610642,669
74725000,215.23212913871242,291.0132571706195,669
74730000,177.9737351539311,327.2640159922469,669
74735000,171.43547165719292,292.8598903257064,669
74740000,187.62463612829401,323.57492427495714,669
74745000,167.68196708172857,275.39776353218195,669
74750000,180.70515627167688,327.9866660371778,669
74755000,194.12086159766562,263.79864788070216,669
74760000,225.31049653455972,288.7121181435672,669
74765000,167.6451619962049,276.23343599301444,669
74770000,171.46605351017308,319.00802058662356,670
74775000,154.23738527533314,293.48904258608025,670
74780000,178.44725532389742,314.03855522769805,670
74785000,184.75947290115965,345.6453567881469,670
74790000,193.08089824330622,279.9596003914303,670
74795000,188.56532528899857,278.8196447833153,670
74800000,178.04694564790861,267.8822934961066,670
74805000,189.07640781950303,354.50416998679526,670
74810000,163.02667537802705,279.4267260387385,670
74815000,154.5911071070925,263.4879256859584,670
74820000,163.58367037412563,261.45419432977695,670
74825000,170.57228068739659,304.98830110461495,670
74830000,193.6406213449606,282.04100074312134,670
74835000,180.70579126803796,315.898104760768,670
74840000,170.3004840377685,301.88478878954385,670
74845000,202.36489011628035,335.28972636978085,670
74850000,224.98333663133494,344.9769600026463,670
74855000,221.51962918265923,282.65958355553397,670
74860000,176.58075557749234,304.63787180231816,670
74865000,169.08891492617562,293.21413384095837,670
74870000,173.95988460423175,336.78809382954006,670
74875000,191.61261486517688,286.2485067348841,670
74880000,144.37334999125636,307.1111747444888,670
74885000,184.76499285787568,314.28582114887536,670
74890000,196.94645098565243,308.7527341557825,670
74895000,206.88331446041252,301.5311886059931,670
74900000,187.49515808557686,243.62252652011966,670
74905000,218.62998848696486,305.0534204837613,670
74910000,199.41611203474517,267.33392304059356,670
74915000,204.6220146727511,321.98350120996065,670
74920000,229.04311571440184,283.94398342649464,670
74925000,177.88799546260407,289.7330855592596,670
74930000,196.62498151344982,226.90488285488783,670
74935000,176.71346332725102,277.80178640008404,670
74940000,176.0413124147745,264.0085597733734,670
74945000,145.45201018457175,346.1812800031764,670
74950000,208.5971815854782,273.7812587840843,670
74955000,185.94605369511066,256.02208103981815,670
74960000,196.8489167246141,283.82438107007965,670
74965000,168.34420137589444,364.6747823673014,670
74970000,186.9060053834997,296.315003814825,670
74975000,183.53156434282963,302.614461113348,670
74980000,209.07821598590724,278.20089474960906,670
74985000,158.45094298339112,290.47884699229,670
74990000,172.29826094107247,298.6574364873793,670
74995000,182.83022672641755,318.473659608388,670
75000000,184.0915760525213,288.87519603429513,670
75005000,224.25458385035927,345.9161537200059,670
75010000,168.4552246154804,307.7477894589869,670
75015000,182.00247794488737,274.84639647847587,670
75020000,185.81940521663958,325.87361805881545,670
75025000,166.1380420076685,261.68359003690466,670
75030000,209.2000124463299,270.2985202289256,670
75035000,180.74407424504355,283.6705445956707,670
75040000,166.46352484453982,289.50024215046915,670
75045000,158.76504586063962,326.6133504301176,670
75050000,179.15430097765116,277.52384040788485,670
75055000,179.50370371197067,291.9686279555919,670
75060000,183.67612125113058,295.47356957941906,670
75065000,171.09319126280843,301.8774844116038,670
75070000,182.86532243752444,324.4163077991597,670
75075000,154.89676577467432,274.00131252831915,670
75080000,187.9797379391986,286.7278133070038,670
75085000,214.34759515559384,314.45515732127853,670
75090000,208.67119288435507,287.7665211087217,670
75095000,224.29420559088476,305.060550687987,670
75100000,221.0921427136523,246.24711874995438,670
75105000,181.91847448075896,320.65331071368905,670
75110000,173.37575496094945,326.92324260634877,670
75115000,201.8519176951388,281.05168808040685,670
75120000,213.18586696612937,292.0371735875314,670
75125000,154.38684802026842,208.47194299923532,670
75130000,166.69732584328446,259.7938073668135,670
75135000,188.29232550446596,287.9585131410785,670
75140000,196.26563852419565,302.27212099056857,670
75145000,193.68708228248678,295.6234304649676,670
75150000,190.78712633571413,289.8650929610174,670
75155000,195.38187671123973,326.07028088640516,670
75160000,215.93448198216777,373.84175586103777,670
75165000,178.70395521908057,273.3854004774921,670
75170000,171.04877811746692,280.50360266695293,670
75175000,191.27399002696836,296.6904156204969,670
75180000,148.3810844726817,330.8150758558002,670
75185000,179.82754275645613,304.2913737477756,670
75190000,215.48573122641315,327.85805035194244,670
75195000,182.48512958114398,274.60740237619797,670
75200000,193.7747217787097,298.9171322051385,670
75205000,201.1734067025271,370.87025692022564,670
75210000,171.5343394599881,299.34372616695737,670
75215000,170.01949326433615,300.4828956370073,670
75220000,182.74549409026682,324.75917916155953,670
75225000,194.60034596786326,256.2613052592858,670
75230000,202.4934239583277,303.53707849804323,670
75235000,223.0467862273467,384.04705268966774,670
75240000,136.2430576709914,252.21722047453892,670
75245000,184.26836844134624,241.52701123717281,670
75250000,168.0193278200246,283.6091291209825,670
75255000,178.65420995123398,229.3256523883157,670
75260000,248.53815850962536,333.8305757226783,670
75265000,200.33017433941907,329.34971116763086,670
75270000,199.5434947774902,308.4113850473313,670
75275000,209.86559926477813,327.6709106437582,670
75280000,191.51869988983145,302.66046876962673,670
75285000,246.6656392324748,355.93617952774963,670
75290000,187.55839080801462,296.66105581977916,670
75295000,211.37703263998765,290.55178557075664,670
75300000,195.78021784164903,240.21158800632188,670
75305000,149.88085269984734,272.34344779057784,670
75310000,159.63218439790336,245.22596744109788,670
75315000,134.7652292942052,325.0112005068628,670
75320000,172.37740071380586,318.8023015774161,670
75325000,170.80536268830932,329.9298324854644,670
75330000,186.53142235785452,305.90850118764746,670
75335000,210.48477239867486,297.85881252158845,670
75340000,200.31813429276093,348.1834628186775,670
75345000,185.70155892506452,290.713086518524,670
75350000,166.82352247743947,303.0200507378272,670
75355000,194.37055936711974,287.89722305405155,670
75360000,230.591258742819,308.31561663462145,670
75365000,213.5543278036631,335.91684821881296,670
75370000,212.9230703565616,347.92940161070993,670
75375000,188.48509451383435,349.56459203002726,670
75380000,186.2674914397924,311.55557661268296,670
75385000,172.56266362621582,343.5980642671076,670
75390000,170.75795628142248,281.16905346427353,670
75395000,178.89654965727144,314.2441272377023,670
75400000,178.9661200614978,347.2807063840111,670
75405000,186.10226496906373,215.81610690869545,670
75410000,187.22624068122227,257.4824486976571,670
75415000,175.32172778820626,253.69840228088765,670
75420000,175.3059589340345,287.575416748625,670
75425000,189.06932691280844,246.23604022121424,670
75430000,200.61662932618535,289.0715497240446,670
75435000,200.3915374802819,287.9489374163857,670
75440000,190.85190447317035,289.86664226971016,670
75445000,188.87748618104084,296.845047818692,670
75450000,211.4386022540331,286.620235648022,670
75455000,149.03058545696018,266.4280464007544,670
75460000,161.9656239466958,280.15628912590637,670
75465000,174.61000429562293,313.43063455034434,670
75470000,189.69625926212453,305.191490908486,670
75475000,184.18320996256924,305.908105254392,670
75480000,182.66632549631282,235.91638819814327,670
75485000,194.25478855702642,339.1945119221939,670
75490000,195.77453392627282,346.6529266580922,670
75495000,168.33833235064824,285.47937662454996,670
75500000,152.41802795609502,324.70550024909994,670
75505000,198.1131379793602,321.6725724330222,670
75510000,178.93279442496703,287.182979795518,670
75515000,215.19228541836873,362.7349411927158,670
75520000,214.50999206633912,247.5413341884991,670
75525000,221.49990483835572,317.167895384097,670
75530000,200.22412320412045,340.7203392225501,670
75535000,185.29198680468022,292.1223314037981,670
75540000,176.84647778341497,307.30157190995425,670
75545000,245.46605830539255,289.71516763516325,670
75550000,225.13607578392438,323.7165026552943,670
75555000,166.6264854171349,339.80626269759375,670
75560000,173.33795952263256,385.7168203903675,670
75565000,185.1143225041472,283.9356906312445,670
75570000,219.96770590599994,222.26719347960386,670
75575000,192.7864739491709,331.43018228646446,670
75580000,185.64620344841472,284.17693480786863,670
75585000,211.45857565620688,305.6328508738147,670
75590000,212.25494953437806,328.90640512541864,670
75595000,198.49149110704334,286.0954636974915,670
75600000,213.6375458359206,283.5811457529088,670
75605000,194.24751238277358,326.07624604490894,670
75610000,215.36862508076638,254.42666245196483,670
75615000,191.71547046406465,316.7214615041054,670
75620000,212.7122359296793,269.7592997680387,670
75625000,177.02634860875605,340.90721651573875,670
75630000,186.5495719746646,262.49626526165895,670
75635000,199.70841150330796,279.43407982253143,670
75640000,207.0046713910392,367.6840540289397,670
75645000,192.52644347295117,232.8050878739906,670
75650000,182.93451342402508,289.1683482126984,670
75655000,203.43048409110415,326.7161600897596,670
75660000,181.87864251917802,283.36089775497226,670
75665000,210.08964382734638,335.11478940367704,670
75670000,168.00373968794352,326.16440465444043,670
75675000,232.42734525490894,237.8752960355836,670
75680000,220.67535763133924,326.3268248399802,670
75685000,169.47959620614998,236.4213993652072,670
75690000,200.02957152698406,302.6313030193683,670
75695000,133.98538636197682,340.85078340321905,670
75700000,215.3719346189963,280.80028296328663,670
75705000,206.26283297691182,291.7142955030118,670
75710000,186.37665933722616,246.96780475837193,670
75715000,181.2868703100574,288.5602536624748,670
75720000,163.39815875168705,311.0002249835421,670
75725000,210.3429640751241,313.84418723309955,670
75730000,182.84187433249994,309.1977619482412,670
75735000,201.35002040245774,350.5139869676773,670
75740000,195.30017358654393,308.0397663351735,670
75745000,183.67061082933657,337.8303014241819,670
75750000,192.89638771279755,295.0826003963338,670
75755000,197.04252873724568,298.2504813659368,670
75760000,199.20195480862196,300.47187966516583,670
75765000,178.03552389027178,350.8521046813101,670
75770000,210.60472823680027,224.61128373706336,670
75775000,195.91523230823833,304.13084341061125,670
75780000,186.7703873843947,305.39770939965734,670
75785000,189.7600292768092,269.07447569332635,670
75790000,188.8731505699527,337.0135188094952,670
75795000,150.98538843182484,316.4781988947602,670
75800000,198.86304344215762,301.26662979529084,670
75805000,171.38394211239552,329.6201887394214,670
75810000,190.7022885493106,282.14564654225063,670
75815000,176.42634394228344,334.4513805687316,670
75820000,172.8556186560146,325.9938198128903,670
75825000,202.50448070383516,268.52350418972003,670
75830000,228.55048109073246,314.0134556897658,670
75835000,177.20241520001466,322.339203526436,670
75840000,203.74443976926045,323.8618074443204,670
75845000,184.15253755664205,296.4041448659757,670
75850000,165.14013180372203,334.5760477019525,670
75855000,192.61012963327093,270.5922686562092,670
75860000,154.85745905122852,306.97990249072944,670
75865000,211.38126124722356,342.9172152231988,670
75870000,192.6275640411396,357.73884030022424,670
75875000,190.52397016355326,300.9708135384866,670
75880000,181.04933561315465,308.84973631258157,670
75885000,164.2177817174747,328.76594966736576,670
75890000,215.04825562455298,350.32971873584114,670
75895000,183.82358502060092,233.5878112124975,670
75900000,238.04694015475434,313.0616823676413,670
75905000,203.23193068157298,285.3337918768239,670
75910000,204.48023346866978,255.8968297228829,670
75915000,166.5957295197666,285.92175851222504,670
75920000,180.5358412597587,337.0080701887787,670
75925000,183.95694230996963,237.77855931656808,670
75930000,177.69594594479497,343.56482895695433,671
75935000,196.55293270963833,272.0484723221124,671
75940000,185.2190115366731,293.5592481017692,671
75945000,187.31916745627808,317.28807764557143,671
75950000,165.67873086489672,343.75911135371285,671
75955000,186.77017975310184,315.09053450080296,671
75960000,202.11263146322875,290.3775687670878,671
75965000,161.80909550799896,292.42112677347956,671
75970000,189.72760356566556,284.66075056673975,671
75975000,186.59721608840147,377.4710493074413,671
75980000,164.50621676270015,292.00729282400704,671
75985000,179.12481537143236,295.4885703506896,671
75990000,199.57115687550709,345.64374801736346,671
75995000,222.42572456147903,283.7405031645133,671
76000000,164.75895117578148,227.3681364049759,671
76005000,204.03877614938,270.78323320230373,671
76010000,188.57250094089565,251.59126906113622,671
76015000,214.52788060334385,263.940433421394,671
76020000,155.63722965081487,295.2638677304377,671
76025000,197.5543877397089,350.33940640697324,671
76030000,201.18011689343345,326.19104832192033,671
76035000,202.4194490971929,323.0691053868607,671
76040000,177.69798445060817,263.52577370253533,671
76045000,200.33428961853835,286.85991345399094,671
76050000,184.06540324047438,277.68719500407576,671
76055000,198.1896804500058,267.5243001111768,671
76060000,194.4046460784141,272.0562195205686,671
76065000,155.46374744798138,344.78734902861186,671
76070000,199.2410579815704,365.59109746804273,671
76075000,203.25191842364,317.81774920772176,671
76080000,208.8080688380963,303.41476861443346,671
76085000,239.7446691261918,290.34198987845963,671
76090000,222.60096568693842,229.16166333206297,671
76095000,192.92552526854288,373.9908535453462,671
76100000,187.75324480059575,260.48418485858207,671
76105000,236.01229649691228,327.0964041404529,671
76110000,182.38162930450747,312.1414670797629,671
76115000,190.32716810347407,262.23208806869525,671
76120000,202.68472170237283,306.77300393458967,671
76125000,158.745443946574,276.68143153853487,671
76130000,179.4820601546358,385.6627046900994,671
76135000,224.60316370930494,286.7891408226545,671
76140000,190.5218341224576,315.1268661233027,671
76145000,166.54625884928055,286.70207358437875,671
76150000,204.86941718501228,270.474122470498,671
76155000,167.55040662957373,264.50366992393515,671
76160000,188.37459311148714,313.82049164271785,671
76165000,196.98205767888788,327.02288228538026,671
76170000,221.0203519217502,302.1268193699257,671
76175000,204.4604301333072,245.81584574544613,671
76180000,202.69726745974293,301.3694411848474,671
76185000,189.79003709406453,330.3083177999633,671
76190000,177.09056671075305,227.79546060616454,671
76195000,159.43331053394056,246.55380383835495,671
76200000,181.7743994457654,256.0918056991675,671
76205000,197.70328041795418,262.22120348347136,671
76210000,168.97879223131892,282.36950767445256,671
76215000,169.5972566219247,310.1305385442541,671
76220000,176.96617029548372,365.35391972024956,671
76225000,175.31689048816403,298.1546648210561,671
76230000,204.0968863663899,298.8535789881046,671
76235000,213.8879785948876,315.23603546062424,671
76240000,189.17067945766806,317.02487749190965,671
76245000,176.2883533250965,343.2273112841707,671
76250000,156.5766756600425,282.95136451290307,671
76255000,172.18719732814367,294.9033350786721,671
76260000,181.9920651286629,269.7644567865545,671
76265000,184.20322874405292,291.5425107730009,671
76270000,156.85939933550705,302.38525546490393,671
76275000,168.7597537353165,335.14739111862406,671
76280000,191.57524975196552,290.3581451384343,671
76285000,138.28404137851112,290.66208546471813,671
76290000,199.49647053071348,272.8561168804878,671
76295000,176.80025992524526,273.82655370188183,671
76300000,133.62906938022954,341.34466758122045,671
76305000,177.3327032130817,355.97728636324183,671
76310000,195.49163049056926,302.0245217369638,671
76315000,163.13246872739842,317.28269712054606,671
76320000,164.1978790805886,319.99893735571777,671
76325000,223.09328723389459,305.48329807264173,671
76330000,192.6129474900574,245.4610414564931,671
76335000,172.74954243522814,283.75063497705406,671
76340000,168.67109118381362,257.530459830076,671
76345000,219.21679176633342,286.0436135980168,671
76350000,225.29918118188834,384.6707948356126,671
76355000,184.68631272761198,334.83185425313263,671
76360000,197.0655404957022,270.53740834746503,671
76365000,195.09595587699368,324.74942970819944,671
76370000,194.74776695766926,310.86093916969037,671
76375000,180.770428967212,286.79084069772745,671
76380000,180.2197747210907,248.87548655977108,671
76385000,173.27864753391034,304.1785481722168,671
76390000,192.01663331324824,352.8813335289029,671
76395000,182.34687633065573,248.88222195341717,671
76400000,244.26147164975356,252.81889758619442,671
76405000,184.4581717985466,289.4814875027302,671
76410000,154.37421999307986,293.60903943126027,671
76415000,189.0116941775421,332.10146844570005,671
76420000,179.30253872439715,294.03307141158075,671
76425000,178.52019546045966,264.6553487902234,671
76430000,154.95195665671886,267.5754202125508,671
76435000,210.90278974496826,338.0864794632371,671
76440000,205.7480067788911,240.3130484990779,671
76445000,179.0328095997635,332.64717388480886,671
76450000,139.89234243457435,295.1327793436442,671
76455000,191.0746579367609,340.84756184572575,671
76460000,171.20642976330566,318.3066214937199,671
76465000,172.88789626273257,349.6113472435387,671
76470000,193.41726900282458,363.8100433153176,671
76475000,184.12306765924788,232.20092461144955,671
76480000,211.29988002515526,323.6119484451459,671
76485000,237.57681763540262,315.3750894844915,671
76490000,205.01427598480757,280.8189743506125,671
76495000,194.34734825183358,358.89520076127684,671
76500000,162.22880116957597,336.37462227808163,671
76505000,196.75864334793354,283.2917257424469,671
76510000,204.2958397709948,362.8275421281159,671
76515000,140.69677918697136,314.0842702869531,671
76520000,201.00685408358905,279.53609143618394,671
76525000,199.11601868573536,350.54510588247604,671
76530000,233.17822566266307,267.933970960284,671
76535000,207.70107718199571,299.3966277563504,671
76540000,162.0590188905587,270.5129385822172,671
76545000,179.1449194716959,265.19906567484657,671
76550000,195.98513961350886,252.80978214848815,671
76555000,179.7285524862502,339.8950074659627,671
76560000,184.61206699301124,260.46553115976997,671
76565000,163.81035289165112,385.25489730446685,671
76570000,180.5283698641487,309.94039187249797,671
76575000,175.4671292780625,264.84960010976573,671
76580000,182.28541980565515,297.5500558894968,671
76585000,174.43443236713634,357.4361928183586,671
76590000,177.99264989931942,316.9955840751114,671
76595000,186.99513291153409,300.8234620378094,671
76600000,191.04426220391383,289.8538397807269,671
76605000,168.34461739646167,261.4739683608114,671
76610000,169.07144346232488,348.8810532242144,671
76615000,149.0544086366786,318.78844466413034,671
76620000,184.54162872208173,277.05845559584037,671
76625000,174.34964809293695,320.4889028758221,671
76630000,204.79747360997746,290.76488608343885,671
76635000,203.9908625064241,364.2871285954951,671
76640000,203.98137086723023,306.2911496709182,671
76645000,190.05235510615069,271.21101184196164,671
76650000,245.5999094046876,311.5859686730725,671
76655000,157.30742859427602,316.6252141360786,671
76660000,196.08881816948377,312.6690692059815,671
76665000,176.93049746653605,299.14789956646007,671
76670000,160.22505556944708,320.13551287374685,671
76675000,195.21562956603418,277.93862162927303,671
76680000,230.0622335248522,295.4407738625273,671
76685000,204.2791055513802,265.81120311286907,671
76690000,197.29793913573508,268.41178753770976,671
76695000,212.54218354444566,234.95399807125918,671
76700000,153.3396297211838,241.68856206147655,671
76705000,218.3514549889319,282.06373376759706,671
76710000,182.76127198590078,337.18872505694713,671
76715000,216.89757436005038,322.687466997226,671
76720000,207.35722063629615,281.2161853619419,671
76725000,178.7380405135193,344.7437288640035,671
76730000,165.97783033240705,295.26064863083263,671
76735000,171.35104928563655,250.72702349003572,671
76740000,182.6885643330534,301.09138476215253,671
76745000,166.40840849788137,263.1673434784974,671
76750000,185.04397830570161,266.7940418249475,671
76755000,195.75103543578015,272.7474508305899,671
76760000,201.2612030142002,272.6757149155403,671
76765000,180.95310741129208,237.25951281685803,671
76770000,172.2298345082085,326.8356715213296,671
76775000,172.06208679849613,259.67985749282116,671
76780000,183.27165499857725,308.99775358783796,671
76785000,194.5733781170053,298.2679581740689,671
76790000,158.81502452177108,307.7326724315515,671
76795000,219.14457439806978,347.7107589164515,671
76800000,205.2315954183907,276.4575469512482,671
76805000,185.9500823340198,328.4495447427087,671
76810000,192.53337757680643,265.64114370298864,671
76815000,206.0832843593648,283.26501844804073,671
76820000,222.97802282364228,347.9362445237865,671
76825000,163.41364035446924,269.9121482886277,671
76830000,190.88499227499545,344.6751867619614,671
76835000,144.86898147808523,342.4041216890026,671
76840000,170.50248286428328,326.4391215509434,671
76845000,213.10390892593188,291.95315486383447,671
76850000,178.817670912345,301.8841435551985,671
76855000,178.34584224612308,241.57144198822087,671
76860000,178.1957705518886,353.3011293380067,671
76865000,163.77683373284304,288.5136665018557,671
76870000,218.26536723974314,292.0991341617348,671
76875000,230.888944174588,309.98639020257883,671
76880000,212.06860512822166,322.7037448089649,671
76885000,170.42169333970358,270.50888303374296,671
76890000,178.7809364678086,282.4026558586155,671
76895000,196.90314888847612,313.92291681876503,671
76900000,204.74000931675755,300.10779382260563,671
76905000,138.04351224602152,310.1923186781353,671
76910000,181.6025922047931,233.283382735293,671
76915000,167.90203186234453,248.16617942711062,671
76920000,168.0557436669373,266.0155421191111,671
76925000,180.6489866143128,307.2520242338273,671
76930000,174.30332525002018,294.9874744574904,671
76935000,224.0988728910543,330.99088890136017,671
76940000,209.22521411323763,299.6629711276174,671
76945000,158.656341464072,281.1024502125961,671
76950000,204.74660034595726,286.2572732467723,671
76955000,177.67467850380518,318.4152996672575,671
76960000,215.56203695707396,279.1249764216615,671
76965000,192.66924035903492,398.4196946938259,671
76970000,153.3624959144113,399.059125197058,671
76975000,225.8175410634993,361.17611253717615,671
76980000,196.76577425107678,296.56725683581493,671
76985000,163.58976415498216,336.22027510233596,671
76990000,191.28844576968055,334.35114921604156,671
76995000,223.60420361199147,360.49435543607007,671
77000000,185.93903381329096,284.2608985796478,671
77005000,196.36295711306593,278.80295323771617,672
77010000,216.78828134902616,348.29683772823887,672
77015000,185.53094801037452,294.0841271131687,672
77020000,221.38075087726577,286.0757793537421,672
77025000,195.85788148047703,283.3766553221838,672
77030000,184.4719576787282,302.5779511506594,672
77035000,177.22931284186305,325.0343099346129,672
77040000,181.41893520392756,290.46695902587015,672
77045000,207.37552050816973,220.35029156807533,672
77050000,167.46479111180062,294.7449638862889,672
77055000,174.6718128865068,184.66975727212625,672
77060000,198.4846376412963,281.49482693149844,672
77065000,212.0942157088855,340.17013905707284,672
77070000,183.61417568847648,327.1477635099688,672
77075000,200.94678840872922,314.65833735558556,672
77080000,171.9064432086736,295.13275168016287,672
77085000,183.0446423154535,292.28130835552855,672
77090000,154.4690849816648,285.5906558213749,672
77095000,229.5649702400963,278.2767462984953,672
77100000,236.23795056098828,349.21539824397735,672
77105000,175.83434001741568,305.5762581123596,672
77110000,180.7721262240928,351.0033796514259,672
77115000,211.26100007993927,369.42095610133913,672
77120000,231.5390321455855,285.55937093058935,672
77125000,229.27446143691995,334.5470471059608,672
77130000,219.03370891372583,270.388302424725,672
77135000,198.9218683939519,321.32041549501355,672
77140000,218.73032508224622,303.10881553083516,672
77145000,211.6700429330179,337.980054757158,672
77150000,200.10327091800076,283.0718976030629,672
77155000,200.88296903883207,257.3246010959136,672
77160000,200.1835418346459,346.3050732345983,672
77165000,172.48408235489995,327.5069656873737,672
77170000,179.55078572537877,315.91466807168246,672
77175000,195.50715177333043,232.3917039869703,672
77180000,222.87787516764837,322.1928328715862,672
77185000,201.03940377399167,249.91176304093466,672
77190000,205.93308019882357,298.2651769176275,672
77195000,179.36297533236518,232.22626416641037,672
77200000,211.1296606789028,344.5633389639208,672
77205000,191.5778360953267,304.8131268657787,672
77210000,154.67543820113607,280.7098137014914,672
77215000,214.83456337721435,278.1226771075634,672
77220000,200.29921818250378,305.5864984533009,672
77225000,171.43074761691312,277.56238888285577,672
77230000,177.50276966740708,350.9953745541711,672
77235000,158.0004705030506,286.87152965177154,672
77240000,211.4756366450378,292.29595297718816,672
77245000,146.34177770764342,323.3185985396163,672
77250000,192.95488570167075,285.3676945057027,672
77255000,204.95977498715217,350.39474300579667,672
77260000,202.0088094013188,344.162175666278,672
77265000,189.13720075907645,303.5912406074445,672
77270000,163.70908324896396,309.8894264268301,672
77275000,162.58946208546416,335.57639467623216,672
77280000,211.24400144190815,345.1978092051042,672
77285000,176.71568605200616,334.43586039803466,672
77290000,185.79520308439467,364.24941687490553,672
77295000,200.22015961936276,351.44204319880816,672
77300000,185.70006594360058,256.11646421624454,672
77305000,179.0764986723088,265.43257352884143,672
77310000,148.63709975367232,221.41613231266822,672
77315000,197.72202739358443,305.6294272628965,672
77320000,182.0492051216841,354.9168351220032,672
77325000,215.88115466959815,315.6244171620242,672
77330000,217.9756701469023,271.1721493172189,672
77335000,213.25208044457514,277.42884273811313,672
77340000,198.5414182382712,325.76226811241474,672
77345000,199.0514283793512,283.89625803510575,672
77350000,177.39630015719257,295.26860694200496,672
77355000,176.34042517146963,270.32723815912135,672
77360000,175.74403354777752,231.3714590006125,672
77365000,158.46821030249384,368.19750819587824,672
77370000,175.68436958949044,359.6294557549532,672
77375000,196.46389110467217,338.1542629886283,672
77380000,208.55946477956806,357.83849150206964,672
77385000,186.89713298288837,348.4121769096075,672
77390000,156.9142930217956,278.19232017167366,672
77395000,200.63389589076291,245.646605932725,672
77400000,191.9744405694858,315.8859811035088,672
77405000,200.02152497523466,299.1544164833983,672
77410000,181.48684057689846,280.74149160897207,672
77415000,157.51421363657897,219.09351288202447,672
77420000,167.72043287232435,283.03375974367856,672
77425000,167.36643436578277,307.3364916258471,672
77430000,216.68034031152183,293.10114065610924,672
77435000,156.98840642011254,299.18932313007355,672
77440000,202.46720197938703,314.37839893391043,672
77445000,208.87702984736003,247.26652882617307,672
77450000,166.8949114140235,337.1737441053552,672
77455000,172.64018209543855,311.4572424219143,672
77460000,211.77363024101706,281.68641111137777,672
77465000,194.76584891453874,305.0137535295045,672
77470000,171.52634149165866,286.6820875352095,672
77475000,215.39211557211425,287.41207457755144,672
77480000,184.94978895454742,375.7778568393358,672
77485000,169.84157721017678,286.0454184198797,672
77490000,191.56860502795155,320.4915260877231,672
77495000,148.8256698070552,311.9818883282061,672
77500000,183.5014091831209,288.17267441433984,672
77505000,192.40366986396816,263.4601118555859,672
77510000,150.2171625238019,388.18099899814695,672
77515000,209.9911564476447,296.66743378567435,672
77520000,171.4716269733887,311.2539428658123,672
77525000,188.11174415258992,241.74397264322403,672
77530000,165.06430911601768,252.55149192356697,672
77535000,151.86672218278864,314.53742204262676,672
77540000,185.98144153042753,307.11780184367797,672
77545000,214.38580749831016,299.40173944641157,672
77550000,217.41708164259055,369.37004409083244,672
77555000,129.4261424609493,299.32563002950707,672
77560000,174.44802376176966,302.73956118225067,672
77565000,175.84627124937023,300.7281718784657,672
77570000,167.1564771501854,314.248587113742,672
77575000,171.76644713688341,290.9242014315812,672
77580000,169.96682797999077,335.0104310456148,672
77585000,226.89841219757628,355.10945156984,672
77590000,164.2538114891949,314.2714149425503,672
77595000,201.21347387651693,284.9871662421769,672
77600000,155.0992894271289,276.44007160081037,672
77605000,252.1902502403356,293.3486778459784,672
77610000,232.0284747510213,323.18959378428684,672
77615000,210.60927406401703,308.33090200711615,672
77620000,212.42210705193418,275.70769174454057,672
77625000,186.38788332554867,308.63499933176433,672
77630000,197.8724102295122,350.3685333910754,672
77635000,174.89546909918545,311.2968442881565,672
77640000,193.86801566797283,341.0044010298784,672
77645000,168.84476248988412,236.69115816488576,672
77650000,226.79293272128055,267.3867486532976,672
77655000,186.599460397664,273.4263346123484,672
77660000,150.0173026366395,328.1508536003632,672
77665000,166.61402365975806,290.9428291966804,672
77670000,192.2780093695337,246.42083846488015,672
77675000,175.7237350699802,254.63680555089374,672
77680000,201.83685035970257,257.34248803116816,672
77685000,186.2095283393613,228.15922815153945,672
77690000,200.2392083130259,310.1528924484195,672
77695000,199.72986328327542,355.7189398840471,672
77700000,190.41253965369384,291.2545662336759,672
77705000,187.17404245766903,281.60516543564336,672
77710000,193.51464280479655,352.2562633929216,672
77715000,221.60646339865562,295.9608403381881,672
77720000,167.92052554922924,281.4949722520919,672
77725000,193.16003054710774,290.33440829317004,672
77730000,188.3673110430562,256.2344718348039,672
77735000,158.30989969055503,297.9179138855288,672
77740000,181.15454530583185,237.72855052238583,672
77745000,219.53504570220184,278.63619469807554,672
77750000,205.792687142535,319.15720668649396,672
77755000,167.46755171449357,284.3514620378293,672
77760000,184.4770137958425,323.073927458389,672
77765000,170.84699162516628,363.32936241492695,672
77770000,167.27110142664853,236.03370224510053,672
77775000,189.84072483629765,325.72168557230685,672
77780000,182.71672272191788,257.403106464379,672
77785000,206.60005824365612,309.9613549841809,672
77790000,179.67560385937884,312.296519096114,672
77795000,146.68063035190553,297.3750316902473,672
77800000,207.79504195107262,328.2647216408694,672
77805000,195.4816301317128,308.5269919200075,672
77810000,175.00991675007572,264.04366538285785,672
77815000,176.372321701654,257.8914518905918,672
77820000,216.50117532323944,331.5961597753057,672
77825000,198.36280882131027,327.9836751040899,672
77830000,195.68657837797772,279.14623234133074,672
77835000,201.2714374382181,366.4260332017397,672
77840000,200.49540402178266,286.4477822067225,672
77845000,246.07142639764325,267.25062366129396,672
77850000,163.16617659414607,316.89232141928454,672
77855000,185.86672401604795,321.32947222037353,672
77860000,190.42913966664062,297.6960013637966,672
77865000,160.35814681442065,312.1557908174354,672
77870000,216.4955274409552,299.50001820079956,672
77875000,186.79607272250354,317.73243003302383,672
77880000,222.09426901158452,321.2347805763622,672
77885000,180.56214821409108,288.542006589322,672
77890000,171.5396546639579,312.18631749099114,672
77895000,193.7622607049999,252.63095116251455,672
77900000,245.15885392320888,281.94151619621243,672
77905000,168.99391262531472,251.45004017447826,672
77910000,197.08458396328385,256.94021036936556,672
77915000,175.3645966758709,277.76990829146325,672
77920000,190.72966704720642,349.6880339451124,672
77925000,172.5218139262561,304.4190422465848,672
77930000,197.56633065140733,215.48492996272392,672
77935000,146.31121592840324,297.4658716457367,672
77940000,222.1337476513575,278.7453262797645,672
77945000,212.96089552564993,242.65460498248495,672
77950000,198.6297447775739,251.68533273025372,672
77955000,160.1038742605448,313.79511533967633,672
77960000,216.602263108826,361.852866852426,672
77965000,192.92355122065683,323.38203797725413,672
77970000,151.094270494893,390.8768786862152,672
77975000,168.70446856829952,310.52613650961905,672
77980000,198.76012978565083,319.3200100853905,672
77985000,200.9127432215541,334.98676671926023,672
77990000,187.6422906133283,249.68486690828,672
77995000,189.33436978292016,321.1467536851947,672
78000000,208.5276759189817,317.5264530136964,672
78005000,185.16083819787082,289.91093014962837,672
78010000,216.7491272009962,346.5611472650242,672
78015000,175.0057499791073,320.79005155017114,672
78020000,188.12697211602799,313.8183291530863,672
78025000,145.5560031403523,306.248102061982,672
78030000,155.1221128613379,275.12884584299286,672
78035000,184.6850601820379,311.19894319571245,672
78040000,222.66053812262598,314.4546499491662,672
78045000,161.7441901243819,285.8017036512561,672
78050000,194.79967377795361,317.5065105156256,672
78055000,179.39759105933996,254.2471605320979,672
78060000,199.47288045546327,346.93658100889957,672
78065000,262.0641064717731,261.8547419939958,672
78070000,192.63378450954787,339.34825179244564,672
78075000,218.00618284120014,302.8917883965283,672
78080000,214.88483010616702,272.4621215159487,672
78085000,195.6917348439577,258.64089972833864,672
78090000,214.3126164140271,317.69841581254,672
78095000,182.28266171017057,270.48561529487154,672
78100000,183.03564989073055,299.35791771916973,672
78105000,169.5742037172927,308.28784763727134,672
78110000,196.0689625276616,270.76379605282534,672
78115000,159.43423041901576,298.3512620939003,672
78120000,209.84080881776325,234.64397084984026,672
78125000,172.1383905900275,288.95741171873414,672
78130000,155.8715403187533,255.793060186996,672
78135000,186.34587219584193,287.86089628407024,672
78140000,190.62490414922974,334.7717354611205,672
78145000,147.48137137747696,266.4701355322075,672
78150000,208.19715727954906,228.22203781906998,672
78155000,184.05419586808657,300.3616166494597,672
78160000,195.74704235850513,323.4137662390905,672
78165000,164.19645265919485,257.5543261064622,672
78170000,151.1234754867092,353.84036117784,672
78175000,183.43593583990304,275.64891216701665,672
78180000,215.49196823727877,317.35413082744446,672
78185000,180.01280683353127,313.6446011417197,672
78190000,190.71686306121057,281.7363423538812,672
78195000,184.66407584956892,304.79693140964963,672
78200000,189.50714373055825,280.0066001079822,672
78205000,156.99363242992592,291.87693955522576,672
78210000,184.3429692624906,259.146047427648,672
78215000,191.44551547925084,284.75229649986414,672
78220000,189.12262972095428,365.74516848164234,672
78225000,165.024253471323,309.46699844396704,672
78230000,194.33759741728184,259.0384892382929,672
78235000,181.18558103230862,272.68608949995627,672
78240000,211.94814267654675,261.8407621321107,672
78245000,173.3784732422965,288.4455164987314,672
78250000,148.43231602585496,333.7141762674249,672
78255000,200.5389794079041,306.28887209214366,672
78260000,158.90408202552297,306.9914248462211,672
78265000,175.2215443302428,323.1672776946064,672
78270000,200.0468475706768,326.7775055237475,672
78275000,189.59314194355068,334.1819503032999,672
78280000,182.86023431415617,243.3729431578066,672
78285000,189.5681554668647,303.4141955182329,672
78290000,179.73741418637817,364.9475298776389,672
78295000,167.16679749690897,316.6407169165891,672
78300000,165.16476050920318,275.58960662782385,672
78305000,172.7841577365627,331.46286941023175,672
78310000,170.60327465133727,263.0350113386701,672
78315000,180.64064912950946,337.0618048418217,672
78320000,165.3788726052895,359.61410055130153,672
78325000,217.29099432056267,283.2000392583455,672
78330000,222.11501967008974,269.5889876711714,672
78335000,164.31274947103708,296.39057422092986,672
78340000,193.51597257870696,266.89440708504446,672
78345000,175.55185179530108,272.09721908452593,672
78350000,185.30135807280507,303.58071929317293,672
78355000,232.70296684739344,366.0848830134532,672
78360000,180.61585590395248,264.21608554552864,672
78365000,206.53150562946348,330.37475908466996,672
78370000,222.50904987827695,320.3202831326229,672
78375000,175.1529085730811,292.5715242390955,672
78380000,200.58089153211824,287.8521155574902,672
78385000,148.68155767450537,284.7384672673719,672
78390000,223.33952129695726,339.25898760473393,672
78395000,193.54820022558155,260.94130390435976,672
78400000,215.8421504237782,293.37952082021695,672
78405000,183.27643286654143,315.5968627840708,672
78410000,204.67192437989902,354.3088332713098,672
78415000,173.66682542230686,336.1685049480048,672
78420000,180.97151479684942,262.5732241948936,672
78425000,187.0485039204677,253.83176237603044,672
78430000,144.47389989677845,319.409265002889,672
78435000,179.81516597593847,248.6544203471785,672
78440000,218.55029835204238,294.77079587270566,672
78445000,190.37968262433367,329.05145706751847,672
78450000,164.75073184345612,307.72370655379325,672
78455000,187.94025355597154,266.62440254212254,672
78460000,176.6851361619645,246.4028533157729,672
78465000,146.12800977507,304.0262627316769,672
78470000,213.28926736374999,300.79346285447093,672
78475000,186.35979958828756,252.33697652879505,672
78480000,205.58990147089514,316.5840899152575,672
78485000,174.0969875392167,297.369782182769,672
78490000,197.46212367935317,377.78765395659576,672
78495000,184.85730386745414,262.85795499206046,672
78500000,193.22111568987725,280.6157137132982,672
78505000,174.92052909659276,253.9148589572554,672
78510000,181.10906360984353,304.2399574810176,672
78515000,193.28469602147064,228.8616822072726,672
78520000,185.76476995859446,300.7931719074173,672
78525000,177.80268461960898,273.36514550494667,672
78530000,207.59520175408147,294.5161222945677,672
78535000,187.36270520230394,280.9610984083525,672
78540000,175.81465457725733,255.8655374268906,672
78545000,206.74071346503408,339.9286663346841,672
78550000,187.09209110175163,278.15729445334017,672
78555000,214.8394458027614,313.6626236180237,672
78560000,204.14695332442585,256.88452758733274,672
78565000,179.4468246210308,295.901915067205,672
78570000,186.91591670586735,327.70846930405827,672
78575000,179.21985832820653,347.84816363429417,672
78580000,197.198967060536,291.4426674211739,672
78585000,182.76017500310854,318.90564166702126,672
78590000,181.02817630259742,262.4114277263385,672
78595000,195.49620676340476,292.978517486997,672
78600000,217.1419964892118,321.6937156933149,672
78605000,215.3214522572805,286.87532928523433,672
78610000,155.12226705252883,264.37543281054957,672
78615000,205.82721858480912,293.45932651039425,672
78620000,154.90003612605003,291.3615097058184,672
78625000,223.36420087761695,326.77130853343664,672
78630000,201.5372836589088,278.2200768834026,672
78635000,193.30875036366473,262.92762793070773,672
78640000,165.58387003785583,268.25395385669344,672
78645000,190.87451609349915,306.73164277026245,672
78650000,207.62391398990047,328.5079334636179,672
78655000,180.6140778833077,325.53310468163454,672
78660000,195.58148365505332,262.3547780882422,672
78665000,196.48512006199078,319.2199811096863,672
78670000,231.8884625414293,276.50000692770897,672
78675000,202.99208785191615,382.80111342299574,672
78680000,194.00346930621453,354.4116001848391,672
78685000,167.2024667978134,304.99630602328943,672
78690000,134.57749978461416,249.37884892988603,672
78695000,183.3392721321058,283.4581722222461,672
78700000,193.0743047699173,241.24793055745585,672
78705000,212.94174589184348,292.5198050476334,672
78710000,210.66070840802502,325.7756382979983,672
78715000,195.60387236305144,293.077048951311,672
78720000,211.88172132731387,260.78473303686917,672
78725000,190.51980202961076,286.11067745638644,672
78730000,187.85109673511758,233.1356735858708,672
78735000,167.02825874069686,290.6905659860484,672
78740000,215.54673324205854,209.53136024176183,672
78745000,216.68816874391405,365.80278875431566,672
78750000,190.87226793682623,292.13475728328666,672
78755000,184.0383168746018,344.74810918013884,672
78760000,150.63470411691281,262.643638424634,672
78765000,185.47993389758506,260.0980991132954,672
78770000,150.75411917280127,227.10698925887306,672
78775000,167.8740203730502,279.2891282494706,672
78780000,192.86821547328177,251.04306874248417,672
78785000,201.96596104986523,324.03469357966,672
78790000,201.6183441090121,385.67975868611944,672
78795000,184.12949853711615,275.53076967084075,672
78800000,217.32207748815642,247.05892949306178,672
78805000,187.93923771785347,272.2197047831718,672
78810000,217.08857103762227,267.9035959160079,672
78815000,198.57686982511643,299.1183460019788,672
78820000,172.73564530986957,288.2242217385655,672
78825000,194.93222330431556,364.38993763543374,672
78830000,176.86777760367383,336.03638296115787,672
78835000,212.40311207401328,312.7202924872129,672
78840000,209.68428838513438,302.04911156783794,672
78845000,166.3063311832609,299.9831098576817,672
78850000,188.30502482613332,238.7617196110055,672
78855000,166.50662069505432,344.3184701974805,672
78860000,181.98705443071736,258.68667124746463,672
78865000,157.6853342172578,294.10413712396354,672
78870000,202.57103335867515,381.8102546364921,672
78875000,183.53539904652874,289.34742140948896,672
78880000,177.1100979908894,321.2062152979154,672
78885000,192.37696853612636,229.81859993429651,672
78890000,188.26826088432767,280.49496995193493,672
78895000,201.92423533899097,294.3895228577693,672
78900000,191.90584584106176,280.7383203640637,672
78905000,165.75179118100328,330.35959715378897,672
78910000,222.37972403709713,317.93680089624536,672
78915000,166.9276602971133,307.4038276596113,672
78920000,194.1662879663818,315.93093438464655,672
78925000,194.90468802680638,222.63886175028753,672
78930000,162.26749907167945,246.31008816383712,672
78935000,191.03943984928452,289.4685601187406,672
78940000,236.77777577256686,315.7073073797915,672
78945000,223.57607928597025,287.31015280891984,672
78950000,215.63796239637117,313.0783990984104,672
78955000,221.66305385973772,284.02245135423266,672
78960000,198.0133724204965,249.97777468243206,672
78965000,198.4491728109229,298.87573192038974,672
78970000,165.92147078906237,256.55350460336575,672
78975000,191.79392384547015,217.70181045920893,672
78980000,211.5258513407603,290.657325565366,672
78985000,202.54730123892733,311.43229989361555,672
78990000,192.55517746665794,322.7466330316102,672
78995000,202.9362828084028,306.9564106918982,672
79000000,187.77936563178756,253.0124568681899,672
79005000,198.24801017866923,336.20469414623284,672
79010000,161.73805013100386,251.6893817366422,672
79015000,238.37701093263675,283.98517754663914,672
79020000,201.45706468505324,285.1318054625909,672
79025000,206.82193488047042,311.48848861988745,672
79030000,230.51348450844364,337.38476688240246,672
79035000,219.11433714497232,299.95555451527935,672
79040000,159.1588637061715,258.22999508868696,672
79045000,167.51726678985332,316.8248121741852,672
79050000,178.51707935733668,288.137154804438,672
79055000,187.6104374837015,339.76793122832,672
79060000,231.53160307476057,329.45470817024335,672
79065000,194.7037877847941,252.71931233435552,672
79070000,178.48746271208924,290.36447872959246,672
79075000,181.27487307866136,327.04946975581606,672
79080000,195.50262858714544,380.08232990582786,672
79085000,182.97882731816298,263.66835191828534,672
79090000,179.5416503038711,294.9766407277026,672
79095000,176.36673955074608,294.36929402124287,672
79100000,178.17496247355862,345.6895514978161,672
79105000,211.28708005212238,264.57118597326036,672
79110000,179.04898917303626,288.6461877373915,672
79115000,185.49074800092998,308.15843613874006,672
79120000,211.8302548072731,326.33910350828245,672
79125000,204.42631297312138,353.0128969718559,672
79130000,169.00517407062117,310.34181826066055,672
79135000,189.42974790173434,334.2136720991997,672
79140000,166.62270133052075,299.99683092902865,672
79145000,190.99081412951273,368.29549446311137,672
79150000,195.86787728290838,315.53851141772714,672
79155000,200.55343385316195,279.113065128127,672
79160000,214.8909165095634,343.5704287928576,672
79165000,161.26555118560094,366.4652738220893,672
79170000,142.68486571288645,312.1171749220534,672
79175000,182.17715788934743,336.7700515109605,672
79180000,202.24521685322514,295.3824022680778,672
79185000,151.79592182533665,330.2781069426607,672
79190000,177.12347446772418,363.2236901452686,672
79195000,197.63101379889056,332.7887855847591,672
79200000,184.25825685584965,331.72287830303566,672
79205000,179.08522752180858,330.0276370157219,672
79210000,180.80485340726,321.14401253793375,672
79215000,167.61425395409753,319.1202581396137,672
79220000,191.5790156437655,239.04876561931556,672
79225000,216.03183706593967,255.05380016637025,672
79230000,203.90576107982687,249.12944791767612,672
79235000,182.23808303414827,293.15702113034865,672
79240000,150.14914402655094,301.7751837589763,672
79245000,183.72284561219175,284.4986301795926,672
79250000,201.45053949066232,308.3875612888141,672
79255000,172.15202068385878,350.24930722919805,672
79260000,177.983347928019,254.03537876532596,672
79265000,166.32033288253666,255.35288632317256,672
79270000,185.58222438587626,299.9481725998143,672
79275000,174.06050778593084,301.3166087674131,672
79280000,178.7695032750971,309.5968051099276,672
79285000,183.95273674348607,280.78655466934254,672
79290000,185.80551900939457,259.7292875711914,672
79295000,183.48151766513786,309.38809528205263,672
79300000,171.07646082063147,319.8662402458736,672
79305000,236.43971095409032,306.51207014828094,672
79310000,203.6186251690001,251.04093448658094,672
79315000,180.41156640973153,304.44236490695897,672
79320000,165.3809084510791,306.35192737325684,672
79325000,185.8967310144979,306.2683178769362,672
79330000,167.97826393942404,332.6442500165692,672
79335000,174.2283970046737,221.90018042993304,672
79340000,194.2671587358348,291.9172948490984,672
79345000,185.65438340344932,321.50676957242547,672
79350000,152.01772263227903,231.08364032454847,672
79355000,167.91871030309568,359.57731391243567,672
79360000,187.2570494882248,278.10957942082325,672
79365000,208.32496796153563,376.64062207142575,672
79370000,218.1952727739961,370.93826711539344,672
79375000,190.49125432655947,347.03183080970575,672
79380000,174.97917516314558,254.53346634515896,672
79385000,166.727636039073,312.5177368679846,672
79390000,191.43159068435418,300.18263798211495,672
79395000,188.36362148945818,282.3776916569629,672
79400000,207.947059005166,277.52915719047854,672
79405000,199.71375587311923,286.727655142381,672
79410000,202.73741459148275,316.3706283160969,672
79415000,198.9112646708502,316.82107702564247,672
79420000,176.36634202266714,364.4799798991471,672
79425000,170.20175404967355,308.0569026162636,672
79430000,221.49509415005488,302.94631146877384,672
79435000,201.57929583394514,287.41979510252554,672
79440000,169.4578450703578,295.61725896017794,672
79445000,182.8618961939436,319.33584624547547,672
79450000,175.38945841764755,228.66699184029983,672
79455000,200.19142171115433,284.1083370440859,672
79460000,173.15113065300218,251.71252744671324,672
79465000,199.39602536523324,291.39110136216345,672
79470000,170.02144341221873,289.48923090374905,672
79475000,173.87782908434224,292.28031282825066,672
79480000,171.18497022261607,337.15444612084565,672
79485000,204.7797781762453,278.67124322616104,673
79490000,173.93199904057923,306.9873579067688,673
79495000,204.6022530308572,294.18356977843683,673
79500000,209.94506106143547,301.2576956484051,673
79505000,156.24143521447334,341.50711519187297,673
79510000,190.37516191916637,285.3015359679199,673
79515000,172.1732406914863,335.7435420666506,673
79520000,199.31543062017988,260.9656518108327,673
79525000,208.8713144922335,300.36891431566465,673
79530000,184.33064509024274,359.629890828962,673
79535000,181.6287760333127,261.6859814542436,673
79540000,166.95494775862474,295.24159422051196,673
79545000,150.73236066166086,281.4638867324477,673
79550000,192.3743906758863,301.8135884436139,673
79555000,210.01826250102278,342.7170279382573,673
79560000,163.37851683778595,296.3427991232228,673
79565000,193.89372499466714,311.33118074099076,673
79570000,189.94159055159213,295.9547823535785,673
79575000,190.919150945322,320.44071918293577,673
79580000,168.3767950720266,290.1143214705164,673
79585000,146.61029809265585,248.69567210697105,673
79590000,173.5827436859625,294.6596445792588,673
79595000,210.36033665907058,270.981434466083,673
79600000,205.55811970993548,225.99392957893113,673
79605000,176.7708176642279,274.98390630350406,673
79610000,206.64549575412383,299.0779086675176,673
79615000,205.87958870019213,314.6461917168607,673
79620000,157.9603047055723,325.0571000693548,673
79625000,183.47079586141683,319.9276993731559,673
79630000,180.96572207640924,312.41053475487456,673
79635000,172.08557779223563,337.1249717823738,673
79640000,184.7771520491968,287.40065347683407,673
79645000,181.99588484437888,340.2412530945585,673
79650000,125.6894023795387,287.9706183664255,673
79655000,181.55004530755167,328.1242149462684,673
79660000,190.53105436248308,291.6463263923126,673
79665000,173.1585553825613,279.1846856308609,673
79670000,204.07585120913888,297.9025184639496,673
79675000,221.51200477931184,316.4768711779589,673
79680000,209.14249479298897,301.30176515903037,673
79685000,162.63762593756806,302.490987602929,673
79690000,188.77885762086234,288.65099031477786,673
79695000,191.57492534002316,314.51981270755914,673
79700000,172.80373796051055,240.34073593930273,673
79705000,194.88567138169395,232.6297600807555,673
79710000,223.23321343864203,301.7829600105393,673
79715000,197.39883471636372,318.4341502660565,673
79720000,207.69721892453722,285.89085630059753,673
79725000,197.2874194599171,244.0610904146062,673
79730000,194.7142786925907,314.0921963407338,673
79735000,196.37108300504354,344.78588591924085,673
79740000,161.8043568199595,318.9461312047947,673
79745000,173.55900039339602,304.4470292644801,673
79750000,196.9406620878969,340.41112009947904,673
79755000,184.3176992804302,352.8519186783993,673
79760000,152.0938754052346,312.4035684181627,673
79765000,196.13140139178765,394.44026418349847,673
79770000,183.568408719431,273.5576136974582,673
79775000,198.65646493429372,329.82308619017215,673
79780000,236.53073399164313,296.2181898317115,673
79785000,235.96763215629184,314.13350567654686,673
79790000,170.62198399561646,361.4409639990508,673
79795000,178.4672240897463,292.4243884092268,673
79800000,179.33261787161734,271.0849233273832,673
79805000,178.9572415424321,253.73355810552655,673
79810000,180.37857817014552,301.892424799006,673
79815000,173.14444970420328,374.94450061889546,673
79820000,228.27631595823811,339.4497082648534,673
79825000,181.22967378791503,261.94961684275677,673
79830000,204.8480175319618,268.5016893720335,673
79835000,183.84805330093616,313.8708418592957,673
79840000,192.7943006836731,278.3170555972487,673
79845000,183.04815501536493,294.61911759020506,673
79850000,224.88937805654737,320.2066579906022,673
79855000,199.57773206526744,338.7553925920483,673
79860000,168.6966737786149,287.8202488367669,673
79865000,196.02754321147782,300.75895475403587,673
79870000,196.38848342568184,241.81909105365222,673
79875000,181.93748440429383,278.7350145631165,673
79880000,197.67693751543902,275.8116428162256,673
79885000,191.38459954229162,300.1751710380066,673
79890000,182.3456154804729,307.00718699400693,673
79895000,211.88155002619078,352.0652425080811,673
79900000,196.66492190985412,314.59248883984804,673
79905000,180.69247885321374,243.171502490479,673
79910000,184.17833123278655,284.1120779519955,673
79915000,211.89651416292543,322.6314206614215,673
79920000,187.80104421406313,278.4210015266574,673
79925000,163.55559567770462,323.59357190597365,673
79930000,190.44884770428789,267.0397703085367,673
79935000,187.5246546655534,326.22130785553935,673
79940000,156.6856030190578,318.69767192531344,673
79945000,185.38923833576163,283.75487535238415,673
79950000,165.3031147106014,281.9145678848874,673
79955000,217.8095449796013,275.9463472221705,673
79960000,175.8226273516117,235.67148768813368,673
79965000,186.2328607244311,269.8659415050087,673
79970000,181.5087448687773,260.73401915036203,673
79975000,190.0077596934881,302.81465020724,673
79980000,176.32257803198198,312.1470382817214,673
79985000,183.24706457938268,211.7293618330913,673
79990000,156.1447150119978,339.55799323455096,673
79995000,220.91383680290807,321.7332742570448,673
80000000,215.11834018213537,323.30811532254455,673
80005000,198.82412532348124,295.79649295544874,673
80010000,182.21360151376177,250.0810269226888,673
80015000,191.82605632349768,312.9949068849762,673
80020000,161.02694911651693,290.60562563220674,673
80025000,159.87366747853258,266.99783998224757,673
80030000,174.04869494314593,279.71210681081976,673
80035000,214.72134251225927,286.24731882077674,673
80040000,160.30408461099486,246.9705205666514,673
80045000,198.70432678818082,295.49366204154785,673
80050000,207.5837705750777,327.2781418598422,673
80055000,167.1704597997894,276.69551817616787,673
80060000,202.4873784088877,285.89089747481876,673
80065000,189.0690699627005,219.66809064841848,673
80070000,184.90650935014904,275.143368545457,673
80075000,195.49595819254543,291.5334206559771,673
80080000,190.4807976746565,258.2693607964633,673
80085000,201.80962987105673,307.08097992818506,673
80090000,195.60374578580203,371.8615000578801,673
80095000,185.43072693243133,306.96586518244175,673
80100000,200.43076651323875,314.82305379076354,673
80105000,182.9429975624596,267.93422423518024,673
80110000,173.58947706255182,256.7120991279363,673
80115000,194.8930860326685,246.08889904526873,673
80120000,169.7801951126161,352.235804884752,673
80125000,190.9240794272068,279.6127017289847,673
80130000,188.17983764710272,359.36611286012,673
80135000,199.39211762058346,324.7628688737318,673
80140000,234.9912093006017,306.3593289620679,673
80145000,157.48838978573437,344.1034221061154,673
80150000,181.2336240388018,333.4168837878495,673
80155000,184.53418201406325,329.0476101061297,673
80160000,192.9207395072432,304.7866584480714,673
80165000,214.22152494870912,295.69893329848935,673
80170000,159.7605251613214,233.00708134891056,673
80175000,215.45297222710602,311.4102719737283,673
80180000,183.2042383907974,295.6226129145247,673
80185000,203.81044825296834,283.9695299592075,673
80190000,178.5782525516068,322.38676421101457,673
80195000,189.08506145628525,363.13473584111665,673
80200000,186.0889062958417,271.53309850993304,673
80205000,234.38545551859622,313.1084216049524,673
80210000,165.39841289882418,261.66486877240885,673
80215000,226.68296533594378,326.6608931462879,673
80220000,200.61933796308415,291.84248024289724,673
80225000,156.958539988323,322.6948182795113,673
80230000,191.90896005840426,276.8130771866779,673
80235000,184.65043904367403,333.4871356362057,673
80240000,170.84629074833177,325.050915312422,673
80245000,174.59223047025904,280.18106899837244,673
80250000,181.7443592159901,325.2307906382338,673
80255000,172.0787788610457,303.4589845576145,673
80260000,178.16997282732407,336.5088421239702,673
80265000,245.9800301348243,335.57488144912725,673
80270000,166.18135994666955,322.4040607511463,673
80275000,231.8032366877155,291.2819665225305,673
80280000,180.00719193801015,384.4956054368508,673
80285000,200.1664477913506,322.25819868134687,673
80290000,203.99967057311403,301.9777699579242,673
80295000,239.80241080179485,360.3633360652658,673
80300000,205.03353715200961,331.7789114398278,673
80305000,180.80626204308888,331.1162778755214,673
80310000,201.37922366169565,314.07188617219595,673
80315000,217.24447554320955,313.7306685612777,673
80320000,194.27008851205082,254.42103844626658,673
80325000,215.3696935035397,356.2303925222727,673
80330000,218.75608626486118,284.76974152984656,673
80335000,203.1055780064284,330.50620950426304,673
80340000,186.58318474777968,329.3283393955822,673
80345000,176.5944928935482,301.2085960920368,673
80350000,181.26676932134075,272.0779873600569,673
80355000,185.5037337485433,332.1830865820554,673
80360000,173.54209175996624,292.27013476929227,673
80365000,216.34551514042576,309.0968661763787,673
80370000,166.76354808619402,351.29799088259165,673
80375000,213.01524336155833,347.6668215848525,673
80380000,165.13253556300486,356.91382567889093,673
80385000,182.83422494920885,272.1409533764039,673
80390000,206.55476732867677,394.2439635237786,673
80395000,161.64509852394377,340.36843875695774,673
80400000,191.03911795500247,289.5825948945844,673
80405000,217.76961824496001,300.7201369836267,673
80410000,153.21467680330872,219.1722490889058,673
80415000,216.16421208216187,272.0102900337227,673
80420000,199.43257434795356,314.81927579396444,673
80425000,195.73494094900576,266.5046381174132,673
80430000,207.38035206472767,228.15868923921613,673
80435000,181.95089623855228,287.34078182699176,673
80440000,179.67953190575122,317.14005310479666,673
80445000,194.31145497228974,296.8635450434011,673
80450000,185.5990558508274,304.2358423897382,673
80455000,239.95038284651486,341.7923042510066,673
80460000,172.4107130941998,307.9848483880487,673
80465000,214.12830750390813,357.74550915273807,673
80470000,161.20097109209254,299.02610770728046,673
80475000,171.67463840678354,310.8801049722881,673
80480000,182.49154424106126,247.83310955321488,673
80485000,163.1055267529705,274.9160762453827,673
80490000,185.1006706979194,249.5484028063832,673
80495000,234.1791176942869,316.05750888794256,673
80500000,163.4318739611794,316.51020974706904,673
80505000,201.99448502201517,209.0676056542478,673
80510000,162.27730940945008,310.28461636002936,673
80515000,182.28250789711953,308.32784450645227,673
80520000,170.55354567664358,236.7616973335659,673
80525000,187.14893886052838,250.8565500335686,673
80530000,176.68591377323685,261.9480345160044,673
80535000,217.27170676681155,297.26686175467285,673
80540000,190.03521329075411,340.2397325340925,673
80545000,168.71825122071772,310.9756200058011,673
80550000,187.33868922449957,318.741924301322,673
80555000,174.15328730253194,299.224217322491,673
80560000,177.95863387314773,315.10744981231824,673
80565000,196.09949774901224,287.22686995261176,673
80570000,208.29841219192764,345.07362137497785,673
80575000,171.17815790095102,260.93070706966233,673
80580000,190.6502494195898,324.5439451893734,673
80585000,197.6157343753558,263.5156526512444,673
80590000,174.64114391996,341.1746306774006,673
80595000,206.08832852343127,298.6926870532226,673
80600000,186.5963758034681,270.8319241576611,673
80605000,193.75785579461063,300.1861070193611,673
80610000,148.26249968812454,294.4198741200556,673
80615000,197.68887365248128,333.4203260321661,673
80620000,175.4738560422854,323.9707641252044,673
80625000,161.29285113448486,241.9540383018639,673
80630000,162.69392099496983,293.19196865155976,673
80635000,223.61543820862704,276.95271736263135,673
80640000,198.41441408987723,292.3854223306193,673
80645000,191.39173748191917,321.6884671047238,673
80650000,186.96449097222106,305.204292663573,673
80655000,169.75758482322843,385.59145364158803,673
80660000,194.22835151406127,332.82052704715176,673
80665000,200.8426210277383,299.9178259433873,673
80670000,203.10638015553656,277.95762539088526,673
80675000,179.75774094180053,321.4632810788876,673
80680000,192.5483829289948,317.0193903447883,673
80685000,178.1756200231276,261.1249205185622,673
80690000,175.382209492005,278.02432939533634,673
80695000,166.81477365204424,350.1345810851595,673
80700000,193.31126297564856,310.92738435028656,673
80705000,168.59827602000038,292.54816249378837,673
80710000,192.9494963505819,244.60005536434258,673
80715000,197.60680976927398,217.5498901663809,673
80720000,135.35169113734105,268.21380548505044,673
80725000,226.62320482463372,397.8912300151324,673
80730000,190.58246712421501,346.1443789568314,673
80735000,181.85096744613276,288.7065298209191,673
80740000,175.14298394678684,287.5137735623436,673
80745000,151.38930852410564,313.5197493504665,673
80750000,228.71021614962672,231.11401778346453,673
80755000,176.50321436065232,297.7678846334982,673
80760000,204.27608416134154,357.27148593666766,673
80765000,201.02471976591926,319.5012674340146,673
80770000,203.64431995273236,295.94438693526126,673
80775000,208.48707532314697,322.75636652419473,673
80780000,209.29316691946744,249.07050442610944,673
80785000,164.8159852021238,293.8769828726114,673
80790000,170.2672634972107,240.9865096841626,673
80795000,217.83164313295296,333.3874910204426,673
80800000,176.84788847662747,238.90746888220613,673
80805000,174.62978779654156,259.1579370340294,673
80810000,150.29591129948128,271.653879068442,673
80815000,187.37077469697525,277.72740065372125,673
80820000,179.3622175235949,253.0824246644317,673
80825000,168.55586628665486,292.3319214800262,673
80830000,182.27735183166362,355.44202123899555,673
80835000,183.95217649191545,240.42005159831618,673
80840000,177.30249943856325,262.0922253570709,673
80845000,156.7961071884372,290.50474710490886,673
80850000,190.37921900608922,403.8961474691109,673
80855000,179.1027538220698,296.7684690591685,673
80860000,165.34323180459563,264.42295860495096,673
80865000,174.85456089599325,402.2510210369005,673
80870000,179.91764456211322,265.28400864840955,673
80875000,184.6114691657589,272.59989567007557,673
80880000,197.34652994768925,289.68544263619896,673
80885000,189.35706684718213,337.6490482302271,673
80890000,226.88923479314184,318.14578403166126,673
80895000,199.23020734670473,255.68024202425565,673
80900000,204.3924629570832,302.4908830488151,673
80905000,235.621700780711,335.08476900601516,673
80910000,192.38452131986796,262.94921708893855,673
80915000,223.4492224807529,298.4512708940886,673
80920000,201.28739635891506,312.3006069042603,673
80925000,195.8601039156493,303.36706230334937,673
80930000,159.6720171669974,289.7705657164478,673
80935000,182.67886338485022,361.50134801240665,673
80940000,187.81294066779495,273.4465430002127,673
80945000,174.64266955168074,270.51427333472145,673
80950000,198.53665051650813,305.8640816552794,673
80955000,174.36563194721464,318.38821054558,673
80960000,176.29392765632863,311.49261027527837,673
80965000,174.13664559805989,311.3667117626054,673
80970000,208.93712559007764,312.0893831735178,673
80975000,166.51503902446095,283.1676965024025,673
80980000,147.56035402929695,240.56297564519357,673
80985000,205.85960662487628,236.80458185327012,673
80990000,188.2407322017288,305.7098730313811,673
80995000,192.80653560903863,314.47946723314084,673
81000000,181.58180001679477,269.60294714046313,673
81005000,247.00106891893415,291.80267722844366,673
81010000,199.13068248822088,336.8926848238976,673
81015000,167.92225315683314,248.50032062531272,673
81020000,194.37146389868062,283.1971170722941,673
81025000,216.7554531034689,338.20076721360397,673
81030000,194.05354006927314,220.0255441239008,673
81035000,150.94141766075688,301.95828263896,673
81040000,147.7207743789989,293.40918704364566,673
81045000,178.17699804786787,289.41640947270974,673
81050000,211.35611035309992,310.16700336480216,673
81055000,183.4148757682554,329.2299253207106,673
81060000,179.6020053564939,329.1467021229297,673
81065000,182.44554917482367,291.1109248511839,673
81070000,177.6501279035713,362.7131328728635,673
81075000,183.17567360687156,290.82751547347664,673
81080000,159.87419217644833,309.6372883830162,673
81085000,198.0187258764402,266.1562138706503,673
81090000,215.194547345741,261.3438433115582,673
81095000,204.49316924201327,228.59569624836115,673
81100000,226.0393920445315,277.7418053437937,673
81105000,210.58396548512442,263.68891725001015,673
81110000,156.54769500022527,274.2031845564392,673
81115000,191.7309337289778,336.6657962298511,673
81120000,193.3885684605625,277.71786639045763,673
81125000,193.37434323649853,279.4982054301366,673
81130000,172.35801974142882,278.5788094820748,673
81135000,214.3889631307349,264.51139343648697,673
81140000,238.2848538033354,270.0594875011983,673
81145000,147.6053674917868,276.21914978136385,673
81150000,187.5976578677167,322.6286841891354,673
81155000,201.0530170090467,309.30547366549393,673
81160000,172.28207853156292,238.7881989757996,673
81165000,224.00054837979232,309.36589550294525,673
81170000,157.2403455719226,326.5408421911004,673
81175000,194.14247734293147,307.39177878326126,673
81180000,213.6814144552189,321.8034599505144,673
81185000,210.11668346038715,305.52534159635474,673
81190000,174.12437267558153,289.2484680008276,673
81195000,161.21986687063918,333.4146416163346,673
81200000,202.15571057439604,303.9909600313674,673
81205000,192.91568395846875,288.87990020449723,673
81210000,185.69383135934035,319.3041803492446,673
81215000,186.94959592811944,255.10811075022565,673
81220000,190.29270048595225,362.62704647790537,673
81225000,185.7043510004474,304.3108014041085,673
81230000,181.96747339436746,267.5144538122865,673
81235000,194.2274475206408,298.75985291460137,673
81240000,179.4122620404904,285.6653489458234,673
81245000,169.2291799166786,313.07204758115034,673
81250000,192.0112789722875,281.77511692673926,673
81255000,204.9509623511243,329.76026877398243,673
81260000,184.37588795068302,268.2582122346942,673
81265000,207.16251632623155,309.98288816132373,673
81270000,162.44367563033734,389.70709981091807,673
81275000,238.91655500454465,268.93172962076665,673
81280000,214.52333689083991,372.6987284646429,673
81285000,216.76568165343812,272.14092894981485,673
81290000,193.18802460073053,300.8170552356073,673
81295000,223.02913912389786,296.6522846195219,673
81300000,172.52081821752284,288.0185827362293,673
81305000,144.35616078649326,307.0483321437994,673
81310000,151.40351445109366,293.7059462248371,673
81315000,210.59109054726238,346.30046117862605,673
81320000,167.7721880293464,280.451738172444,673
81325000,185.40410571299833,340.73456150702833,673
81330000,234.0224697649447,284.4438260366489,673
81335000,219.30695120318853,315.78908965864093,673
81340000,181.82223715237444,333.99432033134707,673
81345000,177.76313394582553,326.2975464799107,673
81350000,187.67474240519377,321.5869735618379,673
81355000,224.2147952104914,333.4077133109472,673
81360000,155.69255411831253,358.92441844419557,673
81365000,167.25336608851916,292.995783240753,673
81370000,208.60676201942135,277.833252852472,673
81375000,217.76147376416884,307.59227634714364,673
81380000,213.35724173654546,322.52197793891577,673
81385000,193.7758786269834,274.0462335433532,673
81390000,188.63924782123829,324.98986603517864,673
81395000,142.83933904762483,264.4779500292981,673
81400000,162.63414480808078,256.4984703003436,673
81405000,196.88411665531228,282.86183630507236,673
81410000,240.70167275990562,403.2894043893713,673
81415000,179.74547628707586,269.2393821309491,673
81420000,173.6085709588129,313.8299036226459,673
81425000,246.12724617249398,305.07621804666485,673
81430000,235.0338256338148,304.6751874476194,673
81435000,183.19211940987262,308.50853382890796,673
81440000,210.9983094305127,394.0914487744291,673
81445000,202.56748673383635,276.3987908565121,673
81450000,200.09996760734612,282.2903508053162,673
81455000,205.61593091532885,331.3182485079761,673
81460000,208.7953674456254,255.43915496091495,673
81465000,174.30092440914922,271.26055345867144,673
81470000,233.8483859976659,306.9508229319244,673
81475000,154.45337056237798,256.7441294745037,673
81480000,183.50438875068366,307.78010258978475,673
81485000,210.730989392929,191.52913000087418,673
81490000,186.94681525452168,284.505117873838,673
81495000,185.52507158379953,337.7230642039889,673
81500000,169.29165642387318,288.0793329526965,673
81505000,198.5212309675618,279.6904944429435,673
81510000,167.40640234400158,268.76551307558276,673
81515000,168.0334158086676,283.3538201804508,673
81520000,174.3195576960057,220.93842695237615,673
81525000,187.08649897348678,281.5064784222719,673
81530000,218.36361335152876,291.8759828174521,673
81535000,181.95735189869367,309.2824842574997,673
81540000,204.72800492976904,298.36779568842144,673
81545000,223.65621016801407,262.31287953101145,673
81550000,144.96092644769615,324.0068642270456,673
81555000,183.7860304390288,281.9175961122057,673
81560000,204.78089757217117,308.9172776913322,673
81565000,216.98158427146478,285.2951411516272,673
81570000,165.95450778351866,301.1395275836604,673
81575000,217.34482897191694,291.7137483368842,673
81580000,190.52883865207298,299.769380527359,673
81585000,188.4608936634121,361.342019201906,673
81590000,177.23924321533818,319.83656731406154,673
81595000,170.63030406715637,258.70815570502634,673
81600000,214.8380322456051,310.52617214727366,673
81605000,171.37291674919817,310.88101225386947,673
81610000,194.25344819313895,314.36187789001536,673
81615000,195.0121271595098,270.583014361689,673
81620000,177.8699952693537,334.8911829283894,673
81625000,181.75421437830357,310.5557346948837,673
81630000,196.03953542010527,290.7587720771052,673
81635000,154.54866218550205,313.6722746540165,673
81640000,179.5720135332483,262.2104557873082,673
81645000,198.22574355767182,297.928231869892,673
81650000,177.6375294335918,300.3681934249349,673
81655000,172.732917220167,258.8423205099419,673
81660000,216.94519467627845,245.65427111335876,673
81665000,187.63907550537485,268.0385914115275,673
81670000,167.72893973332373,283.0401108832042,673
81675000,201.16138705725322,266.3331486699894,673
81680000,145.29604107853083,311.67932525178634,673
81685000,179.28836532182453,322.05964013914166,673
81690000,199.75854911360085,260.1176280606445,673
81695000,184.83897390044478,242.7203463593273,673
81700000,206.03390065255115,264.66422590981523,673
81705000,170.5727640332333,283.16665927376386,673
81710000,180.49709661643243,309.93179598905147,672
81715000,169.87703185744255,264.89685651670806,672
81720000,206.19505183943278,290.32066060061277,672
81725000,168.22613712290686,244.34347545127102,672
81730000,143.25232947674516,279.98362736341534,672
81735000,186.49368407114386,356.64880160227534,672
81740000,179.33001070147782,394.26781549984884,672
81745000,145.22453954162134,265.3565807790427,672
81750000,195.0056207907475,270.30331516447444,672
81755000,197.20608761561306,258.1209577121842,672
81760000,180.62887310993435,322.34316918029305,672
81765000,165.98792756826847,208.8025713636669,672
81770000,191.09516498997144,269.03362417369084,672
81775000,180.9675959817855,320.9507039150754,672
81780000,175.36732139090702,301.38166202094254,672
81785000,190.70135565389242,281.3903960776235,672
81790000,188.92772435005807,252.6802758042689,672
81795000,193.45299755617427,259.56751763475796,672
81800000,191.8335787459414,227.6236498814657,672
81805000,218.05856921574934,373.14219079246726,672
81810000,184.59721074157642,333.0052853848964,672
81815000,176.1643185479521,237.02390884793581,672
81820000,197.79895122480278,280.8549672135422,672
81825000,186.6068257894049,259.4806057245037,672
81830000,175.679347999724,240.74996523482912,672
81835000,180.43621953242524,308.3585683930458,672
81840000,168.13795429888216,284.0960286250807,672
81845000,135.801934866318,297.1392647378212,672
81850000,179.14930565161288,342.3454235401403,672
81855000,205.5517266893945,294.1171358656217,672
81860000,161.68740740761595,269.1772831894554,672
81865000,205.71388097502876,277.42737930722217,672
81870000,163.14117744632765,290.9839029982632,672
81875000,232.20582478861473,267.66319039365874,672
81880000,195.25381589789228,300.81271636992943,672
81885000,190.669476500325,326.3706088062091,672
81890000,180.55707172724416,305.64359694517543,672
81895000,165.47905581868704,304.3891695947631,672
81900000,188.36938467303148,244.24971074335411,672
81905000,200.54996697745324,260.02108112568845,672
81910000,188.81839026637618,257.7015336869319,672
81915000,192.6532900091733,314.1084096066829,672
81920000,184.5973849183363,305.64550478814385,672
81925000,186.63865135959415,262.3557730825073,672
81930000,202.75870005001525,251.68987273764554,672
81935000,192.5329920612322,297.694775836322,672
81940000,169.6241775778474,249.84818510066827,672
81945000,243.52061373454939,270.2474048318394,672
81950000,197.76308351203113,290.3770726335099,672
81955000,199.39059151143874,310.1269944086824,672
81960000,165.72820160689457,296.4386833826465,672
81965000,157.41315867900843,324.0823058746462,672
81970000,190.8581223709797,342.07375555857817,672
81975000,182.6831096040552,349.89632332234225,672
81980000,199.96436568389748,333.53098472351877,672
81985000,174.77635367303324,304.4555017552937,672
81990000,210.29649694747184,311.06473272655427,672
81995000,176.90732497336157,324.76322144375825,672
82000000,224.72804328180487,343.3488011485288,672
82005000,178.6261767615187,279.9460456038215,672
82010000,154.48197428014234,273.45869435696204,672
82015000,149.16392368911505,338.621663517421,672
82020000,179.74873235096393,287.24095350277776,672
82025000,178.79644809943585,260.8546496148508,672
82030000,165.99267194620825,282.05885884577964,672
82035000,194.59435517246115,319.61110236590076,672
82040000,186.89190749522908,298.4449490263257,672
82045000,199.97073880177803,281.6220978895119,672
82050000,173.23800279299738,280.14863820091256,672
82055000,186.90840725978882,260.6856737898274,672
82060000,205.7863305865895,278.3921425491773,672
82065000,195.4231125057406,297.7592442909794,672
82070000,179.36237951508377,310.5898108022875,672
82075000,211.91524539879836,253.87536943530742,672
82080000,205.443141113401,281.53748085860127,672
82085000,211.94179141596595,327.74756736162607,672
82090000,184.25129830740357,315.70696424062464,672
82095000,194.26895733199575,260.54304530338067,672
82100000,182.68205419603814,287.2268823663544,672
82105000,155.69106340913726,267.9280613291657,672
82110000,161.03599501758453,277.742413510925,672
82115000,224.90264919944178,313.7431450163919,672
82120000,223.21772050673667,360.87871311149337,672
82125000,189.35809412304636,316.29032040119154,672
82130000,218.05178437754793,337.2025854749903,672
82135000,196.51087035004508,296.6640156820342,672
82140000,208.9419920832804,341.47450281488824,672
82145000,215.9460791122482,310.19755315075355,672
82150000,179.7640529544928,251.96811994596635,672
82155000,199.7790022244887,300.30137253995196,672
82160000,194.66517015335123,259.3672680618688,672
82165000,190.36065130314816,284.7783609849839,672
82170000,199.21422370269823,307.03694218899716,672
82175000,161.69833231734728,310.3145674150358,672
82180000,179.4456526204289,329.91106614862906,672
82185000,164.23024906691836,335.1445230884327,672
82190000,200.965719032008,295.1809705558692,672
82195000,174.9839373931346,300.9517531442199,672
82200000,198.0121524591428,321.5081710431062,672
82205000,227.8858571349385,353.04153582319736,672
82210000,202.8202330924236,283.8072516020016,672
82215000,199.26939001409383,301.52789317396076,672
82220000,165.52076498127167,280.9807275327584,672
82225000,222.92414761488124,295.0846120639785,672
82230000,197.12852296125138,283.33488805609124,672
82235000,155.51441895999997,276.71426374493535,672
82240000,185.3355630569501,265.7559740551312,672
82245000,208.94364830915333,322.9626423916027,672
82250000,146.3086443839207,329.92962600662173,672
82255000,189.05969127315672,290.4896299923665,672
82260000,162.47559296887212,309.86441877498714,672
82265000,186.0108183365486,290.84645776543874,672
82270000,192.28551654385734,331.95156777622714,672
82275000,166.5754356176177,293.8910376550502,672
82280000,180.25585054706212,281.7898526548037,672
82285000,177.966405936115,246.5804624664203,672
82290000,173.18480959401407,281.2151506903042,672
82295000,172.8264725178992,354.7587705785332,672
82300000,204.63508334284919,337.9457524329709,672
82305000,198.7008430423668,305.1754886938044,672
82310000,200.0297853676458,328.3542664358793,672
82315000,173.80437097607887,320.379485437511,672
82320000,229.82288911625312,344.61429321933406,672
82325000,217.36747454227708,301.763659598678,672
82330000,182.33538891815923,366.7479169967389,672
82335000,179.39724799456167,358.12544253616863,672
82340000,155.113305117406,300.9015930027473,672
82345000,203.3170343268974,320.0438233505628,672
82350000,171.5537630196486,345.4920509781509,672
82355000,206.95789808178873,294.6601615999061,672
82360000,177.74041696964196,297.24789135505796,672
82365000,150.93679687699736,303.50666608129285,672
82370000,167.61804949833083,311.6774450688431,672
82375000,191.03940375651484,278.3360797950927,672
82380000,184.06749474924533,326.2063382311739,672
82385000,205.42359979749298,297.0088096619239,672
82390000,201.1598812834107,291.6810328117694,672
82395000,189.65430819546916,256.1295927245651,672
82400000,212.7108398475454,330.7443020522911,672
82405000,171.18430466257422,303.8128871170902,672
82410000,170.43319504194793,327.2539168990845,672
82415000,201.4029886130841,284.3936110101612,672
82420000,175.38337487806018,314.03598293413046,672
82425000,174.95358775472616,304.07816011338434,672
82430000,195.88368185770884,307.25526150757713,672
82435000,183.95555861997892,284.73831620663475,672
82440000,185.58848454266388,276.0444399578694,672
82445000,174.98975245121048,238.55882183725288,672
82450000,190.11252551163633,286.71609152493244,672
82455000,170.58339365297414,281.4686483909607,672
82460000,202.89807532186148,331.9096967647987,672
82465000,195.2714261146849,277.79907060791857,672
82470000,205.87744412613554,348.8032498988043,672
82475000,191.31037626031264,312.2426951631598,672
82480000,170.6817632115245,248.67946255554202,672
82485000,210.03677682079532,311.2262713982985,672
82490000,179.38833357516188,292.33345054213595,672
82495000,181.76531780135008,319.57487722467727,672
82500000,210.27291516877926,408.62924830774534,672
82505000,168.74229721391833,349.03025568039806,672
82510000,196.91571227846057,338.67423530348384,672
82515000,191.22478754908806,267.3808511551277,672
82520000,213.11542600455093,243.75334809142103,672
82525000,202.68314131028984,248.03168658606938,672
82530000,195.42329654848115,264.245216831542,672
82535000,185.57235969775843,296.8094440191146,672
82540000,180.46672949910317,354.5074913489598,672
82545000,230.46656757164908,251.203222768061,672
82550000,180.70474075830825,311.57723094829754,672
82555000,184.76757467565756,328.43764546549085,672
82560000,180.1682523528613,299.2357055189038,672
82565000,180.61332856114242,310.83966242843707,672
82570000,173.9882737072038,316.500561204627,672
82575000,179.18439174524462,384.4010984293713,672
82580000,190.1104997803165,344.52434418902664,672
82585000,197.46514935199426,305.2693435612048,672
82590000,168.39218740285526,210.94623793096997,672
82595000,204.18913148768544,320.3707634995402,672
82600000,165.373077480511,275.7310579448641,672
82605000,179.47134071794486,284.52567854285724,672
82610000,172.87465375639835,321.46367653144114,672
82615000,167.6679152662374,268.16337880904126,672
82620000,152.93098169272076,286.1671853752429,672
82625000,218.76070565523023,342.3031004608761,672
82630000,191.45826911770106,280.9742251654792,672
82635000,152.5548506889818,285.30903972296704,672
82640000,196.69108593903618,271.58985276171074,672
82645000,205.8541207662303,295.60199410071084,672
82650000,158.34125146519642,267.9940567249403,672
82655000,182.75407565203972,306.17422051199463,672
82660000,181.2318899351837,279.2198169548232,672
82665000,200.20836361008338,298.9214585517215,672
82670000,238.50975259760284,308.86795027003984,672
82675000,164.06786251986227,356.38024003850984,672
82680000,181.04472111662133,317.20282840105153,672
82685000,193.26926984281272,240.75730987407766,672
82690000,186.7852725293329,288.3357005197341,672
82695000,173.86044745209486,258.16162016116425,672
82700000,212.94466292793882,289.4408938325884,672
82705000,159.77607364553734,307.595551482553,672
82710000,185.01463035519143,349.4986780379057,672
82715000,193.72181857946558,363.600847720906,672
82720000,197.47007768652188,341.7157968387506,672
82725000,230.03222894587964,329.32563655307354,672
82730000,183.42057115811025,311.13074290387004,672
82735000,164.56098722912722,286.71442620375177,672
82740000,191.91370167463919,330.4753585771933,672
82745000,201.91928203744672,303.53208682774493,672
82750000,190.22442654254834,290.864416700468,672
82755000,184.89811188309505,304.87677575573554,672
82760000,214.75043393700093,339.81986604473684,672
82765000,205.62085690952387,278.23030081065593,672
82770000,246.60246789926157,345.9285157186066,672
82775000,196.21151137890195,313.84595697739945,672
82780000,220.966447746028,264.40672008844757,672
82785000,172.8039006974758,240.07149346281463,672
82790000,178.29161867195864,257.9288200931331,672
82795000,206.70520046691965,304.85239677436607,672
82800000,191.5578294339767,338.6719128081877,672
82805000,185.48628290726873,273.01419276970466,672
82810000,220.71081306734587,287.15391900860374,672
82815000,185.87163068439517,298.32443422597305,672
82820000,153.4800852676889,261.2371806589236,672
82825000,180.32417598486762,252.8950260750839,672
82830000,193.19858012817286,254.23044040975734,672
82835000,195.3521484702229,339.745250321616,672
82840000,168.39135774320152,237.53536010958388,672
82845000,209.57024541814408,241.5997495921562,672
82850000,187.54889840895464,363.7486910124543,672
82855000,238.87407734406858,287.54703972431525,672
82860000,173.61864000967253,320.4693877324872,672
82865000,207.90451528249733,348.6523650564153,672
82870000,168.4430613986451,333.75192730908424,672
82875000,188.20838542731983,323.46584144910605,672
82880000,185.89901330817375,332.8242540895121,672
82885000,170.80784161469376,302.0066167675645,672
82890000,220.63256577907586,286.1114732030558,672
82895000,179.66958646634072,333.49084100534526,672
82900000,177.03451086333405,283.8883353724543,672
82905000,193.8351827952632,298.48540238657125,672
82910000,158.7141196784869,242.31546946453773,672
82915000,177.14510312194705,366.74545306870226,672
82920000,186.03761622925197,321.1091378925691,672
82925000,218.13681175285987,348.727403231465,672
82930000,173.07065797808534,362.36976257572104,672
82935000,191.19149448183578,283.55031089090414,672
82940000,218.82364413956952,304.178947519082,672
82945000,196.9035345341544,275.54506515990306,672
82950000,178.9256761964465,299.93627303941304,672
82955000,197.65236690085666,265.9100130609726,672
82960000,208.7619566354051,364.3205346794234,672
82965000,187.45821945449933,292.28581246785353,672
82970000,180.0684286144134,276.53205935737685,672
82975000,181.4175635499397,307.37162339233396,672
82980000,192.9988280093872,339.0057320033136,672
82985000,195.9190027794655,249.6700824836725,672
82990000,207.42947990132043,364.4400086803418,672
82995000,210.8414212926643,288.8652212239776,672
83000000,244.84956940571524,303.8322066136419,672
83005000,227.23648872535728,305.96216651867104,672
83010000,172.20761079137833,279.6598868609242,672
83015000,195.66126459072655,275.4624598461683,672
83020000,188.4963135965676,262.76616539205895,672
83025000,211.41942869179982,309.5306132098481,672
83030000,197.2780689732201,356.8133434939209,672
83035000,194.4252879881322,251.30118418295928,672
83040000,163.0408553413598,295.06095637099435,672
83045000,179.36487735580977,253.6064117933125,672
83050000,197.43149922975624,343.6166658488071,672
83055000,169.35009508628605,267.8914430937677,672
83060000,160.7628040425446,291.90292405023513,672
83065000,214.5832036044143,353.18440850024126,672
83070000,194.48100957173295,267.21687805973437,672
83075000,173.47881173584955,339.1976204892286,672
83080000,182.6895737347077,277.0262449297737,672
83085000,178.07738234289306,262.8868241178157,672
83090000,158.9659323851647,313.8426733914688,672
83095000,179.96993774183403,373.9911854165312,672
83100000,188.87803788919425,322.47575304723716,672
83105000,195.66658510975586,323.697470480897,672
83110000,193.3637442778889,288.90160722701836,672
83115000,184.3876102437144,305.29121532666846,672
83120000,187.63368947097263,260.4185254170977,672
83125000,209.50053744630975,255.19391640431522,672
83130000,216.3580071367665,353.2524615949195,672
83135000,188.88013531367704,327.6679629907792,672
83140000,193.94183521369484,237.78028616531398,672
83145000,173.35910522804173,282.83488919216137,672
83150000,212.19807855691056,219.08435355352276,672
83155000,197.4440939311939,320.9080684280423,672
83160000,175.08668989704157,271.93248207547737,672
83165000,192.06703622738897,336.48065297884875,672
83170000,168.70566178365615,309.1602655401225,672
83175000,169.34147078994857,293.7404755495819,672
83180000,167.7303948145459,236.18997165496884,672
83185000,171.31474740195034,287.88219600418466,672
83190000,197.75367007849164,286.9271992700222,672
83195000,181.61073800703176,321.2610605335795,672
83200000,191.39096831165736,332.76598722235127,672
83205000,180.75002380405908,245.7744127345875,672
83210000,175.56705591467218,269.7377577827769,672
83215000,157.84713393963085,248.40663082567517,672
83220000,219.56172625211607,309.730600707959,672
83225000,205.76734710000414,306.563256182451,672
83230000,137.59831096490066,265.25783665988655,672
83235000,174.24471910228166,300.21261320110773,672
83240000,145.03426272221304,318.987281118113,672
83245000,207.87356657304696,240.23820741807938,672
83250000,171.88184255653252,287.87325943611427,672
83255000,191.22561124829423,283.78918096245656,672
83260000,176.2735038702886,321.2091286456427,672
83265000,182.67675065951892,333.9542357878294,672
83270000,179.7675697374632,293.96271976290217,672
83275000,170.87754669475942,317.514756881379,672
83280000,213.76373858751913,285.7778694803766,672
83285000,188.4304486683712,347.3281996212501,672
83290000,190.26483153299856,315.5207122790149,672
83295000,175.88957411355608,255.47632797372577,672
83300000,157.9821547179663,285.44552889960534,672
83305000,189.61375081982493,334.96001440914097,672
83310000,194.14988029911774,279.16312026906144,672
83315000,197.76964600697391,269.66459359880855,672
83320000,186.48409355171205,261.2562040325991,672
83325000,213.3918497100953,260.39261591082607,672
83330000,162.6994440066809,294.3801587436134,672
83335000,209.22734757165634,313.03846147661164,672
83340000,188.44254849994306,340.36912429063864,672
83345000,171.27977860021304,288.2173234217621,672
83350000,204.26988085802165,331.62979626340183,672
83355000,208.0308567949038,304.6810024421816,672
83360000,205.45807816677578,317.5469555930788,672
83365000,188.61344837069012,284.25514496809103,672
83370000,176.29548047436882,278.08585740047283,672
83375000,199.49868429108773,264.545387065941,672
83380000,184.836407480918,294.3065900743862,672
83385000,193.1740978979591,324.1564640954859,672
83390000,177.13767910518953,263.9483926348142,672
83395000,191.4001878977171,292.5290279311764,672
83400000,175.6168075442418,316.98364149737966,672
83405000,202.3690843781408,320.83227691007033,672
83410000,212.80016990705195,315.821975178185,672
83415000,174.6897701006938,276.85239782542556,672
83420000,190.36482358725044,354.9888928584841,672
83425000,181.65244850296054,305.00232356667317,672
83430000,150.60709912011401,285.12324902395045,672
83435000,171.9385718390394,315.45540969923286,672
83440000,227.41856137564926,332.06490932425396,672
83445000,194.1826620581516,260.45642458093175,672
83450000,233.83521182247597,229.66854950831956,672
83455000,184.2849026601337,256.4057214382907,672
83460000,183.8558347618706,290.19133812446825,672
83465000,178.5630606854371,309.7046222975408,672
83470000,195.92483330804527,270.2307132129196,672
83475000,165.296135408018,268.58851697596543,672
83480000,198.18473475036313,243.51920447329283,672
83485000,190.3619569016388,314.245052202986,672
83490000,171.39377586464244,338.6194169600134,672
83495000,186.28508506917254,287.3847669635318,672
83500000,172.7368664354002,344.66448575460316,672
83505000,148.20794323930377,314.7128902968366,672
83510000,229.03484925793373,264.89504067309684,672
83515000,179.58535740662816,299.1694063493116,672
83520000,176.8794759305422,227.48102195096948,672
83525000,196.5186608350229,243.39867175076208,672
83530000,166.61617257577583,285.50555016141874,672
83535000,171.9453099191931,349.8172316504988,672
83540000,192.68500006461346,309.07179789020495,672
83545000,185.173938700058,294.4137659096197,672
83550000,241.06823236208746,328.4699308772776,672
83555000,171.62267638125167,309.3607962988811,672
83560000,171.0454607930987,338.7291373276269,672
83565000,163.37675856959746,315.18067780935576,672
83570000,202.17195423855253,319.7857494109997,672
83575000,171.88330506323308,318.7906080780324,672
83580000,173.6244765825977,289.17393312330427,672
83585000,184.43886782686965,329.98323629944554,672
83590000,202.17036432509184,248.88491029907968,672
83595000,174.11163738641417,278.7799495938544,672
83600000,189.1000703283192,345.7053082676935,672
83605000,148.9898066209207,300.8646143488845,672
83610000,188.83727608180652,276.1592299358659,672
83615000,218.81772627816923,327.2307407020298,672
83620000,201.02856715104744,310.79105635529675,672
83625000,198.90292344500546,250.55848788087752,672
83630000,169.0531955570487,332.0810153070447,672
83635000,205.70677499354434,309.05905088316496,672
83640000,144.4817667166067,250.33660926714145,672
83645000,242.96758115589427,262.50170334978407,672
83650000,183.96248770015336,274.59303926071834,672
83655000,220.87874743680052,271.87749295105897,672
83660000,183.7123798992123,289.3945749042802,672
83665000,158.72454900294673,330.51281384838114,672
83670000,156.98461799517796,327.0349875567129,672
83675000,195.8139445622653,249.64104876502503,672
83680000,160.79364994722897,285.1908552048503,672
83685000,164.68552912057245,310.979458567359,672
83690000,207.8860245220186,305.13346693608526,672
83695000,186.36906135284804,321.9333379011497,672
83700000,138.34083645430954,268.3012976692395,672
83705000,174.4108158472861,296.50354120289563,672
83710000,222.33500003501138,337.4376140281221,672
83715000,193.97654944569575,268.1801137043859,672
83720000,174.74945655869328,238.7009669437962,672
83725000,248.51590411422194,295.0742837044119,672
83730000,196.466354898306,275.63025549278757,672
83735000,177.15943979546017,300.0401367322653,672
83740000,218.50896138996944,366.8648408625571,672
83745000,206.64632443449875,242.29172843974752,672
83750000,201.73563622203633,279.2533066528884,672
83755000,203.33547675200197,288.95041737133675,672
83760000,207.26710923256533,330.915328202282,672
83765000,195.98625079019533,338.46796422756114,672
83770000,221.93465870503252,279.6806992691985,672
83775000,193.78935185095492,359.913133564039,672
83780000,194.75356927865255,291.7194148326224,672
83785000,162.5695556099797,263.1910672488989,672
83790000,178.78380727741038,319.6009317608831,672
83795000,189.39696209688634,317.260645309182,672
83800000,164.10567204134335,256.0809916921676,672
83805000,184.03341463873375,316.97232206497904,672
83810000,198.1644238370944,294.29983785612,672
83815000,216.08705357247868,282.4559111831396,672
83820000,205.87851836254387,288.14710508985195,672
83825000,190.05312918956028,242.25292364109507,672
83830000,167.48667009777932,336.60255773682485,672
83835000,221.62634371348813,296.57478647271535,672
83840000,204.07664998162642,333.7686057001352,672
83845000,178.92065507833848,336.57173742677963,672
83850000,204.6323781728868,275.9338929254466,672
83855000,182.27695030434128,270.93911386017083,672
83860000,196.75495341619353,289.8417739449065,672
83865000,201.9589233030773,282.28181870340643,672
83870000,212.07027388150095,369.77617676845813,672
83875000,207.81118842625227,310.8180402848335,672
83880000,198.36761907989052,286.9745204761086,672
83885000,226.65484079211996,325.8044463344426,672
83890000,159.8368903764826,275.8998722908282,672
83895000,231.475799261914,317.7647780207052,672
83900000,195.4620235843621,265.75852719875013,671
83905000,157.279303858115,380.49034543972624,671
83910000,162.48481124065745,248.66282375643306,671
83915000,171.66621044647866,319.194742820203,671
83920000,175.98595158963846,313.9251495447117,671
83925000,180.00206818505265,304.20691310716467,671
83930000,151.27910335770042,300.01304957011047,671
83935000,177.85400532314654,289.88290199497106,671
83940000,174.6515556349295,316.06467368563113,671
83945000,171.0417091389755,333.2921448385269,671
83950000,148.1106565299829,308.86577224454214,671
83955000,196.77929030409555,268.8350998836245,671
83960000,178.7615173568322,276.77094938624043,671
83965000,181.72656566387016,331.35206628590413,671
83970000,209.75634816680684,267.27070620384785,671
83975000,202.55495976912553,333.02073783217696,671
83980000,206.7258520146263,307.5356047268871,671
83985000,167.45602622257354,263.6113897327321,671
83990000,191.73007341943756,307.8125248435706,671
83995000,202.45515050062258,269.58729320817434,671
84000000,226.0431771579615,338.51540592827666,671
84005000,184.54288596898652,314.5043039032487,671
84010000,185.72982687218015,284.46497068439095,671
84015000,207.1058658385855,354.73986781534137,671
84020000,205.35935908876522,262.70373860408995,671
84025000,209.206674390848,265.98320642590045,671
84030000,193.28873638217829,290.79926395465134,671
84035000,178.75890676946696,352.66801368512455,671
84040000,169.35363885108893,338.9490985400598,671
84045000,233.093239052846,356.96161911040616,671
84050000,167.64072586925323,307.80713749863014,671
84055000,164.38300315928728,279.3613940461233,671
84060000,179.9684423514276,349.8686312480358,671
84065000,216.9940261391897,272.714639028564,671
84070000,198.97562591138626,307.29407568785905,671
84075000,205.58210957553402,290.7848190517242,671
84080000,167.61350939127377,319.6725792131327,671
84085000,202.81920281205197,259.78886566382494,671
84090000,217.2867299746699,343.53290486715326,671
84095000,205.9753622089686,358.4797912290124,671
84100000,221.20839003126147,346.14361238993075,671
84105000,207.9720998516541,224.23928137391738,671
84110000,198.31478021884274,302.2510313624216,671
84115000,176.71318831816583,325.6871727230612,671
84120000,193.91360468502347,379.6972497488517,671
84125000,197.68863315034852,264.5905308580774,671
84130000,197.54133349751743,321.6165675668649,671
84135000,194.86774540008594,290.08423865791553,671
84140000,172.4081100774091,253.23545377705025,671
84145000,198.655875813995,299.19256596518954,671
84150000,199.64587751229828,289.1669853739494,671
84155000,169.95448339222594,292.7614846351501,671
84160000,207.58175118592345,273.6480369400657,671
84165000,197.09347164802,295.10806683356105,671
84170000,174.5956814531868,274.3287000171591,671
84175000,231.64913305704619,245.86530801789763,671
84180000,206.95179247329895,310.7417834281506,671
84185000,215.15465823308824,345.348742961635,671
84190000,199.9264866532335,267.9674984234427,671
84195000,203.09661587938302,288.7721283748556,671
84200000,218.0117819741499,257.4457010094146,671
84205000,189.0374680706434,260.34225889178987,671
84210000,169.20148575485985,342.3035981448863,671
84215000,185.6902034560004,262.2802427582368,671
84220000,220.4229661498723,355.2530667225872,671
84225000,174.14556063257254,232.28520172111624,671
84230000,180.80974672026753,264.9577479896674,671
84235000,174.56361744260911,288.04634811015546,671
84240000,170.17595777450686,319.2685556055255,671
84245000,149.7049610319654,302.6199800613926,671
84250000,215.41195030766224,291.3851402563482,671
84255000,197.17365099028672,295.76878881432503,671
84260000,215.48810029648183,353.17349650378407,671
84265000,165.1679527401881,295.42491405285955,671
84270000,194.9051555812956,309.9972426756888,671
84275000,178.82131633868485,261.0282353467007,671
84280000,175.08414154576937,233.4698524911103,671
84285000,177.96668204115684,324.10685820328223,671
84290000,166.6394803110915,331.92641865262055,671
84295000,144.92310366837623,272.8759787320234,671
84300000,166.26186870016238,277.04880109579665,671
84305000,179.35012725715842,366.4058717074058,671
84310000,206.09144875518584,371.19407877934606,671
84315000,195.491533288869,274.83993462136107,671
84320000,178.0698285230917,294.1122509829198,671
84325000,213.41645589988664,271.66344099554584,671
84330000,174.0994256340226,275.0387303495352,671
84335000,176.82974965448173,250.46443413718444,671
84340000,169.51234345938897,316.9952784809339,671
84345000,184.19875678445257,263.68049872144695,671
84350000,226.3049797150229,315.47598466576386,671
84355000,172.40167098801138,316.73662129111966,671
84360000,190.97620317812718,336.63148753235134,671
84365000,173.87380275620492,313.92672481788156,671
84370000,185.924068911456,324.5593725155974,671
84375000,187.92601830529273,363.1323003670455,671
84380000,189.37549263365074,257.9591203281577,671
84385000,182.13397348254267,335.2605518178358,671
84390000,183.90732308679281,371.4101526846977,671
84395000,187.6752784202932,296.99401540333446,671
84400000,194.03402780789182,303.40382676875277,671
84405000,186.0312753705803,290.8338572053584,671
84410000,164.8748797278932,292.99591124053836,671
84415000,201.92542308393587,246.372348775127,671
84420000,174.86051522890077,249.09102811233984,671
84425000,211.02303327666436,284.3399472423185,671
84430000,174.10232532921248,299.37710383053155,671
84435000,208.41819437532092,317.34326090219764,671
84440000,200.66528576264943,276.71338928805864,671
84445000,163.42056447733458,270.4551868289511,671
84450000,210.40438361772874,297.751418080798,671
84455000,157.11240962265506,299.3054990065893,671
84460000,182.24495491849711,309.7528097873207,671
84465000,225.96227022473747,316.5557988713644,671
84470000,207.39036746055817,259.69583677415187,671
84475000,156.0255317773685,316.44685394171313,671
84480000,157.87769092715018,331.63934124364874,671
84485000,179.6177064983906,358.947150070214,671
84490000,163.76048820481375,309.8439054324157,671
84495000,180.97062621750518,300.00271016911665,671
84500000,164.48872773311,288.5183366931188,671
84505000,189.76412352425353,259.9302275055451,671
84510000,211.32849405156884,255.41352059184663,671
84515000,223.82934796611968,274.50693763255856,671
84520000,228.2786005737151,315.44836020734317,671
84525000,148.47072257392804,307.7160070397615,671
84530000,212.34381249354152,298.6628536336479,671
84535000,162.0242666433794,307.6614121663528,671
84540000,219.72499156227974,293.75185858467864,671
84545000,219.23761736769342,268.6018040314523,671
84550000,183.31608523422804,323.31402222270685,671
84555000,182.58164899767226,345.6784573971467,671
84560000,212.19185569397544,282.36843955415236,671
84565000,191.61068976752827,329.4783032659219,671
84570000,212.97992649637723,275.976686328918,671
84575000,210.61151422384395,209.750478943534,671
84580000,176.79942623797646,276.10184426988485,671
84585000,182.17333889711364,277.20551578977523,671
84590000,207.8516457460466,271.2134727720248,671
84595000,162.73004623210045,297.4083873092197,671
84600000,212.36944848266248,256.7658232486443,671
84605000,191.20874388994318,293.5512696243939,671
84610000,158.76991976896605,324.53167192997665,671
84615000,189.76431620234996,216.75706417959958,671
84620000,157.49795648809572,254.95513879163667,671
84625000,177.87036303827557,243.6465888910269,671
84630000,204.6960006644114,272.2422927723002,671
84635000,171.63617281813723,258.4841625701556,671
84640000,155.98911086785512,300.27744820685774,671
84645000,193.80595431843741,247.94215830871102,671
84650000,207.5187598938708,275.93815519171324,671
84655000,178.82972969567066,326.64614117732305,671
84660000,155.48761378997216,246.35604992548966,671
84665000,210.34917509236618,290.35633428898444,671
84670000,179.214657200098,270.80283693228654,671
84675000,197.6699831421079,330.97360085449736,671
84680000,176.14950821830524,260.7766458913529,671
84685000,161.60039951649867,306.99072260791945,671
84690000,195.84696107886967,337.6993836253435,671
84695000,189.96172540122657,322.6716529380716,671
84700000,164.22824342312197,295.51677093951747,671
84705000,186.8822709032105,285.5325298400815,671
84710000,169.12662972095254,333.5495054901412,671
84715000,168.42058523267832,260.4914058477327,671
84720000,191.93645279917888,253.0600877464067,671
84725000,180.5847214240762,310.36572251139796,671
84730000,188.64981777891998,250.97239060861187,671
84735000,194.73853015930501,292.4975670824091,671
84740000,232.21364534525907,309.9394524034232,671
84745000,181.54119169735796,343.7942529581572,671
84750000,180.40992632315647,273.6129227927248,671
84755000,194.36275660518965,334.0550224029735,671
84760000,229.69433345883712,292.6900402984477,671
84765000,171.6928799043763,268.67146887133833,671
84770000,168.04687969470837,317.628664001327,671
84775000,194.84523603388394,249.4524954395548,671
84780000,217.0632895359119,274.4171678039336,671
84785000,169.26437356017115,286.9324913933834,671
84790000,193.6217495826243,339.9966103375071,671
84795000,188.4579612012815,285.0743904670873,671
84800000,165.87727688457483,308.83687187102464,671
84805000,191.6996353470874,307.3636107899855,671
84810000,207.36856094132062,288.23721245196725,671
84815000,200.9472422078327,306.9571989167511,671
84820000,217.48934843967967,289.97375995286495,671
84825000,188.4442763637631,284.8222271757528,671
84830000,194.96592058491237,313.8340147879922,671
84835000,182.8611693710231,233.98768059560285,671
84840000,184.63687149791755,283.40227348139257,671
84845000,209.29037298397455,299.76416542898335,671
84850000,170.35390388289483,252.5915584496431,671
84855000,178.97576077464424,269.92152144580547,671
84860000,164.72590541834097,299.3899410326786,671
84865000,155.96342131345725,285.0436326384447,671
84870000,171.54453589901055,350.56635388000564,671
84875000,170.00580126781367,356.033806741071,671
84880000,210.93361049504762,314.2345268097333,671
84885000,183.75816540029805,328.5319713985851,671
84890000,196.4982459027049,260.85826018777436,671
84895000,199.88845289948236,226.44628222486222,671
84900000,179.83561393524187,257.5224409546653,671
84905000,219.80860697859896,260.9237171645772,671
84910000,216.25104469174795,385.73591214407196,671
84915000,200.03194792754547,241.8443740332898,671
84920000,150.55277480604258,252.30873693811685,671
84925000,217.2919902311001,298.9272163993965,671
84930000,171.6136929804403,269.00584603929764,671
84935000,198.8080935906633,284.0175087640068,671
84940000,191.1296285156083,304.9030580255795,671
84945000,185.47315022931232,290.7453602599556,671
84950000,174.21325063923425,338.089063660017,671
84955000,198.42916784609088,227.56617327771733,671
84960000,178.60509355465595,236.4137685346287,671
84965000,190.49395535151788,300.9054473650476,671
84970000,195.27408719120965,360.3598043651232,671
84975000,185.42007689422934,293.3269413160884,671
84980000,160.4624884780323,244.67205984741074,671
84985000,203.89910683038352,292.89360211351436,671
84990000,189.99810644935832,360.5163428156567,671
84995000,156.31989753453323,313.4943845331195,671
85000000,212.4383055817551,294.0771595036346,671
85005000,170.95888275951006,254.95114265766554,671
85010000,193.14336926180817,316.44276161137697,671
85015000,174.2915379501543,298.9006375671963,671
85020000,153.386332253317,311.42806783665094,671
85025000,189.76471702794746,322.63568780781316,671
85030000,185.69022780465477,272.9110431004567,671
85035000,159.66609689557313,300.21176369425285,671
85040000,165.18837272847665,272.9470416420297,671
85045000,217.95905973318168,329.3394423550286,671
85050000,194.39216206212114,295.4398358967832,671
85055000,191.4417951238094,365.70997953228476,671
85060000,170.14576846349968,308.76242600983653,671
85065000,198.0442700515469,271.44249610490976,671
85070000,212.25037501679606,245.05958211960643,671
85075000,184.73468806605837,298.6193438121473,671
85080000,177.59146939813238,314.3483516217681,671
85085000,242.48572002590763,290.6959236628672,671
85090000,195.25243156710852,302.8683662321904,671
85095000,187.67854718517088,276.5844502881807,671
85100000,193.35944060454207,321.40554973102763,671
85105000,192.01865138766766,259.72356115246646,671
85110000,199.35459039187032,346.61173901399826,671
85115000,211.10784922889948,306.3512440926682,671
85120000,169.20779015835802,272.0149618870237,671
85125000,196.49913820471068,246.6284420091696,671
85130000,163.015286578154,256.09080359435416,671
85135000,185.32725614071057,340.2175236580983,671
85140000,186.85287787455164,265.33681726250785,671
85145000,203.83775797834443,323.76655958575265,671
85150000,155.00960011480726,321.1544267199022,671
85155000,207.039622494242,245.8464852084762,671
85160000,154.27015890080892,283.52620923450206,671
85165000,140.0741358151206,327.7531454275022,671
85170000,191.8175995738655,269.36031662941014,671
85175000,154.94960910798608,240.2859687549506,671
85180000,188.14907627025644,282.3269080411374,671
85185000,193.23145991465967,254.0579697491237,671
85190000,172.8962267547498,259.86220952748863,671
85195000,184.50731627060696,281.8704419584637,671
85200000,200.26284414526066,295.5974282159569,671
85205000,166.40052098835304,347.4453552061724,671
85210000,183.57699296339436,315.235466583052,671
85215000,192.03912503928572,308.64864773500636,671
85220000,176.45308543124224,304.9762155591887,671
85225000,165.40108479011565,301.6587059884265,671
85230000,154.37738380043118,269.00283590340314,671
85235000,171.6475414636035,364.80070477027226,671
85240000,205.37246588827728,300.60886885675006,671
85245000,216.5465436496308,321.5579024065196,671
85250000,211.0795612471973,315.752598411311,671
85255000,210.9787640974259,305.68244663796617,671
85260000,209.7800865253304,338.27008173011785,671
85265000,159.90579411278827,329.7847040041069,671
85270000,207.79744163366814,303.7881318340557,671
85275000,181.65382678143595,283.35615110953086,671
85280000,193.43167401213628,295.03097222983564,671
85285000,146.5373074551441,303.51772910248405,671
85290000,187.3217364979654,332.59920413720573,671
85295000,197.27366690406532,295.4958433537865,671
85300000,191.32098330644095,296.67706030801827,671
85305000,194.314722404785,342.3098817302591,671
85310000,218.9662614654344,303.45901530208346,671
85315000,212.01824871625993,309.4279813523642,671
85320000,200.6831043010786,309.8146994617223,671
85325000,194.19626895713526,340.1129972698425,671
85330000,184.0657478633918,301.73078205519175,671
85335000,196.0711920282573,305.963096935317,671
85340000,213.09969442884875,343.67439378618695,671
85345000,185.95428821113367,279.96855668397956,671
85350000,192.51089292847251,290.3378285450094,671
85355000,165.762511627665,294.3948459911706,671
85360000,191.67796717033895,267.0349789384892,671
85365000,176.9317834454539,283.67776669621264,671
85370000,190.07662717385477,295.8698652519619,671
85375000,169.61279594282325,349.11885294139665,671
85380000,149.47264441679135,277.5202773202553,671
85385000,197.2739263056933,308.9743799858766,671
85390000,208.06234195822438,292.93885784936145,671
85395000,208.70212980181637,306.645498473549,671
85400000,203.4555501266094,345.47602799337363,671
85405000,188.3264450839563,240.32767343364648,671
85410000,188.60372234821597,318.71575947089093,671
85415000,183.51474648986067,361.6124039249024,671
85420000,205.53303156283968,248.46883810464323,671
85425000,160.91448915923826,290.86426410329346,671
85430000,171.50411972229656,275.86482229757445,671
85435000,206.8055302185668,294.5875871507604,671
85440000,189.99294095154656,274.954264279835,671
85445000,199.73007754351627,251.9730129910623,671
85450000,177.89600339844003,303.0090308719765,671
85455000,199.18959362171177,349.9925490115645,671
85460000,215.42947528372522,279.8258523953532,671
85465000,178.87825132760065,349.6282985276119,671
85470000,222.67335019015334,352.63744358066833,671
85475000,200.85274287021622,337.5881467862629,671
85480000,214.25661842048606,276.66553163209767,671
85485000,182.79657092593843,294.79864532311325,671
85490000,165.14514379698693,311.1040562393074,671
85495000,178.5160971266884,312.7064175747024,671
85500000,196.72893725995593,259.12635054729856,671
85505000,194.01895936202652,347.7071802896047,671
85510000,186.6675883367384,244.12622795270386,671
85515000,200.37741749125212,305.3177564644801,671
85520000,172.68215583607372,322.76989209681386,671
85525000,202.78335731281055,336.1777296949259,671
85530000,198.6407707774157,314.65264746532324,671
85535000,185.95179126038985,350.93105929172594,671
85540000,226.54256445745887,348.38098196808915,671
85545000,187.42474824969952,328.9388001320606,671
85550000,173.88843837713642,351.23266566063074,671
85555000,214.31813070853602,326.0821025450011,671
85560000,200.72805295889412,284.6320176671824,671
85565000,195.16490919624917,298.2468908974474,671
85570000,193.2389672924055,336.8693927010719,671
85575000,216.35413854036128,288.73724787134364,671
85580000,239.88548958077618,345.3340561189587,671
85585000,190.63194301817478,302.39879212786894,671
85590000,190.89516485411448,320.3742114759316,671
85595000,224.92218218353457,425.052294711296,671
85600000,173.6285076773564,329.95010454657404,671
85605000,193.6099176695602,294.0287031058047,671
85610000,204.54418916262946,338.1244510860878,671
85615000,195.15058732018204,263.5221145168601,671
85620000,167.57701720834265,303.6018873125394,671
85625000,195.61126148322057,334.0911639249175,671
85630000,158.55665142529642,288.709502914365,671
85635000,191.30670165290906,262.80429847843004,671
85640000,194.02146190969546,346.44949095626885,671
85645000,209.9752561945733,285.9555230429303,671
85650000,158.86463521918918,269.7170966504924,671
85655000,151.78545220183815,284.95847118250975,671
85660000,164.0202359965937,300.19542950861086,671
85665000,183.24687847488752,253.8353904280512,671
85670000,202.26496664154746,359.61128778400104,671
85675000,180.59416885203333,286.2534411904584,671
85680000,165.34128946133427,275.3850234668942,671
85685000,183.62317553627386,220.90635976934968,671
85690000,166.62828484493292,320.2787547402279,671
85695000,177.16677435356152,323.173389744356,671
85700000,182.7192547907684,260.30896699275206,671
85705000,172.13162204873487,291.50859910934514,671
85710000,237.7052362588445,310.79728289607624,671
85715000,171.93105983673973,307.32634059724757,671
85720000,162.04242871823277,266.65814829268453,671
85725000,177.27393789018336,333.644250303396,671
85730000,220.38619101655186,331.08942734011185,671
85735000,177.21046385036945,312.0031052499402,671
85740000,222.27118936985562,259.96226302971314,671
85745000,202.01026911760303,247.0480458413097,671
85750000,212.58156431110302,376.4967537064578,671
85755000,200.831593422608,427.2467059038594,671
85760000,193.72374303463957,268.3909281155759,671
85765000,225.34113466535428,338.82109176595816,671
85770000,237.7424706215378,327.67580174358704,671
85775000,219.91302819242657,255.68019173573686,671
85780000,180.92736421645037,330.8732582689219,671
85785000,220.98535142574562,294.2965216463635,671
85790000,212.94878730869004,289.20599116321335,671
85795000,191.9644344661012,289.6829886000091,671
85800000,202.56351974292107,330.3198478360167,671
85805000,156.13030315270743,292.9001580147147,671
85810000,172.1947514949715,306.85634498167536,671
85815000,169.6633257054221,353.4426929123491,671
85820000,159.89927090051398,336.1019075444237,671
85825000,193.35266998495132,294.32911206080064,671
85830000,189.94954975521105,306.94864016631436,671
85835000,148.41741402826733,256.06333558364054,671
85840000,198.5177882067171,397.26986931905327,671
85845000,180.18332447976968,308.4242298620722,671
85850000,205.4845505317289,320.7699914120094,671
85855000,179.13219181577193,220.11038109486503,671
85860000,191.67464661897358,338.9981509190669,671
85865000,189.5318321531411,287.27011358026243,671
85870000,205.41617467094852,292.4591798743104,671
85875000,188.9588162618682,301.09737418996014,671
85880000,178.15901018951965,292.0450547271685,671
85885000,161.34167038129473,325.8174460243646,671
85890000,187.57196510233388,323.94302594007917,671
85895000,180.10370262724814,304.9714297636454,671
85900000,184.6238039920682,310.1734927817297,671
85905000,230.656051136015,264.0461607267081,671
85910000,213.6235477191021,308.50444087615625,671
85915000,198.32513817967225,245.5053823545451,671
85920000,184.2234437175506,291.22756634830523,671
85925000,208.67565935499772,272.9249005667068,671
85930000,180.33865997107458,338.76232686703645,671
85935000,174.61449174155175,286.67553276964014,671
85940000,176.67807586190298,326.44484005818197,671
85945000,207.4007773408224,288.5009628738613,671
85950000,190.40045665556977,279.0187035856071,671
85955000,196.46498511791796,256.690050173979,671
85960000,249.54966422984256,396.51792395854,671
85965000,179.55401482764572,305.0083375022887,671
85970000,212.69536356875645,306.98133691101816,671
85975000,191.78713209358153,366.74517123548725,671
85980000,212.2921140354661,308.58470192766487,671
85985000,211.04579576364856,275.1739029500395,671
85990000,175.93139138273887,363.0645702607739,671
85995000,189.76296927161673,387.46339141422635,671
86000000,169.30808190815446,264.80733530758846,671
86005000,207.1917522586311,315.2958235435769,671
86010000,182.4876204862008,286.2282587567536,671
86015000,196.5082115702969,306.7659532684549,671
86020000,218.71605559503888,319.9807762966031,671
86025000,201.27290791044265,307.38513829802304,671
86030000,181.09313987991706,288.62635993092226,671
86035000,161.94813520274528,271.1500889796174,671
86040000,200.0891327258058,292.5078237976927,671
86045000,219.99784535359777,247.9280830054648,671
86050000,195.03489847599687,293.5444157324873,671
86055000,178.39682986182603,334.5552584230921,671
86060000,175.97462703937003,417.064997397775,671
86065000,202.09824817945307,253.04450254948486,671
86070000,147.21868036685333,368.40275419529644,671
86075000,201.6910407278633,344.9665853692805,671
86080000,207.49296862976328,310.74661511604444,671
86085000,181.57495090356596,305.1660756159414,671
86090000,225.35522471031175,256.00202176205556,671
86095000,152.91443754338155,309.39749103814023,671
86100000,162.10380392680833,319.02369834422433,671
86105000,191.85520568006464,345.44948113748615,671
86110000,211.75091076673425,345.73127821338346,671
86115000,176.0571837853014,261.5299854505674,671
86120000,178.78258052498668,270.97186293416286,671
86125000,204.55409769718335,289.82841850246393,671
86130000,198.16216622321303,255.18034876670492,671
86135000,222.3401413419528,341.3685579010744,671
86140000,186.10910886763313,282.1916822282676,671
86145000,216.72550697424373,350.2260269720587,671
86150000,190.47563787774848,331.4754387149058,671
86155000,200.55958857133004,317.4686066157196,671
86160000,210.0902749044207,300.12208296995925,671
86165000,165.60543856038078,312.1581113464927,671
86170000,219.58538604246672,339.9014379865945,671
86175000,176.200145696132,256.30891441611516,671
86180000,180.25859651063686,294.3190704615268,671
86185000,210.00725264753635,278.76641593322023,671
86190000,207.8634160717766,240.46693184941344,671
86195000,201.05514753696576,286.0582365356112,671
86200000,175.63562006845612,320.51793015205567,671
86205000,182.63286125835046,314.40071504536894,671
86210000,191.70191836216878,283.20476203025646,671
86215000,169.82676914503577,293.90347299571255,671
86220000,194.8598941307153,272.7594490967245,671
86225000,138.29894165186047,289.0049970318422,671
86230000,209.48526842795422,263.13081746267704,671
86235000,182.20589518587826,359.94012087282545,671
86240000,218.36094288691413,288.5111392347143,671
86245000,211.91395723696016,252.00264751790579,671
86250000,187.62073586942907,278.4183306075776,671
86255000,188.1757448144298,287.04128982091265,671
86260000,191.65435537303998,336.16137520901214,671
86265000,180.26460035876346,311.9416337354668,671
86270000,197.67639828300943,314.86618287720245,671
86275000,168.39227048495357,309.7369827512096,671
86280000,217.65132311623955,267.0173621530709,671
86285000,155.26783528727333,297.48209528693894,671
86290000,210.251286726551,334.66309532760636,671
86295000,151.46603109605638,309.1608786975113,671
86300000,164.29514402871337,319.1064918838776,671
86305000,195.4075809679009,313.61599820082296,671
86310000,168.83645015938077,287.156451454386,671
86315000,194.8853169482087,247.52920504450765,671
86320000,179.91464093104202,258.6367509780336,671
86325000,190.96875400521208,267.09563407988355,671
86330000,166.95296871266237,312.7708817931598,671
86335000,169.56013034752067,261.18056452417136,671
86340000,166.89320892072377,327.3883791139617,671
86345000,160.90662858591435,280.1728593008327,671
86350000,206.12564854016625,282.4596879438854,671
86355000,176.87313081683442,308.4824270918117,671
86360000,176.96854153787652,283.1063107442088,671
86365000,196.760430976408,349.7111236331121,671
86370000,227.44995800688923,364.7075820974134,671
86375000,197.79442069066113,295.88372447699777,671
86380000,184.09908366345906,282.37887124906354,671
86385000,205.1085377905354,268.63402376301593,671
86390000,188.96872439610704,306.9755555945128,671
86395000,181.12081247854564,227.68489220048656,671
86400000,213.77841408433957,284.9541702867794,671
86405000,186.40606220562654,292.1588967681811,671
86410000,218.99505763123142,326.1775045438315,671
86415000,174.815744287865,239.84838286571073,671
86420000,182.51974607662945,264.3379074764334,671
86425000,200.42743125912335,272.3029343482308,671
86430000,149.69922145910894,274.2778702386545,671
86435000,167.3185955643079,315.0899856055173,671
86440000,251.54761993955714,325.6343003333906,671
86445000,182.61395515054366,310.0966309117572,671
86450000,141.17369193234225,294.9219608582674,671
86455000,164.3828486440265,287.6085800357915,671
86460000,192.7201494347314,302.7536165763416,671
86465000,172.95494999998047,225.41383604146418,671
86470000,221.97895611034548,276.63229774000234,671
86475000,125.68209407957663,247.672806512838,671
86480000,234.6476470650437,271.9362221562596,671
86485000,176.38892549288795,248.3542013675033,671
86490000,173.68234749036975,338.68100031391975,671
86495000,190.9928608256107,296.29814166730137,671
86500000,174.42485002934234,285.17374957755715,671
86505000,197.082863491976,310.09736533054445,671
86510000,177.07378709190286,292.36050301049846,671
86515000,152.29518321075358,240.1485589558396,671
86520000,192.38533222909825,301.66448039865827,671
86525000,195.77654347697577,255.62283371721546,671
86530000,218.4769399493214,323.0822267263303,671
86535000,189.8916926578444,272.69952756827075,671
86540000,205.9537557033533,289.5668416115471,671
86545000,181.6391927037094,333.8528202466721,671
86550000,186.73990319177645,301.3148024983506,671
86555000,176.01623949464795,308.0357578396379,671
86560000,163.961688806568,319.53754003296007,671
86565000,205.94677696070386,281.3198538164725,671
86570000,194.4551646051051,339.8778211950326,671
86575000,168.08993125696608,322.4743059866867,671
86580000,183.32574787860926,262.7583500705713,671
86585000,204.32665250435184,303.8391382076348,671
86590000,182.1989649704988,336.2817038549582,671
86595000,187.12701212702987,263.9049806513605,671
86600000,189.90230186797112,355.5206445386751,671
86605000,178.00779677647233,296.26707996564915,671
86610000,219.931226097831,309.2241132956474,671
86615000,190.85420586032916,321.5950807066867,671
86620000,190.83440374775222,295.7390950956755,671
86625000,186.28401843221354,273.31994067198355,671
86630000,174.2155104560273,303.416486813211,671
86635000,146.2092103199528,309.9182455486905,671
86640000,216.40480186531406,238.56225662186236,671
86645000,195.09336529871467,266.57433704185524,671
86650000,209.91598098665986,322.69472586978804,671
86655000,181.4923471655551,296.21669103445294,671
86660000,180.18621018898207,332.52287198298745,671
86665000,168.05838016033036,331.88751340619365,671
86670000,186.1906908061297,344.3799511848281,671
86675000,163.42273959201577,245.89180348998414,671
86680000,186.40384037192905,292.9486641298393,671
86685000,173.59048377754712,346.8404501311247,671
86690000,203.6123032884983,259.97022557308765,671
86695000,190.37806410579287,259.62618835849156,671
86700000,196.57144128144185,265.72625409407203,671
86705000,154.759352077341,251.17861842458066,671
86710000,191.23573589544787,281.00613780810977,671
86715000,197.1768392548705,268.5860918562883,671
86720000,197.78738379240383,271.74877381774144,671
86725000,201.51740732893097,340.27396920078445,671
86730000,214.38066443882494,357.70019985920186,671
86735000,192.10878860626224,286.750070712247,671
86740000,184.5933196377422,310.62499112399746,671
86745000,199.22407514081777,309.3803599962795,671
86750000,183.920528941938,265.5300469976778,671
86755000,156.05237002947683,277.70987577403065,671
86760000,167.78151915367752,343.9114532839485,671
86765000,172.7915046442496,309.23597968121686,671
86770000,171.2230427126183,300.65539712027976,671
86775000,190.34825499724784,285.7218563380741,671
86780000,198.84465770773633,364.4073765220173,671
86785000,182.88129140165464,230.45602009823426,671
86790000,240.09099258517293,273.03909621265745,671
86795000,192.39621999420777,283.723241083942,671
86800000,191.2093714343294,336.77355467968545,671
86805000,176.44490070778636,280.31163760215304,671
86810000,182.17787154641292,277.4820917738625,671
86815000,179.85865792189418,323.4007718761753,671
86820000,148.7047742930201,302.83273084553105,671
86825000,193.38304179261317,305.33604321406943,671
86830000,211.11215172078568,317.89558091630255,671
86835000,191.53851412554457,310.6013079781182,671
86840000,172.13791836993755,343.6638467723011,671
86845000,207.8125226204904,284.9283704429135,671
86850000,185.94205508329625,265.8939820467756,671
86855000,187.84476496803012,345.8425801310443,671
86860000,192.41151768251265,275.93174465862404,671
86865000,177.70564364225882,304.5600771192352,671
86870000,174.46114146828953,273.3374878232039,671
86875000,200.54187169459905,323.62128591748615,671
86880000,179.87344631307766,298.2566121323883,671
86885000,191.73064869373792,311.61166430994945,671
86890000,178.4456528806195,319.64118333044473,671
86895000,238.6230678914541,313.9248818738385,671
86900000,202.31137105506303,308.62522249246626,671
86905000,162.3165141122352,259.52290516876764,671
86910000,170.33559106140615,316.40594651767316,671
86915000,197.24342893091122,276.42392274690815,671
86920000,176.46758193836013,335.55714371412273,671
86925000,178.51120038004197,295.0752447977563,671
86930000,185.1978923923011,350.5844369879636,671
86935000,203.81892256271448,289.64427750392434,671
86940000,199.28642420974757,325.5722956861493,671
86945000,213.63651840770402,272.982366184777,671
86950000,146.7459089953311,292.80496172070644,671
86955000,205.79847131766806,280.9090306590257,671
86960000,208.21862505837103,256.46599757820377,671
86965000,162.41780522565412,292.94585300720803,671
86970000,198.63280029676395,312.8017067333453,671
86975000,164.23591873038654,308.85812239229375,671
86980000,186.75756775192625,303.6006661551225,671
86985000,173.02502785840426,291.2491749426788,671
86990000,191.25250299842753,360.72539365613216,671
86995000,184.8613408916879,296.2683920533407,670
87000000,173.7708107243074,306.53987084722917,670
87005000,212.14044339816482,301.16505075634797,670
87010000,177.12698255686684,316.84567384580123,670
87015000,183.20601308743832,262.7416971260986,670
87020000,158.1851822699341,302.36079625703553,670
87025000,231.50473621503338,298.67008910563993,670
87030000,169.78265486766753,323.03211553566786,671
87035000,165.56650208922127,299.6367004765555,671
87040000,187.74779776665338,343.0072517224165,671
87045000,208.93533059567744,273.1305396456404,671
87050000,175.95248227530286,266.11755300717834,671
87055000,202.92012602680535,412.41729916494955,670
87060000,181.66278905880188,331.7132900877439,670
87065000,165.33491979573625,330.8113577845891,670
87070000,170.0332523752442,271.73887596022035,670
87075000,216.6159076273553,235.38048531359206,670
87080000,196.59897687735557,224.6281353411045,670
87085000,226.53378860820013,309.664001767918,670
87090000,204.61583471641225,277.7073137185256,670
87095000,175.81589389794863,323.65719419628545,670
87100000,163.16148910382188,208.54767595562544,670
87105000,255.80699078087494,254.11214019738898,670
87110000,162.15440879697792,279.037721147606,670
87115000,202.89235134135924,300.14413922119735,670
87120000,176.35079210353854,297.1661476962054,670
87125000,205.63516684004944,319.7700903357733,670
87130000,223.699652621565,318.76575788474173,670
87135000,166.6211507997691,379.10454272534525,670
87140000,182.3533030733991,426.7111205756792,670
87145000,199.6672411254646,267.3986251121863,670
87150000,185.02448862772604,294.79778446199543,670
87155000,191.65108763894582,252.007287923114,670
87160000,190.87596627476245,287.95768880979233,670
87165000,210.88925150447955,263.47892160168504,670
87170000,240.52949572309996,328.0506472583349,670
87175000,148.86234512110406,261.11327257723894,670
87180000,204.70119227822272,295.10618864795293,670
87185000,143.09716828573727,268.13801548597985,670
87190000,203.0586558140534,268.7357311398899,670
87195000,167.27923476598497,308.6375091009654,670
87200000,184.62503905275454,289.3017480637387,670
87205000,188.6200038267004,310.3325834539199,670
87210000,189.76609356521448,273.3070272651694,670
87215000,170.16063735559035,267.19241748034915,670
87220000,195.98983328538915,364.4173952566398,670
87225000,190.50815631685816,342.9269708593697,670
87230000,226.5068339194708,365.6050822107371,670
87235000,172.3776616425564,276.1248851357949,670
87240000,162.84457695472787,277.49766190844065,670
87245000,166.87164919594758,305.8348602003168,670
87250000,190.46319421733142,265.0732285284145,670
87255000,198.31230554525396,256.5226614770588,670
87260000,205.30938932659868,330.8020770015167,670
87265000,181.7726560986058,283.25585467537127,670
87270000,180.84613807928596,272.71980101419683,670
87275000,173.59284821465218,315.0878067013486,670
87280000,201.5435703461432,395.1349681890164,670
87285000,224.0510988640268,268.70364693846665,670
87290000,213.11435420428126,352.3568166892588,670
87295000,164.48415053996789,289.5520142006104,670
87300000,189.58586798176526,254.42967352171814,670
87305000,184.37661789269038,327.2600931258394,670
87310000,216.07917488102044,296.2898112377614,670
87315000,218.53500120416214,282.0000251448026,670
87320000,225.42249394060622,288.68634072774245,670
87325000,188.4997110935339,287.57097837281145,670
87330000,170.32787396393027,286.27091494065263,670
87335000,233.16860453624204,292.51562111908555,670
87340000,216.405352569054,252.1522820013572,670
87345000,201.0073295597232,307.1548521052348,670
87350000,166.3434703247031,314.35890880449733,670
87355000,230.63159388720695,347.7563837432572,670
87360000,216.9769647320472,235.356413653395,670
87365000,205.3593139976611,296.1387564534931,670
87370000,169.2675019725161,279.63956268889604,670
87375000,189.0580134060597,299.76580018310506,670
87380000,191.80971455779917,276.1435566628467,670
87385000,153.31845397496218,325.3026452183625,670
87390000,192.2491205741869,298.11605662649094,670
87395000,208.02873610266084,317.5370554669176,670
87400000,220.72678172595727,301.53005052911016,670
87405000,188.1672403329122,321.46548081354416,670
87410000,195.5537480309535,325.9089709243303,670
87415000,183.35735814768213,339.07198509092643,670
87420000,181.60843700016616,317.82624781043563,670
87425000,187.45087818835023,272.7407254997265,670
87430000,157.57240419792552,281.0942578129121,670
87435000,178.8379994356033,249.51324841341307,670
87440000,178.07820078501186,267.93148182931037,670
87445000,241.65699520115172,281.5948381684468,670
87450000,164.53805501919157,286.30542869127606,670
87455000,184.24835502480113,303.8477837168487,670
87460000,167.96521714367645,251.32257474532304,670
87465000,213.08978813553531,317.78110891151124,670
87470000,153.07186878777793,316.4332063606664,670
87475000,190.6160718327729,277.6889000573994,670
87480000,164.24865918077612,342.6727954022489,670
87485000,152.89185368195953,243.43660429326343,670
87490000,163.40994555124337,239.86519276084033,670
87495000,201.75219426942624,319.89296731940874,670
87500000,154.53971587203918,258.33907056717754,670
87505000,135.54046190230653,273.4134210096971,670
87510000,206.7895627375571,305.2342653889779,670
87515000,169.96194020174678,318.42554586568747,670
87520000,184.92848669359523,311.5554757573861,670
87525000,230.70614834517582,333.5118032173954,670
87530000,172.68921182498713,258.8878475844672,670
87535000,184.54307564866173,330.21973856964473,670
87540000,220.24500786160368,239.13894854973398,670
87545000,192.03196623517127,291.19211955186677,670
87550000,206.43415307836807,265.6534589052329,670
87555000,216.63163498873428,327.98432794262567,670
87560000,169.78101587031185,285.7388123001506,670
87565000,180.8607802376579,260.8924803623557,670
87570000,193.73777605737638,265.1079102410102,670
87575000,201.49349357138797,281.97336852549915,670
87580000,207.72318463333482,291.0898461469655,670
87585000,150.25657569442524,310.5692575003446,670
87590000,174.9872434110079,293.5882933579081,670
87595000,245.0609279642525,367.18287788103936,670
87600000,165.33788125169343,288.3160789909142,670
87605000,196.22528003783364,311.33814156398034,670
87610000,181.4831602234534,277.03087168291626,670
87615000,187.9772231289363,383.55804158220207,670
87620000,166.2805164821245,246.2157430889458,670
87625000,181.93642229184502,314.6300710088454,670
87630000,195.1682853017504,261.98172792559626,670
87635000,167.41830960082558,356.6936800903493,670
87640000,198.3427935481312,346.01354122045257,670
87645000,193.9617670872291,304.2855678996583,670
87650000,183.97830870851732,306.713391584521,670
87655000,154.06826328144544,274.75619584698865,670
87660000,194.30101422853582,298.9345649116204,670
87665000,206.49170089101935,367.9273227952693,670
87670000,184.53471161119683,327.54472327401186,670
87675000,222.20542544449054,246.37479692136418,670
87680000,170.4475272572746,277.8340261265753,670
87685000,206.35755154779187,328.12516552391827,670
87690000,212.60475923872542,300.712569650775,670
87695000,189.92423425150474,268.0250546444915,670
87700000,234.45328607304066,280.0316590980903,670
87705000,216.57809507395046,363.5566806456902,670
87710000,163.05360168960212,341.8578997116053,670
87715000,202.48232469356702,294.5890716559276,670
87720000,198.51228440541877,319.60273846406574,670
87725000,181.1191768871717,348.8583924899843,670
87730000,173.22023357844145,278.88346408714796,670
87735000,202.6491078109744,358.46293829257,670
87740000,155.27278371494683,341.59472450626225,670
87745000,190.16311578579493,314.6691614841178,670
87750000,207.20496648503337,241.92096665017064,670
87755000,168.6845344744022,384.85852866984123,670
87760000,210.3832203092034,237.34746467938373,670
87765000,230.06228893118515,267.23608861303677,670
87770000,163.72407121533436,309.58816239258965,670
87775000,228.922784041606,244.37140939920567,670
87780000,173.76028227903157,290.60309661896963,670
87785000,194.81183731335148,289.8508874254984,670
87790000,181.20840468458,300.566278850365,670
87795000,165.63786940054186,250.05918919979314,670
87800000,192.24066375436053,404.6294741462107,670
87805000,181.85659257599315,246.55767468460343,670
87810000,161.81969296458496,269.5510481088014,670
87815000,178.67835268213554,287.3620396278535,670
87820000,214.96865617600326,317.3584587938159,670
87825000,201.21229600279338,325.2807142889888,670
87830000,155.75077807844235,287.745089829134,670
87835000,195.8432744889898,294.47262150368647,670
87840000,187.5856300469536,317.36866551622256,670
87845000,209.20508995455526,320.60005407040643,670
87850000,179.47677288911797,319.08758606853644,670
87855000,185.13753090428784,267.5613876616693,670
87860000,224.47499178809576,280.3847762701117,670
87865000,161.5577766465701,318.08528001121516,670
87870000,209.12582179646924,336.73243453808465,670
87875000,150.6992178028325,348.49993532343694,670
87880000,200.3241414420846,276.79049305102075,670
87885000,193.139593362393,287.65433450305756,670
87890000,174.40636914506035,262.3919207783096,670
87895000,204.1234439232126,255.53006214870544,670
87900000,174.1219669213052,341.1540048360974,670
87905000,205.82196546766545,422.9707226428937,670
87910000,180.0748742855617,328.3160406287629,670
87915000,161.3063683036724,323.6532321142995,670
87920000,166.11174862075524,325.55764950360776,670
87925000,165.5663825410103,284.9224618757925,670
87930000,186.86096915529473,277.35355461305426,670
87935000,199.68762189996366,269.5389930508899,670
87940000,157.0660824982145,288.5750047897994,670
87945000,175.53277874045793,279.3267086014979,670
87950000,193.40998950000414,347.69702816919164,670
87955000,204.9965226160398,339.5797769657312,670
87960000,189.52839907283527,320.67220839278264,670
87965000,188.23013332897992,256.09814659221183,670
87970000,168.40326574777367,334.5487584970044,670
87975000,209.50543676934444,280.60374986223286,670
87980000,218.02311482184544,322.7523433446839,670
87985000,173.74561172405714,287.03738702400534,670
87990000,175.73169643833486,273.60553688686906,670
87995000,185.94517116740425,264.922117213564,670
88000000,219.32144237034555,351.79715868081456,670
88005000,205.66813454789207,362.80092672417334,670
88010000,194.9906632882016,272.7803914340081,670
88015000,233.6170547743522,289.401695220009,670
88020000,184.53293889226345,353.1474895434194,670
88025000,217.44174817150108,311.7909947430901,670
88030000,201.3394172343621,311.22559878069103,670
88035000,192.70838828674235,329.17899850209307,670
88040000,184.90570502315157,285.99204854687645,670
88045000,225.01873964363247,305.2098845012619,670
88050000,204.07429192191077,275.5714885202721,670
88055000,206.90264781433964,356.93167497254404,670
88060000,179.06988197805578,304.53350258225703,670
88065000,211.27624853842622,296.810603871131,670
88070000,217.5696716799452,285.7040149490593,670
88075000,184.69606578487316,257.5671596709165,670
88080000,197.81908763141308,259.9329529614856,670
88085000,166.39854957396793,291.94595991279243,670
88090000,170.74601376704658,259.5738280886961,670
88095000,176.01503963987545,303.4682786455553,670
88100000,171.5063264988558,327.4935130573949,670
88105000,180.33166076711075,400.7269463787758,670
88110000,206.4259784416954,279.43539269813635,670
88115000,176.83714733088757,332.14029000207177,670
88120000,220.2602044059094,334.7327162324458,670
88125000,228.81245100874096,414.91623545003984,670
88130000,182.688221309529,321.0554603186217,670
88135000,177.51975919612542,289.6997380577509,670
88140000,216.89358305306854,286.3625563879458,670
88145000,179.69494394040092,265.50867952687884,670
88150000,172.6289569822272,289.6193495387086,670
88155000,204.83006590677007,281.52545309238275,670
88160000,169.68158626608835,294.73100394091796,670
88165000,183.6049785837474,224.51902149610714,670
88170000,133.01952547047514,311.7119023262102,670
88175000,183.0116885878959,306.6509579774553,670
88180000,189.97458932941717,268.7141212961303,670
88185000,183.83082529211185,302.6406910952283,670
88190000,167.2298372856377,249.6352735106394,670
88195000,179.54016050475357,347.3734555598185,670
88200000,170.61696115844833,237.96455937874646,670
88205000,200.33870512984805,287.35643716649963,670
88210000,190.04027390843444,315.96979917553466,670
88215000,211.2983231832394,359.033753932767,670
88220000,174.0705001373171,274.11702733595143,670
88225000,209.61447297502167,340.1866056965481,670
88230000,202.25972372356864,287.23516827339,670
88235000,200.48357758366708,280.3065924435997,670
88240000,201.17391876537818,281.3722420567437,670
88245000,152.87452535277725,288.76012510704527,670
88250000,201.90574635276164,257.09511076390663,670
88255000,144.5443287286708,321.54915324462837,670
88260000,163.18442718923794,294.2447091271197,670
88265000,224.97428500810858,309.7840157329171,670
88270000,176.54660458455308,347.32278386790324,670
88275000,211.02895515497096,273.65784228555515,670
88280000,195.15568487547586,278.1771355623642,670
88285000,182.62799755315928,288.83525418957333,670
88290000,167.67500867419656,327.8862562164118,670
88295000,174.02726477935965,320.498983100664,670
88300000,169.10225635986012,305.55388368546704,670
88305000,210.9456514053489,311.3918623727797,670
88310000,190.1388160755927,258.4278580568989,670
88315000,203.9512630180763,334.325615528768,670
88320000,195.60159624879412,286.5584918668822,670
88325000,204.8233119185901,373.07544709239585,670
88330000,218.8823929063956,314.57030036988266,670
88335000,185.76181521001115,310.22662444418745,670
88340000,180.99793717202064,335.01013969286385,670
88345000,162.55873547449147,316.70800835756313,670
88350000,181.09984382003893,344.7014020474628,670
88355000,188.19861334527297,239.64066886513547,670
88360000,157.32893898389034,290.7284256827628,670
88365000,158.05596692064861,249.83356675111295,670
88370000,179.61893411864705,296.2006208086348,670
88375000,178.65562501026204,329.9523067181202,670
88380000,207.81226128031628,318.83099615370827,670
88385000,206.80885994605325,237.07314502105072,670
88390000,222.0071537561363,272.26594435976097,670
88395000,172.74056175127635,340.4435868545186,670
88400000,202.50212949818635,275.6051258397558,670
88405000,166.80488942025693,334.51255168957505,670
88410000,218.98405627779442,384.07912773265195,670
88415000,200.08066434942884,330.2736357729485,670
88420000,165.25754355108688,284.24452014458984,670
88425000,157.77506305078634,319.5253397671153,670
88430000,204.64219167831368,269.2217521074533,670
88435000,213.68948665656313,305.165338390349,670
88440000,218.61528783412885,287.33420500819165,670
88445000,159.2993250476149,266.1153001670917,670
88450000,203.80583429110763,299.7112047489171,670
88455000,207.31028663564982,312.7007639254879,670
88460000,177.64329147398033,259.4264552124119,670
88465000,184.7105505693888,292.56302118511206,670
88470000,199.93410627863318,329.3448739167353,670
88475000,159.28276583220685,309.9944667157784,670
88480000,224.1821716374802,300.89503756684667,670
88485000,258.16764128885535,269.3949881334738,670
88490000,233.08731370562754,374.5120404475436,670
88495000,160.924388747492,292.3141071627524,670
88500000,178.82470842359254,293.9308057896329,670
88505000,220.9290280987408,297.97231914481637,670
88510000,159.12418582461498,277.8131785614862,670
88515000,181.77457379363452,275.6827090294989,670
88520000,195.6341875665666,267.0522385874974,670
88525000,208.20557191361013,320.2014435763174,670
88530000,198.52056284830806,316.2458013756079,670
88535000,193.06180719757492,240.64019865594858,670
88540000,196.74792287485494,307.5926656586462,670
88545000,160.35815008781563,287.7874336631405,670
88550000,213.7316182174108,314.2006350914885,670
88555000,154.92422658750942,300.02142810487607,670
88560000,187.0371610241284,302.9094980288391,670
88565000,190.2847231031364,298.70348607720365,670
88570000,177.33195354131752,257.95584907413587,670
88575000,210.52764172102772,299.761453742021,670
88580000,189.30900545768284,329.61992305182986,670
88585000,179.05889407327794,288.325975882707,670
88590000,159.93371629453125,296.90517730361523,670
88595000,188.38340663820225,309.34982157941016,670
88600000,163.7450792771544,302.97468726546964,670
88605000,179.13085041186037,310.2749791346756,670
88610000,186.2942894942162,325.470237267053,670
88615000,186.8467603530123,287.4326848565617,670
88620000,196.26207999319894,293.06930765063225,670
88625000,215.74121614694087,348.92155593463593,670
88630000,205.39781123478207,276.27896806995386,670
88635000,167.84071957876836,291.81839791804623,670
88640000,242.10697012337582,291.03061845823373,670
88645000,197.4384821908588,317.778195503535,670
88650000,194.8441957335348,301.8129607490722,670
88655000,203.4729468439042,355.8204101611958,670
88660000,228.67964264445223,295.85844009365053,670
88665000,192.56724997677392,213.73906258921048,670
88670000,200.21616150922262,338.65246962750507,670
88675000,166.51760705574148,289.65839824181256,670
88680000,187.05652475163612,298.5287852413331,670
88685000,193.0633326789752,316.06171688660856,670
88690000,182.67132563339737,316.7114164951496,670
88695000,151.49911824462134,351.6501070155555,670
88700000,140.2156560651688,281.2822437832176,670
88705000,184.97700812538244,294.1308027209449,670
88710000,202.62190469496906,290.1571930319428,670
88715000,240.4002677015238,272.1859455638914,670
88720000,195.82001251544503,295.4463041109363,670
88725000,137.0511672912037,309.07359000328023,670
88730000,168.65634708194617,329.5977839543262,670
88735000,193.38490711620545,297.7760223989847,670
88740000,220.402727250236,262.9558755893323,670
88745000,181.97966764211859,250.39591332111095,670
88750000,178.7688658085365,307.43735322074343,670
88755000,230.5967634789003,338.68175310768106,670
88760000,163.00163415278266,238.93466232597154,670
88765000,208.51723878335824,317.84028094983086,670
88770000,171.84831649846024,271.66820435440314,670
88775000,176.33426468194668,299.33686302824754,670
88780000,173.55784777698258,321.6239018955115,670
88785000,157.60666946488305,284.63285307285014,670
88790000,194.468654291718,304.6215043777556,670
88795000,180.1821680586438,318.6189738225424,670
88800000,202.32618711881778,273.3497663357841,670
88805000,188.00780161465278,292.58624714490304,670
88810000,234.61676607035548,349.0960609499442,670
88815000,232.66237279023505,400.2033542095297,670
88820000,155.45126408607024,329.7399262078415,670
88825000,192.54982887430336,284.3146522491271,670
88830000,179.5433649993729,257.6555936292794,670
88835000,189.12285459654476,284.4831325205924,670
88840000,194.83410863374044,280.12915050088293,670
88845000,202.33469623396005,319.6734806431083,670
88850000,229.02433735877062,341.33825773623863,670
88855000,213.96117084431108,343.2348769140956,670
88860000,202.33294658266672,279.2176832442343,670
88865000,188.05775263722177,345.9333471492367,670
88870000,189.92584412455028,271.75684402792166,670
88875000,176.55012764668612,220.89097601537335,670
88880000,180.4895612040214,286.41016403014606,670
88885000,209.9887341354229,305.25687175339243,670
88890000,210.99858571516728,257.37592179138585,670
88895000,193.59879948033418,290.559895020452,670
88900000,215.82236030330864,329.03880974409145,670
88905000,197.58288162856502,288.7671396683411,670
88910000,145.7873942111854,309.23831784786023,670
88915000,190.4349323919158,316.7392686990009,670
88920000,173.29698266874857,309.6182110782578,670
88925000,166.89134633573164,265.960101824244,670
88930000,208.19418028223225,338.36253340120237,670
88935000,204.96646516497782,284.6181070490625,670
88940000,161.92203406809563,324.1387270618662,670
88945000,187.31182062557806,256.8693587185032,670
88950000,202.60693984124907,292.0972653824555,670
88955000,222.16286277436117,302.8783124684585,670
88960000,171.26821913680342,308.0899550294364,670
88965000,195.24838741919888,287.1553821363099,670
88970000,164.18691895343952,297.3379148529071,670
88975000,156.2447246947594,260.78166897022334,670
88980000,152.04002953101326,260.8651327468369,670
88985000,190.33626060749287,307.25752658076965,670
88990000,205.6566081706146,303.1856610490744,670
88995000,214.95872431779367,320.3297138947792,670
89000000,219.97608080642644,269.43764194750736,670
89005000,191.24913062137898,295.599703928862,670
89010000,213.39413039721995,271.8211548064078,670
89015000,185.54397778922132,277.066545444265,670
89020000,184.89455357792684,253.76864610630406,670
89025000,166.5520277166611,300.2684932223081,670
89030000,202.2339947107316,306.0092919179396,670
89035000,187.2855553566476,427.29597417132237,670
89040000,176.56727246895693,340.7322677478079,670
89045000,194.45808861297442,309.96459477107373,670
89050000,196.0008642966733,275.9827921709585,670
89055000,191.55553482793178,264.53731279342315,670
89060000,182.29398437904834,301.272138315784,670
89065000,171.16110950954703,311.7087450636639,670
89070000,179.5443594203137,388.32553169460135,670
89075000,192.76188874332263,234.9312373452199,670
89080000,192.47900886485635,251.4821599120325,670
89085000,151.20897325184313,318.11437549368725,670
89090000,196.50103356677056,283.1255511208745,670
89095000,203.81653172906204,243.4761116531904,670
89100000,206.70465229345908,322.81084614551537,670
89105000,152.7537744047159,284.50069410076503,670
89110000,166.98164283835064,305.65829843462586,670
89115000,209.6143142973498,344.34387909945207,670
89120000,202.1631368623539,262.74201208889883,670
89125000,167.62109965429508,306.14470278991104,670
89130000,183.41876459509632,257.1414780870133,670
89135000,210.56915058463954,306.0730383006232,670
89140000,184.58217198306932,295.5413861237135,670
89145000,194.40703030075576,212.01382743219827,670
89150000,187.51121301945926,333.01336029425846,670
89155000,194.36766099862086,273.69454080061604,670
89160000,180.78923069845277,325.18470148864554,670
89165000,213.17880938539335,313.09163872006474,670
89170000,178.36680997476856,366.463957591966,670
89175000,199.274032442057,285.1791324429507,670
89180000,186.54902113302805,297.15543161190413,670
89185000,164.18375819280345,254.1335725805995,670
89190000,155.58574053336318,278.0464453482306,670
89195000,174.32332823203325,253.12992629830217,670
89200000,208.75802723138492,291.0725835685636,670
89205000,168.675186183042,289.473554831388,670
89210000,196.3439153378834,294.1398354087275,670
89215000,209.25071835298291,313.7063349141935,670
89220000,216.90770684239294,274.58872392253045,670
89225000,179.1684325603546,302.5250232468322,670
89230000,161.45493734657992,291.71583613728495,670
89235000,197.10939060773003,298.6851239766386,670
89240000,184.54421341276125,327.86287949270707,670
89245000,199.50385855191013,285.1419592487087,670
89250000,154.09855216842996,309.20053624993875,670
89255000,235.83382688473122,339.93922735590206,670
89260000,184.69582411172564,257.8226454299558,670
89265000,248.83669780210522,291.80591824147723,670
89270000,202.47612985993374,243.1837143096523,670
89275000,185.30265302990915,357.1863958608156,670
89280000,185.00458170469142,301.2857789497489,670
89285000,248.61853409321805,339.93411378108686,670
89290000,188.01644634653815,286.18728984733895,670
89295000,194.48435882075216,308.7761930320423,670
89300000,184.3284111840031,359.9077535724955,670
89305000,183.22418867166797,293.35639194267014,670
89310000,177.54575147019358,300.95003452005994,670
89315000,189.52021876527812,308.4221097396704,670
89320000,198.30320024674637,284.1631195714714,670
89325000,164.0357072481674,291.23083282101373,670
89330000,175.12968319705232,312.863909739929,670
89335000,176.0659179029744,291.70174736949315,670
89340000,192.28583393840844,352.4337382317623,670
89345000,185.82730596950375,253.97276013544223,670
89350000,190.51034834703268,310.3568009961048,670
89355000,187.97135750308448,271.7542357300379,670
89360000,186.42723946760387,280.45163246786524,670
89365000,184.81367568652146,290.51802019930057,670
89370000,186.59515966329636,294.5465001354522,670
89375000,197.7024473302206,285.69030396664635,670
89380000,192.64143058733308,267.4731280051278,670
89385000,223.85570336572152,318.2080381040639,670
89390000,189.92484449342672,364.19682018828104,670
89395000,172.0111587138071,298.4694979173108,670
89400000,207.45793484193433,333.72766387634476,670
89405000,187.82174220715706,275.66613638565036,670
89410000,151.53224664433742,271.0690968734997,670
89415000,177.5040340199483,319.50595938560934,670
89420000,212.37101884339876,294.8458813566567,670
89425000,175.59077330527805,274.34430243953426,670
89430000,201.29152133311368,344.4882460701681,670
89435000,200.0218563393347,330.661530506247,670
89440000,185.17663257348204,261.50741328274955,670
89445000,211.83352954469106,316.04361769733896,670
89450000,204.51942053689666,306.86355238409726,670
89455000,191.4307683801688,358.76678112574245,670
89460000,213.10363486087954,310.7035197850511,670
89465000,214.13161907717566,286.07738900368497,670
89470000,188.20163208473883,315.0624832068504,670
89475000,185.5273970500811,262.17450667467006,670
89480000,150.10722238816305,280.67626960886025,670
89485000,191.14845676657265,309.47489777355,670
89490000,218.95350666849052,266.8204064112866,670
89495000,212.50858046218974,371.2084400712879,670
89500000,141.00976880861847,217.4529052496868,670
89505000,208.55384888268952,324.78989311319896,670
89510000,217.1177496124432,351.10267896338445,670
89515000,181.62724756795942,345.25509610344426,670
89520000,170.31549711297353,282.7366781214988,670
89525000,227.94751394948955,258.82368345955337,670
89530000,151.4567067242047,310.8341626382814,670
89535000,197.99582897273297,356.61857096139914,670
89540000,204.4994999650603,329.3730233205976,670
89545000,202.99731045191018,354.70221597383716,670
89550000,202.12945402005252,343.57651657584427,670
89555000,180.73815036836407,242.7296475821612,670
89560000,211.8634635357039,324.38767511633534,670
89565000,197.23765419672014,312.01266083450184,670
89570000,190.88335168576089,263.9794015113095,670
89575000,177.7162462951036,317.00752205635604,670
89580000,199.81720265350953,272.59198389002336,670
89585000,223.8390042955993,339.6888160262124,670
89590000,212.1712299299344,253.42466527162122,670
89595000,210.9471423925372,288.7489927106959,670
89600000,184.53464465021494,302.2933602308007,670
89605000,209.8737595310501,284.9604390958263,670
89610000,163.2181131702074,270.43078511642454,670
89615000,221.29778783879144,284.9447056703488,670
89620000,222.16543609524163,302.36813585788855,670
89625000,193.2177070805229,290.54592568728555,670
89630000,200.38150915465118,232.54577797415692,670
89635000,180.5687229953549,307.4326434229276,670
89640000,185.28379516855,261.4661731273182,670
89645000,175.98376776204915,319.90099805337377,670
89650000,155.49809641483319,320.3560438223644,670
89655000,186.98396686620055,272.4057586187318,670
89660000,196.72616685447466,315.6228185745314,670
89665000,176.69948436699016,240.02279594709768,670
89670000,189.09498466450697,406.85219189835306,670
89675000,226.30720433811214,273.3060984413202,670
89680000,170.9042672133602,222.85544861004098,670
89685000,166.9995168925844,338.73327034522003,670
89690000,177.3016457356519,336.10984805592625,670
89695000,174.43057984370526,339.01192888134347,670
89700000,175.31563826994378,278.6664697395121,670
89705000,191.32411440895794,317.55401226804275,670
89710000,183.89770875242985,307.91683182689604,670
89715000,163.3515232728649,295.8176606872579,670
89720000,188.42595333939462,285.611397006879,670
89725000,183.70812556107978,334.0816009507785,670
89730000,135.2899161142904,264.15127875275675,670
89735000,198.01441834396692,280.71014602138723,670
89740000,180.4447752802266,283.38865340140705,670
89745000,179.90368556670367,267.7928423077025,670
89750000,183.2880549604898,301.0567326901099,670
89755000,203.8003046903109,256.80815789217326,670
89760000,180.29979264123423,266.32053871484385,670
89765000,175.4186281988522,320.3595602265549,670
89770000,204.72696456763518,275.5792854336641,670
89775000,212.804634037522,366.8411106346127,670
89780000,188.2880374664824,300.4707323530407,670
89785000,185.1578740334343,294.26876469034204,670
89790000,209.23768023687876,328.0389405727441,670
89795000,211.91617988065042,318.6475222364101,670
89800000,192.4440449658952,330.5170972476485,670
89805000,189.20247206067123,308.20706854302506,670
89810000,167.39011392606776,375.147434021849,670
89815000,140.54350160429254,297.41335015300814,670
89820000,155.4138195431406,358.7973843803043,670
89825000,151.89400282463467,241.9200198367951,670
89830000,192.51641288598157,387.372968992872,670
89835000,197.40388919326548,316.80562012236754,670
89840000,189.21112855384422,292.7106793516123,670
89845000,185.04359051764118,317.5310038569956,670
89850000,179.82050227649958,252.21429453049794,670
89855000,173.2283365109343,285.68419796525063,670
89860000,179.6521259953256,361.24099353923214,670
89865000,161.76302451162277,326.58829896702554,670
89870000,182.11061178670764,292.3364725417863,670
89875000,182.890492768049,295.1148789082757,670
89880000,153.0560752185046,321.51503113930517,670
89885000,167.41857515249416,297.65971137388243,670
89890000,190.68540732563628,248.41616820895462,670
89895000,186.45274990323898,279.9490422981851,670
89900000,179.92426151102174,277.5493353090821,670
89905000,173.40834428467792,319.239608971077,670
89910000,221.93079250343692,295.29136139277966,670
89915000,159.76397395173825,263.20062607047674,670
89920000,200.22390631947093,291.52720054733607,670
89925000,160.77928780284043,195.6196074204931,670
89930000,222.2034129859816,319.9658942038669,670
89935000,195.51115246972833,335.5122215730474,670
89940000,164.5612431393306,337.14400811873264,670
89945000,166.73624973316853,332.88749588327045,670
89950000,193.20721941683107,305.4623156180008,670
89955000,182.5889076270816,318.9524325610307,670
89960000,141.96102372290898,289.4663895389134,670
89965000,223.62178583032312,234.39241111679596,670
89970000,173.19413479227146,285.4487370926227,670
89975000,205.18276215595563,290.0114575281864,670
89980000,159.66849256086886,289.89974216784765,670
89985000,154.3560311395753,264.2123049599896,670
89990000,196.71286147081508,365.855284116267,670
89995000,150.19294424678256,297.8477380063877,670
90000000,196.68488703194498,297.56951461815123,670
90005000,198.9360529323322,310.63496755270404,670
90010000,204.41904372055626,303.1260035653892,670
90015000,170.0949957485237,285.57627728600994,670
90020000,193.6674128096427,295.9954714421709,670
90025000,130.86382332857687,378.2252762238247,670
90030000,198.72746643252623,319.93277072776567,670
90035000,154.86199340083147,269.8605987454163,670
90040000,201.17875805319377,291.43048927868364,670
90045000,188.03516673889573,306.743129105685,670
90050000,198.0460446823581,323.7209732657745,670
90055000,206.87759601512235,281.5790338485084,670
90060000,207.99942311786734,306.6178933240302,670
90065000,195.00675543771166,310.3544550212599,670
90070000,172.6420026105153,323.2697588013233,670
90075000,193.1381784659747,317.2556832395262,670
90080000,148.51137619039184,309.03096583190137,670
90085000,219.2323079391692,325.1089672655786,670
90090000,220.8191744828454,248.83323501062887,670
90095000,197.60481289148214,364.8732968694665,670
90100000,188.0600069264256,253.4530847211175,670
90105000,167.66309709180618,292.7456911740707,670
90110000,173.28555526069218,256.9462547382178,670
90115000,186.1136528377732,292.2560413598004,670
90120000,157.31366164788182,335.9082574208659,670
90125000,182.58130254669285,279.67278291500355,670
90130000,181.94308974538123,276.1664712522995,670
90135000,151.88780936291536,282.3826361802088,670
90140000,161.3395698549313,298.20608451215185,670
90145000,173.93650413292218,289.2119089695604,670
90150000,182.85902552430534,282.1013571946886,670
90155000,174.1136238152465,286.4655968811386,670
90160000,185.56033962377654,262.0394148980672,670
90165000,187.3335462806285,335.78705796016584,670
90170000,197.33433621117013,298.6058340266901,670
90175000,161.39043363594675,228.26122443248184,670
90180000,203.239216223917,333.6395480422274,670
90185000,188.982209312867,229.41208794189316,670
90190000,200.29755369743964,250.06293834579225,670
90195000,174.76676758781537,254.9732335375401,670
90200000,204.05505696851642,280.75617780806635,670
90205000,187.16671354987136,297.4733284830345,670
90210000,163.12911728215352,285.61922492086865,670
90215000,231.02832695065885,349.9680600101676,670
90220000,156.67380239651135,280.9857431957409,670
90225000,219.32979724603095,358.5304348801339,670
90230000,221.09351584092002,257.80887534015324,670
90235000,178.9940819655704,271.240400556154,670
90240000,205.82072660900405,285.3811639637281,670
90245000,200.13208147716455,305.6045709016996,670
90250000,156.62135156036175,341.70222479275327,670
90255000,213.74507750750112,299.5392672356822,670
90260000,199.73765328529572,269.8359248450311,670
90265000,194.15221644150103,274.3228015195998,670
90270000,173.98691120180618,321.8979434643669,670
90275000,223.47332509034808,249.7119880852149,670
90280000,172.16412095315923,286.0734309328038,670
90285000,215.68164722978747,337.1557023665465,670
90290000,216.64132401599306,280.4574562838056,670
90295000,159.6946729845858,284.34280995406345,670
90300000,187.2717530870562,282.4563701030544,670
90305000,211.8164663206454,303.90551556319446,670
90310000,164.43033065719737,267.3941549085634,670
90315000,200.47171474301695,319.5702856245818,670
90320000,160.19118198026337,293.34315297615393,670
90325000,165.66609872765181,316.2753850994105,670
90330000,196.66487355274984,293.7722662256164,670
90335000,183.23125150874165,316.13735898564295,670
90340000,186.5569825916866,279.4743883361648,670
90345000,176.93069068067734,227.11861790627438,670
90350000,158.80680171567852,277.2623992859004,670
90355000,165.2786811084057,263.3494958410978,670
90360000,197.2349963381873,273.7571649888179,670
90365000,170.9977703295404,380.2515683057499,670
90370000,179.27930071044682,313.59863041183894,670
90375000,175.28677664808436,213.76055169437458,670
90380000,177.4303722547157,211.06173749757545,670
90385000,185.47212453726712,263.25429595484155,670
90390000,156.74566458065627,267.7134885595472,670
90395000,197.9466933197243,293.6787854492981,670
90400000,192.2187388474416,258.31481158816223,670
90405000,171.52219245201283,343.286715831353,670
90410000,200.51101272999844,281.6934964803533,670
90415000,180.38737200899544,318.3452494204323,670
90420000,172.18740766368612,265.1989065835659,670
90425000,202.43555770503033,325.7568378084577,670
90430000,187.18426513135682,261.8339430633781,670
90435000,190.99192286149673,345.668571068055,670
90440000,213.25214124745088,286.71979146949946,670
90445000,191.32596732287686,254.64975656843058,670
90450000,181.853116413172,287.25597764303456,670
90455000,202.8018171153828,292.4932043677665,670
90460000,195.11396199296132,312.95589912327955,670
90465000,202.72677170071205,360.73814766643284,670
90470000,214.90575843957672,293.36499977381084,670
90475000,200.8650944689676,300.733511612724,670
90480000,172.15550244893944,370.5917253285039,670
90485000,182.0856451721864,302.41524702889734,670
90490000,178.34557315505614,307.40915606735314,670
90495000,200.2520888667682,327.967903823703,670
90500000,191.32091414897081,353.16677043105904,670
90505000,149.06894280605093,298.2019159910463,670
90510000,183.00726682669634,311.13903417428855,670
90515000,186.66900306823987,257.32527039688983,670
90520000,176.20520478478628,291.8110419679611,670
90525000,230.66429335626012,311.31596032883806,670
90530000,171.7851604581472,313.5210628567631,670
90535000,151.2532887448471,350.737166963727,670
90540000,185.80404744820657,315.7982369333057,670
90545000,238.42154390903215,329.86011679178824,670
90550000,162.40279080715894,302.3452849938277,670
90555000,171.0135701661801,255.02721763933428,670
90560000,172.4160697885309,338.54783406488684,670
90565000,200.83255236830192,334.126879024725,670
90570000,206.18373034225337,353.3395322509951,670
90575000,220.25618972095285,314.15241737055095,670
90580000,199.47630268182843,269.04082282050575,670
90585000,154.8988731773805,289.410423010962,670
90590000,207.435074135663,356.40750579331103,670
90595000,178.4517794906442,297.3551277183758,670
90600000,176.68000316637327,283.35466998355685,670
90605000,154.40769787999517,350.43615183963504,670
90610000,194.0303633048823,336.11988250244195,670
90615000,178.54542057353814,333.01924650847985,670
90620000,196.33811342317688,338.1272226235266,670
90625000,226.58424378677708,334.43186863865327,670
90630000,159.6970420674217,325.738738679331,670
90635000,182.18238431604937,294.2800419954397,670
90640000,183.88392273551406,358.7105440322483,670
90645000,190.4985583351233,345.89863930582436,670
90650000,201.27186412260724,292.0399896353328,670
90655000,159.57781008784946,242.16562983864216,670
90660000,168.0925182195116,347.0876184229698,670
90665000,210.69789162209827,333.80763587008425,670
90670000,198.62097806489393,257.44864507286735,670
90675000,167.53302059933117,308.51594187764283,670
90680000,184.24952406237804,274.9757968790505,670
90685000,182.36169740527376,299.8796791789164,670
90690000,191.40209812380948,287.2059854578099,670
90695000,184.25753509519853,287.400268771584,670
90700000,152.7098466084443,328.06346784215054,670
90705000,173.9106031995157,274.94265942377507,670
90710000,218.48103935402213,317.06973478403523,670
90715000,211.07275875304666,288.75218514348245,670
90720000,201.23574692871284,326.70340731339763,670
90725000,202.00271450264384,290.4702357261393,670
90730000,231.5994018545315,309.5669318477834,670
90735000,226.82274100257092,289.7300322510717,670
90740000,195.05368972927704,359.2809858708481,670
90745000,178.0552186254109,296.2506597614984,670
90750000,178.05637144369334,300.40804799306903,670
90755000,168.7752489386665,299.3105742734663,670
90760000,192.27381524226988,288.7393237017512,670
90765000,219.6032933397605,322.8829377231602,670
90770000,179.26366492760116,310.2769174310425,670
90775000,153.6014179491806,363.4303749383798,670
90780000,182.00790225517443,326.9392685459078,670
90785000,147.86877272928618,263.5428458337786,670
90790000,211.1554355413623,298.7491948883512,669
90795000,181.7902353016474,370.659619693981,669
90800000,158.68035376892774,240.47710447020157,669
90805000,208.54885599740055,289.5531056117006,669
90810000,222.8070657593283,340.44557687217167,669
90815000,166.7844072613236,279.4279407370458,669
90820000,178.5918076337424,245.32718495711694,669
90825000,226.68566913901583,317.4932187049294,669
90830000,223.03899933753377,276.9427756571501,669
90835000,206.19382384796413,312.9318938239211,669
90840000,179.48809614032612,332.1601982893106,669
90845000,182.23583208099782,247.31138721436986,669
90850000,204.11706259120353,287.8618495020657,669
90855000,198.62623090589815,358.8754356901741,669
90860000,194.86401325486864,250.04274036906716,669
90865000,193.29884055194523,267.5702078131364,669
90870000,175.75209236881685,280.85138311056437,669
90875000,236.43261895208914,317.0618265616577,669
90880000,209.85459801337544,290.2148163462763,669
90885000,181.21214294569518,285.09458465412695,669
90890000,191.44125008567795,238.0521468774482,669
90895000,222.17684792701036,346.16124222211295,669
90900000,176.2266474792354,305.41569924504705,669
90905000,202.03289789091346,285.96967353801233,669
90910000,157.10768590354405,306.35351806343766,669
90915000,187.08253102024008,291.93375318036743,669
90920000,209.2127884544817,313.5297629234255,669
90925000,180.600779090725,308.2175744406623,669
90930000,152.28872099022757,296.1753130815831,669
90935000,241.32665065204898,290.8228515339766,669
90940000,175.2144743955013,258.82704877249415,669
90945000,195.51592572401336,254.195349739118,669
90950000,180.88285443227113,261.88870951802943,669
90955000,181.95955417198564,314.17784995261877,669
90960000,150.70581739029828,244.15116805032224,669
90965000,206.4215193181143,300.6138216987933,669
90970000,179.11505736139213,279.65658640898323,669
90975000,205.11223455863347,256.06439997753176,669
90980000,198.07426388528728,361.0446374752163,669
90985000,180.25755218975945,281.52439808041106,669
90990000,211.88936447432337,259.50207681111846,669
90995000,163.3763109878143,348.6402112900642,669
91000000,187.40009490586377,311.42018342711907,669
91005000,157.09833091767766,293.9998889376157,669
91010000,156.10019723292604,265.4072681261119,669
91015000,197.31672494698662,284.2797454904303,669
91020000,187.30256543913723,278.0735666705801,669
91025000,166.50184159172582,252.07483970490475,669
91030000,197.71415820432063,310.1413966201019,669
91035000,178.0869963523542,310.9768488498903,669
91040000,203.05572179033877,224.33018139026328,669
91045000,180.89071502485584,326.2235890719057,669
91050000,171.37304652197741,306.67736523657965,669
91055000,207.3964598032061,334.4408453089385,669
91060000,182.1839109232343,288.0488265129731,669
91065000,164.52709049706536,294.5097858004232,669
91070000,203.84970702846053,295.9580270540696,669
91075000,225.54838032456163,290.29284470580603,669
91080000,196.9609789919494,386.55512960523413,669
91085000,202.78382630268214,258.922408946415,669
91090000,217.08703918483164,328.0730004468078,669
91095000,174.71338327546255,295.7422287360952,669
91100000,181.7543890892299,346.98737721466784,669
91105000,201.4495358407726,334.0724532506426,669
91110000,213.72392134987953,315.17593532104826,669
91115000,186.186807682537,319.56356350098997,669
91120000,170.46011286977313,256.0618448466743,669
91125000,191.16251761460055,304.91277228775664,669
91130000,163.05128909889433,295.51950030482124,669
91135000,241.74283119322635,303.63192650827705,669
91140000,257.70923390317193,354.9231570478151,669
91145000,200.59255931414097,306.46915810789324,669
91150000,168.67604990310736,305.2087940205022,669
91155000,175.83918924165278,257.6976407689836,669
91160000,194.19968115174447,314.58530628607485,669
91165000,190.60782699046288,318.83797418936734,669
91170000,185.14714423171668,333.76433345601293,669
91175000,171.93935410786133,340.4633699759137,669
91180000,172.56687564237444,307.0264648483426,669
91185000,177.64086975237763,349.88673596120714,669
91190000,176.3983200018135,328.23067270058607,669
91195000,185.28154835607464,303.10490911586714,669
91200000,234.22756615732274,264.71395582203036,669
91205000,240.8469504700363,249.6491026507913,669
91210000,154.66490503974595,304.11598975299484,669
91215000,184.09712350197663,337.1032839534118,669
91220000,213.73856021324747,347.72433704967693,669
91225000,174.6047033368,274.333439316226,669
91230000,179.312247953375,272.15396038245615,669
91235000,202.6107123561373,352.28737985012845,669
91240000,192.97634514869225,301.192246587022,669
91245000,154.900430841885,248.4793047182132,669
91250000,161.48875263127792,321.7504075803013,669
91255000,170.92357253156152,298.96463095539616,669
91260000,187.58432842273106,261.0577269233114,669
91265000,168.34028342384423,322.0255745045661,669
91270000,184.94698073244896,324.89332554580716,669
91275000,188.48143408205357,249.76382454134577,669
91280000,188.6734115702277,354.6575814432736,669
91285000,221.75472574838528,271.32068380411937,669
91290000,219.0881841089296,320.537665101722,669
91295000,192.75196140923177,236.18639143794712,669
91300000,216.95609609773052,274.57951309966256,669
91305000,136.21194802412217,248.41178523170882,669
91310000,171.4688593689189,289.030107658083,669
91315000,213.16852719923983,323.25966005331514,669
91320000,210.56895498231148,344.6669249248609,669
91325000,175.43804123357566,354.1416484017394,669
91330000,168.08194447999531,297.9749005726238,669
91335000,181.03910744428617,314.9448117857899,669
91340000,218.47978189930643,320.682995617932,669
91345000,193.17732199152624,374.76896963494283,669
91350000,199.86360783252627,351.16613066545284,669
91355000,161.70010248204136,314.9426352282455,669
91360000,204.93747996292328,299.32733709291955,669
91365000,206.7405253640108,248.31213975418638,669
91370000,171.050846593518,361.9372722031544,669
91375000,219.56301749211443,322.0942517464415,669
91380000,195.93133486607064,286.2086427136266,669
91385000,218.8199046620764,254.18627689332425,669
91390000,183.7807705982838,346.0478204203187,669
91395000,208.7673909824721,281.13315397404295,669
91400000,189.06852678512445,272.9781668471827,669
91405000,188.74489339493934,316.5759484384965,669
91410000,218.5456864271533,343.5923120887277,669
91415000,167.66123992653422,248.89072734886102,669
91420000,193.29237588982338,407.65718317565046,669
91425000,171.56746590544796,370.2592226674731,669
91430000,210.38563886661413,339.70152068714617,669
91435000,165.93648027950266,299.49985514462554,669
91440000,174.62599622777773,315.83992502590974,669
91445000,213.5808520693388,325.90930917993575,669
91450000,211.75458930148642,281.4855488033094,669
91455000,176.0514986310004,327.28391606214103,669
91460000,165.0536384283706,280.55330526284723,669
91465000,212.68964348391643,296.15455833828923,669
91470000,170.57942434226797,255.6659986583723,669
91475000,169.6600437013193,275.0536274729724,669
91480000,196.22349927442045,293.2944537172981,669
91485000,179.78533624343743,312.88190958509927,669
91490000,197.41436682355862,317.8458327101018,669
91495000,176.23264261510886,321.8907841906231,669
91500000,212.94170184954146,298.99874339142576,669
91505000,206.77790108421402,312.1986953054807,669
91510000,197.27905223610523,344.44787049626876,669
91515000,158.92618226191593,246.16604450530667,669
91520000,193.40118070267533,303.1906193889427,669
91525000,180.1886646308106,321.98710247678247,669
91530000,182.25262166544348,316.7326162312419,669
91535000,165.68341981944255,294.34007894364987,669
91540000,170.26860884235364,231.8408147936435,669
91545000,222.91338506386677,373.0603748417325,669
91550000,182.43667839412,319.55402684074255,669
91555000,183.28904239313323,256.3878266437492,669
91560000,177.65255916480538,283.81330387003555,669
91565000,219.30644501298298,326.995204511037,669
91570000,202.97113063975283,275.451742973853,669
91575000,187.01211190140828,246.98242563819062,669
91580000,167.50289159912367,348.2494783885053,669
91585000,194.04489100640558,307.8934680658192,669
91590000,221.04455073369104,251.75520641022132,669
91595000,172.70755272332366,349.25325172328724,669
91600000,153.72780018501166,300.3204378088427,669
91605000,180.2854360774151,252.56694650229372,669
91610000,244.64050732846601,335.17138328054943,669
91615000,186.4095841951259,326.64277930043187,669
91620000,190.069973659948,291.27651523819327,669
91625000,186.88315925740537,294.5608755979776,669
91630000,173.45677241972552,293.7439699580589,669
91635000,189.42972724522758,370.49296975518934,669
91640000,190.54853606100446,308.07418963612906,669
91645000,186.5786368926328,333.74518479482555,669
91650000,187.46402839918954,358.90090736879,669
91655000,169.42289742434136,308.9876774153129,669
91660000,223.27897079451944,276.1644593570752,669
91665000,175.27223034929156,315.93582918246534,669
91670000,199.38955663219087,309.94328051198227,669
91675000,171.5853671756539,349.21959374049635,669
91680000,175.37811787080446,254.20391483085785,669
91685000,216.44689899337058,305.42372010721874,669
91690000,189.83849751371474,327.1442296980952,669
91695000,207.55181980437422,291.94555594067214,669
91700000,178.93208560932231,316.0921457631916,669
91705000,185.26908990490608,288.00709444576324,669
91710000,205.47643327527675,352.12789174020696,669
91715000,191.22317725339917,322.2943586872058,669
91720000,205.44601951565025,304.484210538194,669
91725000,181.82033568557185,273.3814940055681,669
91730000,178.48874859299931,334.1912435916005,669
91735000,197.0570354915081,307.93987573255885,669
91740000,213.05812222536335,276.2877521827338,669
91745000,153.0938841606906,314.5645082687131,669
91750000,226.82669789028606,259.46267428231727,669
91755000,143.58524976201943,285.16744253939277,669
91760000,168.67513507358262,359.96783227921003,669
91765000,167.0557373070853,235.85015844727684,669
91770000,187.2222563959554,320.2072624496215,669
91775000,171.31279784799344,341.7533835313381,669
91780000,158.11311371770574,297.6730981470277,669
91785000,162.18058482872007,362.32529133442904,669
91790000,191.24308901717438,285.533575091449,669
91795000,204.45381103626568,330.94776610842274,669
91800000,163.84784922267698,273.315559635725,669
91805000,198.57749053795334,304.1424694972501,669
91810000,213.83894446674955,310.3442670920393,669
91815000,171.15485852894946,278.2930919494753,669
91820000,174.395494386016,357.28538193830246,669
91825000,176.1264137875184,249.006034381116,669
91830000,206.25890286471193,234.75929565525453,669
91835000,193.25863397159554,322.58465482007637,669
91840000,183.59620796104102,272.8838972069392,669
91845000,239.50781153893433,319.4012200367872,669
91850000,196.92385632046287,327.29428703305547,669
91855000,197.59249298030977,260.0477934173786,669
91860000,186.86364479889028,331.7409140850029,669
91865000,205.04560289387504,342.2831114045016,669
91870000,171.39514293872998,304.8259244481266,669
91875000,164.63033707847663,266.4390685613194,669
91880000,175.12380531995498,298.47214706571555,669
91885000,172.14701884571338,313.26473792476486,669
91890000,207.87249315006108,369.69197466108045,669
91895000,178.8304296138525,276.993629453212,669
91900000,203.93925145930555,285.198896016018,669
91905000,218.89657709492516,342.009036766949,669
91910000,192.4955008592409,290.47407920359944,669
91915000,189.43617988257876,280.1912079250684,669
91920000,173.35654857377995,321.75351738350304,669
91925000,229.13274793836297,294.9547718677636,669
91930000,166.99186370216142,325.00135461018033,669
91935000,148.1378744912562,290.3509337802878,669
91940000,174.77983873101135,336.1179031324615,669
91945000,165.90921830753703,238.97710443267042,669
91950000,191.00878889553542,313.1249028694909,669
91955000,220.40385018160057,413.78602727651537,669
91960000,227.79147517063018,278.82884539526265,669
91965000,208.60221082069842,303.7020564695002,669
91970000,219.50730694409557,281.73731241308457,669
91975000,167.31128391580785,305.86897562405125,669
91980000,187.58285874951542,312.55015812676044,669
91985000,202.51341460574255,302.7804832557535,669
91990000,199.43771540220186,365.30163348954096,669
91995000,182.61496512542246,366.9793924186159,669
92000000,169.91802556093688,284.69899342442693,669
92005000,229.28539471229394,319.69014682950166,669
92010000,195.82487276814817,352.23198050393637,669
92015000,198.81103566648622,289.66853598503184,669
92020000,192.16284267288972,254.15576096278875,669
92025000,147.84713630971066,323.638994152633,669
92030000,182.9036197279374,229.58134641969386,669
92035000,225.7971757885475,290.8366973473603,669
92040000,179.6024950469904,285.6304976731624,669
92045000,245.63465290186338,269.9971291871425,669
92050000,139.41999632727652,248.9204858788128,669
92055000,183.71094752161167,311.15378963865385,669
92060000,205.2007281740676,374.4920675802627,669
92065000,171.31978171531088,340.55367387448496,669
92070000,215.68945476227705,320.91356055445,669
92075000,221.55679649034184,274.9178036314351,669
92080000,183.50762910510406,366.0745766154311,669
92085000,207.72482913114288,295.71036472821817,669
92090000,211.56862981061695,332.1385556120051,669
92095000,217.7936888610579,307.84730206297144,669
92100000,202.24394118425016,327.29597539644857,669
92105000,212.01614888452153,338.5015835872738,669
92110000,204.14885223900032,270.3921411754631,669
92115000,202.1152417226695,299.8009454007762,669
92120000,192.90448316523901,295.91691813059543,669
92125000,170.7173241884718,303.5347451692717,669
92130000,167.16370502574935,308.7352125877333,669
92135000,154.2758871774349,275.12719853901126,669
92140000,200.07233774170933,339.0336898373861,669
92145000,164.80655819724632,330.3578050206859,669
92150000,210.54288945419904,262.4227797918586,669
92155000,207.4346375521145,312.5209477430679,669
92160000,164.97712672415363,341.47679734270775,669
92165000,233.44015597832728,275.4834039719375,669
92170000,210.20406086376585,313.60284328648584,669
92175000,186.35888477927136,365.5606151478556,669
92180000,169.27889136369325,277.60750673290045,669
92185000,195.2445129066561,284.9557315633359,669
92190000,177.08099130948062,280.8354821923199,669
92195000,202.6592876676442,331.0492286757455,669
92200000,167.48870768949865,258.44497161442786,669
92205000,203.83743100263192,362.9296531493248,669
92210000,177.48989939079036,256.59481080581224,669
92215000,170.577438524062,282.54611847857404,669
92220000,217.94219512198842,297.06430779954337,669
92225000,198.82712275940284,349.0589884639138,669
92230000,203.650558139885,376.90073829661,669
92235000,171.7422866439402,291.59547388428626,669
92240000,182.1464553297652,238.9726718149582,669
92245000,187.28697018601622,367.90568010071354,669
92250000,166.32428770186692,231.4055418344791,669
92255000,175.3593472293068,284.9149278840695,669
92260000,199.16750339682181,323.63504602719354,669
92265000,176.34566625809254,283.793722945371,669
92270000,178.4957720790078,280.6417426581007,669
92275000,171.52708678037772,301.84200921668946,669
92280000,169.49402473491966,312.2724889150224,669
92285000,171.36203083200172,362.38197167756647,669
92290000,187.52610064638745,274.6778437403771,669
92295000,180.10169663908837,258.03416514859964,669
92300000,158.57850984674957,260.7701824216021,669
92305000,161.65075458811071,315.4639869888107,669
92310000,214.31986514759865,407.63607664564023,669
92315000,182.6308210972184,297.9604039066357,669
92320000,152.20765831423716,286.1044299393761,669
92325000,158.91551356076016,253.61139534742722,669
92330000,210.16724024820564,246.44600879643102,669
92335000,185.3699551075472,273.93660960589193,669
92340000,198.21391694580802,322.3745688782486,669
92345000,246.09957281480524,360.27455828497875,669
92350000,185.83285179882643,319.26857766967953,669
92355000,191.7536755690672,283.00940290450933,669
92360000,226.5717141443637,374.2615871830059,669
92365000,187.5160110033959,368.1526407665281,669
92370000,203.52182443109692,334.9239563441538,669
92375000,172.1779610144128,274.2357087219827,669
92380000,196.68169820550997,274.326558287794,669
92385000,216.50045373112718,360.66400161368534,669
92390000,189.6737928206755,310.39433985374524,669
92395000,151.9986612369543,350.4734512715217,669
92400000,195.90328544931376,297.2333845133054,669
92405000,169.24671767163795,346.91047314149796,669
92410000,192.73342443335508,279.3382004684655,669
92415000,172.3450052865066,276.3544202094422,669
92420000,182.0873412987076,309.89683746467966,669
92425000,170.9201765384496,287.26215775987646,669
92430000,216.10440402692595,283.08013803643564,669
92435000,209.8036756530949,284.8071123429154,669
92440000,180.8636760435873,315.2786251710598,669
92445000,188.36524766664812,283.00245976532995,669
92450000,214.68532346859513,245.29483435549764,669
92455000,218.32806219616884,280.579759105826,669
92460000,248.68717562375195,287.3492692921879,669
92465000,194.36402546538636,254.9581247119439,669
92470000,201.69119999084575,282.5708701983426,669
92475000,164.14541921395684,257.129773930243,669
92480000,224.25529801585697,317.46474690195214,669
92485000,185.0291531890363,289.121426527185,669
92490000,205.02018340141086,308.3704548074879,669
92495000,200.84889317268377,285.1974905175815,669
92500000,174.44953154057615,310.09320977931947,669
92505000,184.59038252418975,226.27850297383162,669
92510000,209.94369615797632,283.1780311961431,669
92515000,218.20272417181664,282.42632492980107,669
92520000,205.57911661979114,297.2571406298018,669
92525000,177.16124765180987,285.6190538844799,669
92530000,170.0975527115165,286.4067897130947,669
92535000,173.37834348646737,311.09821531635396,669
92540000,180.36690102595733,243.72827938641066,669
92545000,176.74983997748345,280.11618799441254,669
92550000,181.43456497710272,263.0458816952732,669
92555000,187.84792511763294,276.7727978981333,669
92560000,193.22694872522905,317.84675276411775,669
92565000,172.67669547889858,316.04424720626764,669
92570000,197.7109780706551,269.9968338615168,669
92575000,159.32485861652358,247.61054812434952,669
92580000,197.23313194471297,369.15065685218946,669
92585000,189.2588536770802,264.1651352907206,669
92590000,195.07287664075506,293.75169030878294,669
92595000,216.06305860539675,278.03964854500975,669
92600000,166.23098321175127,354.00197191044464,669
92605000,190.81883585310698,297.53201186992004,669
92610000,158.0831603921478,290.7288602017369,669
92615000,154.85324034295655,267.290310836146,669
92620000,182.17289023082662,337.85657510416604,669
92625000,173.1593755883442,295.2297033463379,669
92630000,197.1467727082818,274.38028031919407,669
92635000,187.289085861636,286.2626618942359,669
92640000,179.3544970729963,359.2417940951527,669
92645000,165.84466448957397,289.814968116397,669
92650000,174.76310166546102,244.45233404559454,669
92655000,188.33861488557955,349.65647631445944,669
92660000,206.49189113595816,270.0603995309903,669
92665000,181.62471864118982,285.70624638791423,669
92670000,176.96957879850981,335.5290446390235,669
92675000,231.1204692524068,340.2250021490585,669
92680000,212.0303120793966,254.95804284097468,669
92685000,187.02137363518742,323.1347583243556,669
92690000,167.80747378288922,258.1722547423805,669
92695000,209.2417564537266,328.8222869513249,669
92700000,231.08645005264538,301.05741512672563,669
92705000,166.29947615345858,323.0014697163055,669
92710000,204.67127447568726,282.2137811127721,669
92715000,195.33491758458726,249.93545780722485,669
92720000,185.08569483923873,293.4482361148327,669
92725000,161.2994058711787,306.0989755210088,669
92730000,187.18558615020655,261.45607819280536,669
92735000,223.80429807634906,292.80404010519493,669
92740000,193.72916027790887,314.0537859320472,669
92745000,186.88821869950823,307.332191373248,669
92750000,142.3348493461069,313.93391831724506,669
92755000,210.56250656520837,265.4898365632314,669
92760000,170.7953538355769,293.2240140663051,669
92765000,187.0750032094636,279.6324325023262,669
92770000,189.72272971503077,341.74742008012703,669
92775000,195.30831836265392,358.45474336057606,669
92780000,241.31410874083844,301.79537319586825,669
92785000,197.1764182936094,258.02184928111114,669
92790000,206.61762471157562,290.96054701412515,669
92795000,178.31056805552814,389.3633852629894,669
92800000,204.17388505167872,292.7821653791315,669
92805000,240.9958347474853,345.4452255983496,669
92810000,203.17769516663023,328.96963235102845,669
92815000,165.63326810108686,275.2062046561916,669
92820000,195.90524720283227,313.172923878626,669
92825000,159.4696382786887,239.0846229005789,669
92830000,172.56990430600152,303.01366353578885,669
92835000,177.4457094380203,230.4735534218965,669
92840000,165.73589306507182,260.6783524645134,669
92845000,201.88049386015874,321.5839509498309,669
92850000,209.56979123984766,262.65913128662913,669
92855000,156.93873500129686,341.92442441023326,669
92860000,191.1539871404406,268.2114877951351,669
92865000,201.93723369818446,270.57603234585736,669
92870000,149.62428266963553,291.427241741599,669
92875000,210.4970070689521,304.8227789017439,669
92880000,228.08753454529796,319.78422713539504,669
92885000,223.98007586476206,264.6633066162618,669
92890000,191.98578788714016,308.68922840239253,669
92895000,230.52239363219797,298.9607133506393,669
92900000,189.02323229043844,345.04681456673205,669
92905000,191.8849942351173,313.10831990931865,669
92910000,160.52490236470658,368.2501691227247,669
92915000,157.4094088393747,329.7199726738556,669
92920000,222.4631400181845,283.2609619455248,669
92925000,191.2906793262704,346.0053680380875,669
92930000,182.79213509008247,254.38957424902952,669
92935000,163.69736156895272,344.3632366900012,669
92940000,188.3575679033389,311.32325114400487,669
92945000,196.70461220378948,254.51670526425985,669
92950000,185.6930264271641,243.8597784783183,669
92955000,162.73727493388603,310.4110902303969,669
92960000,237.61801042613453,267.66227094688986,669
92965000,150.72116980422453,292.77033010512656,669
92970000,194.8155786691252,282.5327694479457,669
92975000,187.6788949997521,272.95608435879336,669
92980000,157.00580435738055,276.92480776072176,669
92985000,183.5249771930604,301.70688236555225,669
92990000,170.70807299119457,261.75603380892073,669
92995000,161.35649789896797,364.33142653125935,669
93000000,189.37024065936322,328.6096657625572,669
93005000,180.00468860195525,313.7968610672604,669
93010000,200.58544837788747,296.18923000188863,669
93015000,210.50943899225254,262.6193342232532,669
93020000,194.46351789434092,321.4179680980909,669
93025000,228.4314306002185,323.37915501986595,669
93030000,171.30993299525406,244.65028602871467,669
93035000,201.1455167208825,304.964074826812,669
93040000,240.25903041797875,358.97861806845185,669
93045000,223.8400456236295,346.48167709609663,669
93050000,188.1787520549903,270.3646906051688,669
93055000,170.23629905114856,275.12022021376146,669
93060000,202.69217089471957,300.8533119490728,669
93065000,196.90901441035248,288.8836908359453,669
93070000,181.0344676139398,306.2899745146376,669
93075000,170.8250068394937,345.94212617155176,669
93080000,177.5471622449465,352.80994995250927,669
93085000,198.88751519404917,275.1885583184976,669
93090000,208.380177803339,355.46863775821527,669
93095000,224.55014059831402,353.1813741460328,669
93100000,182.8547338144941,275.9430365968224,669
93105000,198.9438081310189,306.5831293667342,669
93110000,220.7492576336598,283.17915826334433,669
93115000,189.60414445818523,358.3574813966448,669
93120000,170.21985337368656,348.2837586861614,669
93125000,166.26483789322663,304.53231832711964,669
93130000,200.61588852220288,317.1003829556262,669
93135000,229.75018406848193,311.4807777552367,669
93140000,231.47466637151055,425.726382616496,669
93145000,176.77470215084577,311.02138920547964,669
93150000,197.53659568729103,347.3753682992326,669
93155000,189.7005355551799,269.94126470698893,669
93160000,188.87568803608497,292.12167451465564,669
93165000,145.06474194095864,275.5879243309678,669
93170000,171.90871199494646,271.6112169638218,669
93175000,202.57953261297652,280.9165417109865,669
93180000,176.84218814982864,307.6534501029173,669
93185000,230.2803725019572,343.5689333575886,669
93190000,191.78852086952517,266.95977502014176,669
93195000,212.50460670546565,354.00745534852206,669
93200000,244.0039334004555,293.66800588470056,669
93205000,200.75150748867958,317.26028450168644,669
93210000,178.70877086092275,302.9188544059611,669
93215000,208.26029059406588,290.81565054221056,669
93220000,191.89638871273058,309.12552019350994,669
93225000,204.89184954543538,351.7524768546661,669
93230000,164.88788660142407,321.44542354874164,669
93235000,209.39218574528314,342.1489202800729,669
93240000,186.15210156034567,230.82244220752793,669
93245000,188.76279231798887,351.95444686566543,669
93250000,207.54764085907232,326.7998897905395,669
93255000,166.2748876193981,284.7420949180302,669
93260000,166.04257663118764,328.7214976934103,669
93265000,166.51168058700287,265.1152782030591,669
93270000,201.24495555929803,278.84012974299213,669
93275000,171.28291079386673,303.1719647899482,669
93280000,214.3903246212694,334.7888700052017,669
93285000,205.25426205564042,356.9268094859841,669
93290000,201.09345022852463,316.94105817236925,669
93295000,199.82958479630247,362.03391778097136,669
93300000,195.91329690998037,254.63504062508997,669
93305000,182.9504716873662,295.05830230122194,669
93310000,204.18145098564725,304.8658028802665,669
93315000,211.4469406406812,371.24871135713573,669
93320000,193.24451454110027,310.55951274657434,669
93325000,222.57992662741628,283.0914979444765,669
93330000,206.01103356624074,291.80878303299505,669
93335000,163.56600854903658,299.98534034836547,669
93340000,172.70504860690556,321.24375509788973,669
93345000,142.63519477678656,283.93286875659805,669
93350000,158.45215481802745,339.322052001259,669
93355000,175.00623303265593,306.85404408069707,669
93360000,213.86460519436525,299.9302196594555,669
93365000,223.2937306598287,356.75866371224686,669
93370000,162.8222672839507,316.3713234164292,669
93375000,209.87838316700842,284.5032801476922,669
93380000,209.45434777617464,304.08992388157844,669
93385000,173.30864905699625,292.37685375152154,669
93390000,201.4108390084419,304.24968731077985,669
93395000,221.41413670753036,329.79955017535246,669
93400000,201.30638566308153,272.91904607389046,669
93405000,173.74691403287346,299.27864148472315,669
93410000,199.34642035992954,315.5848588623009,669
93415000,199.55421821274206,292.2764197746325,669
93420000,188.64446053044708,266.37833528152476,669
93425000,225.6796181666451,282.7366784466138,669
93430000,177.95694207038824,281.84155998266107,669
93435000,196.84219310820689,328.1813812991758,669
93440000,188.93054218587878,293.59173461740284,669
93445000,153.24271557044727,283.48992981289945,669
93450000,180.18684046738522,296.1229380462511,669
93455000,211.90254926875403,261.41815592655456,669
93460000,195.42250357934395,230.41977643588004,669
93465000,167.12101482275386,348.87092321400564,669
93470000,158.82670864822705,311.13264560733666,669
93475000,197.73521763080575,263.91305513693095,669
93480000,188.34369626170792,305.1898189684671,669
93485000,184.80931424973048,297.32231168566784,669
93490000,179.66660652168324,289.30828460750246,669
93495000,212.67352515081194,311.7164547352815,669
93500000,208.17632620185768,274.86660964782794,669
93505000,184.05507939732337,315.73096727040286,669
93510000,196.1189566106595,287.806718404237,669
93515000,171.33476095513265,285.4366357098257,669
93520000,192.3828113383715,290.6901441473298,669
93525000,180.71763740298059,306.3324625722012,669
93530000,210.51748490159034,342.58612047757845,669
93535000,182.96569164732196,307.9782020510767,669
93540000,179.19249724293638,333.58536160015893,669
93545000,191.65758710163277,243.58924400799197,669
93550000,220.58306006355093,323.3852129036359,669
93555000,180.1970285747831,297.19712240902373,669
93560000,174.90504895223137,258.2207087447039,669
93565000,151.48820481659237,301.4161035273654,669
93570000,206.95085762579708,337.9222047939562,669
93575000,176.34449258454023,376.9485030188433,669
93580000,143.9141640852963,306.3645011804992,669
93585000,190.73969381713445,269.4466851974694,669
93590000,230.58514074839334,234.39710379043137,669
93595000,178.23026800294377,316.8945162219245,669
93600000,157.06366532263024,313.13508408418204,669
93605000,204.73517777708463,275.5054395735972,669
93610000,225.07592427694146,294.8161750733847,669
93615000,221.00832458638368,252.44277303872613,669
93620000,218.41967172278697,302.355513203887,669
93625000,180.32375957211804,268.1642353128433,669
93630000,205.20041140962238,332.6344573819009,669
93635000,192.6066098266536,242.5516893460354,669
93640000,161.32470104325344,251.5365697180846,669
93645000,182.72880476096816,314.2105295140643,669
93650000,200.1648225114798,262.3889583900183,669
93655000,170.3927438197522,265.8735460082114,669
93660000,158.8049545980416,228.69376880293683,669
93665000,188.82846978644756,359.69149498219656,669
93670000,188.92898998958046,277.59758336842447,669
93675000,171.0688033507835,316.4904959446847,669
93680000,200.10479040063626,303.06258101768384,669
93685000,212.96311847790463,359.39178189695855,669
93690000,163.8858655823167,291.77141177086804,669
93695000,207.11570542038015,307.4290692921688,669
93700000,233.84207918644015,317.98868650120835,669
93705000,171.95385435735884,265.6141894339691,669
93710000,234.25591447804274,333.35401632523116,669
93715000,185.8716661023224,316.87055440968567,669
93720000,182.24443666012004,385.45686885201536,669
93725000,203.31363606210266,285.9201580726379,669
93730000,201.16198442208218,364.07215784884465,669
93735000,176.35985061500395,270.69318294117176,669
93740000,182.085637689832,310.1490865142958,669
93745000,195.97047401231586,270.6051463380696,669
93750000,244.8798459346063,269.5284673187129,669
93755000,172.36087564886665,347.5752056982101,669
93760000,193.6517533457225,257.050359289247,669
93765000,196.28677956650438,321.51520587889524,669
93770000,188.4183411588703,301.0235933176378,669
93775000,231.20858903275757,345.5587622022526,669
93780000,159.84502356489443,337.4504666164129,669
93785000,182.0905540227168,291.61380858955016,669
93790000,226.67539828448116,224.7852269392988,669
93795000,184.17176974349144,323.77425315079967,669
93800000,213.45940776975306,324.87361352302753,669
93805000,216.6047448357285,325.40772685896076,669
93810000,174.07963792692823,223.23150294994838,669
93815000,167.571565632186,356.91332823425614,669
93820000,166.08213204431388,390.22042338927633,669
93825000,209.4655573261094,310.6038006819433,669
93830000,171.24047004714868,273.39833023660384,669
93835000,233.72404606623516,367.0874331619647,669
93840000,184.8495935899879,324.76688194795713,669
93845000,172.72983881456105,255.9201109342476,669
93850000,158.63996750038277,288.2505566971541,669
93855000,202.75344165958884,299.75459606864683,669
93860000,198.28907293144846,288.61951127658875,669
93865000,161.70701011375695,278.60192384941087,669
93870000,188.37090879144077,264.89723041322054,669
93875000,234.45413128235472,370.48723590524986,669
93880000,206.04624601620162,297.89725851919155,669
93885000,178.64007790516544,305.01665513181194,669
93890000,178.00589855236328,296.6217084153796,669
93895000,184.20326453532223,320.45250204906284,669
93900000,181.40842315206515,274.2328231421874,669
93905000,143.39905940893902,292.32567057863866,669
93910000,192.12566683067092,284.1592210575098,669
93915000,179.2106239696216,296.7260748506585,669
93920000,220.95943252513064,273.507903016168,669
93925000,168.099194042252,280.2643846184557,669
93930000,182.1482361924213,341.42798201094354,669
93935000,197.34231988580967,309.7637563195354,669
93940000,213.562483293881,337.24718527996345,669
93945000,165.10331912336255,221.7771638560687,669
93950000,184.24839063865517,306.78060657371293,669
93955000,209.98379720678398,310.27125588180934,669
93960000,150.1763542134707,263.24743198307294,669
93965000,184.55862380067452,299.69835000034055,669
93970000,188.37806144129053,337.45594290114116,669
93975000,222.2334114126968,325.17250940938413,669
93980000,147.65811199348627,258.3662346591478,669
93985000,196.85661353287838,366.5012160796234,669
93990000,201.1941749705493,299.47635711262586,669
93995000,224.02221280721318,316.7038501688891,669
94000000,178.99046455402325,293.08028201109147,669
94005000,163.51979560421114,279.10393626954937,669
94010000,171.50758392186847,355.1793997202308,669
94015000,165.3801412667175,338.80105520448944,669
94020000,191.10679151470947,289.70948311589234,669
94025000,205.1296038205903,339.603707136465,669
94030000,176.1154447875637,316.6923033428888,669
94035000,157.92463535766035,391.6497641217593,669
94040000,225.74587762692647,321.57468123159026,669
94045000,216.96305905931715,279.1654939564593,669
94050000,169.18527671746233,339.07695269324097,669
94055000,231.3744829866328,302.73682448232086,669
94060000,160.3736607687202,347.14653831292367,669
94065000,210.73763792890304,264.4263895669897,669
94070000,225.17385744868417,307.6627819969314,669
94075000,159.877615460851,304.75886443551934,669
94080000,189.07522246941753,302.3980148291222,669
94085000,218.41366420912615,356.49083378487404,669
94090000,197.79085306971672,307.6749162044814,669
94095000,178.22220924135846,249.1108132767739,669
94100000,193.70068451374541,238.19061373857986,669
94105000,187.1509930648763,269.01236563754946,669
94110000,205.603287633163,271.9137134169037,669
94115000,194.47060905130132,248.42835447842631,669
94120000,196.45682657820709,377.36183421194187,669
94125000,212.15055119699088,257.60082189152274,669
94130000,186.6245943667856,293.73744249940694,669
94135000,191.2600476568423,305.70120142559267,669
94140000,154.438329312221,255.9156035136178,669
94145000,181.25095550311232,298.2428489414649,669
94150000,205.759793928415,290.8618686097135,669
94155000,202.122493502945,324.9638869460658,669
94160000,206.7428898693303,264.57292039724683,669
94165000,202.82670595229263,268.2497708562395,669
94170000,182.8028893107203,360.8387045008973,669
94175000,206.0641233240873,269.731869522915,669
94180000,210.71371869683196,296.9774440585619,669
94185000,187.14956087027184,357.47703960955226,669
94190000,195.04865916813577,319.95663311457724,669
94195000,211.64226922788313,256.16588174197307,669
94200000,212.7207253672682,310.61849679664124,669
94205000,196.09375566064702,300.4262131205503,669
94210000,198.75824578714082,361.15544175590674,669
94215000,171.41834903202164,323.6172206041918,669
94220000,182.8032150059092,335.5247097824485,669
94225000,194.01624157246616,279.3026068800134,669
94230000,153.18427753394553,285.63554364183113,669
94235000,170.79870393920376,306.79105213664013,669
94240000,199.22473559850707,251.68551201199563,669
94245000,180.1224523646115,313.40433023159716,669
94250000,187.43788173572065,348.765838379421,669
94255000,200.27354688762017,230.85636711817813,669
94260000,213.27164145423632,289.08522827654747,669
94265000,169.15891295780523,312.14810101437877,669
94270000,162.17591963629843,259.19977112549225,669
94275000,213.963232872896,322.5199070520436,669
94280000,200.45515830193997,275.8739817399534,669
94285000,185.2604126433563,321.3422114921916,669
94290000,190.9546230996879,323.06134224553745,669
94295000,153.32572815492722,276.3365556328799,669
94300000,180.4740475088059,286.3452428866818,669
94305000,180.18057154632106,298.30343979554766,669
94310000,202.71611927427497,257.5161910132082,669
94315000,178.48114317842166,308.00228464026543,669
94320000,196.09716240489422,333.4729867047978,669
94325000,207.80279041367064,280.9377025574395,669
94330000,173.9895840530041,290.26725771535655,669
94335000,163.18508410257405,324.7121622458557,669
94340000,190.32294006335815,297.9886870261562,669
94345000,192.06927659344169,311.61499936375236,669
94350000,211.89311858126092,306.5556964392839,669
94355000,184.67772430861964,323.61669048107655,669
94360000,185.52178978185347,268.59818154098707,669
94365000,201.96135703371323,317.68068948888765,669
94370000,188.8491393955569,318.816147140673,669
94375000,172.79210205113986,276.6066306976761,669
94380000,191.586385283176,294.3407634314159,669
94385000,179.93743219185646,301.4475770684986,669
94390000,175.71603795234796,312.0817055569421,669
94395000,229.76787058025565,347.3306311913526,669
94400000,195.728033184745,250.79328366965987,669
94405000,202.46563670418797,290.3878057826956,669
94410000,225.4743191447999,310.45628137785206,669
94415000,191.66566387261264,308.63848344692076,669
94420000,168.56665736385358,310.17321098117554,669
94425000,198.16701439322506,354.9383761634565,669
94430000,175.14779266733282,310.7501786939922,669
94435000,174.95664708713386,270.75961000815255,669
94440000,208.09969023787843,315.8926203434492,669
94445000,204.72060570402365,318.35808287146864,669
94450000,218.87962615473543,239.08687353063462,669
94455000,165.38186656080248,283.16314029705586,669
94460000,184.21745762489277,309.910977915395,669
94465000,193.55048263907491,285.9269024840556,669
94470000,186.2811684059438,249.78288008593265,669
94475000,179.4966237286377,296.8575259579378,669
94480000,217.9179040790873,341.800898048466,669
94485000,183.8058296022988,318.3862669377484,669
94490000,178.9704851174358,229.9285596945269,669
94495000,216.11211462425322,342.64311732838235,669
94500000,193.60049261031583,267.5959352614712,669
94505000,186.55837464427884,262.9002120448254,669
94510000,173.34676538930316,282.60000611546496,669
94515000,155.16060656306902,279.463228618276,669
94520000,154.82047984893828,254.3842260282395,669
94525000,168.11376324650308,247.23681256341385,669
94530000,196.9642560864769,388.8031110420238,669
94535000,151.98576201526595,220.99054497694777,669
94540000,154.3208595884556,310.4984393505641,669
94545000,232.47070626922977,333.02657870163074,669
94550000,174.48007698678063,323.27756757922356,669
94555000,206.56029404305025,270.2974817933228,669
94560000,215.55692996556448,387.43832582690186,669
94565000,187.85373909118684,286.39700092535736,669
94570000,173.67001629275256,272.9673316871004,669
94575000,181.36344988043163,300.4717748995856,669
94580000,199.54391073473718,305.7377983511243,669
94585000,169.87839353243754,356.1642907082876,669
94590000,190.81606822343815,337.0854867166373,669
94595000,212.6477220717953,241.62008392602803,669
94600000,219.28212535761054,289.89278947359264,669
94605000,195.0208376787441,283.5339708312267,669
94610000,198.175840530159,249.75246314466628,669
94615000,186.76628986198727,285.02811709211176,669
94620000,212.14090352013127,317.7833487256463,669
94625000,217.6004146869449,336.5099529959417,669
94630000,183.4452305418016,347.7965840359936,669
94635000,224.31844234358823,352.42272282564477,669
94640000,207.68611945064495,276.4142016918239,669
94645000,213.99988153148746,353.8601210696572,669
94650000,184.3223064576516,289.44088232214233,669
94655000,160.1890656865432,309.8637115240569,669
94660000,197.6774019989857,298.3645221591005,669
94665000,194.16413764355315,348.93828182365695,669
94670000,175.2636558418071,258.79323344238475,669
94675000,200.9002203131893,337.4202880626814,669
94680000,150.73642794838375,295.2759079256741,669
94685000,172.2731787006789,321.3883111629236,669
94690000,256.70974750497146,277.79219872687594,669
94695000,188.86707949099667,307.62278096274844,669
94700000,188.83272240636927,265.4100372023428,669
94705000,160.6274101070823,309.1543091673689,669
94710000,213.49374414188574,285.6333406895284,669
94715000,151.84547127256533,265.39043736623603,669
94720000,176.90545575595812,270.5219104711031,669
94725000,188.50949800681255,305.4668473564231,669
94730000,193.7729260860441,202.57903394795866,669
94735000,216.7665020915205,263.5574408893275,669
94740000,142.22867032675555,279.83051505525106,669
94745000,212.13708248277453,350.2582311600312,669
94750000,165.46232113775778,294.07385750778514,669
94755000,218.4485031628082,326.26564521235025,669
94760000,196.25062044454128,283.3175378954657,669
94765000,199.73730990482892,270.7014837968866,669
94770000,183.91186135154294,221.42757965594154,669
94775000,193.5704143617725,314.4611975084416,669
94780000,207.25351726858662,294.15207653564505,669
94785000,222.77723886863114,310.5660415944611,669
94790000,187.6587892537064,330.0267322473411,669
94795000,232.67817648808014,300.13769709293666,669
94800000,185.15329808615454,344.5752135109339,669
94805000,195.07673670587656,272.1168767524326,669
94810000,216.25953515637707,265.5172849924021,669
94815000,203.67166241116692,271.5646594262358,669
94820000,203.30194032863625,345.8846135368653,669
94825000,182.02492838219104,334.63955835573677,669
94830000,193.0806061126128,376.48392329463536,669
94835000,157.2250868340772,290.7552628618636,669
94840000,214.44626900345136,267.9768746361243,669
94845000,176.86490070684812,323.23059926973315,669
94850000,190.4911549043414,286.5465644709605,669
94855000,269.1837431056225,278.8719042172713,669
94860000,183.2484793124326,282.6540895432449,669
94865000,217.32702530815448,260.33176675106637,669
94870000,156.73113161992023,244.5542040366914,669
94875000,201.6307694658409,287.52257284908904,669
94880000,166.18421578245653,264.2447054665339,669
94885000,153.19272438689092,310.0589246631733,669
94890000,201.32884644632256,252.14781008424424,669
94895000,183.18987648621237,294.0784805056738,669
94900000,209.64877772702275,268.59595154105864,669
94905000,188.80613996671224,313.6012742585542,669
94910000,165.92030055029988,261.69222686037546,669
94915000,204.16508805423183,273.2633608908278,669
94920000,180.8214532354475,336.5740871178803,669
94925000,207.2882439155204,330.66413714320123,669
94930000,157.73132038544838,283.0622058347941,669
94935000,240.55953730791083,372.0795596596275,669
94940000,160.2423557918682,311.443731470566,669
94945000,187.40987773224148,287.4901979335723,669
94950000,240.15504157565888,249.56966905996518,669
94955000,180.10995780164694,346.80113786036867,669
94960000,204.96116480465108,297.3073030589636,669
94965000,217.4266680861848,312.6849617823571,669
94970000,217.00362891831276,270.7311636452862,669
94975000,153.06783076284466,246.8486530072009,669
94980000,199.12835738139236,299.0756938032228,669
94985000,176.20356121011332,300.9028798748565,669
94990000,201.92843335199646,314.5038661386026,669
94995000,157.89896714353716,362.6333156790079,669
95000000,177.58930190462058,300.4101250445171,669
95005000,242.04343127035966,278.25588767748604,668
95010000,226.93133499053422,316.45661737403424,668
95015000,166.04516928894273,329.47354451151557,668
95020000,194.36575684024984,356.3073676446991,668
95025000,145.10883353667492,283.10804869538447,668
95030000,173.63449485346433,283.30517914480134,668
95035000,197.27927218335634,342.9015694229104,668
95040000,189.68940235299212,281.1659440981699,668
95045000,217.56254087365036,292.32228389967963,668
95050000,181.02991658920257,274.23793282968484,668
95055000,187.18362961214618,302.6587776602386,668
95060000,206.7009801600653,299.4738662547533,668
95065000,176.6671856687444,274.4950001589918,668
95070000,208.54766643915062,298.58372680114314,668
95075000,197.24725175812998,322.41428872148197,668
95080000,164.77161157477755,296.59652193176623,668
95085000,216.17611201564853,277.9536207168364,668
95090000,168.334280300789,303.42123379092607,668
95095000,181.38792785992436,276.98053719728784,668
95100000,167.18418368477808,278.16662803189666,668
95105000,198.76091343436943,297.6359603957101,668
95110000,179.1150396569838,258.46670397089554,668
95115000,210.188631055497,282.81562272648,668
95120000,185.74537506016264,298.44092294017616,668
95125000,184.81208761910426,297.38555059981917,668
95130000,182.65935756641838,360.8533249223787,668
95135000,194.37852940480028,282.8312566799141,668
95140000,167.11146513023363,307.64384098855663,668
95145000,185.8215635971981,223.0186973262802,668
95150000,178.8469353514548,263.25388719001984,668
95155000,193.90523718069971,324.6493992946423,668
95160000,174.56171413951174,305.9024080157579,668
95165000,183.67854306052322,270.3617542902075,668
95170000,199.2954879811256,338.2561876139247,668
95175000,197.7202312284392,266.5262928189826,668
95180000,204.74374313670316,286.9972709797787,668
95185000,172.24948819305757,321.7850596792126,668
95190000,175.7155142109592,252.85073613445235,668
95195000,186.49918876049554,311.7807491016496,668
95200000,227.17093388708955,307.7234946273564,668
95205000,204.177285532185,276.3926622862484,668
95210000,203.9338277825033,251.4257228387328,668
95215000,180.79227872891468,256.3685567833641,668
95220000,177.15331721567136,354.61567399461467,668
95225000,202.2238817451692,310.814040503394,668
95230000,201.66237840880092,294.0261508966654,668
95235000,218.48065128127473,341.4017714655164,668
95240000,176.87281799501096,312.1289376386095,668
95245000,238.9838938384587,352.32923120815275,668
95250000,187.78429781523775,309.37423853916727,668
95255000,181.9308730103172,323.42737167344734,668
95260000,167.96798072269522,317.9385018650399,668
95265000,199.45412765358955,256.65785256080244,668
95270000,198.65398953300544,282.2162926633774,668
95275000,190.54888437349712,319.3388726383269,668
95280000,159.85547971837264,325.7466905445314,668
95285000,190.56945258340252,316.6989444726912,668
95290000,173.80877406180159,322.619783684859,668
95295000,184.36005254927915,310.30823786856365,668
95300000,184.89879528338187,286.5183930169882,668
95305000,191.15184083965377,300.76826010510433,668
95310000,144.55178900332416,272.1778929041093,668
95315000,203.56825370915064,294.01300248662693,668
95320000,197.21272125475286,355.0970063265988,668
95325000,194.56906394478065,336.4270617864653,668
95330000,211.30894176709654,311.5639206007952,668
95335000,181.31532604589194,281.1202484881778,668
95340000,136.12646852253837,312.78285948299856,668
95345000,219.02655192177045,317.33863011276566,668
95350000,175.18206829393444,271.38408638394617,668
95355000,155.79518055397003,305.0749359942196,668
95360000,216.6071728008242,340.4038822858543,668
95365000,158.79835236282221,331.5619768869272,668
95370000,176.05229499415657,281.8053216307588,668
95375000,208.5525159669814,361.87126231875055,668
95380000,167.9816517149496,351.72914890641243,668
95385000,195.8381148019614,242.09711442052213,668
95390000,174.833296002185,277.6150845649166,668
95395000,194.91880264056948,291.07035336208617,668
95400000,169.79779027863844,301.13667963764703,668
95405000,200.42129625908083,277.84363817761823,668
95410000,194.69705127698597,300.1807523990872,668
95415000,197.2815472553386,286.1292680171253,668
95420000,177.3533503319586,312.6599009057352,668
95425000,229.58393447910152,338.4243901650788,668
95430000,178.10259804694226,303.27982770426235,668
95435000,183.82861379677234,302.36310103180034,668
95440000,167.05086303383695,316.37731534143325,668
95445000,206.49012957516805,258.5668826751641,668
95450000,209.04105110153554,284.3814900183836,668
95455000,199.9328246113636,315.80003346269524,668
95460000,256.67711920892924,335.3949948118313,668
95465000,167.96088264350178,285.17901214623214,668
95470000,180.74396998285206,318.94172524164804,668
95475000,219.67939178111317,280.41943313509427,668
95480000,173.12469603218815,306.65775131971446,668
95485000,180.07677028223796,304.5274756290897,668
95490000,179.5797019708596,252.13344789798293,668
95495000,152.64762371991762,346.00809266042455,668
95500000,198.7193016424831,285.3790170013291,668
95505000,187.54233822872976,277.21399772768086,668
95510000,194.08269715796789,362.5345895691545,668
95515000,157.58907405905325,280.9640120635698,668
95520000,203.5445466677559,284.5226497720611,668
95525000,190.6747986569363,295.5374729752146,668
95530000,172.20199706107493,282.5755689600457,668
95535000,174.97549061294936,290.89679675869564,668
95540000,221.26795604364833,336.2653057097017,668
95545000,166.2631098408656,254.43446481701775,668
95550000,190.40005401609864,316.02992662807645,668
95555000,174.13687233768024,292.0056578261836,668
95560000,177.89790811339657,322.39707537774,668
95565000,172.76514348708952,301.43640174340044,668
95570000,144.72134067978763,294.2915913153854,668
95575000,218.12597334960628,275.8487879848519,668
95580000,198.49188499579373,328.7405060411246,668
95585000,212.14661226328087,250.8026553846171,668
95590000,180.23530721391336,289.29860501493744,668
95595000,175.16755403757884,358.36080664589434,668
95600000,209.8878843006364,289.86473096193635,668
95605000,171.95848463017143,336.9205147633488,668
95610000,195.77967044176813,336.05171511111763,668
95615000,192.00419636897158,325.26075661241686,668
95620000,183.53297194657463,240.52184552076238,668
95625000,193.30519596291958,263.44285513528735,668
95630000,144.11275181645703,311.43649779700166,668
95635000,205.9959007956042,263.7114442905383,668
95640000,176.58295396675663,235.06947443681088,668
95645000,207.97500189721416,316.840325342554,668
95650000,185.39289278392525,335.50682386405595,668
95655000,205.2205666999464,379.6684991731316,668
95660000,161.9652103604161,357.96998671383864,668
95665000,172.16438604794217,305.2123861596849,668
95670000,223.2916278543849,368.54174947412014,668
95675000,232.83244519587353,332.75171454347714,668
95680000,176.1772478366799,324.88359748170586,668
95685000,204.23252400039655,277.71169827335046,668
95690000,198.6879776330005,299.37198489265387,668
95695000,161.22067910961744,303.83015898658294,668
95700000,174.4969272038723,288.62526439408754,668
95705000,228.0056262514905,302.68882472913765,668
95710000,158.6720503677549,287.35367325308135,668
95715000,193.3184185090682,263.05096835139364,668
95720000,207.62738993575502,350.7122447011855,668
95725000,160.7324395063208,347.36248937735223,668
95730000,181.84861935662045,266.8918952740783,668
95735000,167.8604177994444,346.6791357559858,668
95740000,157.5438589089639,278.957116909236,668
95745000,213.4406226333508,301.4690777639873,668
95750000,225.48119424118104,282.46947848013406,668
95755000,168.01003678940236,284.07077200557615,668
95760000,189.04709084277513,309.01259240183055,668
95765000,147.74400590774306,367.8123657111195,668
95770000,205.5039807754104,309.2014063478314,668
95775000,195.6424768688841,296.5597179186638,668
95780000,155.48056083729193,354.2175218961731,668
95785000,235.17374374994404,361.0032977668732,668
95790000,166.83551104305468,229.8724172931234,668
95795000,200.04364711425043,283.0985992638173,668
95800000,196.1394137349954,253.46618485120354,668
95805000,205.23295799524715,231.3221769071414,668
95810000,198.68194684941002,282.0718501079417,668
95815000,226.59157586179768,310.2342769616849,668
95820000,186.2426628098358,292.45674095565647,668
95825000,194.61618713299345,252.98649165177312,668
95830000,157.5378632471868,268.570387186962,668
95835000,162.87863207073158,258.1725453150172,668
95840000,176.39401505063373,236.105019244574,668
95845000,178.09995364594977,345.5197633870538,668
95850000,165.30775782934262,275.99918488851824,668
95855000,187.97543255375473,292.80171723114415,668
95860000,172.6001705225131,348.0602706695356,668
95865000,185.21029912816164,249.54129258860206,668
95870000,193.33619383903667,312.60605188452513,668
95875000,198.41998817558596,395.47427219114525,668
95880000,198.69817358965318,322.4494667264401,668
95885000,200.91189701282218,277.68612548106614,668
95890000,185.11073551394526,267.4856873712537,668
95895000,166.0122760332833,323.1804603821632,668
95900000,199.87362252339915,256.5058406820614,668
95905000,185.8262540593287,306.46464185463117,668
95910000,215.85836810895245,298.5392275435017,668
95915000,211.17417461510286,266.02997765331116,668
95920000,237.42181289869816,355.5146239541111,668
95925000,181.16786106441717,310.47463671153713,668
95930000,197.85294651758525,290.2605859508164,668
95935000,199.65551125913623,280.1065606330729,668
95940000,186.7040062694208,335.97527858146117,668
95945000,160.8420436834558,360.43808957387034,668
95950000,184.8626235340608,301.6024749351203,668
95955000,176.53950751859975,338.40349997691027,668
95960000,182.8893367180647,328.5211701502211,668
95965000,163.06358540225256,352.96734579961486,668
95970000,160.56223463099343,264.6018831706049,668
95975000,176.8323635034859,277.7332906589764,668
95980000,173.6091195768987,413.3010519037095,668
95985000,206.09394197518608,388.84344214625077,668
95990000,192.1923535685023,306.58194597166016,668
95995000,187.04611036299946,282.4478697539358,668
96000000,199.53597275668653,297.3419194047375,668
96005000,154.78592821154112,267.2794477549995,668
96010000,168.77476446718768,274.6032286362726,668
96015000,166.00509591304495,302.8535675732887,668
96020000,183.10618903934815,283.8024456929954,668
96025000,222.7488060739954,325.9944564129045,668
96030000,165.54500878122045,258.69217518102636,668
96035000,182.508126481362,326.3573022630447,668
96040000,184.54419324055513,329.9373263739589,668
96045000,194.09964409720112,276.5750964360962,668
96050000,127.71976984243534,258.90947811897576,668
96055000,202.20438587776383,278.82500409415997,668
96060000,203.72280671597747,301.45829734596373,668
96065000,197.04757598037827,314.36771088716296,668
96070000,211.81513078715142,327.51385313547786,668
96075000,176.94983576137872,344.65607390807446,668
96080000,214.56812818761924,234.40198266462517,668
96085000,210.15832412717398,310.6587360065448,668
96090000,183.07419726654138,290.0766201295675,668
96095000,182.20457621649956,312.6457036631024,668
96100000,195.99016302108535,314.3428618535603,668
96105000,217.8725018761748,285.719217100654,668
96110000,178.1787834344683,299.95014043150155,668
96115000,180.39733326198515,292.13982151342043,668
96120000,240.69482008534436,262.4102288894045,668
96125000,194.2349332500866,327.7750436943955,668
96130000,202.57671201381083,315.5744583044559,668
96135000,194.24012727304554,333.7048110818765,668
96140000,201.07904917595394,313.94384209895503,668
96145000,205.14793535235006,353.16360739189537,668
96150000,163.5789775647294,322.9911405616355,668
96155000,224.03226869331198,304.7031394194628,668
96160000,190.38398288993878,259.07498326427265,668
96165000,177.05986902495425,301.8585851188632,668
96170000,178.34271475751103,269.23095037799646,668
96175000,160.17226235575765,324.6812789450369,668
96180000,209.51332536548563,309.7733544364445,668
96185000,173.34924800303912,311.63324375850453,668
96190000,208.11177108197154,284.07808586536765,668
96195000,169.55617736393998,295.9973168270667,668
96200000,208.40502864761618,324.74518411535695,668
96205000,177.2497461959989,288.1612486163709,668
96210000,206.2556801729831,272.0597793388792,668
96215000,178.72361293432158,285.40139264411386,668
96220000,155.6550482019443,359.579276022688,668
96225000,199.2768617853538,350.67320408232416,668
96230000,168.72619679169426,299.83936825796985,668
96235000,210.57817793327658,314.02694077507834,668
96240000,219.37682789761237,304.10006008623145,668
96245000,192.67356967607884,371.86648238700315,668
96250000,232.53405487993882,286.7575567970818,668
96255000,194.7943631869957,284.01157296965744,668
96260000,205.33125622279783,330.1111103956643,668
96265000,176.56437752021182,298.4132535676987,668
96270000,185.06057988059246,317.6225586185762,668
96275000,171.05320575745066,252.67344668830322,668
96280000,173.09576509340633,287.0258266933114,668
96285000,211.38723261687812,301.81985317565443,668
96290000,193.3983395681072,281.94983590350637,668
96295000,221.84314265988877,259.0226417651613,668
96300000,167.52009791190042,277.84511058400574,668
96305000,216.48973425804058,346.2784489734261,668
96310000,198.0898886090904,267.77491747289844,668
96315000,193.5295935793198,316.25637779199957,668
96320000,199.1913187746836,309.818806120694,668
96325000,160.30999886333035,266.53399394947667,668
96330000,186.60067687527035,301.64456435972005,668
96335000,174.1719689881196,401.3255228798021,668
96340000,146.05714313893515,327.66111853275424,668
96345000,170.42594268239057,287.94569345930506,668
96350000,178.04910434918034,308.01437570054196,668
96355000,228.80388491465615,312.0803646914115,668
96360000,143.99728005414002,324.39810437946585,668
96365000,155.30771097515498,312.0259846746395,668
96370000,148.47554042037166,249.6616892494034,668
96375000,184.54689630363433,346.5090433880818,668
96380000,168.2848460896541,281.36328747873176,668
96385000,193.63630801877719,311.6126731114225,668
96390000,192.61149566222312,298.16696395877995,668
96395000,213.45004317439478,268.04432563548863,668
96400000,169.84005218140737,301.5972532332924,668
96405000,175.69803416788875,311.1802058153695,668
96410000,201.43370770104465,333.08300810596353,668
96415000,182.48905237942546,374.56116490985664,668
96420000,206.81069762328113,314.74538090094,668
96425000,206.665890315719,244.20334905552593,668
96430000,200.37864028724306,314.06444964776745,668
96435000,161.33268534400082,268.9715822628421,668
96440000,202.7573415918198,340.07656899159235,668
96445000,163.93530364149458,285.52480814818296,668
96450000,193.773327259109,267.132082929793,668
96455000,191.2044031159787,250.90791764067376,668
96460000,210.6747321855781,226.2858092860076,668
96465000,172.93033165479696,296.7191867754751,668
96470000,164.56719069404264,318.09334260793565,668
96475000,171.6989898793297,347.6452932841074,668
96480000,185.7691804058742,280.4832079794749,668
96485000,217.28840272248308,331.77154697361726,668
96490000,205.6306935098455,289.3948975418188,668
96495000,178.2868633217517,248.77518871761117,668
96500000,158.84065639057135,252.35590925513844,668
96505000,189.14449557921347,230.75321677397673,668
96510000,226.25040150672422,322.1958182514983,668
96515000,189.2787103058164,293.7908083663239,668
96520000,213.87735142598882,337.91712298996856,668
96525000,219.48373027596287,330.3228021327814,668
96530000,203.5796730601774,331.72117518850234,668
96535000,143.8412440017232,317.33622412430276,668
96540000,178.47503553742732,308.4804062017715,668
96545000,179.8221090938901,372.1300829999787,668
96550000,195.66080849292274,298.78653080350006,668
96555000,204.80194979030793,293.1713653717549,668
96560000,212.81049049954441,309.2966039314062,668
96565000,191.01382193183312,342.9051633893943,668
96570000,221.59873865498741,404.393289244003,668
96575000,242.64778528344766,357.48121684785343,668
96580000,190.82703459222176,280.618068424664,668
96585000,198.0432062327847,338.76412699624694,668
96590000,169.87883978640167,302.6189922283577,668
96595000,171.49117408792995,334.59193644941564,668
96600000,191.42802129591752,273.37112877361466,668
96605000,187.90995143120375,330.1945068727719,668
96610000,208.03286294566888,331.49978864936503,668
96615000,154.3559425000877,292.24809609323154,668
96620000,173.22440402844086,293.52935640988204,668
96625000,219.1070559679445,281.94590724649163,668
96630000,161.6449091032064,284.93693525714644,668
96635000,210.40563408186208,308.6192949929535,668
96640000,190.14169618063278,286.824384333953,668
96645000,206.84123701855526,287.90397937208144,668
96650000,180.13535343996875,349.50558383195494,668
96655000,184.42254301495717,264.0166490463221,668
96660000,179.56727642441487,293.24583481900305,668
96665000,165.31563852639766,272.903179268607,668
96670000,154.75014569305483,342.05197678371184,668
96675000,173.98632271288488,354.84700166753686,668
96680000,226.6304997512142,307.54023904287277,668
96685000,192.2689012273708,299.5534473277927,668
96690000,193.33243026155714,263.5684696442187,668
96695000,206.09451048259552,378.19063788906954,668
96700000,185.0866896284254,335.1831125515248,668
96705000,187.66476414817438,258.514513380101,668
96710000,215.94347105053834,214.84739002568256,668
96715000,192.61463492585054,261.9262207562164,668
96720000,207.4681603655716,300.0073562369457,668
96725000,203.97697263503642,262.507475178268,668
96730000,180.58555190753157,347.3091230951351,668
96735000,161.07743440320294,313.6559562798321,668
96740000,151.31151320462627,328.08416156955064,668
96745000,184.05448193861127,281.85012834454557,668
96750000,184.40825911084596,261.0897505092463,668
96755000,242.9395524330069,295.5736049981324,668
96760000,156.282305712048,279.0777043246251,668
96765000,222.17515445840246,277.46178821095236,668
96770000,169.10183158529713,283.09302618963864,668
96775000,186.47216394141844,397.6689070839274,668
96780000,139.66736731685478,235.63169638419836,668
96785000,177.6957379594192,252.48823976992458,668
96790000,208.99721691752217,310.5747798536596,668
96795000,134.5510971005011,270.2456492828213,668
96800000,185.88190843860383,356.24758814465844,668
96805000,209.00948616331095,216.86720792822229,668
96810000,142.0322524710941,329.7773407455672,668
96815000,165.5045150301,333.1265351528811,668
96820000,184.70776161632588,291.38359391526757,668
96825000,183.41028835754767,214.84306347311795,668
96830000,196.07836424092497,328.87645241979175,668
96835000,201.78057050157244,317.6741464480383,668
96840000,201.32593292395146,273.99200993083485,668
96845000,190.3569876627215,305.0690424385136,668
96850000,185.41503991171012,293.9146717543683,668
96855000,163.19567616566397,348.36300087126074,668
96860000,191.86727426408936,307.49622130043366,668
96865000,179.58842775715618,322.0388277852245,668
96870000,173.21506404297236,257.38307322555596,668
96875000,213.0915696560806,443.33799406099405,668
96880000,167.92849622299644,267.9873524562371,668
96885000,184.37781286259533,292.4370566793028,668
96890000,197.69501785633503,339.9896301237279,668
96895000,195.93550235657221,333.4594952625052,668
96900000,163.95254168004672,320.0482477052501,668
96905000,174.31998466648827,304.91042671035257,668
96910000,166.62203816882823,346.1133868085775,668
96915000,188.5317893080462,277.78004139260634,668
96920000,187.18237806556405,280.6432004948706,668
96925000,144.00186058316598,260.783293633768,668
96930000,171.0775978927049,281.49773169515225,668
96935000,188.50448148053582,241.58936225486232,668
96940000,198.75868024317657,319.37902478138807,668
96945000,183.0311169716394,288.1783223376369,668
96950000,198.46309172480636,344.4621228239589,668
96955000,183.98021508695143,254.4142240462963,668
96960000,190.23714911785342,219.535688649085,668
96965000,189.132302647169,312.993459805852,668
96970000,207.52483718547532,282.5484061952219,668
96975000,228.35273436735716,287.31793170047536,668
96980000,177.08392604073777,256.4551158608083,668
96985000,206.5256274000687,222.63198856206657,668
96990000,189.0269609436183,312.5123236188567,668
96995000,208.6106467944239,312.55840987415417,668
97000000,176.95860432911462,294.33599283013353,668
97005000,207.6452959823536,265.60867553580476,668
97010000,170.25240089206537,262.6365465606463,668
97015000,224.42014467769917,239.37146985155624,668
97020000,200.36562457839514,293.14226897836886,668
97025000,213.6709951288451,322.60822819155703,668
97030000,210.70651443655123,326.3962372599279,668
97035000,177.66113629625252,304.6602366981675,668
97040000,178.50987318133397,289.6577293698393,668
97045000,199.1879364455447,282.50934250477667,668
97050000,166.3800887553389,252.19059227178437,668
97055000,206.50976634039574,298.6075372996958,668
97060000,207.04493853635876,289.8509075571355,668
97065000,184.38037250309443,367.2410830451097,668
97070000,198.9413030528381,257.47823930750303,668
97075000,212.88136382174346,294.3160960099089,668
97080000,170.50193681740402,269.1299471812452,668
97085000,152.58224425907736,319.4094588444972,668
97090000,224.58537881586994,395.54008182366,668
97095000,174.37997971021156,287.7044432696755,668
97100000,186.5226584969974,317.176628852459,668
97105000,195.36219784075297,323.52567490194673,668
97110000,192.7505563007057,226.05107634529324,668
97115000,168.98181309926386,285.0863940824384,668
97120000,203.1243869599781,410.662234745764,668
97125000,181.58088215856668,301.0629967193054,668
97130000,161.4520312765116,320.2680228067562,668
97135000,210.66703819430734,301.54434613109686,668
97140000,169.02311282322108,306.892779778681,668
97145000,204.29052301664169,340.39962949524113,668
97150000,177.8078150699256,300.8437621550183,668
97155000,166.93950139386232,333.6032114381931,668
97160000,176.24302249704527,313.74955940312117,668
97165000,201.7747831397357,294.98050321391537,668
97170000,177.36426212067602,308.01848428131854,668
97175000,205.06216922636543,325.2632743294054,668
97180000,186.45929435735866,291.37031368808186,668
97185000,197.3841634366716,268.5220187849043,668
97190000,185.9178603113101,258.81611245191516,668
97195000,196.5684975211257,329.99532713860896,668
97200000,164.4001199738185,383.8992280022545,668
97205000,180.94064972570644,330.59687257184265,668
97210000,192.08303160118538,321.0715560632344,668
97215000,224.8476216790911,315.11480565603904,668
97220000,166.32080212292448,294.1165262366225,668
97225000,162.27180744693285,331.143180653823,668
97230000,178.64935449201585,330.7981793012693,668
97235000,183.89407240280997,341.7722246372311,668
97240000,192.74269076352576,293.4161625309233,668
97245000,182.2226109872394,300.56094054796074,668
97250000,156.39815745748794,303.19761115872774,668
97255000,180.26806921734357,249.94251244592465,668
97260000,189.75648923346807,267.6778531658522,668
97265000,182.1624800688173,267.4820422264652,668
97270000,195.98899738517807,273.69800560467763,668
97275000,166.72385677582042,346.0822481977367,668
97280000,189.78624804817863,262.766805954753,668
97285000,191.8537747800717,300.746888144451,668
97290000,219.37108719668188,314.8682483496369,668
97295000,159.5685640272368,260.06201916053027,668
97300000,234.65128733669374,313.3321779457352,668
97305000,219.69452972137998,349.0857151447057,668
97310000,194.20260026892518,286.88187455207566,668
97315000,187.46959677964162,267.7825447495081,668
97320000,221.22533636137803,349.1503778968701,668
97325000,206.81405107464056,287.41073953367396,668
97330000,167.69797860753462,297.6816652853133,668
97335000,183.36692361680443,295.1700103267691,668
97340000,203.9373610201197,271.8447244121229,668
97345000,200.5030413205381,289.5883089630012,668
97350000,181.46348098552852,324.5343315317364,668
97355000,175.84805229643283,248.64964978551944,668
97360000,210.3480222791818,313.01726283268096,668
97365000,164.49974968379584,291.51921842493874,668
97370000,174.45738156576533,307.76833163398055,668
97375000,188.00838738664882,316.5934313947588,668
97380000,172.6406868260412,356.4675579774726,668
97385000,210.19451373909283,358.2629977827593,668
97390000,160.48071914792354,282.8261313358502,668
97395000,204.4624981674096,310.3685185226518,668
97400000,246.0259686561023,302.17136300694136,668
97405000,184.7253165142007,303.8388457808838,668
97410000,161.10589104980406,264.652818565858,668
97415000,145.61260466844922,267.9887969437049,668
97420000,187.6460753722115,281.8949342148104,668
97425000,225.86426619474557,295.43826963007774,668
97430000,183.05201802926186,288.8646864295311,668
97435000,182.35777707675504,329.49112680379784,668
97440000,174.50837770417604,287.4051055764777,668
97445000,195.17108251778976,333.14614930043615,668
97450000,220.1994726081998,297.6728706769044,668
97455000,168.12016189998047,288.7560193684187,668
97460000,184.34970149436035,265.99831801454917,668
97465000,190.63545160691672,325.80165676822526,668
97470000,191.6090043469448,290.92023044562615,668
97475000,209.23139602842355,251.7828397416867,668
97480000,197.0163914814538,263.61690961610674,668
97485000,181.19850631510735,279.67860068305697,668
97490000,169.2524189381284,291.2121818198929,668
97495000,151.77825819313486,270.60659530152145,668
97500000,226.62474167788275,287.49107890433163,668
97505000,209.50766629089972,301.59924526177474,668
97510000,183.04068458202977,293.32881970103807,668
97515000,190.01501483750474,260.54119262850685,668
97520000,187.64797200699604,280.87747893072674,668
97525000,205.40982425043438,294.97323718347343,668
97530000,186.67036072947906,301.4056453073819,668
97535000,173.24724469631073,348.78042497069634,668
97540000,190.7734592112186,265.01227077047923,668
97545000,164.965765370851,292.80784580491775,668
97550000,142.67542769041438,291.66475888666366,668
97555000,146.78002545203427,321.26856525017945,668
97560000,198.18636766308333,310.686886493496,668
97565000,210.30619933775048,279.9671250533946,668
97570000,198.44052722093735,284.50333215890714,668
97575000,205.0476700330629,245.08953414995892,668
97580000,196.41077818529777,289.57523411849616,668
97585000,183.4631251472363,349.28628529361157,668
97590000,185.8705742720834,332.7867030669164,668
97595000,185.0012644783962,266.9194113087696,668
97600000,203.96699210929347,381.47591570335163,668
97605000,190.71975305387488,327.5283182228869,668
97610000,186.90973029629887,320.6982487308318,668
97615000,194.89439142408403,303.33029721147085,668
97620000,188.53313896858685,304.71469875247686,668
97625000,174.9164425184292,321.8710544642118,668
97630000,202.31607129945104,290.65765241727536,668
97635000,161.7788192946203,283.585853088005,668
97640000,181.5351225058081,314.31527213468115,668
97645000,153.8990817680182,279.32631492439333,668
97650000,186.3848487770521,338.7848248058196,668
97655000,213.5794072199013,393.7883495758175,668
97660000,196.655277442044,364.04555310321797,668
97665000,171.29230068173587,342.1249779199274,668
97670000,147.19860106652675,326.76566290301713,668
97675000,175.13231915553257,335.3437162822882,668
97680000,151.9115738013345,281.04444070558793,668
97685000,163.80774741085514,325.80103310858567,668
97690000,170.2809496972463,274.1720128325724,668
97695000,167.93150367867005,309.70978203879025,668
97700000,191.52316879875247,331.3108755515002,668
97705000,174.57698542835752,328.0453873617541,668
97710000,188.2334756465014,278.52317140424043,668
97715000,190.4188758296566,295.1268776112692,668
97720000,237.6935674157967,335.4111817079593,668
97725000,194.4276130278532,297.721596987863,668
97730000,184.09935533678242,321.3402367507679,668
97735000,172.51425519258098,266.0760881879979,668
97740000,152.58582185667584,287.92346517944725,668
97745000,223.51079613064533,304.9901459837376,668
97750000,149.42126443766952,276.0158678455375,668
97755000,155.93065280999747,268.28054937952294,668
97760000,220.75178752814983,329.91593667323156,668
97765000,179.98609750172645,276.16831765784605,668
97770000,166.8074281462417,362.4274460023929,668
97775000,214.70065641282292,281.7467705065284,668
97780000,190.613912323464,308.49416541368964,668
97785000,195.25882533227778,329.69195331758345,668
97790000,173.3367228272849,269.53248139836955,668
97795000,226.98463653363405,318.9991482176176,668
97800000,186.56145433874025,326.2155281102699,668
97805000,218.350254631542,324.4714277395382,668
97810000,189.85433777437913,355.6893819787037,668
97815000,199.97296363915822,265.60759192929197,668
97820000,232.92922110949257,256.0852491279658,668
97825000,166.29303281621634,281.4234131974042,668
97830000,241.85815507520346,310.76781491798636,668
97835000,172.8645351265861,343.3050803940605,668
97840000,191.07298782995542,320.78648424559077,668
97845000,184.40740549585664,281.41524021381,668
97850000,195.09276248467512,265.01205776915754,668
97855000,189.05957011462894,254.97309725432365,668
97860000,194.46055242808515,283.7676886526437,668
97865000,169.49120272620897,249.15318360836932,668
97870000,205.33832401875492,319.75919046105383,668
97875000,192.46182916782004,287.8534758318938,668
97880000,209.30421162011615,270.2024104764484,668
97885000,204.1285278707405,305.48478217692286,668
97890000,189.04604783909264,278.51051192608264,668
97895000,219.24462529662975,326.4333998234281,668
97900000,194.57380867923905,297.85997900407466,668
97905000,206.1901151174066,311.33588192294,668
97910000,191.4531562955959,281.7182764586884,668
97915000,164.48942431344193,326.11191127709344,668
97920000,163.4147211805464,295.3516432391466,668
97925000,179.76217730519852,314.2147429086237,668
97930000,176.91208774479105,268.2267911845576,668
97935000,170.32992423875862,241.09248432692968,668
97940000,196.0100196354736,289.32008918729093,668
97945000,174.23571510283364,320.7843846316513,668
97950000,186.19128781181004,293.56224552690844,668
97955000,180.2409401388756,338.606531703316,668
97960000,168.86684391278595,299.1851339790806,668
97965000,151.2389707796812,300.1781232050302,668
97970000,171.03546781007674,271.18244615673956,668
97975000,181.90376443706737,269.53391398275096,668
97980000,177.85276392938317,269.38376097771624,668
97985000,191.5467736969587,334.3249120632571,668
97990000,158.47625337633008,358.7924995027175,668
97995000,194.29267798746395,258.0145549080776,668
98000000,190.49901907493327,224.41942894045138,668
98005000,168.28075248552955,302.04220250469,668
98010000,163.75225808716758,258.9495596967437,668
98015000,204.51039586287192,302.6165470272324,668
98020000,197.95736280349098,254.7749382446402,668
98025000,197.03497399630456,299.76467097409403,668
98030000,171.46634755487892,295.2491852082158,668
98035000,179.00606123057003,341.36447513590065,668
98040000,194.61874115885047,283.33327864181933,668
98045000,173.00185547396032,299.51958847031534,668
98050000,202.41892662362034,318.94847940396755,668
98055000,160.3888809480922,259.75501154075954,668
98060000,170.62008771992228,255.13332135946203,668
98065000,234.52896398064726,315.48822922590415,668
98070000,199.6860120323551,213.3249110691005,668
98075000,229.13933170915146,273.3862222592218,668
98080000,201.75212322104272,339.04869166996775,668
98085000,187.3004337722614,270.85054477583304,668
98090000,122.35603841516138,276.74022107805456,668
98095000,202.34406830197605,297.1028474746578,668
98100000,184.98522868867485,305.35366527098023,668
98105000,208.20518498477702,286.53016427437706,668
98110000,192.05348811253924,308.3598090702103,668
98115000,206.9997248159013,351.8333614469621,668
98120000,195.59768351461594,260.13173343918373,668
98125000,183.25679913997243,287.6274543200481,668
98130000,171.68657736153258,327.64206456295153,668
98135000,202.6529224531677,307.96201806794784,668
98140000,171.11356806647038,249.89645776406923,668
98145000,160.7642768312698,290.56892131989775,668
98150000,184.32039962914394,293.355201044524,668
98155000,129.78436534589196,306.2228859152971,668
98160000,192.3459235510208,255.03035163798032,668
98165000,213.9849988266488,321.0156902880053,668
98170000,208.82079985425258,271.4048265655066,668
98175000,237.23169685121812,269.94106260920216,668
98180000,172.04903880460665,320.354409192225,668
98185000,165.26066856646068,220.88869471551538,668
98190000,210.2800502617185,317.15940958781795,668
98195000,218.0250094342483,334.9003641160348,668
98200000,183.2056215690441,279.2953120549438,668
98205000,172.63895909834667,249.22537432228015,668
98210000,184.07624740845193,342.11994983218665,668
98215000,192.0109603896285,271.9506411595856,668
98220000,237.32602302919526,327.18411308731254,668
98225000,167.54222953997174,286.5809697923738,668
98230000,222.03205584401016,292.0598711843199,668
98235000,211.95242558894017,308.0557989827115,668
98240000,186.02361622071606,310.54898867732345,668
98245000,185.0933894855967,359.68920339281584,668
98250000,144.25198907156724,299.32661745498604,668
98255000,193.92277294047327,279.94542260556074,668
98260000,211.50176019584177,351.9982748448681,668
98265000,178.0291900865463,315.78112931968064,668
98270000,208.82229742216816,305.7153842532627,668
98275000,146.21607583331738,281.8682101528919,668
98280000,170.84137848184207,318.34095096482804,668
98285000,198.3182590619511,302.40216628060267,668
98290000,183.51021433676092,330.5229056733329,668
98295000,193.8962226035128,287.96438535546054,668
98300000,176.94910867102845,301.97077794546993,668
98305000,211.92587890280046,321.4154247370555,668
98310000,183.32251117239142,317.9937974719607,668
98315000,157.53566616723717,313.67323469152484,668
98320000,220.5740593501902,310.40385874772386,668
98325000,175.23035492462662,245.58163827264795,668
98330000,182.93906129212425,299.6599406578143,668
98335000,184.4489956907056,302.1651976506015,668
98340000,200.59463761874278,291.7605499390249,668
98345000,161.18927499798676,377.67153807303544,668
98350000,198.42645447918866,363.90107490040816,668
98355000,196.3658526774343,333.01161748081347,668
98360000,158.26904751593796,350.78664864959933,668
98365000,182.27229796379763,275.26317071085623,668
98370000,157.25933498816877,309.1487433479662,668
98375000,161.00255291195714,338.23855456067787,668
98380000,190.46970344432088,297.9201398287965,668
98385000,193.81290402529066,341.6359308021228,668
98390000,193.851695301199,331.81509897635476,668
98395000,198.79411207201346,293.26861652081595,668
98400000,156.69992825727758,251.0462177389987,668
98405000,179.09898195306482,340.3642223092731,668
98410000,179.89299484488564,253.802285223033,668
98415000,206.96763036993852,355.8388180092254,668
98420000,178.13886479923917,262.2112803384398,668
98425000,177.66416013400004,247.29604644937925,668
98430000,168.47953946104099,279.84947927751807,668
98435000,174.29759779356485,294.46228535274577,668
98440000,203.8804104351555,310.44867359335063,668
98445000,179.76853650675486,289.0789136282509,668
98450000,179.9889562809056,276.9916561278278,668
98455000,187.72293624246228,323.86144869182806,668
98460000,215.6073989494303,292.91964483240156,668
98465000,182.63797910631703,413.45001820768846,668
98470000,203.69179436217584,310.4721428676874,668
98475000,175.4812103967489,282.3078605355183,668
98480000,196.72998586135392,316.3499477107988,668
98485000,181.8249143931909,286.94609296676515,668
98490000,174.63109867664642,292.1933677249197,668
98495000,186.04817398648464,329.7003484111834,668
98500000,194.90415423415982,336.18911728507584,668
98505000,163.43021645215268,273.1005191823948,668
98510000,158.17631316873897,263.28926481024115,668
98515000,181.25548341627706,267.14837817662567,668
98520000,172.73470157709562,352.8301399691908,668
98525000,207.66950634730583,224.71473396804768,668
98530000,183.50614077835604,304.8946996718641,668
98535000,197.05582571375618,314.35366276933235,668
98540000,220.28669395360205,288.98255005314746,668
98545000,195.36167126028695,273.0994677898981,668
98550000,185.71221186677303,284.68851970490994,668
98555000,211.45553208028548,288.0102372202596,668
98560000,210.43307115916144,314.3907528837907,668
98565000,177.7712060464556,267.0490778614581,668
98570000,189.68192450546306,361.804344974667,668
98575000,191.48972694051412,246.53401185670882,668
98580000,194.57522814758917,248.28233803718214,668
98585000,182.7247972487391,323.09035941916414,668
98590000,204.3808390882658,382.3496068406457,668
98595000,187.4884304578915,225.30190268144398,668
98600000,201.03977754621485,339.6509274928763,668
98605000,197.01837967366671,288.2665900115084,668
98610000,189.649552620452,319.5192004156668,668
98615000,179.25904592632116,305.9971998266476,668
98620000,163.41149589445405,243.52864473569335,668
98625000,186.4046937179879,235.95338289941088,668
98630000,182.30512497797008,313.5887388048675,668
98635000,181.57402055461446,351.5862678378208,668
98640000,173.54323671895565,233.68371312860893,668
98645000,210.3542894653345,336.86629993219594,668
98650000,175.71908743086158,368.42935646044305,668
98655000,184.83212239031855,350.82978254299115,668
98660000,207.78281221861084,335.6757571588159,668
98665000,188.4840016281811,309.76177830988115,668
98670000,187.322959000153,269.2525544498367,668
98675000,182.5317045242568,273.91000997368263,668
98680000,184.78046170495122,310.431456700407,668
98685000,180.97180048612947,329.4932032470176,668
98690000,190.9686545038334,286.5074656283759,668
98695000,162.72705919284718,275.01642232844506,668
98700000,142.93135492273225,239.5160835214874,668
98705000,192.52060758207412,318.33119646612766,668
98710000,199.92979296086216,298.6825608405058,668
98715000,225.92637722437885,297.8786513714227,668
98720000,175.91895775977346,323.84556339153244,668
98725000,170.28135943744405,265.8136274955242,668
98730000,156.45678349843985,326.34819762269234,668
98735000,201.10215321191555,255.865749117559,668
98740000,213.07454509669068,324.7580343558327,668
98745000,188.96092524846517,303.64539914457856,668
98750000,177.7235401881014,318.8128454629007,668
98755000,183.6020271817461,328.01766683731887,668
98760000,184.7835068243748,317.2787924143529,668
98765000,217.61174569793042,274.00712507454466,668
98770000,180.78943177585262,299.24607525922096,668
98775000,213.09252429273974,278.584810483567,668
98780000,182.08620254074435,206.76893836824982,668
98785000,214.77644601140844,291.95838594927665,668
98790000,199.32512094446986,416.0135289737557,668
98795000,236.7078581899416,298.50286813706913,668
98800000,158.51362451524597,322.57662720370877,668
98805000,179.17321441034116,283.95272388593145,668
98810000,187.84128080519622,278.11886744355104,668
98815000,182.79552150829068,289.6085890988713,668
98820000,164.61108825518653,321.77216316966775,668
98825000,191.38210352711565,336.69103443933113,668
98830000,179.47445837715983,267.08376099471144,668
98835000,212.9952458738263,310.8645858305514,668
98840000,160.4806586263093,317.90499755428755,668
98845000,191.43713530205065,266.5200630446415,668
98850000,183.74587111620855,320.2009680461084,668
98855000,222.49643668509557,325.7139498566518,668
98860000,195.64746870819585,284.2489994040591,668
98865000,172.48022710545808,276.1047714430753,668
98870000,180.236434453867,305.90413247089026,668
98875000,216.28364228908956,293.4355939081883,668
98880000,169.08111824826904,244.8382041867644,668
98885000,190.90140423440283,287.3368316878476,668
98890000,161.70858054113066,279.3840804688741,668
98895000,181.6424153482821,325.6772625047831,668
98900000,155.76976719085715,337.41760337827213,668
98905000,197.3627940864501,260.62406165436965,668
98910000,189.2160770290454,281.4896641980518,668
98915000,164.89836663678796,327.3964795063405,668
98920000,182.0338737299695,275.36578704462363,668
98925000,206.61261840173376,280.2391974596889,668
98930000,229.12901348702948,325.3230289396816,668
98935000,208.6193934242737,337.7262429318917,668
98940000,184.4594273270086,289.6217940680105,668
98945000,190.41469159395288,357.00148881888515,668
98950000,149.09401571248884,248.72602601185838,668
98955000,172.60397513740364,337.4489561939849,668
98960000,183.20983725924253,366.94432896627455,668
98965000,162.74959918182964,293.0669996293343,668
98970000,195.71537016095152,293.3832159365984,668
98975000,169.746920866167,301.6516812775854,668
98980000,203.48882759451936,320.18670303026005,668
98985000,226.5847894077046,286.1423173107609,668
98990000,209.4040233085342,309.3322263198321,668
98995000,202.54449790607288,276.79157301639776,668
99000000,192.42991992915574,320.5529507822791,668
99005000,181.04183020689408,352.745423520819,668
99010000,212.97817742140015,324.2144692249588,668
99015000,162.9678533018986,295.200387873982,668
99020000,165.43400316461603,330.60600012468234,668
99025000,180.5097841329778,367.7815826320988,668
99030000,187.69914181368102,277.0686956797597,668
99035000,203.89128107200972,351.30775819899753,668
99040000,208.44439928915466,312.44644435256953,668
99045000,167.55354590251844,374.68128012544656,668
99050000,188.43205348857217,275.1344227462826,668
99055000,208.70809303297224,251.76574451270696,668
99060000,160.7137009061533,261.8975224545975,668
99065000,180.48809351551935,259.26042584921225,668
99070000,185.51285347243132,326.6732003840069,668
99075000,192.59527409228772,344.8334131311924,668
99080000,213.03582348001976,302.8429881355351,668
99085000,195.33943193509165,316.6734787279626,668
99090000,180.7390512942153,312.0036275890255,668
99095000,197.03060351830788,246.90142181560338,668
99100000,181.83568245338395,281.3384612691141,668
99105000,200.51741668319653,317.3295782151902,668
99110000,185.67371472368268,246.43149779881858,668
99115000,190.18603321922524,333.40681747001145,668
99120000,180.99174857883645,363.1423847198616,668
99125000,167.06163946795044,347.12149050594724,668
99130000,194.9421187578136,276.64263831894397,668
99135000,141.77334375567114,253.8481031010597,668
99140000,230.7445378546427,324.08379571905994,668
99145000,201.92567041375736,286.57845760854156,668
99150000,171.62996995628998,271.6266246678036,668
99155000,185.06048788015397,287.43246351906714,668
99160000,167.2387411787217,305.9756206015061,668
99165000,208.35580893659653,241.77376021498907,668
99170000,177.59025232547538,302.0331102784712,668
99175000,194.70885489390014,298.58072987248585,668
99180000,188.11431399483422,315.904012642826,668
99185000,195.2480851596286,312.24763449629074,668
99190000,152.35751920045612,309.3762089891529,668
99195000,190.26800623393314,295.7565253504942,668
99200000,183.7532783201036,298.42116828293945,668
99205000,209.5506986269737,328.3962403948245,668
99210000,197.51243260046945,317.77427072977304,668
99215000,167.93764057858533,264.68204200055084,668
99220000,177.47665733297282,249.92056415820352,668
99225000,212.67580468946986,374.6482821066734,668
99230000,211.17371210005257,326.12141070450105,668
99235000,210.9965550163768,332.63406679015077,668
99240000,188.12068377776154,313.24774334517787,668
99245000,201.6336194340678,313.15300238937385,668
99250000,181.1596086861978,273.883666096078,668
99255000,179.52576674986122,249.2576380618334,668
99260000,183.73578319753793,260.7844627155691,668
99265000,171.20524755629543,294.7286326302367,668
99270000,182.9238476284998,366.1111119891431,668
99275000,216.92859192844162,279.31963190623264,668
99280000,239.26226946955268,298.97162685636727,668
99285000,186.90477950466413,242.6717780606283,668
99290000,171.0690465006452,271.74489320035735,668
99295000,163.18674114202315,322.8466310038474,668
99300000,158.8645116184647,258.4526512212244,668
99305000,190.49313593118933,359.44911354565147,668
99310000,167.746470207876,250.499622163333,668
99315000,185.14143078763408,279.78334136853226,668
99320000,174.03417977172322,260.0076522178271,668
99325000,230.82762366544856,288.4886216680585,668
99330000,189.05090567476424,290.44462803231676,668
99335000,228.65514130573456,325.44095324971926,668
99340000,165.47535145817196,319.8476579453311,668
99345000,185.95178962915,275.8176834669195,668
99350000,166.72481570782202,298.18089804705215,668
99355000,187.62803834366568,317.2810321200978,668
99360000,187.85913990342982,330.2338994593278,668
99365000,185.88950012352382,289.1805744234987,668
99370000,167.2175236934357,329.3630149885928,668
99375000,160.96830326243963,268.57124975076204,668
99380000,176.90559824185522,245.07044913503435,668
99385000,185.42523641721414,344.9926131160082,668
99390000,183.85738366583502,295.37776173727065,668
99395000,221.70417085123907,364.44602082214567,668
99400000,184.74248881252726,270.91961208315706,668
99405000,228.7511899927941,359.14325033953605,668
99410000,185.3720432175599,225.16829264321092,668
99415000,189.6548284698124,293.70265274408405,668
99420000,196.60380908595684,273.8339189084108,668
99425000,151.11577013211618,248.56261766387686,668
99430000,203.59862034336598,266.79242245684037,668
99435000,218.17833664202865,312.57155890718553,667
99440000,185.8249911605203,247.1132628364601,667
99445000,203.99543852644902,339.6528096483927,667
99450000,204.26976135942124,297.53769639870154,667
99455000,177.01603412720794,335.74801780210294,667
99460000,193.04938533638713,285.2223099511336,667
99465000,161.45375836734735,312.542172849107,667
99470000,179.7192219925567,273.86398774232333,667
99475000,161.26362168100272,308.6959583346382,667
99480000,178.01687737709187,271.7872180606787,667
99485000,151.2582883761228,339.76015225275324,667
99490000,171.58422372014454,293.50533281918007,667
99495000,196.26394120171457,294.1818333212968,667
99500000,212.78960181782207,325.29667501171343,667
99505000,198.41044432643858,363.76430915930274,667
99510000,182.8940271123935,353.14900244721196,667
99515000,189.48863222047495,311.20112159064473,667
99520000,204.90217716947058,362.67748843937096,667
99525000,182.67720346765503,301.7762088460981,667
99530000,195.31276644798876,332.96008247180043,667
99535000,167.55729929775367,306.242236931803,667
99540000,216.29732895502428,292.44757143470395,667
99545000,187.88508740478684,302.7071423755236,667
99550000,181.8169366189016,312.9785496566119,667
99555000,165.8010477756296,274.79614030121917,667
99560000,182.19837434671402,267.5058043906437,667
99565000,248.4293930046034,253.71092686664588,667
99570000,204.22610000664233,325.1011799758809,667
99575000,212.66499160103993,309.27622616005567,667
99580000,221.6195490380196,278.1839977792283,667
99585000,150.3435859843844,292.02155914228047,667
99590000,159.31926494556643,344.1706572215117,667
99595000,183.89502309737892,263.4533143985954,667
99600000,195.27214170535092,278.10756307908866,667
99605000,165.39701621695724,347.4721351671502,667
99610000,161.36056689348732,303.2353051185526,667
99615000,188.49926699425754,247.53923243538208,667
99620000,211.36543658147815,342.11874015963446,667
99625000,199.4332953348175,397.0158650020381,667
99630000,207.6746514880986,329.44219152773513,667
99635000,173.7386969696563,251.6192006945485,667
99640000,166.67076990540616,271.81084468659895,667
99645000,159.46500214760428,312.2588404152549,667
99650000,213.5593259469693,259.8093986335853,667
99655000,169.07319458123732,269.40508543754135,667
99660000,177.2177293384417,276.5690294043039,667
99665000,202.0855037471485,273.1228188142049,667
99670000,162.46110201119805,303.298908439768,667
99675000,195.6579421890498,292.90564834009285,667
99680000,170.30565754838034,311.48835527295705,667
99685000,186.80724043267267,303.3477067422129,667
99690000,206.32065112894318,292.279256302318,667
99695000,182.21146858654208,292.54288407267916,667
99700000,185.90614101656635,309.07547537887814,667
99705000,197.1173842393918,345.2779815148865,667
99710000,181.41576844975725,294.47334574379624,667
99715000,205.847534704539,299.11575632793216,667
99720000,151.40695700592954,292.964433022954,667
99725000,193.8484620669455,351.88106082838505,667
99730000,202.39048470781387,275.5871992557954,667
99735000,178.30460977465523,292.8225475646317,667
99740000,201.29271147899317,322.43116325671997,667
99745000,206.83739801661994,331.0733380339594,667
99750000,232.79822292289583,329.2381405736386,667
99755000,187.25884813700932,338.96283917267493,667
99760000,208.22459303271165,282.7216279205898,667
99765000,219.08059536553205,290.406494863671,667
99770000,184.87522439466062,302.0341734183776,667
99775000,192.77966015426222,285.17412188892143,667
99780000,167.6224619782392,299.80877405571357,667
99785000,205.68172092495843,299.7159431740969,667
99790000,220.93291976425903,339.50312321180064,667
99795000,209.1247140452288,266.6257480819592,667
99800000,181.12606831082488,285.2716130888439,667
99805000,177.27976940965553,266.9055531415027,667
99810000,171.4381084814391,272.82361439693966,667
99815000,215.62726446354077,238.3739401790375,667
99820000,202.40155903863305,307.76698404947814,667
99825000,204.72166177049928,240.52573647750296,667
99830000,200.29793378837653,268.44679971813036,667
99835000,181.85486002501486,352.09085150384334,667
99840000,183.4737082604342,299.0566239632476,667
99845000,182.13888997889927,233.17666845985843,667
99850000,166.67479083501445,245.0892348998653,667
99855000,193.15196523237006,282.90477804014694,667
99860000,218.60013931971315,255.87281050885042,667
99865000,210.41166818231022,374.49310697078096,667
99870000,164.18530974202878,322.8492129557118,667
99875000,158.47410406679265,306.23612801343074,667
99880000,187.9249360639862,249.5159428764022,667
99885000,222.60328741763797,299.1608411200021,667
99890000,183.32660805278098,293.40874975994114,667
99895000,171.1209939244551,302.1670637885547,667
99900000,204.3911153753932,236.14675938242556,667
99905000,170.18549548375216,287.13806326691946,667
99910000,210.2548480194771,308.5416650066078,667
99915000,202.94764216188082,412.9506122181698,667
99920000,209.73652432887982,270.5757472599978,667
99925000,177.31165732595642,291.41185735750656,667
99930000,189.01923132686213,293.18384147298417,667
99935000,187.8312202042501,312.2056986436519,667
99940000,140.98269954391233,201.96458653180866,667
99945000,225.58367225583834,340.8832628814755,667
99950000,194.00669854538475,313.6559267559951,667
99955000,211.32294973680018,293.9861064793063,667
99960000,240.3246882295777,292.15066154299035,667
99965000,216.65182109083236,235.93608012564442,667
99970000,205.03747912605306,320.68368066571776,667
99975000,206.8830968142892,325.9836498574156,667
99980000,174.4162332861517,288.41416873817263,667
99985000,177.33486472655272,226.01030041097627,667
99990000,184.2400665170525,298.52452487136753,667
99995000,196.2204672621905,288.37115327157903,667
100000000,221.81253973116586,281.7229132547747,667
